[{"path":"src/main/java/duke/Duke.java","fileType":"java","lines":[{"lineNumber":1,"author":{"gitId":"dMadPanacea"},"content":"package duke;","lastModifiedDate":"2023-10-19"},{"lineNumber":2,"author":{"gitId":"dMadPanacea"},"content":"","lastModifiedDate":"2023-10-19"},{"lineNumber":3,"author":{"gitId":"dMadPanacea"},"content":"import duke.data.TaskList;","lastModifiedDate":"2023-10-19"},{"lineNumber":4,"author":{"gitId":"dMadPanacea"},"content":"import duke.storage.StorageFile;","lastModifiedDate":"2023-10-19"},{"lineNumber":5,"author":{"gitId":"dMadPanacea"},"content":"import duke.ui.TextUI;","lastModifiedDate":"2023-10-19"},{"lineNumber":6,"author":{"gitId":"dMadPanacea"},"content":"","lastModifiedDate":"2023-09-03"},{"lineNumber":7,"author":{"gitId":"dMadPanacea"},"content":"import java.io.FileNotFoundException;","lastModifiedDate":"2023-10-14"},{"lineNumber":8,"author":{"gitId":"dMadPanacea"},"content":"","lastModifiedDate":"2023-09-03"},{"lineNumber":9,"author":{"gitId":"dMadPanacea"},"content":"","lastModifiedDate":"2023-09-03"},{"lineNumber":10,"author":{"gitId":"dMadPanacea"},"content":"public class Duke {","lastModifiedDate":"2023-10-14"},{"lineNumber":11,"author":{"gitId":"dMadPanacea"},"content":"","lastModifiedDate":"2023-09-06"},{"lineNumber":12,"author":{"gitId":"dMadPanacea"},"content":"    private static final TextUI ui \u003d new TextUI();","lastModifiedDate":"2023-10-14"},{"lineNumber":13,"author":{"gitId":"dMadPanacea"},"content":"    private static TaskList tasklist \u003d new TaskList();","lastModifiedDate":"2023-10-14"},{"lineNumber":14,"author":{"gitId":"dMadPanacea"},"content":"    private static StorageFile myStorage;","lastModifiedDate":"2023-10-14"},{"lineNumber":15,"author":{"gitId":"dMadPanacea"},"content":"","lastModifiedDate":"2023-09-06"},{"lineNumber":16,"author":{"gitId":"dMadPanacea"},"content":"    public static void main(String[] args) {","lastModifiedDate":"2023-10-14"},{"lineNumber":17,"author":{"gitId":"dMadPanacea"},"content":"        ui.printWelcomeMsg();","lastModifiedDate":"2023-10-14"},{"lineNumber":18,"author":{"gitId":"dMadPanacea"},"content":"        try {","lastModifiedDate":"2023-10-14"},{"lineNumber":19,"author":{"gitId":"dMadPanacea"},"content":"            if (args.length !\u003d0){","lastModifiedDate":"2023-10-14"},{"lineNumber":20,"author":{"gitId":"dMadPanacea"},"content":"                myStorage \u003d new StorageFile(args[0]);","lastModifiedDate":"2023-10-14"},{"lineNumber":21,"author":{"gitId":"dMadPanacea"},"content":"            } else {","lastModifiedDate":"2023-09-06"},{"lineNumber":22,"author":{"gitId":"dMadPanacea"},"content":"                myStorage \u003d new StorageFile();","lastModifiedDate":"2023-10-14"},{"lineNumber":23,"author":{"gitId":"dMadPanacea"},"content":"            }","lastModifiedDate":"2023-09-06"},{"lineNumber":24,"author":{"gitId":"dMadPanacea"},"content":"            tasklist \u003d myStorage.load();","lastModifiedDate":"2023-10-14"},{"lineNumber":25,"author":{"gitId":"dMadPanacea"},"content":"        }","lastModifiedDate":"2023-09-06"},{"lineNumber":26,"author":{"gitId":"dMadPanacea"},"content":"        catch (FileNotFoundException e){","lastModifiedDate":"2023-10-14"},{"lineNumber":27,"author":{"gitId":"dMadPanacea"},"content":"            System.out.println(\"File not found\");","lastModifiedDate":"2023-10-14"},{"lineNumber":28,"author":{"gitId":"dMadPanacea"},"content":"        }","lastModifiedDate":"2023-09-03"},{"lineNumber":29,"author":{"gitId":"dMadPanacea"},"content":"","lastModifiedDate":"2023-09-03"},{"lineNumber":30,"author":{"gitId":"dMadPanacea"},"content":"        for (;;){","lastModifiedDate":"2023-09-03"},{"lineNumber":31,"author":{"gitId":"dMadPanacea"},"content":"            String line \u003d ui.getCommand();","lastModifiedDate":"2023-10-14"},{"lineNumber":32,"author":{"gitId":"dMadPanacea"},"content":"            if (!line.isEmpty()) {","lastModifiedDate":"2023-09-06"},{"lineNumber":33,"author":{"gitId":"dMadPanacea"},"content":"                String[] words \u003d line.split(\" \");","lastModifiedDate":"2023-09-03"},{"lineNumber":34,"author":{"gitId":"dMadPanacea"},"content":"                String firstWord \u003d words[0];","lastModifiedDate":"2023-09-06"},{"lineNumber":35,"author":{"gitId":"dMadPanacea"},"content":"                if (firstWord.equals(\"bye\")) {","lastModifiedDate":"2023-09-06"},{"lineNumber":36,"author":{"gitId":"dMadPanacea"},"content":"                    ui.printGoodbyeMsg(); break;","lastModifiedDate":"2023-10-14"},{"lineNumber":37,"author":{"gitId":"dMadPanacea"},"content":"                } else {","lastModifiedDate":"2023-09-03"},{"lineNumber":38,"author":{"gitId":"dMadPanacea"},"content":"                    String message \u003d tasklist.processTask(line, myStorage, true);","lastModifiedDate":"2023-10-14"},{"lineNumber":39,"author":{"gitId":"dMadPanacea"},"content":"                    ui.printMessage(message);","lastModifiedDate":"2023-10-14"},{"lineNumber":40,"author":{"gitId":"dMadPanacea"},"content":"                }","lastModifiedDate":"2023-09-03"},{"lineNumber":41,"author":{"gitId":"dMadPanacea"},"content":"            }","lastModifiedDate":"2023-09-03"},{"lineNumber":42,"author":{"gitId":"dMadPanacea"},"content":"        }","lastModifiedDate":"2023-09-06"},{"lineNumber":43,"author":{"gitId":"dMadPanacea"},"content":"","lastModifiedDate":"2023-09-06"},{"lineNumber":44,"author":{"gitId":"dMadPanacea"},"content":"    }","lastModifiedDate":"2023-09-06"},{"lineNumber":45,"author":{"gitId":"dMadPanacea"},"content":"","lastModifiedDate":"2023-09-03"},{"lineNumber":46,"author":{"gitId":"-"},"content":"}","lastModifiedDate":"2019-07-29"}],"authorContributionMap":{"dMadPanacea":45,"-":1}},{"path":"src/main/java/duke/commandsTask/Delete.java","fileType":"java","lines":[{"lineNumber":1,"author":{"gitId":"dMadPanacea"},"content":"package duke.commandsTask;","lastModifiedDate":"2023-10-19"},{"lineNumber":2,"author":{"gitId":"dMadPanacea"},"content":"","lastModifiedDate":"2023-10-14"},{"lineNumber":3,"author":{"gitId":"dMadPanacea"},"content":"import java.util.List;","lastModifiedDate":"2023-10-14"},{"lineNumber":4,"author":{"gitId":"dMadPanacea"},"content":"","lastModifiedDate":"2023-10-14"},{"lineNumber":5,"author":{"gitId":"dMadPanacea"},"content":"public class Delete extends Task{","lastModifiedDate":"2023-10-14"},{"lineNumber":6,"author":{"gitId":"dMadPanacea"},"content":"    public static final String CMD \u003d \"delete\";","lastModifiedDate":"2023-10-14"},{"lineNumber":7,"author":{"gitId":"dMadPanacea"},"content":"    public static final String CMD_HELP \u003d \"Command [\" + CMD + \"] || \"","lastModifiedDate":"2023-10-19"},{"lineNumber":8,"author":{"gitId":"dMadPanacea"},"content":"            + \"Delete the task in the list using the index ||\"","lastModifiedDate":"2023-10-19"},{"lineNumber":9,"author":{"gitId":"dMadPanacea"},"content":"            + \"Syntax: e.g. delete \u003cindex(+ve)\u003e\";","lastModifiedDate":"2023-10-19"},{"lineNumber":10,"author":{"gitId":"dMadPanacea"},"content":"","lastModifiedDate":"2023-10-14"},{"lineNumber":11,"author":{"gitId":"dMadPanacea"},"content":"    public Delete(int index, List\u003cTask\u003e tasklist){","lastModifiedDate":"2023-10-14"},{"lineNumber":12,"author":{"gitId":"dMadPanacea"},"content":"        this.toRecord \u003d false;","lastModifiedDate":"2023-10-14"},{"lineNumber":13,"author":{"gitId":"dMadPanacea"},"content":"        this.toUpdateList \u003d true;","lastModifiedDate":"2023-10-14"},{"lineNumber":14,"author":{"gitId":"dMadPanacea"},"content":"        this.description \u003d deleteTask(index, tasklist);","lastModifiedDate":"2023-10-14"},{"lineNumber":15,"author":{"gitId":"dMadPanacea"},"content":"    }","lastModifiedDate":"2023-10-14"},{"lineNumber":16,"author":{"gitId":"dMadPanacea"},"content":"","lastModifiedDate":"2023-10-14"},{"lineNumber":17,"author":{"gitId":"dMadPanacea"},"content":"    private String deleteTask (int index, List\u003cTask\u003e tasklist){","lastModifiedDate":"2023-10-14"},{"lineNumber":18,"author":{"gitId":"dMadPanacea"},"content":"        String msg;","lastModifiedDate":"2023-10-14"},{"lineNumber":19,"author":{"gitId":"dMadPanacea"},"content":"        try{","lastModifiedDate":"2023-10-14"},{"lineNumber":20,"author":{"gitId":"dMadPanacea"},"content":"            String taskDetail \u003d tasklist.get(index-1).toString();","lastModifiedDate":"2023-10-14"},{"lineNumber":21,"author":{"gitId":"dMadPanacea"},"content":"            tasklist.remove(index-1);","lastModifiedDate":"2023-10-14"},{"lineNumber":22,"author":{"gitId":"dMadPanacea"},"content":"            msg \u003d \"Noted. I\u0027ve removed this task: \"","lastModifiedDate":"2023-10-14"},{"lineNumber":23,"author":{"gitId":"dMadPanacea"},"content":"                    + taskDetail","lastModifiedDate":"2023-10-14"},{"lineNumber":24,"author":{"gitId":"dMadPanacea"},"content":"                    + \"\\nNow you have \" + tasklist.size() + \" tasks in the list.\";","lastModifiedDate":"2023-10-14"},{"lineNumber":25,"author":{"gitId":"dMadPanacea"},"content":"        }","lastModifiedDate":"2023-10-14"},{"lineNumber":26,"author":{"gitId":"dMadPanacea"},"content":"        catch (IndexOutOfBoundsException e){","lastModifiedDate":"2023-10-14"},{"lineNumber":27,"author":{"gitId":"dMadPanacea"},"content":"            msg \u003d \"Indicate a number within the list: \" + tasklist.size();","lastModifiedDate":"2023-10-14"},{"lineNumber":28,"author":{"gitId":"dMadPanacea"},"content":"        }","lastModifiedDate":"2023-10-14"},{"lineNumber":29,"author":{"gitId":"dMadPanacea"},"content":"        return msg;","lastModifiedDate":"2023-10-14"},{"lineNumber":30,"author":{"gitId":"dMadPanacea"},"content":"    }","lastModifiedDate":"2023-10-14"},{"lineNumber":31,"author":{"gitId":"dMadPanacea"},"content":"","lastModifiedDate":"2023-10-14"},{"lineNumber":32,"author":{"gitId":"dMadPanacea"},"content":"    @Override","lastModifiedDate":"2023-10-14"},{"lineNumber":33,"author":{"gitId":"dMadPanacea"},"content":"    public String toString(){","lastModifiedDate":"2023-10-14"},{"lineNumber":34,"author":{"gitId":"dMadPanacea"},"content":"        return description;","lastModifiedDate":"2023-10-14"},{"lineNumber":35,"author":{"gitId":"dMadPanacea"},"content":"    }","lastModifiedDate":"2023-10-14"},{"lineNumber":36,"author":{"gitId":"dMadPanacea"},"content":"}","lastModifiedDate":"2023-10-14"}],"authorContributionMap":{"dMadPanacea":36}},{"path":"src/main/java/duke/commandsTask/Find.java","fileType":"java","lines":[{"lineNumber":1,"author":{"gitId":"dMadPanacea"},"content":"package duke.commandsTask;","lastModifiedDate":"2023-10-19"},{"lineNumber":2,"author":{"gitId":"dMadPanacea"},"content":"","lastModifiedDate":"2023-10-19"},{"lineNumber":3,"author":{"gitId":"dMadPanacea"},"content":"import java.util.List;","lastModifiedDate":"2023-10-19"},{"lineNumber":4,"author":{"gitId":"dMadPanacea"},"content":"","lastModifiedDate":"2023-10-19"},{"lineNumber":5,"author":{"gitId":"dMadPanacea"},"content":"public class Find extends Task{","lastModifiedDate":"2023-10-19"},{"lineNumber":6,"author":{"gitId":"dMadPanacea"},"content":"    public static final String CMD \u003d \"find\";","lastModifiedDate":"2023-10-19"},{"lineNumber":7,"author":{"gitId":"dMadPanacea"},"content":"    public static final String CMD_HELP \u003d \"Command [\" + CMD + \"] || \"","lastModifiedDate":"2023-10-19"},{"lineNumber":8,"author":{"gitId":"dMadPanacea"},"content":"            + \"Find tasks with keyword in description ||\"","lastModifiedDate":"2023-10-19"},{"lineNumber":9,"author":{"gitId":"dMadPanacea"},"content":"            + \"Syntax: e.g. find \u003ctext\u003e\";","lastModifiedDate":"2023-10-19"},{"lineNumber":10,"author":{"gitId":"dMadPanacea"},"content":"","lastModifiedDate":"2023-10-19"},{"lineNumber":11,"author":{"gitId":"dMadPanacea"},"content":"    public Find(String textToFind, List\u003cTask\u003e tasklist){","lastModifiedDate":"2023-10-19"},{"lineNumber":12,"author":{"gitId":"dMadPanacea"},"content":"        this.toRecord \u003d false;","lastModifiedDate":"2023-10-19"},{"lineNumber":13,"author":{"gitId":"dMadPanacea"},"content":"        this.toUpdateList \u003d false;","lastModifiedDate":"2023-10-19"},{"lineNumber":14,"author":{"gitId":"dMadPanacea"},"content":"        this.description \u003d findText(textToFind, tasklist);","lastModifiedDate":"2023-10-19"},{"lineNumber":15,"author":{"gitId":"dMadPanacea"},"content":"    }","lastModifiedDate":"2023-10-19"},{"lineNumber":16,"author":{"gitId":"dMadPanacea"},"content":"","lastModifiedDate":"2023-10-19"},{"lineNumber":17,"author":{"gitId":"dMadPanacea"},"content":"    private String findText (String textToFind, List\u003cTask\u003e tasklist){","lastModifiedDate":"2023-10-19"},{"lineNumber":18,"author":{"gitId":"dMadPanacea"},"content":"        String msg \u003d \"\";","lastModifiedDate":"2023-10-19"},{"lineNumber":19,"author":{"gitId":"dMadPanacea"},"content":"        if (tasklist.isEmpty()) {","lastModifiedDate":"2023-10-19"},{"lineNumber":20,"author":{"gitId":"dMadPanacea"},"content":"            return  \"There are no tasks in your list.\";","lastModifiedDate":"2023-10-19"},{"lineNumber":21,"author":{"gitId":"dMadPanacea"},"content":"        }","lastModifiedDate":"2023-10-19"},{"lineNumber":22,"author":{"gitId":"dMadPanacea"},"content":"","lastModifiedDate":"2023-10-19"},{"lineNumber":23,"author":{"gitId":"dMadPanacea"},"content":"        int n \u003d 0;","lastModifiedDate":"2023-10-19"},{"lineNumber":24,"author":{"gitId":"dMadPanacea"},"content":"","lastModifiedDate":"2023-10-19"},{"lineNumber":25,"author":{"gitId":"dMadPanacea"},"content":"        for (int i\u003d0; i \u003c tasklist.size(); i++){","lastModifiedDate":"2023-10-19"},{"lineNumber":26,"author":{"gitId":"dMadPanacea"},"content":"            if (tasklist.get(i).getDescription().contains(textToFind.trim())) {","lastModifiedDate":"2023-10-19"},{"lineNumber":27,"author":{"gitId":"dMadPanacea"},"content":"                if (n\u003d\u003d0){msg \u003d \"Here are the matching tasks in your list:\";}","lastModifiedDate":"2023-10-19"},{"lineNumber":28,"author":{"gitId":"dMadPanacea"},"content":"                msg \u003d msg + \"\\n\" + (n+1) + \". \" + tasklist.get(i).toString();","lastModifiedDate":"2023-10-19"},{"lineNumber":29,"author":{"gitId":"dMadPanacea"},"content":"                n \u003d n + 1;","lastModifiedDate":"2023-10-19"},{"lineNumber":30,"author":{"gitId":"dMadPanacea"},"content":"            }","lastModifiedDate":"2023-10-19"},{"lineNumber":31,"author":{"gitId":"dMadPanacea"},"content":"        }","lastModifiedDate":"2023-10-19"},{"lineNumber":32,"author":{"gitId":"dMadPanacea"},"content":"","lastModifiedDate":"2023-10-19"},{"lineNumber":33,"author":{"gitId":"dMadPanacea"},"content":"        if (msg.isEmpty()) {","lastModifiedDate":"2023-10-19"},{"lineNumber":34,"author":{"gitId":"dMadPanacea"},"content":"            msg \u003d \"There are no matching tasks in your list with the text: [\" + textToFind + \"]\";","lastModifiedDate":"2023-10-19"},{"lineNumber":35,"author":{"gitId":"dMadPanacea"},"content":"        }","lastModifiedDate":"2023-10-19"},{"lineNumber":36,"author":{"gitId":"dMadPanacea"},"content":"","lastModifiedDate":"2023-10-19"},{"lineNumber":37,"author":{"gitId":"dMadPanacea"},"content":"        return msg;","lastModifiedDate":"2023-10-19"},{"lineNumber":38,"author":{"gitId":"dMadPanacea"},"content":"    }","lastModifiedDate":"2023-10-19"},{"lineNumber":39,"author":{"gitId":"dMadPanacea"},"content":"","lastModifiedDate":"2023-10-19"},{"lineNumber":40,"author":{"gitId":"dMadPanacea"},"content":"    @Override","lastModifiedDate":"2023-10-19"},{"lineNumber":41,"author":{"gitId":"dMadPanacea"},"content":"    public String toString(){","lastModifiedDate":"2023-10-19"},{"lineNumber":42,"author":{"gitId":"dMadPanacea"},"content":"        return getDescription();","lastModifiedDate":"2023-10-19"},{"lineNumber":43,"author":{"gitId":"dMadPanacea"},"content":"    }","lastModifiedDate":"2023-10-19"},{"lineNumber":44,"author":{"gitId":"dMadPanacea"},"content":"}","lastModifiedDate":"2023-10-19"}],"authorContributionMap":{"dMadPanacea":44}},{"path":"src/main/java/duke/commandsTask/Help.java","fileType":"java","lines":[{"lineNumber":1,"author":{"gitId":"dMadPanacea"},"content":"package duke.commandsTask;","lastModifiedDate":"2023-10-19"},{"lineNumber":2,"author":{"gitId":"dMadPanacea"},"content":"","lastModifiedDate":"2023-10-14"},{"lineNumber":3,"author":{"gitId":"dMadPanacea"},"content":"public class Help extends Task{","lastModifiedDate":"2023-10-14"},{"lineNumber":4,"author":{"gitId":"dMadPanacea"},"content":"    public static final String CMD \u003d \"help\";","lastModifiedDate":"2023-10-14"},{"lineNumber":5,"author":{"gitId":"dMadPanacea"},"content":"    public static final String CMD_HELP \u003d \"Command [\" + CMD + \"] || \"","lastModifiedDate":"2023-10-19"},{"lineNumber":6,"author":{"gitId":"dMadPanacea"},"content":"            + \"Return the list of commands ||\"","lastModifiedDate":"2023-10-19"},{"lineNumber":7,"author":{"gitId":"dMadPanacea"},"content":"            + \"Type \\\"help\\\" to get list of commands\";","lastModifiedDate":"2023-10-14"},{"lineNumber":8,"author":{"gitId":"dMadPanacea"},"content":"","lastModifiedDate":"2023-10-14"},{"lineNumber":9,"author":{"gitId":"dMadPanacea"},"content":"    public Help(){","lastModifiedDate":"2023-10-14"},{"lineNumber":10,"author":{"gitId":"dMadPanacea"},"content":"        this.toRecord \u003d false;","lastModifiedDate":"2023-10-14"},{"lineNumber":11,"author":{"gitId":"dMadPanacea"},"content":"        this.toUpdateList \u003d false;","lastModifiedDate":"2023-10-14"},{"lineNumber":12,"author":{"gitId":"dMadPanacea"},"content":"    }","lastModifiedDate":"2023-10-14"},{"lineNumber":13,"author":{"gitId":"dMadPanacea"},"content":"","lastModifiedDate":"2023-10-14"},{"lineNumber":14,"author":{"gitId":"dMadPanacea"},"content":"    @Override","lastModifiedDate":"2023-10-14"},{"lineNumber":15,"author":{"gitId":"dMadPanacea"},"content":"    public String toString(){","lastModifiedDate":"2023-10-14"},{"lineNumber":16,"author":{"gitId":"dMadPanacea"},"content":"        return \"Here are the list of available commands: \"","lastModifiedDate":"2023-10-18"},{"lineNumber":17,"author":{"gitId":"dMadPanacea"},"content":"                + \"\\n\" + Help.CMD_HELP","lastModifiedDate":"2023-10-19"},{"lineNumber":18,"author":{"gitId":"dMadPanacea"},"content":"                + \"\\n.............................\"","lastModifiedDate":"2023-10-19"},{"lineNumber":19,"author":{"gitId":"dMadPanacea"},"content":"                + \"\\n\" + Todo.CMD_HELP","lastModifiedDate":"2023-10-14"},{"lineNumber":20,"author":{"gitId":"dMadPanacea"},"content":"                + \"\\n\" + Deadline.CMD_HELP","lastModifiedDate":"2023-10-14"},{"lineNumber":21,"author":{"gitId":"dMadPanacea"},"content":"                + \"\\n\" + Event.CMD_HELP","lastModifiedDate":"2023-10-14"},{"lineNumber":22,"author":{"gitId":"dMadPanacea"},"content":"                + \"\\n.............................\"","lastModifiedDate":"2023-10-19"},{"lineNumber":23,"author":{"gitId":"dMadPanacea"},"content":"                + \"\\n\" + Mark.CMD_HELP","lastModifiedDate":"2023-10-19"},{"lineNumber":24,"author":{"gitId":"dMadPanacea"},"content":"                + \"\\n\" + Unmark.CMD_HELP","lastModifiedDate":"2023-10-19"},{"lineNumber":25,"author":{"gitId":"dMadPanacea"},"content":"                + \"\\n.............................\"","lastModifiedDate":"2023-10-19"},{"lineNumber":26,"author":{"gitId":"dMadPanacea"},"content":"                + \"\\n\" + ListCMD.CMD_HELP","lastModifiedDate":"2023-10-19"},{"lineNumber":27,"author":{"gitId":"dMadPanacea"},"content":"                + \"\\n\" + Delete.CMD_HELP;","lastModifiedDate":"2023-10-19"},{"lineNumber":28,"author":{"gitId":"dMadPanacea"},"content":"    }","lastModifiedDate":"2023-10-14"},{"lineNumber":29,"author":{"gitId":"dMadPanacea"},"content":"}","lastModifiedDate":"2023-10-14"}],"authorContributionMap":{"dMadPanacea":29}},{"path":"src/main/java/duke/commandsTask/IncorrectTaskHandler.java","fileType":"java","lines":[{"lineNumber":1,"author":{"gitId":"dMadPanacea"},"content":"package duke.commandsTask;","lastModifiedDate":"2023-10-19"},{"lineNumber":2,"author":{"gitId":"dMadPanacea"},"content":"","lastModifiedDate":"2023-10-14"},{"lineNumber":3,"author":{"gitId":"dMadPanacea"},"content":"public class IncorrectTaskHandler extends Task{","lastModifiedDate":"2023-10-14"},{"lineNumber":4,"author":{"gitId":"dMadPanacea"},"content":"    public IncorrectTaskHandler(String desc){","lastModifiedDate":"2023-10-14"},{"lineNumber":5,"author":{"gitId":"dMadPanacea"},"content":"        this.description \u003d desc;","lastModifiedDate":"2023-10-14"},{"lineNumber":6,"author":{"gitId":"dMadPanacea"},"content":"        this.toRecord \u003d false;","lastModifiedDate":"2023-10-14"},{"lineNumber":7,"author":{"gitId":"dMadPanacea"},"content":"        this.toUpdateList \u003d false;","lastModifiedDate":"2023-10-14"},{"lineNumber":8,"author":{"gitId":"dMadPanacea"},"content":"    }","lastModifiedDate":"2023-10-14"},{"lineNumber":9,"author":{"gitId":"dMadPanacea"},"content":"    @Override","lastModifiedDate":"2023-10-14"},{"lineNumber":10,"author":{"gitId":"dMadPanacea"},"content":"    public String toString(){","lastModifiedDate":"2023-10-14"},{"lineNumber":11,"author":{"gitId":"dMadPanacea"},"content":"        return description;","lastModifiedDate":"2023-10-14"},{"lineNumber":12,"author":{"gitId":"dMadPanacea"},"content":"    }","lastModifiedDate":"2023-10-14"},{"lineNumber":13,"author":{"gitId":"dMadPanacea"},"content":"}","lastModifiedDate":"2023-10-14"}],"authorContributionMap":{"dMadPanacea":13}},{"path":"src/main/java/duke/commandsTask/ListCMD.java","fileType":"java","lines":[{"lineNumber":1,"author":{"gitId":"dMadPanacea"},"content":"package duke.commandsTask;","lastModifiedDate":"2023-10-19"},{"lineNumber":2,"author":{"gitId":"dMadPanacea"},"content":"import java.util.List;","lastModifiedDate":"2023-10-14"},{"lineNumber":3,"author":{"gitId":"dMadPanacea"},"content":"","lastModifiedDate":"2023-10-14"},{"lineNumber":4,"author":{"gitId":"dMadPanacea"},"content":"public class ListCMD extends Task{","lastModifiedDate":"2023-10-14"},{"lineNumber":5,"author":{"gitId":"dMadPanacea"},"content":"    public static final String CMD \u003d \"list\";","lastModifiedDate":"2023-10-14"},{"lineNumber":6,"author":{"gitId":"dMadPanacea"},"content":"    public static final String CMD_HELP \u003d \"Command [\" + CMD + \"] || \"","lastModifiedDate":"2023-10-19"},{"lineNumber":7,"author":{"gitId":"dMadPanacea"},"content":"            + \"Generate a list of tasks ||\"","lastModifiedDate":"2023-10-19"},{"lineNumber":8,"author":{"gitId":"dMadPanacea"},"content":"            + \"Syntax: e.g. list\";","lastModifiedDate":"2023-10-14"},{"lineNumber":9,"author":{"gitId":"dMadPanacea"},"content":"","lastModifiedDate":"2023-10-14"},{"lineNumber":10,"author":{"gitId":"dMadPanacea"},"content":"    public ListCMD( List \u003cTask\u003e tasklist){","lastModifiedDate":"2023-10-14"},{"lineNumber":11,"author":{"gitId":"dMadPanacea"},"content":"        this.toRecord \u003d false;","lastModifiedDate":"2023-10-14"},{"lineNumber":12,"author":{"gitId":"dMadPanacea"},"content":"        this.toUpdateList \u003d false;","lastModifiedDate":"2023-10-14"},{"lineNumber":13,"author":{"gitId":"dMadPanacea"},"content":"        this.description \u003d getList(tasklist);","lastModifiedDate":"2023-10-14"},{"lineNumber":14,"author":{"gitId":"dMadPanacea"},"content":"    }","lastModifiedDate":"2023-10-14"},{"lineNumber":15,"author":{"gitId":"dMadPanacea"},"content":"","lastModifiedDate":"2023-10-14"},{"lineNumber":16,"author":{"gitId":"dMadPanacea"},"content":"    private String getList (List\u003cTask\u003e tasklist){","lastModifiedDate":"2023-10-14"},{"lineNumber":17,"author":{"gitId":"dMadPanacea"},"content":"        String msg;","lastModifiedDate":"2023-10-14"},{"lineNumber":18,"author":{"gitId":"dMadPanacea"},"content":"        if (tasklist.isEmpty()) {","lastModifiedDate":"2023-10-14"},{"lineNumber":19,"author":{"gitId":"dMadPanacea"},"content":"            msg  \u003d \"There are no tasks in your list.\";","lastModifiedDate":"2023-10-14"},{"lineNumber":20,"author":{"gitId":"dMadPanacea"},"content":"        }","lastModifiedDate":"2023-10-14"},{"lineNumber":21,"author":{"gitId":"dMadPanacea"},"content":"        else {","lastModifiedDate":"2023-10-14"},{"lineNumber":22,"author":{"gitId":"dMadPanacea"},"content":"            msg \u003d \"Here are the tasks in your list:\";","lastModifiedDate":"2023-10-14"},{"lineNumber":23,"author":{"gitId":"dMadPanacea"},"content":"            for (int i\u003d0; i \u003c tasklist.size(); i++){","lastModifiedDate":"2023-10-14"},{"lineNumber":24,"author":{"gitId":"dMadPanacea"},"content":"                msg \u003d msg + \"\\n\" + (i+1) + \". \" + tasklist.get(i).toString();","lastModifiedDate":"2023-10-14"},{"lineNumber":25,"author":{"gitId":"dMadPanacea"},"content":"            }","lastModifiedDate":"2023-10-14"},{"lineNumber":26,"author":{"gitId":"dMadPanacea"},"content":"        }","lastModifiedDate":"2023-10-14"},{"lineNumber":27,"author":{"gitId":"dMadPanacea"},"content":"        return msg;","lastModifiedDate":"2023-10-14"},{"lineNumber":28,"author":{"gitId":"dMadPanacea"},"content":"    }","lastModifiedDate":"2023-10-14"},{"lineNumber":29,"author":{"gitId":"dMadPanacea"},"content":"","lastModifiedDate":"2023-10-14"},{"lineNumber":30,"author":{"gitId":"dMadPanacea"},"content":"    @Override","lastModifiedDate":"2023-10-19"},{"lineNumber":31,"author":{"gitId":"dMadPanacea"},"content":"    public String toString(){","lastModifiedDate":"2023-10-19"},{"lineNumber":32,"author":{"gitId":"dMadPanacea"},"content":"        return getDescription();","lastModifiedDate":"2023-10-19"},{"lineNumber":33,"author":{"gitId":"dMadPanacea"},"content":"    }","lastModifiedDate":"2023-10-19"},{"lineNumber":34,"author":{"gitId":"dMadPanacea"},"content":"}","lastModifiedDate":"2023-10-14"}],"authorContributionMap":{"dMadPanacea":34}},{"path":"src/main/java/duke/commandsTask/Mark.java","fileType":"java","lines":[{"lineNumber":1,"author":{"gitId":"dMadPanacea"},"content":"package duke.commandsTask;","lastModifiedDate":"2023-10-19"},{"lineNumber":2,"author":{"gitId":"dMadPanacea"},"content":"import java.util.List;","lastModifiedDate":"2023-10-14"},{"lineNumber":3,"author":{"gitId":"dMadPanacea"},"content":"","lastModifiedDate":"2023-10-14"},{"lineNumber":4,"author":{"gitId":"dMadPanacea"},"content":"public class Mark extends Task{","lastModifiedDate":"2023-10-14"},{"lineNumber":5,"author":{"gitId":"dMadPanacea"},"content":"    public static final String CMD \u003d \"mark\";","lastModifiedDate":"2023-10-14"},{"lineNumber":6,"author":{"gitId":"dMadPanacea"},"content":"    public static final String CMD_HELP \u003d \"Command [\" + CMD + \"] || \"","lastModifiedDate":"2023-10-19"},{"lineNumber":7,"author":{"gitId":"dMadPanacea"},"content":"            + \"Mark a task as completed ||\"","lastModifiedDate":"2023-10-19"},{"lineNumber":8,"author":{"gitId":"dMadPanacea"},"content":"            + \"Syntax: e.g. mark \u003c+index\u003e\";","lastModifiedDate":"2023-10-14"},{"lineNumber":9,"author":{"gitId":"dMadPanacea"},"content":"","lastModifiedDate":"2023-10-14"},{"lineNumber":10,"author":{"gitId":"dMadPanacea"},"content":"    public Mark(int index, List \u003cTask\u003e tasklist){","lastModifiedDate":"2023-10-14"},{"lineNumber":11,"author":{"gitId":"dMadPanacea"},"content":"        this.toRecord \u003d false;","lastModifiedDate":"2023-10-14"},{"lineNumber":12,"author":{"gitId":"dMadPanacea"},"content":"        this.toUpdateList \u003d true;","lastModifiedDate":"2023-10-14"},{"lineNumber":13,"author":{"gitId":"dMadPanacea"},"content":"        this.description \u003d markTask(index, tasklist);","lastModifiedDate":"2023-10-14"},{"lineNumber":14,"author":{"gitId":"dMadPanacea"},"content":"    }","lastModifiedDate":"2023-10-14"},{"lineNumber":15,"author":{"gitId":"dMadPanacea"},"content":"","lastModifiedDate":"2023-10-14"},{"lineNumber":16,"author":{"gitId":"dMadPanacea"},"content":"    private String markTask(int index, List \u003cTask\u003e tasklist){","lastModifiedDate":"2023-10-14"},{"lineNumber":17,"author":{"gitId":"dMadPanacea"},"content":"        String msg;","lastModifiedDate":"2023-10-14"},{"lineNumber":18,"author":{"gitId":"dMadPanacea"},"content":"        try{","lastModifiedDate":"2023-10-14"},{"lineNumber":19,"author":{"gitId":"dMadPanacea"},"content":"            if (tasklist.get(index-1).getIsDone()){","lastModifiedDate":"2023-10-14"},{"lineNumber":20,"author":{"gitId":"dMadPanacea"},"content":"                msg \u003d \"The item has already been marked as done!\";","lastModifiedDate":"2023-10-14"},{"lineNumber":21,"author":{"gitId":"dMadPanacea"},"content":"            } else {","lastModifiedDate":"2023-10-14"},{"lineNumber":22,"author":{"gitId":"dMadPanacea"},"content":"                tasklist.get(index-1).setIsDone(true);","lastModifiedDate":"2023-10-14"},{"lineNumber":23,"author":{"gitId":"dMadPanacea"},"content":"                msg \u003d \"Nice! I\u0027ve marked this task as done: \"","lastModifiedDate":"2023-10-14"},{"lineNumber":24,"author":{"gitId":"dMadPanacea"},"content":"                        + tasklist.get(index-1).toString();","lastModifiedDate":"2023-10-14"},{"lineNumber":25,"author":{"gitId":"dMadPanacea"},"content":"            }","lastModifiedDate":"2023-10-14"},{"lineNumber":26,"author":{"gitId":"dMadPanacea"},"content":"        }","lastModifiedDate":"2023-10-14"},{"lineNumber":27,"author":{"gitId":"dMadPanacea"},"content":"        catch (IndexOutOfBoundsException e){","lastModifiedDate":"2023-10-14"},{"lineNumber":28,"author":{"gitId":"dMadPanacea"},"content":"            msg \u003d \"Indicate a number within the list: \" + tasklist.size();","lastModifiedDate":"2023-10-14"},{"lineNumber":29,"author":{"gitId":"dMadPanacea"},"content":"        }","lastModifiedDate":"2023-10-14"},{"lineNumber":30,"author":{"gitId":"dMadPanacea"},"content":"        return msg;","lastModifiedDate":"2023-10-14"},{"lineNumber":31,"author":{"gitId":"dMadPanacea"},"content":"    }","lastModifiedDate":"2023-10-14"},{"lineNumber":32,"author":{"gitId":"dMadPanacea"},"content":"","lastModifiedDate":"2023-10-14"},{"lineNumber":33,"author":{"gitId":"dMadPanacea"},"content":"    @Override","lastModifiedDate":"2023-10-14"},{"lineNumber":34,"author":{"gitId":"dMadPanacea"},"content":"    public String toString(){","lastModifiedDate":"2023-10-14"},{"lineNumber":35,"author":{"gitId":"dMadPanacea"},"content":"        return description;","lastModifiedDate":"2023-10-14"},{"lineNumber":36,"author":{"gitId":"dMadPanacea"},"content":"    }","lastModifiedDate":"2023-10-14"},{"lineNumber":37,"author":{"gitId":"dMadPanacea"},"content":"}","lastModifiedDate":"2023-10-14"}],"authorContributionMap":{"dMadPanacea":37}},{"path":"src/main/java/duke/commandsTask/Task.java","fileType":"java","lines":[{"lineNumber":1,"author":{"gitId":"dMadPanacea"},"content":"package duke.commandsTask;","lastModifiedDate":"2023-10-19"},{"lineNumber":2,"author":{"gitId":"dMadPanacea"},"content":"","lastModifiedDate":"2023-10-14"},{"lineNumber":3,"author":{"gitId":"dMadPanacea"},"content":"public abstract class Task {","lastModifiedDate":"2023-10-14"},{"lineNumber":4,"author":{"gitId":"dMadPanacea"},"content":"    protected String description;","lastModifiedDate":"2023-09-03"},{"lineNumber":5,"author":{"gitId":"dMadPanacea"},"content":"    protected boolean isDone;","lastModifiedDate":"2023-09-03"},{"lineNumber":6,"author":{"gitId":"dMadPanacea"},"content":"    protected boolean toRecord;","lastModifiedDate":"2023-10-14"},{"lineNumber":7,"author":{"gitId":"dMadPanacea"},"content":"    protected boolean toUpdateList;","lastModifiedDate":"2023-10-14"},{"lineNumber":8,"author":{"gitId":"dMadPanacea"},"content":"","lastModifiedDate":"2023-10-14"},{"lineNumber":9,"author":{"gitId":"dMadPanacea"},"content":"    public Task(){ }","lastModifiedDate":"2023-10-14"},{"lineNumber":10,"author":{"gitId":"dMadPanacea"},"content":"","lastModifiedDate":"2023-09-03"},{"lineNumber":11,"author":{"gitId":"dMadPanacea"},"content":"    public Task(String description){","lastModifiedDate":"2023-09-03"},{"lineNumber":12,"author":{"gitId":"dMadPanacea"},"content":"        this.description \u003d description;","lastModifiedDate":"2023-09-03"},{"lineNumber":13,"author":{"gitId":"dMadPanacea"},"content":"        this.isDone \u003d false;","lastModifiedDate":"2023-09-03"},{"lineNumber":14,"author":{"gitId":"dMadPanacea"},"content":"        this.toRecord \u003d true;","lastModifiedDate":"2023-10-14"},{"lineNumber":15,"author":{"gitId":"dMadPanacea"},"content":"        this.toUpdateList \u003d false;","lastModifiedDate":"2023-10-14"},{"lineNumber":16,"author":{"gitId":"dMadPanacea"},"content":"    }","lastModifiedDate":"2023-09-03"},{"lineNumber":17,"author":{"gitId":"dMadPanacea"},"content":"","lastModifiedDate":"2023-09-03"},{"lineNumber":18,"author":{"gitId":"dMadPanacea"},"content":"    public String getStatusIcon() { return (isDone ? \"X\" : \" \"); }","lastModifiedDate":"2023-09-03"},{"lineNumber":19,"author":{"gitId":"dMadPanacea"},"content":"    public String getDescription() { return this.description; }","lastModifiedDate":"2023-09-03"},{"lineNumber":20,"author":{"gitId":"dMadPanacea"},"content":"    public boolean getIsDone() { return this.isDone; }","lastModifiedDate":"2023-09-06"},{"lineNumber":21,"author":{"gitId":"dMadPanacea"},"content":"    public void setIsDone(boolean isDone){ this.isDone \u003d isDone; }","lastModifiedDate":"2023-09-03"},{"lineNumber":22,"author":{"gitId":"dMadPanacea"},"content":"    public boolean getToRecord() { return this.toRecord; }","lastModifiedDate":"2023-10-14"},{"lineNumber":23,"author":{"gitId":"dMadPanacea"},"content":"    public boolean getToUpdateList() { return this.toUpdateList; }","lastModifiedDate":"2023-10-14"},{"lineNumber":24,"author":{"gitId":"dMadPanacea"},"content":"","lastModifiedDate":"2023-09-03"},{"lineNumber":25,"author":{"gitId":"dMadPanacea"},"content":"    public String toCode() {","lastModifiedDate":"2023-10-14"},{"lineNumber":26,"author":{"gitId":"dMadPanacea"},"content":"        return ((isDone) ? \"m \" : \"\") + description;","lastModifiedDate":"2023-10-14"},{"lineNumber":27,"author":{"gitId":"dMadPanacea"},"content":"    }","lastModifiedDate":"2023-10-14"},{"lineNumber":28,"author":{"gitId":"dMadPanacea"},"content":"","lastModifiedDate":"2023-09-06"},{"lineNumber":29,"author":{"gitId":"dMadPanacea"},"content":"    @Override","lastModifiedDate":"2023-09-06"},{"lineNumber":30,"author":{"gitId":"dMadPanacea"},"content":"    public String toString(){","lastModifiedDate":"2023-09-06"},{"lineNumber":31,"author":{"gitId":"dMadPanacea"},"content":"        return \"[\" + getStatusIcon() + \"] \" + getDescription();","lastModifiedDate":"2023-09-06"},{"lineNumber":32,"author":{"gitId":"dMadPanacea"},"content":"    }","lastModifiedDate":"2023-09-06"},{"lineNumber":33,"author":{"gitId":"dMadPanacea"},"content":"","lastModifiedDate":"2023-09-06"},{"lineNumber":34,"author":{"gitId":"dMadPanacea"},"content":"}","lastModifiedDate":"2023-09-03"}],"authorContributionMap":{"dMadPanacea":34}},{"path":"src/main/java/duke/commandsTask/Unmark.java","fileType":"java","lines":[{"lineNumber":1,"author":{"gitId":"dMadPanacea"},"content":"package duke.commandsTask;","lastModifiedDate":"2023-10-19"},{"lineNumber":2,"author":{"gitId":"dMadPanacea"},"content":"import java.util.List;","lastModifiedDate":"2023-10-14"},{"lineNumber":3,"author":{"gitId":"dMadPanacea"},"content":"","lastModifiedDate":"2023-10-14"},{"lineNumber":4,"author":{"gitId":"dMadPanacea"},"content":"public class Unmark extends Task{","lastModifiedDate":"2023-10-14"},{"lineNumber":5,"author":{"gitId":"dMadPanacea"},"content":"    public static final String CMD \u003d \"unmark\";","lastModifiedDate":"2023-10-14"},{"lineNumber":6,"author":{"gitId":"dMadPanacea"},"content":"    public static final String CMD_HELP \u003d \"Command [\" + CMD + \"] || \"","lastModifiedDate":"2023-10-19"},{"lineNumber":7,"author":{"gitId":"dMadPanacea"},"content":"            + \"Unmark a completed task ||\"","lastModifiedDate":"2023-10-19"},{"lineNumber":8,"author":{"gitId":"dMadPanacea"},"content":"            + \"Syntax: e.g. unmark \u003c+index\u003e\";","lastModifiedDate":"2023-10-14"},{"lineNumber":9,"author":{"gitId":"dMadPanacea"},"content":"","lastModifiedDate":"2023-10-14"},{"lineNumber":10,"author":{"gitId":"dMadPanacea"},"content":"    public Unmark(int index, List \u003cTask\u003e tasklist){","lastModifiedDate":"2023-10-14"},{"lineNumber":11,"author":{"gitId":"dMadPanacea"},"content":"        this.toRecord \u003d false;","lastModifiedDate":"2023-10-14"},{"lineNumber":12,"author":{"gitId":"dMadPanacea"},"content":"        this.toUpdateList \u003d true;","lastModifiedDate":"2023-10-14"},{"lineNumber":13,"author":{"gitId":"dMadPanacea"},"content":"        this.description \u003d markTask(index, tasklist);","lastModifiedDate":"2023-10-14"},{"lineNumber":14,"author":{"gitId":"dMadPanacea"},"content":"    }","lastModifiedDate":"2023-10-14"},{"lineNumber":15,"author":{"gitId":"dMadPanacea"},"content":"","lastModifiedDate":"2023-10-14"},{"lineNumber":16,"author":{"gitId":"dMadPanacea"},"content":"    private String markTask(int index, List \u003cTask\u003e tasklist){","lastModifiedDate":"2023-10-14"},{"lineNumber":17,"author":{"gitId":"dMadPanacea"},"content":"        String msg;","lastModifiedDate":"2023-10-14"},{"lineNumber":18,"author":{"gitId":"dMadPanacea"},"content":"        try{","lastModifiedDate":"2023-10-14"},{"lineNumber":19,"author":{"gitId":"dMadPanacea"},"content":"            if (tasklist.get(index-1).getIsDone()){","lastModifiedDate":"2023-10-14"},{"lineNumber":20,"author":{"gitId":"dMadPanacea"},"content":"                tasklist.get(index-1).setIsDone(false);","lastModifiedDate":"2023-10-14"},{"lineNumber":21,"author":{"gitId":"dMadPanacea"},"content":"                msg \u003d \"Ok, I\u0027ve marked this task as not done yet: \"","lastModifiedDate":"2023-10-14"},{"lineNumber":22,"author":{"gitId":"dMadPanacea"},"content":"                        + tasklist.get(index-1).toString();","lastModifiedDate":"2023-10-14"},{"lineNumber":23,"author":{"gitId":"dMadPanacea"},"content":"            } else {","lastModifiedDate":"2023-10-14"},{"lineNumber":24,"author":{"gitId":"dMadPanacea"},"content":"                msg \u003d \"The item wasn\u0027t done\";","lastModifiedDate":"2023-10-14"},{"lineNumber":25,"author":{"gitId":"dMadPanacea"},"content":"            }","lastModifiedDate":"2023-10-14"},{"lineNumber":26,"author":{"gitId":"dMadPanacea"},"content":"        }","lastModifiedDate":"2023-10-14"},{"lineNumber":27,"author":{"gitId":"dMadPanacea"},"content":"        catch (IndexOutOfBoundsException e){","lastModifiedDate":"2023-10-14"},{"lineNumber":28,"author":{"gitId":"dMadPanacea"},"content":"            msg \u003d \"Indicate a number within the list: \" + tasklist.size();","lastModifiedDate":"2023-10-14"},{"lineNumber":29,"author":{"gitId":"dMadPanacea"},"content":"        }","lastModifiedDate":"2023-10-14"},{"lineNumber":30,"author":{"gitId":"dMadPanacea"},"content":"        return msg;","lastModifiedDate":"2023-10-14"},{"lineNumber":31,"author":{"gitId":"dMadPanacea"},"content":"    }","lastModifiedDate":"2023-10-14"},{"lineNumber":32,"author":{"gitId":"dMadPanacea"},"content":"","lastModifiedDate":"2023-10-14"},{"lineNumber":33,"author":{"gitId":"dMadPanacea"},"content":"    @Override","lastModifiedDate":"2023-10-14"},{"lineNumber":34,"author":{"gitId":"dMadPanacea"},"content":"    public String toString(){","lastModifiedDate":"2023-10-14"},{"lineNumber":35,"author":{"gitId":"dMadPanacea"},"content":"        return description;","lastModifiedDate":"2023-10-14"},{"lineNumber":36,"author":{"gitId":"dMadPanacea"},"content":"    }","lastModifiedDate":"2023-10-14"},{"lineNumber":37,"author":{"gitId":"dMadPanacea"},"content":"}","lastModifiedDate":"2023-10-14"}],"authorContributionMap":{"dMadPanacea":37}},{"path":"src/main/java/duke/common/Messages.java","fileType":"java","lines":[{"lineNumber":1,"author":{"gitId":"dMadPanacea"},"content":"package duke.common;","lastModifiedDate":"2023-10-19"},{"lineNumber":2,"author":{"gitId":"dMadPanacea"},"content":"","lastModifiedDate":"2023-10-14"},{"lineNumber":3,"author":{"gitId":"dMadPanacea"},"content":"public class Messages {","lastModifiedDate":"2023-10-14"},{"lineNumber":4,"author":{"gitId":"dMadPanacea"},"content":"    public static final String MSG_WELCOME \u003d \"Hello I\u0027m Eve!\\n\"","lastModifiedDate":"2023-10-14"},{"lineNumber":5,"author":{"gitId":"dMadPanacea"},"content":"            + \" ____            ____ \\n\"","lastModifiedDate":"2023-10-14"},{"lineNumber":6,"author":{"gitId":"dMadPanacea"},"content":"            + \"|      __   __  |    \\n\"","lastModifiedDate":"2023-10-14"},{"lineNumber":7,"author":{"gitId":"dMadPanacea"},"content":"            + \"|____ \\\\  | |  / |____\\n\"","lastModifiedDate":"2023-10-14"},{"lineNumber":8,"author":{"gitId":"dMadPanacea"},"content":"            + \"|      \\\\ \\\\_/ /  |    \\n\"","lastModifiedDate":"2023-10-14"},{"lineNumber":9,"author":{"gitId":"dMadPanacea"},"content":"            + \"|____   \\\\___/   |____ \\n\"","lastModifiedDate":"2023-10-14"},{"lineNumber":10,"author":{"gitId":"dMadPanacea"},"content":"            + \"\\nWhat can i do for you?\";","lastModifiedDate":"2023-10-14"},{"lineNumber":11,"author":{"gitId":"dMadPanacea"},"content":"    public static final String MSG_GOODBYE \u003d \"Goodbye!\";","lastModifiedDate":"2023-10-14"},{"lineNumber":12,"author":{"gitId":"dMadPanacea"},"content":"}","lastModifiedDate":"2023-10-14"}],"authorContributionMap":{"dMadPanacea":12}},{"path":"src/main/java/duke/data/TaskList.java","fileType":"java","lines":[{"lineNumber":1,"author":{"gitId":"dMadPanacea"},"content":"package duke.data;","lastModifiedDate":"2023-10-19"},{"lineNumber":2,"author":{"gitId":"dMadPanacea"},"content":"","lastModifiedDate":"2023-10-14"},{"lineNumber":3,"author":{"gitId":"dMadPanacea"},"content":"import duke.commandsTask.*;","lastModifiedDate":"2023-10-19"},{"lineNumber":4,"author":{"gitId":"dMadPanacea"},"content":"","lastModifiedDate":"2023-10-14"},{"lineNumber":5,"author":{"gitId":"dMadPanacea"},"content":"import java.util.List;","lastModifiedDate":"2023-10-14"},{"lineNumber":6,"author":{"gitId":"dMadPanacea"},"content":"import java.util.ArrayList;","lastModifiedDate":"2023-10-14"},{"lineNumber":7,"author":{"gitId":"dMadPanacea"},"content":"import duke.parser.Parser;","lastModifiedDate":"2023-10-19"},{"lineNumber":8,"author":{"gitId":"dMadPanacea"},"content":"import duke.storage.StorageFile;","lastModifiedDate":"2023-10-19"},{"lineNumber":9,"author":{"gitId":"dMadPanacea"},"content":"","lastModifiedDate":"2023-10-14"},{"lineNumber":10,"author":{"gitId":"dMadPanacea"},"content":"public class TaskList {","lastModifiedDate":"2023-10-14"},{"lineNumber":11,"author":{"gitId":"dMadPanacea"},"content":"    private final List\u003cTask\u003e tasklist \u003d new ArrayList\u003c\u003e();","lastModifiedDate":"2023-10-14"},{"lineNumber":12,"author":{"gitId":"dMadPanacea"},"content":"","lastModifiedDate":"2023-10-14"},{"lineNumber":13,"author":{"gitId":"dMadPanacea"},"content":"    public TaskList () {}","lastModifiedDate":"2023-10-14"},{"lineNumber":14,"author":{"gitId":"dMadPanacea"},"content":"","lastModifiedDate":"2023-10-14"},{"lineNumber":15,"author":{"gitId":"dMadPanacea"},"content":"    /**","lastModifiedDate":"2023-10-18"},{"lineNumber":16,"author":{"gitId":"dMadPanacea"},"content":"     * Returns a string line for UI to present to user and records the command into duke.storage","lastModifiedDate":"2023-10-19"},{"lineNumber":17,"author":{"gitId":"dMadPanacea"},"content":"     *","lastModifiedDate":"2023-10-18"},{"lineNumber":18,"author":{"gitId":"dMadPanacea"},"content":"     * @param line input line from user","lastModifiedDate":"2023-10-18"},{"lineNumber":19,"author":{"gitId":"dMadPanacea"},"content":"     * @param myStorage duke.storage file user has currently opened","lastModifiedDate":"2023-10-19"},{"lineNumber":20,"author":{"gitId":"dMadPanacea"},"content":"     * @param toWrite indicator whether the command should be written into duke.storage","lastModifiedDate":"2023-10-19"},{"lineNumber":21,"author":{"gitId":"dMadPanacea"},"content":"     * @return string message to present to user","lastModifiedDate":"2023-10-18"},{"lineNumber":22,"author":{"gitId":"dMadPanacea"},"content":"     */","lastModifiedDate":"2023-10-18"},{"lineNumber":23,"author":{"gitId":"dMadPanacea"},"content":"    public String processTask (String line, StorageFile myStorage, boolean toWrite) {","lastModifiedDate":"2023-10-14"},{"lineNumber":24,"author":{"gitId":"dMadPanacea"},"content":"        Task task \u003d Parser.parseCommand(line, tasklist);","lastModifiedDate":"2023-10-14"},{"lineNumber":25,"author":{"gitId":"dMadPanacea"},"content":"        String msg;","lastModifiedDate":"2023-10-14"},{"lineNumber":26,"author":{"gitId":"dMadPanacea"},"content":"        if (task.getToRecord()){","lastModifiedDate":"2023-10-14"},{"lineNumber":27,"author":{"gitId":"dMadPanacea"},"content":"            tasklist.add(task);","lastModifiedDate":"2023-10-14"},{"lineNumber":28,"author":{"gitId":"dMadPanacea"},"content":"            msg \u003d \"Got it. I\u0027ve added this task:\\n\"","lastModifiedDate":"2023-10-14"},{"lineNumber":29,"author":{"gitId":"dMadPanacea"},"content":"                    + tasklist.get(tasklist.size() - 1).toString() + \"\\n\"","lastModifiedDate":"2023-10-14"},{"lineNumber":30,"author":{"gitId":"dMadPanacea"},"content":"                    + \"Now you have \" + tasklist.size() + \" tasks in the list.\";","lastModifiedDate":"2023-10-14"},{"lineNumber":31,"author":{"gitId":"dMadPanacea"},"content":"            if (toWrite) {myStorage.append(task);}","lastModifiedDate":"2023-10-14"},{"lineNumber":32,"author":{"gitId":"dMadPanacea"},"content":"        } else {","lastModifiedDate":"2023-10-14"},{"lineNumber":33,"author":{"gitId":"dMadPanacea"},"content":"            msg \u003d task.toString();","lastModifiedDate":"2023-10-14"},{"lineNumber":34,"author":{"gitId":"dMadPanacea"},"content":"        }","lastModifiedDate":"2023-10-14"},{"lineNumber":35,"author":{"gitId":"dMadPanacea"},"content":"","lastModifiedDate":"2023-10-14"},{"lineNumber":36,"author":{"gitId":"dMadPanacea"},"content":"        if(task.getToUpdateList()) {","lastModifiedDate":"2023-10-14"},{"lineNumber":37,"author":{"gitId":"dMadPanacea"},"content":"            myStorage.write(tasklist);","lastModifiedDate":"2023-10-14"},{"lineNumber":38,"author":{"gitId":"dMadPanacea"},"content":"        }","lastModifiedDate":"2023-10-14"},{"lineNumber":39,"author":{"gitId":"dMadPanacea"},"content":"","lastModifiedDate":"2023-10-14"},{"lineNumber":40,"author":{"gitId":"dMadPanacea"},"content":"        return msg;","lastModifiedDate":"2023-10-14"},{"lineNumber":41,"author":{"gitId":"dMadPanacea"},"content":"    }","lastModifiedDate":"2023-10-14"},{"lineNumber":42,"author":{"gitId":"dMadPanacea"},"content":"","lastModifiedDate":"2023-10-14"},{"lineNumber":43,"author":{"gitId":"dMadPanacea"},"content":"}","lastModifiedDate":"2023-10-14"}],"authorContributionMap":{"dMadPanacea":43}},{"path":"src/main/java/duke/parser/Parser.java","fileType":"java","lines":[{"lineNumber":1,"author":{"gitId":"dMadPanacea"},"content":"package duke.parser;","lastModifiedDate":"2023-10-19"},{"lineNumber":2,"author":{"gitId":"dMadPanacea"},"content":"","lastModifiedDate":"2023-10-14"},{"lineNumber":3,"author":{"gitId":"dMadPanacea"},"content":"import duke.commandsTask.Task;","lastModifiedDate":"2023-10-19"},{"lineNumber":4,"author":{"gitId":"dMadPanacea"},"content":"import duke.commandsTask.Todo;","lastModifiedDate":"2023-10-19"},{"lineNumber":5,"author":{"gitId":"dMadPanacea"},"content":"import duke.commandsTask.IncorrectTaskHandler;","lastModifiedDate":"2023-10-19"},{"lineNumber":6,"author":{"gitId":"dMadPanacea"},"content":"import duke.commandsTask.Deadline;","lastModifiedDate":"2023-10-19"},{"lineNumber":7,"author":{"gitId":"dMadPanacea"},"content":"import duke.commandsTask.Delete;","lastModifiedDate":"2023-10-19"},{"lineNumber":8,"author":{"gitId":"dMadPanacea"},"content":"import duke.commandsTask.Event;","lastModifiedDate":"2023-10-19"},{"lineNumber":9,"author":{"gitId":"dMadPanacea"},"content":"import duke.commandsTask.Find;","lastModifiedDate":"2023-10-19"},{"lineNumber":10,"author":{"gitId":"dMadPanacea"},"content":"import duke.commandsTask.Help;","lastModifiedDate":"2023-10-19"},{"lineNumber":11,"author":{"gitId":"dMadPanacea"},"content":"import duke.commandsTask.ListCMD;","lastModifiedDate":"2023-10-19"},{"lineNumber":12,"author":{"gitId":"dMadPanacea"},"content":"import duke.commandsTask.Mark;","lastModifiedDate":"2023-10-19"},{"lineNumber":13,"author":{"gitId":"dMadPanacea"},"content":"import duke.commandsTask.Unmark;","lastModifiedDate":"2023-10-19"},{"lineNumber":14,"author":{"gitId":"dMadPanacea"},"content":"","lastModifiedDate":"2023-10-14"},{"lineNumber":15,"author":{"gitId":"dMadPanacea"},"content":"import java.util.List;","lastModifiedDate":"2023-10-14"},{"lineNumber":16,"author":{"gitId":"dMadPanacea"},"content":"import java.util.regex.Pattern;","lastModifiedDate":"2023-10-14"},{"lineNumber":17,"author":{"gitId":"dMadPanacea"},"content":"import java.util.regex.Matcher;","lastModifiedDate":"2023-10-14"},{"lineNumber":18,"author":{"gitId":"dMadPanacea"},"content":"","lastModifiedDate":"2023-10-14"},{"lineNumber":19,"author":{"gitId":"dMadPanacea"},"content":"public class Parser {","lastModifiedDate":"2023-10-14"},{"lineNumber":20,"author":{"gitId":"dMadPanacea"},"content":"    public static final Pattern COMMAND_FORMAT \u003d Pattern.compile(\"(?\u003ccommand\u003e\\\\S+)(?\u003cargs\u003e.*)\");","lastModifiedDate":"2023-10-14"},{"lineNumber":21,"author":{"gitId":"dMadPanacea"},"content":"    public static final Pattern MARK_FORMAT \u003d Pattern.compile(\"(?\u003cindex\u003e\\\\d*)\");","lastModifiedDate":"2023-10-14"},{"lineNumber":22,"author":{"gitId":"dMadPanacea"},"content":"    public static final Pattern TODO_FORMAT \u003d Pattern.compile(\"(?\u003cisdone\u003e(-m-)?)(?\u003cdesc\u003e.*)\");","lastModifiedDate":"2023-10-14"},{"lineNumber":23,"author":{"gitId":"dMadPanacea"},"content":"    public static final Pattern DEADLINE_FORMAT \u003d Pattern.compile(\"(?\u003cisdone\u003e(-m-)?)(?\u003cdesc\u003e.*)(?\u003cby\u003e/by)(?\u003cdate\u003e.*)\");","lastModifiedDate":"2023-10-14"},{"lineNumber":24,"author":{"gitId":"dMadPanacea"},"content":"    public static final Pattern EVENT_FORMAT \u003d Pattern.compile(\"(?\u003cisdone\u003e(-m-)?)(?\u003cdesc\u003e.*)(?\u003cfrom\u003e/from)(?\u003cdate1\u003e.*)(?\u003cto\u003e/to)(?\u003cdate2\u003e.*)\");","lastModifiedDate":"2023-10-14"},{"lineNumber":25,"author":{"gitId":"dMadPanacea"},"content":"    public static final Pattern FIND_FORMAT \u003d Pattern.compile(\"(?\u003cdesc\u003e\\\\S+?)\");","lastModifiedDate":"2023-10-19"},{"lineNumber":26,"author":{"gitId":"dMadPanacea"},"content":"","lastModifiedDate":"2023-10-14"},{"lineNumber":27,"author":{"gitId":"dMadPanacea"},"content":"","lastModifiedDate":"2023-10-18"},{"lineNumber":28,"author":{"gitId":"dMadPanacea"},"content":"    /**","lastModifiedDate":"2023-10-18"},{"lineNumber":29,"author":{"gitId":"dMadPanacea"},"content":"     * Returns a Task command given a line input","lastModifiedDate":"2023-10-18"},{"lineNumber":30,"author":{"gitId":"dMadPanacea"},"content":"     * If the line input does not match the format of implemented Task command, returns the Help command","lastModifiedDate":"2023-10-18"},{"lineNumber":31,"author":{"gitId":"dMadPanacea"},"content":"     *","lastModifiedDate":"2023-10-18"},{"lineNumber":32,"author":{"gitId":"dMadPanacea"},"content":"     * @param input command line entered by user","lastModifiedDate":"2023-10-18"},{"lineNumber":33,"author":{"gitId":"dMadPanacea"},"content":"     * @param tasklist User\u0027s list of tasks","lastModifiedDate":"2023-10-18"},{"lineNumber":34,"author":{"gitId":"dMadPanacea"},"content":"     * @return a Task command","lastModifiedDate":"2023-10-18"},{"lineNumber":35,"author":{"gitId":"dMadPanacea"},"content":"     */","lastModifiedDate":"2023-10-18"},{"lineNumber":36,"author":{"gitId":"dMadPanacea"},"content":"    public static Task parseCommand(String input, List\u003cTask\u003e tasklist){","lastModifiedDate":"2023-10-14"},{"lineNumber":37,"author":{"gitId":"dMadPanacea"},"content":"        final Matcher match \u003d COMMAND_FORMAT.matcher(input.trim());","lastModifiedDate":"2023-10-14"},{"lineNumber":38,"author":{"gitId":"dMadPanacea"},"content":"        if (!match.matches()){","lastModifiedDate":"2023-10-14"},{"lineNumber":39,"author":{"gitId":"dMadPanacea"},"content":"            return new IncorrectTaskHandler(new Help().toString());","lastModifiedDate":"2023-10-14"},{"lineNumber":40,"author":{"gitId":"dMadPanacea"},"content":"        }","lastModifiedDate":"2023-10-14"},{"lineNumber":41,"author":{"gitId":"dMadPanacea"},"content":"        final String command \u003d match.group(\"command\");","lastModifiedDate":"2023-10-14"},{"lineNumber":42,"author":{"gitId":"dMadPanacea"},"content":"        final String args \u003d match.group(\"args\");","lastModifiedDate":"2023-10-14"},{"lineNumber":43,"author":{"gitId":"dMadPanacea"},"content":"","lastModifiedDate":"2023-10-14"},{"lineNumber":44,"author":{"gitId":"dMadPanacea"},"content":"        switch (command){","lastModifiedDate":"2023-10-14"},{"lineNumber":45,"author":{"gitId":"dMadPanacea"},"content":"            case Todo.CMD:","lastModifiedDate":"2023-10-14"},{"lineNumber":46,"author":{"gitId":"dMadPanacea"},"content":"                return prepTodo(args);","lastModifiedDate":"2023-10-14"},{"lineNumber":47,"author":{"gitId":"dMadPanacea"},"content":"            case Deadline.CMD:","lastModifiedDate":"2023-10-14"},{"lineNumber":48,"author":{"gitId":"dMadPanacea"},"content":"                return prepDeadline(args);","lastModifiedDate":"2023-10-14"},{"lineNumber":49,"author":{"gitId":"dMadPanacea"},"content":"            case Event.CMD:","lastModifiedDate":"2023-10-14"},{"lineNumber":50,"author":{"gitId":"dMadPanacea"},"content":"                return prepEvent(args);","lastModifiedDate":"2023-10-14"},{"lineNumber":51,"author":{"gitId":"dMadPanacea"},"content":"            case ListCMD.CMD:","lastModifiedDate":"2023-10-14"},{"lineNumber":52,"author":{"gitId":"dMadPanacea"},"content":"                return new ListCMD(tasklist);","lastModifiedDate":"2023-10-14"},{"lineNumber":53,"author":{"gitId":"dMadPanacea"},"content":"            case Find.CMD:","lastModifiedDate":"2023-10-19"},{"lineNumber":54,"author":{"gitId":"dMadPanacea"},"content":"                return prepFind(args, tasklist);","lastModifiedDate":"2023-10-19"},{"lineNumber":55,"author":{"gitId":"dMadPanacea"},"content":"            case Mark.CMD:","lastModifiedDate":"2023-10-14"},{"lineNumber":56,"author":{"gitId":"dMadPanacea"},"content":"                return prepMark(args,tasklist, true);","lastModifiedDate":"2023-10-14"},{"lineNumber":57,"author":{"gitId":"dMadPanacea"},"content":"            case Unmark.CMD:","lastModifiedDate":"2023-10-14"},{"lineNumber":58,"author":{"gitId":"dMadPanacea"},"content":"                return prepMark(args,tasklist, false);","lastModifiedDate":"2023-10-14"},{"lineNumber":59,"author":{"gitId":"dMadPanacea"},"content":"            case Delete.CMD:","lastModifiedDate":"2023-10-14"},{"lineNumber":60,"author":{"gitId":"dMadPanacea"},"content":"                return prepDelete(args, tasklist);","lastModifiedDate":"2023-10-14"},{"lineNumber":61,"author":{"gitId":"dMadPanacea"},"content":"            default:","lastModifiedDate":"2023-10-14"},{"lineNumber":62,"author":{"gitId":"dMadPanacea"},"content":"                return new Help();","lastModifiedDate":"2023-10-14"},{"lineNumber":63,"author":{"gitId":"dMadPanacea"},"content":"        }","lastModifiedDate":"2023-10-14"},{"lineNumber":64,"author":{"gitId":"dMadPanacea"},"content":"","lastModifiedDate":"2023-10-14"},{"lineNumber":65,"author":{"gitId":"dMadPanacea"},"content":"    }","lastModifiedDate":"2023-10-14"},{"lineNumber":66,"author":{"gitId":"dMadPanacea"},"content":"","lastModifiedDate":"2023-10-14"},{"lineNumber":67,"author":{"gitId":"dMadPanacea"},"content":"    /**","lastModifiedDate":"2023-10-18"},{"lineNumber":68,"author":{"gitId":"dMadPanacea"},"content":"     * Prepares arguments provided to match MARK_FORMAT to pass into Mark or Unmark command","lastModifiedDate":"2023-10-18"},{"lineNumber":69,"author":{"gitId":"dMadPanacea"},"content":"     *","lastModifiedDate":"2023-10-18"},{"lineNumber":70,"author":{"gitId":"dMadPanacea"},"content":"     * @param args string of arguments","lastModifiedDate":"2023-10-18"},{"lineNumber":71,"author":{"gitId":"dMadPanacea"},"content":"     * @param tasklist User\u0027s list of tasks","lastModifiedDate":"2023-10-18"},{"lineNumber":72,"author":{"gitId":"dMadPanacea"},"content":"     * @param isMark boolean indicator, TRUE for Mark, FALSE for Unmark","lastModifiedDate":"2023-10-18"},{"lineNumber":73,"author":{"gitId":"dMadPanacea"},"content":"     * @return Mark / Unmark task","lastModifiedDate":"2023-10-18"},{"lineNumber":74,"author":{"gitId":"dMadPanacea"},"content":"     */","lastModifiedDate":"2023-10-18"},{"lineNumber":75,"author":{"gitId":"dMadPanacea"},"content":"    private static Task prepMark (String args, List \u003cTask\u003e tasklist,boolean isMark){","lastModifiedDate":"2023-10-14"},{"lineNumber":76,"author":{"gitId":"dMadPanacea"},"content":"        final Matcher match \u003d MARK_FORMAT.matcher(args.trim());","lastModifiedDate":"2023-10-14"},{"lineNumber":77,"author":{"gitId":"dMadPanacea"},"content":"        if (!match.matches() || args.isEmpty()){","lastModifiedDate":"2023-10-14"},{"lineNumber":78,"author":{"gitId":"dMadPanacea"},"content":"            if (isMark){","lastModifiedDate":"2023-10-14"},{"lineNumber":79,"author":{"gitId":"dMadPanacea"},"content":"                return new IncorrectTaskHandler(Mark.CMD_HELP);","lastModifiedDate":"2023-10-14"},{"lineNumber":80,"author":{"gitId":"dMadPanacea"},"content":"            } else {","lastModifiedDate":"2023-10-14"},{"lineNumber":81,"author":{"gitId":"dMadPanacea"},"content":"                return new IncorrectTaskHandler(Unmark.CMD_HELP);","lastModifiedDate":"2023-10-14"},{"lineNumber":82,"author":{"gitId":"dMadPanacea"},"content":"            }","lastModifiedDate":"2023-10-14"},{"lineNumber":83,"author":{"gitId":"dMadPanacea"},"content":"","lastModifiedDate":"2023-10-14"},{"lineNumber":84,"author":{"gitId":"dMadPanacea"},"content":"        }","lastModifiedDate":"2023-10-14"},{"lineNumber":85,"author":{"gitId":"dMadPanacea"},"content":"        if (isMark){","lastModifiedDate":"2023-10-14"},{"lineNumber":86,"author":{"gitId":"dMadPanacea"},"content":"            return new Mark(","lastModifiedDate":"2023-10-14"},{"lineNumber":87,"author":{"gitId":"dMadPanacea"},"content":"                    Integer.parseInt(match.group(\"index\")),","lastModifiedDate":"2023-10-14"},{"lineNumber":88,"author":{"gitId":"dMadPanacea"},"content":"                    tasklist","lastModifiedDate":"2023-10-14"},{"lineNumber":89,"author":{"gitId":"dMadPanacea"},"content":"            );","lastModifiedDate":"2023-10-14"},{"lineNumber":90,"author":{"gitId":"dMadPanacea"},"content":"        } else {","lastModifiedDate":"2023-10-14"},{"lineNumber":91,"author":{"gitId":"dMadPanacea"},"content":"            return new Unmark(","lastModifiedDate":"2023-10-14"},{"lineNumber":92,"author":{"gitId":"dMadPanacea"},"content":"                    Integer.parseInt(match.group(\"index\")),","lastModifiedDate":"2023-10-14"},{"lineNumber":93,"author":{"gitId":"dMadPanacea"},"content":"                    tasklist","lastModifiedDate":"2023-10-14"},{"lineNumber":94,"author":{"gitId":"dMadPanacea"},"content":"            );","lastModifiedDate":"2023-10-14"},{"lineNumber":95,"author":{"gitId":"dMadPanacea"},"content":"        }","lastModifiedDate":"2023-10-14"},{"lineNumber":96,"author":{"gitId":"dMadPanacea"},"content":"","lastModifiedDate":"2023-10-14"},{"lineNumber":97,"author":{"gitId":"dMadPanacea"},"content":"    }","lastModifiedDate":"2023-10-14"},{"lineNumber":98,"author":{"gitId":"dMadPanacea"},"content":"","lastModifiedDate":"2023-10-14"},{"lineNumber":99,"author":{"gitId":"dMadPanacea"},"content":"    /**","lastModifiedDate":"2023-10-18"},{"lineNumber":100,"author":{"gitId":"dMadPanacea"},"content":"     * Prepares arguments provided to match MARK_FORMAT to pass into Delete command","lastModifiedDate":"2023-10-18"},{"lineNumber":101,"author":{"gitId":"dMadPanacea"},"content":"     *","lastModifiedDate":"2023-10-18"},{"lineNumber":102,"author":{"gitId":"dMadPanacea"},"content":"     * @param args string of arguments","lastModifiedDate":"2023-10-18"},{"lineNumber":103,"author":{"gitId":"dMadPanacea"},"content":"     * @param tasklist User\u0027s list of tasks","lastModifiedDate":"2023-10-18"},{"lineNumber":104,"author":{"gitId":"dMadPanacea"},"content":"     * @return Delete task","lastModifiedDate":"2023-10-18"},{"lineNumber":105,"author":{"gitId":"dMadPanacea"},"content":"     */","lastModifiedDate":"2023-10-18"},{"lineNumber":106,"author":{"gitId":"dMadPanacea"},"content":"    private static Task prepDelete (String args, List \u003cTask\u003e tasklist){","lastModifiedDate":"2023-10-14"},{"lineNumber":107,"author":{"gitId":"dMadPanacea"},"content":"        final Matcher match \u003d MARK_FORMAT.matcher(args.trim());","lastModifiedDate":"2023-10-14"},{"lineNumber":108,"author":{"gitId":"dMadPanacea"},"content":"        if (!match.matches() || args.isEmpty()){","lastModifiedDate":"2023-10-14"},{"lineNumber":109,"author":{"gitId":"dMadPanacea"},"content":"                return new IncorrectTaskHandler(Delete.CMD_HELP);","lastModifiedDate":"2023-10-14"},{"lineNumber":110,"author":{"gitId":"dMadPanacea"},"content":"        }","lastModifiedDate":"2023-10-14"},{"lineNumber":111,"author":{"gitId":"dMadPanacea"},"content":"        return new Delete(","lastModifiedDate":"2023-10-14"},{"lineNumber":112,"author":{"gitId":"dMadPanacea"},"content":"                Integer.parseInt(match.group(\"index\")),","lastModifiedDate":"2023-10-14"},{"lineNumber":113,"author":{"gitId":"dMadPanacea"},"content":"                tasklist","lastModifiedDate":"2023-10-14"},{"lineNumber":114,"author":{"gitId":"dMadPanacea"},"content":"        );","lastModifiedDate":"2023-10-14"},{"lineNumber":115,"author":{"gitId":"dMadPanacea"},"content":"    }","lastModifiedDate":"2023-10-14"},{"lineNumber":116,"author":{"gitId":"dMadPanacea"},"content":"","lastModifiedDate":"2023-10-14"},{"lineNumber":117,"author":{"gitId":"dMadPanacea"},"content":"    /**","lastModifiedDate":"2023-10-18"},{"lineNumber":118,"author":{"gitId":"dMadPanacea"},"content":"     * Returns boolean if the prefix of the input line equals \"-m-\"","lastModifiedDate":"2023-10-18"},{"lineNumber":119,"author":{"gitId":"dMadPanacea"},"content":"     *","lastModifiedDate":"2023-10-18"},{"lineNumber":120,"author":{"gitId":"dMadPanacea"},"content":"     * @param prefix string line","lastModifiedDate":"2023-10-18"},{"lineNumber":121,"author":{"gitId":"dMadPanacea"},"content":"     * @return boolean","lastModifiedDate":"2023-10-18"},{"lineNumber":122,"author":{"gitId":"dMadPanacea"},"content":"     */","lastModifiedDate":"2023-10-18"},{"lineNumber":123,"author":{"gitId":"dMadPanacea"},"content":"    private static boolean isDone (String prefix) {return prefix.equals(\"-m-\");}","lastModifiedDate":"2023-10-18"},{"lineNumber":124,"author":{"gitId":"dMadPanacea"},"content":"","lastModifiedDate":"2023-10-18"},{"lineNumber":125,"author":{"gitId":"dMadPanacea"},"content":"    /**","lastModifiedDate":"2023-10-18"},{"lineNumber":126,"author":{"gitId":"dMadPanacea"},"content":"     * Prepares arguments provided to match TODO_FORMAT to pass into Todo command","lastModifiedDate":"2023-10-18"},{"lineNumber":127,"author":{"gitId":"dMadPanacea"},"content":"     *","lastModifiedDate":"2023-10-18"},{"lineNumber":128,"author":{"gitId":"dMadPanacea"},"content":"     * @param args string of arguments","lastModifiedDate":"2023-10-18"},{"lineNumber":129,"author":{"gitId":"dMadPanacea"},"content":"     * @return Todo task","lastModifiedDate":"2023-10-18"},{"lineNumber":130,"author":{"gitId":"dMadPanacea"},"content":"     */","lastModifiedDate":"2023-10-18"},{"lineNumber":131,"author":{"gitId":"dMadPanacea"},"content":"    private static Task prepTodo (String args){","lastModifiedDate":"2023-10-14"},{"lineNumber":132,"author":{"gitId":"dMadPanacea"},"content":"        final Matcher match \u003d TODO_FORMAT.matcher(args.trim());","lastModifiedDate":"2023-10-14"},{"lineNumber":133,"author":{"gitId":"dMadPanacea"},"content":"        if (!match.matches() || args.isEmpty()){","lastModifiedDate":"2023-10-14"},{"lineNumber":134,"author":{"gitId":"dMadPanacea"},"content":"            return new IncorrectTaskHandler(Todo.CMD_HELP);","lastModifiedDate":"2023-10-14"},{"lineNumber":135,"author":{"gitId":"dMadPanacea"},"content":"        }","lastModifiedDate":"2023-10-14"},{"lineNumber":136,"author":{"gitId":"dMadPanacea"},"content":"        return new Todo(","lastModifiedDate":"2023-10-14"},{"lineNumber":137,"author":{"gitId":"dMadPanacea"},"content":"                isDone(match.group(\"isdone\")),","lastModifiedDate":"2023-10-14"},{"lineNumber":138,"author":{"gitId":"dMadPanacea"},"content":"                match.group(\"desc\").trim()","lastModifiedDate":"2023-10-14"},{"lineNumber":139,"author":{"gitId":"dMadPanacea"},"content":"        );","lastModifiedDate":"2023-10-14"},{"lineNumber":140,"author":{"gitId":"dMadPanacea"},"content":"    }","lastModifiedDate":"2023-10-14"},{"lineNumber":141,"author":{"gitId":"dMadPanacea"},"content":"","lastModifiedDate":"2023-10-14"},{"lineNumber":142,"author":{"gitId":"dMadPanacea"},"content":"    /**","lastModifiedDate":"2023-10-18"},{"lineNumber":143,"author":{"gitId":"dMadPanacea"},"content":"     * Prepares arguments provided to match DEADLINE_FORMAT to pass into Deadline command","lastModifiedDate":"2023-10-18"},{"lineNumber":144,"author":{"gitId":"dMadPanacea"},"content":"     *","lastModifiedDate":"2023-10-18"},{"lineNumber":145,"author":{"gitId":"dMadPanacea"},"content":"     * @param args string of arguments","lastModifiedDate":"2023-10-18"},{"lineNumber":146,"author":{"gitId":"dMadPanacea"},"content":"     * @return Deadline task","lastModifiedDate":"2023-10-18"},{"lineNumber":147,"author":{"gitId":"dMadPanacea"},"content":"     */","lastModifiedDate":"2023-10-18"},{"lineNumber":148,"author":{"gitId":"dMadPanacea"},"content":"    private static Task prepDeadline (String args){","lastModifiedDate":"2023-10-14"},{"lineNumber":149,"author":{"gitId":"dMadPanacea"},"content":"        final Matcher match \u003d DEADLINE_FORMAT.matcher(args.trim());","lastModifiedDate":"2023-10-14"},{"lineNumber":150,"author":{"gitId":"dMadPanacea"},"content":"        if (!match.matches()){","lastModifiedDate":"2023-10-14"},{"lineNumber":151,"author":{"gitId":"dMadPanacea"},"content":"            return new IncorrectTaskHandler(Deadline.CMD_HELP);","lastModifiedDate":"2023-10-14"},{"lineNumber":152,"author":{"gitId":"dMadPanacea"},"content":"        }","lastModifiedDate":"2023-10-14"},{"lineNumber":153,"author":{"gitId":"dMadPanacea"},"content":"        return new Deadline(","lastModifiedDate":"2023-10-14"},{"lineNumber":154,"author":{"gitId":"dMadPanacea"},"content":"                isDone(match.group(\"isdone\")),","lastModifiedDate":"2023-10-14"},{"lineNumber":155,"author":{"gitId":"dMadPanacea"},"content":"                match.group(\"desc\").trim(),","lastModifiedDate":"2023-10-14"},{"lineNumber":156,"author":{"gitId":"dMadPanacea"},"content":"                match.group(\"date\").trim()","lastModifiedDate":"2023-10-14"},{"lineNumber":157,"author":{"gitId":"dMadPanacea"},"content":"        );","lastModifiedDate":"2023-10-14"},{"lineNumber":158,"author":{"gitId":"dMadPanacea"},"content":"    }","lastModifiedDate":"2023-10-14"},{"lineNumber":159,"author":{"gitId":"dMadPanacea"},"content":"","lastModifiedDate":"2023-10-14"},{"lineNumber":160,"author":{"gitId":"dMadPanacea"},"content":"    /**","lastModifiedDate":"2023-10-18"},{"lineNumber":161,"author":{"gitId":"dMadPanacea"},"content":"     * Prepares arguments provided to match the EVENT_FORMAT to pass into Event command","lastModifiedDate":"2023-10-18"},{"lineNumber":162,"author":{"gitId":"dMadPanacea"},"content":"     *","lastModifiedDate":"2023-10-18"},{"lineNumber":163,"author":{"gitId":"dMadPanacea"},"content":"     * @param args string of arguments","lastModifiedDate":"2023-10-18"},{"lineNumber":164,"author":{"gitId":"dMadPanacea"},"content":"     * @return Event task","lastModifiedDate":"2023-10-18"},{"lineNumber":165,"author":{"gitId":"dMadPanacea"},"content":"     */","lastModifiedDate":"2023-10-18"},{"lineNumber":166,"author":{"gitId":"dMadPanacea"},"content":"    private static Task prepEvent (String args){","lastModifiedDate":"2023-10-14"},{"lineNumber":167,"author":{"gitId":"dMadPanacea"},"content":"        final Matcher match \u003d EVENT_FORMAT.matcher(args.trim());","lastModifiedDate":"2023-10-14"},{"lineNumber":168,"author":{"gitId":"dMadPanacea"},"content":"        if (!match.matches()){","lastModifiedDate":"2023-10-14"},{"lineNumber":169,"author":{"gitId":"dMadPanacea"},"content":"            return new IncorrectTaskHandler(Event.CMD_HELP);","lastModifiedDate":"2023-10-14"},{"lineNumber":170,"author":{"gitId":"dMadPanacea"},"content":"        }","lastModifiedDate":"2023-10-14"},{"lineNumber":171,"author":{"gitId":"dMadPanacea"},"content":"        return new Event(","lastModifiedDate":"2023-10-14"},{"lineNumber":172,"author":{"gitId":"dMadPanacea"},"content":"                isDone(match.group(\"isdone\")),","lastModifiedDate":"2023-10-14"},{"lineNumber":173,"author":{"gitId":"dMadPanacea"},"content":"                match.group(\"desc\").trim(),","lastModifiedDate":"2023-10-14"},{"lineNumber":174,"author":{"gitId":"dMadPanacea"},"content":"                match.group(\"date1\").trim(),","lastModifiedDate":"2023-10-14"},{"lineNumber":175,"author":{"gitId":"dMadPanacea"},"content":"                match.group(\"date2\").trim()","lastModifiedDate":"2023-10-14"},{"lineNumber":176,"author":{"gitId":"dMadPanacea"},"content":"        );","lastModifiedDate":"2023-10-14"},{"lineNumber":177,"author":{"gitId":"dMadPanacea"},"content":"    }","lastModifiedDate":"2023-10-14"},{"lineNumber":178,"author":{"gitId":"dMadPanacea"},"content":"","lastModifiedDate":"2023-10-14"},{"lineNumber":179,"author":{"gitId":"dMadPanacea"},"content":"    /**","lastModifiedDate":"2023-10-19"},{"lineNumber":180,"author":{"gitId":"dMadPanacea"},"content":"     * Prepares arguments provided to match the FIND_FORMAT to pass into Find command","lastModifiedDate":"2023-10-19"},{"lineNumber":181,"author":{"gitId":"dMadPanacea"},"content":"     *","lastModifiedDate":"2023-10-19"},{"lineNumber":182,"author":{"gitId":"dMadPanacea"},"content":"     * @param args string of arguments","lastModifiedDate":"2023-10-19"},{"lineNumber":183,"author":{"gitId":"dMadPanacea"},"content":"     * @param taskList current list of tasks","lastModifiedDate":"2023-10-19"},{"lineNumber":184,"author":{"gitId":"dMadPanacea"},"content":"     * @return Find task","lastModifiedDate":"2023-10-19"},{"lineNumber":185,"author":{"gitId":"dMadPanacea"},"content":"     */","lastModifiedDate":"2023-10-19"},{"lineNumber":186,"author":{"gitId":"dMadPanacea"},"content":"    private static Task prepFind (String args, List \u003cTask\u003e taskList){","lastModifiedDate":"2023-10-19"},{"lineNumber":187,"author":{"gitId":"dMadPanacea"},"content":"        final Matcher match \u003d FIND_FORMAT.matcher(args.trim());","lastModifiedDate":"2023-10-19"},{"lineNumber":188,"author":{"gitId":"dMadPanacea"},"content":"        if (!match.matches()){","lastModifiedDate":"2023-10-19"},{"lineNumber":189,"author":{"gitId":"dMadPanacea"},"content":"            return new IncorrectTaskHandler(Find.CMD_HELP);","lastModifiedDate":"2023-10-19"},{"lineNumber":190,"author":{"gitId":"dMadPanacea"},"content":"        }","lastModifiedDate":"2023-10-19"},{"lineNumber":191,"author":{"gitId":"dMadPanacea"},"content":"        return new Find(","lastModifiedDate":"2023-10-19"},{"lineNumber":192,"author":{"gitId":"dMadPanacea"},"content":"                match.group(\"desc\").trim(),","lastModifiedDate":"2023-10-19"},{"lineNumber":193,"author":{"gitId":"dMadPanacea"},"content":"                taskList","lastModifiedDate":"2023-10-19"},{"lineNumber":194,"author":{"gitId":"dMadPanacea"},"content":"        );","lastModifiedDate":"2023-10-19"},{"lineNumber":195,"author":{"gitId":"dMadPanacea"},"content":"    }","lastModifiedDate":"2023-10-19"},{"lineNumber":196,"author":{"gitId":"dMadPanacea"},"content":"","lastModifiedDate":"2023-10-19"},{"lineNumber":197,"author":{"gitId":"dMadPanacea"},"content":"}","lastModifiedDate":"2023-10-14"}],"authorContributionMap":{"dMadPanacea":197}},{"path":"src/main/java/duke/storage/StorageFile.java","fileType":"java","lines":[{"lineNumber":1,"author":{"gitId":"dMadPanacea"},"content":"package duke.storage;","lastModifiedDate":"2023-10-19"},{"lineNumber":2,"author":{"gitId":"dMadPanacea"},"content":"","lastModifiedDate":"2023-10-14"},{"lineNumber":3,"author":{"gitId":"dMadPanacea"},"content":"import java.io.File;","lastModifiedDate":"2023-10-14"},{"lineNumber":4,"author":{"gitId":"dMadPanacea"},"content":"import java.io.FileNotFoundException;","lastModifiedDate":"2023-10-14"},{"lineNumber":5,"author":{"gitId":"dMadPanacea"},"content":"import java.io.FileWriter;","lastModifiedDate":"2023-10-14"},{"lineNumber":6,"author":{"gitId":"dMadPanacea"},"content":"import java.io.IOException;","lastModifiedDate":"2023-10-14"},{"lineNumber":7,"author":{"gitId":"dMadPanacea"},"content":"import java.util.Scanner;","lastModifiedDate":"2023-10-14"},{"lineNumber":8,"author":{"gitId":"dMadPanacea"},"content":"import java.util.List;","lastModifiedDate":"2023-10-14"},{"lineNumber":9,"author":{"gitId":"dMadPanacea"},"content":"import duke.commandsTask.Task;","lastModifiedDate":"2023-10-19"},{"lineNumber":10,"author":{"gitId":"dMadPanacea"},"content":"import duke.data.TaskList;","lastModifiedDate":"2023-10-19"},{"lineNumber":11,"author":{"gitId":"dMadPanacea"},"content":"","lastModifiedDate":"2023-10-14"},{"lineNumber":12,"author":{"gitId":"dMadPanacea"},"content":"public class StorageFile {","lastModifiedDate":"2023-10-14"},{"lineNumber":13,"author":{"gitId":"dMadPanacea"},"content":"    private static final String DEFAULT_STORAGE_FILEPATH \u003d \"myTaskList.txt\";","lastModifiedDate":"2023-10-14"},{"lineNumber":14,"author":{"gitId":"dMadPanacea"},"content":"    private File file;","lastModifiedDate":"2023-10-14"},{"lineNumber":15,"author":{"gitId":"dMadPanacea"},"content":"","lastModifiedDate":"2023-10-14"},{"lineNumber":16,"author":{"gitId":"dMadPanacea"},"content":"    public StorageFile() {","lastModifiedDate":"2023-10-14"},{"lineNumber":17,"author":{"gitId":"dMadPanacea"},"content":"        this(DEFAULT_STORAGE_FILEPATH);","lastModifiedDate":"2023-10-14"},{"lineNumber":18,"author":{"gitId":"dMadPanacea"},"content":"    }","lastModifiedDate":"2023-10-14"},{"lineNumber":19,"author":{"gitId":"dMadPanacea"},"content":"","lastModifiedDate":"2023-10-14"},{"lineNumber":20,"author":{"gitId":"dMadPanacea"},"content":"    public StorageFile(String file) {","lastModifiedDate":"2023-10-14"},{"lineNumber":21,"author":{"gitId":"dMadPanacea"},"content":"        if (isValidPath(file)) {","lastModifiedDate":"2023-10-14"},{"lineNumber":22,"author":{"gitId":"dMadPanacea"},"content":"            this.file \u003d new File(file);","lastModifiedDate":"2023-10-14"},{"lineNumber":23,"author":{"gitId":"dMadPanacea"},"content":"        };","lastModifiedDate":"2023-10-14"},{"lineNumber":24,"author":{"gitId":"dMadPanacea"},"content":"    }","lastModifiedDate":"2023-10-14"},{"lineNumber":25,"author":{"gitId":"dMadPanacea"},"content":"","lastModifiedDate":"2023-10-14"},{"lineNumber":26,"author":{"gitId":"dMadPanacea"},"content":"    public void append(Task task) {","lastModifiedDate":"2023-10-14"},{"lineNumber":27,"author":{"gitId":"dMadPanacea"},"content":"        try {","lastModifiedDate":"2023-10-14"},{"lineNumber":28,"author":{"gitId":"dMadPanacea"},"content":"            FileWriter fw  \u003d new FileWriter(file.getName(), true);","lastModifiedDate":"2023-10-14"},{"lineNumber":29,"author":{"gitId":"dMadPanacea"},"content":"            fw.write(task.toCode() + System.lineSeparator());","lastModifiedDate":"2023-10-14"},{"lineNumber":30,"author":{"gitId":"dMadPanacea"},"content":"            fw.close();","lastModifiedDate":"2023-10-14"},{"lineNumber":31,"author":{"gitId":"dMadPanacea"},"content":"        }","lastModifiedDate":"2023-10-14"},{"lineNumber":32,"author":{"gitId":"dMadPanacea"},"content":"        catch (IOException e){","lastModifiedDate":"2023-10-14"},{"lineNumber":33,"author":{"gitId":"dMadPanacea"},"content":"            System.out.println(\"Storage File writing error occurred\");","lastModifiedDate":"2023-10-14"},{"lineNumber":34,"author":{"gitId":"dMadPanacea"},"content":"        }","lastModifiedDate":"2023-10-14"},{"lineNumber":35,"author":{"gitId":"dMadPanacea"},"content":"    }","lastModifiedDate":"2023-10-14"},{"lineNumber":36,"author":{"gitId":"dMadPanacea"},"content":"","lastModifiedDate":"2023-10-14"},{"lineNumber":37,"author":{"gitId":"dMadPanacea"},"content":"    public void write(List \u003cTask\u003e tasklist) {","lastModifiedDate":"2023-10-14"},{"lineNumber":38,"author":{"gitId":"dMadPanacea"},"content":"        try {","lastModifiedDate":"2023-10-14"},{"lineNumber":39,"author":{"gitId":"dMadPanacea"},"content":"            FileWriter fw  \u003d new FileWriter(file.getName(),false);","lastModifiedDate":"2023-10-14"},{"lineNumber":40,"author":{"gitId":"dMadPanacea"},"content":"            for (Task task : tasklist){","lastModifiedDate":"2023-10-14"},{"lineNumber":41,"author":{"gitId":"dMadPanacea"},"content":"                fw.write(task.toCode() + System.lineSeparator());","lastModifiedDate":"2023-10-14"},{"lineNumber":42,"author":{"gitId":"dMadPanacea"},"content":"            }","lastModifiedDate":"2023-10-14"},{"lineNumber":43,"author":{"gitId":"dMadPanacea"},"content":"            fw.close();","lastModifiedDate":"2023-10-14"},{"lineNumber":44,"author":{"gitId":"dMadPanacea"},"content":"        }","lastModifiedDate":"2023-10-14"},{"lineNumber":45,"author":{"gitId":"dMadPanacea"},"content":"        catch (IOException e){","lastModifiedDate":"2023-10-14"},{"lineNumber":46,"author":{"gitId":"dMadPanacea"},"content":"            System.out.println(\"Storage File writing error occurred\");","lastModifiedDate":"2023-10-14"},{"lineNumber":47,"author":{"gitId":"dMadPanacea"},"content":"        }","lastModifiedDate":"2023-10-14"},{"lineNumber":48,"author":{"gitId":"dMadPanacea"},"content":"    }","lastModifiedDate":"2023-10-14"},{"lineNumber":49,"author":{"gitId":"dMadPanacea"},"content":"","lastModifiedDate":"2023-10-14"},{"lineNumber":50,"author":{"gitId":"dMadPanacea"},"content":"    public TaskList load() throws FileNotFoundException {","lastModifiedDate":"2023-10-14"},{"lineNumber":51,"author":{"gitId":"dMadPanacea"},"content":"        TaskList tasklist \u003d new TaskList();","lastModifiedDate":"2023-10-14"},{"lineNumber":52,"author":{"gitId":"dMadPanacea"},"content":"        Scanner s \u003d new Scanner(this.file);","lastModifiedDate":"2023-10-14"},{"lineNumber":53,"author":{"gitId":"dMadPanacea"},"content":"        while (s.hasNext()){","lastModifiedDate":"2023-10-14"},{"lineNumber":54,"author":{"gitId":"dMadPanacea"},"content":"            tasklist.processTask(s.nextLine(), this,false);","lastModifiedDate":"2023-10-14"},{"lineNumber":55,"author":{"gitId":"dMadPanacea"},"content":"        }","lastModifiedDate":"2023-10-14"},{"lineNumber":56,"author":{"gitId":"dMadPanacea"},"content":"        return tasklist;","lastModifiedDate":"2023-10-14"},{"lineNumber":57,"author":{"gitId":"dMadPanacea"},"content":"    }","lastModifiedDate":"2023-10-14"},{"lineNumber":58,"author":{"gitId":"dMadPanacea"},"content":"","lastModifiedDate":"2023-10-14"},{"lineNumber":59,"author":{"gitId":"dMadPanacea"},"content":"    private static boolean isValidPath(String file) {","lastModifiedDate":"2023-10-14"},{"lineNumber":60,"author":{"gitId":"dMadPanacea"},"content":"        return file.endsWith(\".txt\");","lastModifiedDate":"2023-10-14"},{"lineNumber":61,"author":{"gitId":"dMadPanacea"},"content":"    }","lastModifiedDate":"2023-10-14"},{"lineNumber":62,"author":{"gitId":"dMadPanacea"},"content":"","lastModifiedDate":"2023-10-14"},{"lineNumber":63,"author":{"gitId":"dMadPanacea"},"content":"}","lastModifiedDate":"2023-10-14"}],"authorContributionMap":{"dMadPanacea":63}},{"path":"src/main/java/duke/ui/TextUI.java","fileType":"java","lines":[{"lineNumber":1,"author":{"gitId":"dMadPanacea"},"content":"package duke.ui;","lastModifiedDate":"2023-10-19"},{"lineNumber":2,"author":{"gitId":"dMadPanacea"},"content":"","lastModifiedDate":"2023-10-14"},{"lineNumber":3,"author":{"gitId":"dMadPanacea"},"content":"import java.io.InputStream;","lastModifiedDate":"2023-10-14"},{"lineNumber":4,"author":{"gitId":"dMadPanacea"},"content":"import java.io.PrintStream;","lastModifiedDate":"2023-10-14"},{"lineNumber":5,"author":{"gitId":"dMadPanacea"},"content":"import java.util.Scanner;","lastModifiedDate":"2023-10-14"},{"lineNumber":6,"author":{"gitId":"dMadPanacea"},"content":"import static duke.common.Messages.MSG_WELCOME;","lastModifiedDate":"2023-10-19"},{"lineNumber":7,"author":{"gitId":"dMadPanacea"},"content":"import static duke.common.Messages.MSG_GOODBYE;","lastModifiedDate":"2023-10-19"},{"lineNumber":8,"author":{"gitId":"dMadPanacea"},"content":"","lastModifiedDate":"2023-10-14"},{"lineNumber":9,"author":{"gitId":"dMadPanacea"},"content":"public class TextUI {","lastModifiedDate":"2023-10-14"},{"lineNumber":10,"author":{"gitId":"dMadPanacea"},"content":"    private final Scanner in;","lastModifiedDate":"2023-10-14"},{"lineNumber":11,"author":{"gitId":"dMadPanacea"},"content":"    private final PrintStream out;","lastModifiedDate":"2023-10-14"},{"lineNumber":12,"author":{"gitId":"dMadPanacea"},"content":"    private static final String DIVIDER \u003d \"--------------------------------------------------\";","lastModifiedDate":"2023-10-14"},{"lineNumber":13,"author":{"gitId":"dMadPanacea"},"content":"","lastModifiedDate":"2023-10-14"},{"lineNumber":14,"author":{"gitId":"dMadPanacea"},"content":"    public TextUI(){ this (System.in,System.out); }","lastModifiedDate":"2023-10-14"},{"lineNumber":15,"author":{"gitId":"dMadPanacea"},"content":"","lastModifiedDate":"2023-10-14"},{"lineNumber":16,"author":{"gitId":"dMadPanacea"},"content":"    public TextUI(InputStream in, PrintStream out) {","lastModifiedDate":"2023-10-14"},{"lineNumber":17,"author":{"gitId":"dMadPanacea"},"content":"        this.in \u003d new Scanner(in);","lastModifiedDate":"2023-10-14"},{"lineNumber":18,"author":{"gitId":"dMadPanacea"},"content":"        this.out \u003d out;","lastModifiedDate":"2023-10-14"},{"lineNumber":19,"author":{"gitId":"dMadPanacea"},"content":"    }","lastModifiedDate":"2023-10-14"},{"lineNumber":20,"author":{"gitId":"dMadPanacea"},"content":"","lastModifiedDate":"2023-10-14"},{"lineNumber":21,"author":{"gitId":"dMadPanacea"},"content":"    public void printWelcomeMsg(){","lastModifiedDate":"2023-10-14"},{"lineNumber":22,"author":{"gitId":"dMadPanacea"},"content":"        printMsg(DIVIDER, MSG_WELCOME, DIVIDER);","lastModifiedDate":"2023-10-14"},{"lineNumber":23,"author":{"gitId":"dMadPanacea"},"content":"    }","lastModifiedDate":"2023-10-14"},{"lineNumber":24,"author":{"gitId":"dMadPanacea"},"content":"","lastModifiedDate":"2023-10-14"},{"lineNumber":25,"author":{"gitId":"dMadPanacea"},"content":"    public void printGoodbyeMsg(){","lastModifiedDate":"2023-10-14"},{"lineNumber":26,"author":{"gitId":"dMadPanacea"},"content":"        printMsg(DIVIDER, MSG_GOODBYE, DIVIDER);","lastModifiedDate":"2023-10-14"},{"lineNumber":27,"author":{"gitId":"dMadPanacea"},"content":"    }","lastModifiedDate":"2023-10-14"},{"lineNumber":28,"author":{"gitId":"dMadPanacea"},"content":"","lastModifiedDate":"2023-10-14"},{"lineNumber":29,"author":{"gitId":"dMadPanacea"},"content":"    public void printMessage(String message) {","lastModifiedDate":"2023-10-14"},{"lineNumber":30,"author":{"gitId":"dMadPanacea"},"content":"        printMsg(DIVIDER, message, DIVIDER);","lastModifiedDate":"2023-10-14"},{"lineNumber":31,"author":{"gitId":"dMadPanacea"},"content":"    }","lastModifiedDate":"2023-10-14"},{"lineNumber":32,"author":{"gitId":"dMadPanacea"},"content":"","lastModifiedDate":"2023-10-14"},{"lineNumber":33,"author":{"gitId":"dMadPanacea"},"content":"    public String getCommand (){","lastModifiedDate":"2023-10-14"},{"lineNumber":34,"author":{"gitId":"dMadPanacea"},"content":"        out.print(\"Your instruction: \");","lastModifiedDate":"2023-10-14"},{"lineNumber":35,"author":{"gitId":"dMadPanacea"},"content":"        String inputLine \u003d in.nextLine();","lastModifiedDate":"2023-10-14"},{"lineNumber":36,"author":{"gitId":"dMadPanacea"},"content":"","lastModifiedDate":"2023-10-14"},{"lineNumber":37,"author":{"gitId":"dMadPanacea"},"content":"        while (inputLine.isEmpty()) {","lastModifiedDate":"2023-10-14"},{"lineNumber":38,"author":{"gitId":"dMadPanacea"},"content":"            inputLine \u003d in.nextLine();","lastModifiedDate":"2023-10-14"},{"lineNumber":39,"author":{"gitId":"dMadPanacea"},"content":"        }","lastModifiedDate":"2023-10-14"},{"lineNumber":40,"author":{"gitId":"dMadPanacea"},"content":"","lastModifiedDate":"2023-10-14"},{"lineNumber":41,"author":{"gitId":"dMadPanacea"},"content":"        return inputLine;","lastModifiedDate":"2023-10-14"},{"lineNumber":42,"author":{"gitId":"dMadPanacea"},"content":"    }","lastModifiedDate":"2023-10-14"},{"lineNumber":43,"author":{"gitId":"dMadPanacea"},"content":"","lastModifiedDate":"2023-10-14"},{"lineNumber":44,"author":{"gitId":"dMadPanacea"},"content":"    private void printMsg(String... msg){","lastModifiedDate":"2023-10-14"},{"lineNumber":45,"author":{"gitId":"dMadPanacea"},"content":"        for (String m : msg){","lastModifiedDate":"2023-10-14"},{"lineNumber":46,"author":{"gitId":"dMadPanacea"},"content":"            System.out.println(m);","lastModifiedDate":"2023-10-14"},{"lineNumber":47,"author":{"gitId":"dMadPanacea"},"content":"        }","lastModifiedDate":"2023-10-14"},{"lineNumber":48,"author":{"gitId":"dMadPanacea"},"content":"    }","lastModifiedDate":"2023-10-14"},{"lineNumber":49,"author":{"gitId":"dMadPanacea"},"content":"}","lastModifiedDate":"2023-10-14"}],"authorContributionMap":{"dMadPanacea":49}}]
