{"authorDailyContributionsMap":{"dMadPanacea":[{"date":"2023-09-03","commitResults":[{"hash":"e750c8d182b846606336ba17e48aec1ae5d74c0b","isMergeCommit":false,"messageTitle":"Changed Duke to Eve. Added goodbye statement","messageBody":"","tags":["Version_1.00"],"fileTypesAndContributionMap":{"java":{"insertions":9,"deletions":2}}},{"hash":"2870c1c790159a9bfa76faf4f70d8f34e06d1d56","isMergeCommit":false,"messageTitle":"Implemented infinite loop with exit on \"bye\" Echo for all other text","messageBody":"","tags":["Version_1.01"],"fileTypesAndContributionMap":{"java":{"insertions":18,"deletions":9}}},{"hash":"cc58948ff5b469b41daf02520723558322a4d8b2","isMergeCommit":false,"messageTitle":"Add ability to store text by user and display back when requested","messageBody":"","tags":["Version_1.02"],"fileTypesAndContributionMap":{"java":{"insertions":17,"deletions":1}}},{"hash":"08c3dd474f60fcefae1364d3d277ab6cd8fc0911","isMergeCommit":false,"messageTitle":"Created Task class Revised code to use Task Class. Update Logo Added mark function - covers both mark and unmark","messageBody":"","tags":["Version_1.03","Version1.03"],"fileTypesAndContributionMap":{"java":{"insertions":46,"deletions":15}}}]},{"date":"2023-09-06","commitResults":[{"hash":"431cdda5fe1e9410a168bdf94486b0205aba5d71","isMergeCommit":false,"messageTitle":"Revised code: 1. Task class - added getIsDone 2. Duke - revised code to separate into 3 layers: a) infinite for loop, with exit command. b) processLine function to distinguish between printing, mark/unmark, and task creation functions. c) each funcions have their own function call 3. Added Error Handling","messageBody":"","tags":["Version_1.04_1.05"],"fileTypesAndContributionMap":{"java":{"insertions":132,"deletions":26}}},{"hash":"3277c2eec6dc31268a6fb5aa8765b4f33835004a","isMergeCommit":false,"messageTitle":"Changed use of array to arraylist Added \"delete\" function","messageBody":"","tags":["Version_1.06"],"fileTypesAndContributionMap":{"java":{"insertions":35,"deletions":15}}}]},{"date":"2023-10-14","commitResults":[{"hash":"0a9f363fdd0b1c19edd5a18b8ea9cc2acd773f22","isMergeCommit":false,"messageTitle":"Separated code to packages. Added function to \"store\" and \"load\" tasks","messageBody":"","tags":["Version_1.07"],"fileTypesAndContributionMap":{"java":{"insertions":485,"deletions":156}}}]},{"date":"2023-10-18","commitResults":[{"hash":"08722a10280dd370e3a928801648d8110a178df5","isMergeCommit":false,"messageTitle":"Updated imports; added JavaDoc; added DateTime recognition for Deadline Task","messageBody":"","tags":["Version_1.08"],"fileTypesAndContributionMap":{"java":{"insertions":76,"deletions":9}}}]},{"date":"2023-10-19","commitResults":[{"hash":"65f10f882a2765a67a88b2c20a5b675dd6dd2c9d","isMergeCommit":false,"messageTitle":"Added Find function","messageBody":"","tags":["Version_1.09"],"fileTypesAndContributionMap":{"java":{"insertions":73,"deletions":4}}},{"hash":"fe9b0f285b57a62e05de6a6cb3847a8590244682","isMergeCommit":false,"messageTitle":"moved all code one folder up; Revised commands\u0027 help text","messageBody":"","tags":["version_1.091"],"fileTypesAndContributionMap":{"java":{"insertions":61,"deletions":51}}},{"hash":"6010f8d0720d5fa72c8070bcaaad7bf6051c3273","isMergeCommit":true,"messageTitle":"Merge remote-tracking branch \u0027origin/add-gradle-support\u0027","messageBody":"","tags":["version_1.902","version_1.092"],"fileTypesAndContributionMap":{}},{"hash":"78c9bf1b9311c7ec5e7c18ff06aafa597b25ad33","isMergeCommit":false,"messageTitle":"test branching","messageBody":"","fileTypesAndContributionMap":{"java":{"insertions":4,"deletions":0}}},{"hash":"1b774243aa70f5ba673eb8df737307ffc81247e9","isMergeCommit":false,"messageTitle":"branch test","messageBody":"","fileTypesAndContributionMap":{"java":{"insertions":4,"deletions":0}}},{"hash":"c6c69757e7065bd5a98ab78dd292a211aaca7578","isMergeCommit":false,"messageTitle":"Updated TodoTest","messageBody":"","fileTypesAndContributionMap":{"java":{"insertions":26,"deletions":5}}},{"hash":"bdd4689bb15718de4d5c7a59d0b87da8fc6ab53f","isMergeCommit":false,"messageTitle":"re-commit changes for Date for Deadline task","messageBody":"","fileTypesAndContributionMap":{"gradle":{"insertions":1,"deletions":1},"java":{"insertions":110,"deletions":0}}},{"hash":"4dfb5b7921cc8c8a41dea7fa2531c52d04cfe7cd","isMergeCommit":false,"messageTitle":"Updated TodoTest","messageBody":"","fileTypesAndContributionMap":{"java":{"insertions":2,"deletions":2}}},{"hash":"971a94c314c14041a6995645b00666da95b8ecc9","isMergeCommit":true,"messageTitle":"Merge branch \u0027JUnit\u0027","messageBody":"","fileTypesAndContributionMap":{}},{"hash":"25c6bcfdffe2a054222d8b65198528b7417cbc3c","isMergeCommit":false,"messageTitle":"Added DeadlineTest, EventTest. Updated Event to recognize dates","messageBody":"","fileTypesAndContributionMap":{"java":{"insertions":188,"deletions":2}}},{"hash":"cd4d8305ffb2af9d8a458648df58b1dd86974496","isMergeCommit":false,"messageTitle":"Created bye command, updated help text, added more javadoc entries","messageBody":"","fileTypesAndContributionMap":{"java":{"insertions":73,"deletions":22}}}]},{"date":"2023-10-20","commitResults":[{"hash":"64622bf52fba8e51d443e33b81e0e59752cf0698","isMergeCommit":false,"messageTitle":"Installed checkstyles, updated code to to adhere to styles","messageBody":"","tags":["version_1.093"],"fileTypesAndContributionMap":{"gradle":{"insertions":5,"deletions":0},"java":{"insertions":654,"deletions":357}}}]},{"date":"2023-10-21","commitResults":[{"hash":"c8302fd4915327cb37d04ad32c1d6b3b7fc5726e","isMergeCommit":false,"messageTitle":"Added individual feature C-Update","messageBody":"","tags":["version_1.10"],"fileTypesAndContributionMap":{"java":{"insertions":136,"deletions":2}}}]},{"date":"2023-11-10","commitResults":[{"hash":"01ca2ef7ed7a8a1a204a4153b5d0f52938c7fce1","isMergeCommit":false,"messageTitle":"Updated some variables to meet Coding Standard","messageBody":"","tags":["version_1.101"],"fileTypesAndContributionMap":{"java":{"insertions":31,"deletions":31}}},{"hash":"af1bdce13ff2355b81a0969936313b88c62f3852","isMergeCommit":false,"messageTitle":"Updated more text to meet Coding Standards","messageBody":"","tags":["version_1.102"],"fileTypesAndContributionMap":{"java":{"insertions":48,"deletions":2}}},{"hash":"7b3db1da8455aa7db6f61d4c6f6e00685bcc435f","isMergeCommit":false,"messageTitle":"updated plugin for gradle for jar; updated Messages from Duke; reformat help messages; corrected DateFormatter; corrected Parser to recognize commands not in lower case; added assertions","messageBody":"","tags":["version_1.103"],"fileTypesAndContributionMap":{"gradle":{"insertions":2,"deletions":0},"java":{"insertions":26,"deletions":19}}}]},{"date":"2023-11-15","commitResults":[{"hash":"1e8b5295d710d39893f22f790d7e31b8168e140b","isMergeCommit":false,"messageTitle":"Updated find command not case sensitive","messageBody":"","fileTypesAndContributionMap":{"java":{"insertions":1,"deletions":1}}}]}]},"authorFileTypeContributionMap":{"dMadPanacea":{"java":1533,"md":0,"fxml":0,"sh":0,"bat":0,"gradle":8,"txt":0}},"authorContributionVariance":{"dMadPanacea":19700.621},"authorDisplayNameMap":{"dMadPanacea":"YOUN.. TAN"}}
