[{"path":"src/main/java/Duke.java","fileType":"java","lines":[{"lineNumber":1,"author":{"gitId":"kunkunkunkun"},"content":"import java.util.Scanner;","lastModifiedDate":"2023-09-17"},{"lineNumber":2,"author":{"gitId":"kunkunkunkun"},"content":"","lastModifiedDate":"2023-09-17"},{"lineNumber":3,"author":{"gitId":"-"},"content":"public class Duke {","lastModifiedDate":"2019-07-29"},{"lineNumber":4,"author":{"gitId":"kunkunkunkun"},"content":"    private static String LineBreaker \u003d \"____________________________________________________________\\n\";","lastModifiedDate":"2023-09-17"},{"lineNumber":5,"author":{"gitId":"kunkunkunkun"},"content":"    private static String Greeting \u003d \"Hello! I\u0027m JohnCena\\n\" + \" What can I do for you?\";","lastModifiedDate":"2023-09-17"},{"lineNumber":6,"author":{"gitId":"kunkunkunkun"},"content":"    private static String Farewell \u003d \"Bye. Hope to see you again soon!\\n\";","lastModifiedDate":"2023-09-17"},{"lineNumber":7,"author":{"gitId":"kunkunkunkun"},"content":"    //Level 0. Rename, Greet, Exit","lastModifiedDate":"2023-09-17"},{"lineNumber":8,"author":{"gitId":"kunkunkunkun"},"content":"    public static void Level0()","lastModifiedDate":"2023-09-17"},{"lineNumber":9,"author":{"gitId":"kunkunkunkun"},"content":"    {","lastModifiedDate":"2023-09-17"},{"lineNumber":10,"author":{"gitId":"kunkunkunkun"},"content":"        System.out.println(LineBreaker);","lastModifiedDate":"2023-09-17"},{"lineNumber":11,"author":{"gitId":"kunkunkunkun"},"content":"        System.out.println(Greeting);","lastModifiedDate":"2023-09-17"},{"lineNumber":12,"author":{"gitId":"kunkunkunkun"},"content":"        System.out.println(LineBreaker);","lastModifiedDate":"2023-09-17"},{"lineNumber":13,"author":{"gitId":"kunkunkunkun"},"content":"        System.out.println(Farewell);","lastModifiedDate":"2023-09-17"},{"lineNumber":14,"author":{"gitId":"kunkunkunkun"},"content":"        System.out.println(LineBreaker);","lastModifiedDate":"2023-09-17"},{"lineNumber":15,"author":{"gitId":"kunkunkunkun"},"content":"    }","lastModifiedDate":"2023-09-17"},{"lineNumber":16,"author":{"gitId":"kunkunkunkun"},"content":"    public static void Level1()","lastModifiedDate":"2023-09-17"},{"lineNumber":17,"author":{"gitId":"kunkunkunkun"},"content":"    {","lastModifiedDate":"2023-09-17"},{"lineNumber":18,"author":{"gitId":"kunkunkunkun"},"content":"        Scanner SCAN \u003d new Scanner(System.in);","lastModifiedDate":"2023-09-17"},{"lineNumber":19,"author":{"gitId":"kunkunkunkun"},"content":"        System.out.println(LineBreaker);","lastModifiedDate":"2023-09-17"},{"lineNumber":20,"author":{"gitId":"kunkunkunkun"},"content":"        System.out.println(Greeting);","lastModifiedDate":"2023-09-17"},{"lineNumber":21,"author":{"gitId":"kunkunkunkun"},"content":"        while (true)","lastModifiedDate":"2023-09-17"},{"lineNumber":22,"author":{"gitId":"kunkunkunkun"},"content":"        {","lastModifiedDate":"2023-09-17"},{"lineNumber":23,"author":{"gitId":"kunkunkunkun"},"content":"            String UserInput \u003d SCAN.nextLine();","lastModifiedDate":"2023-09-17"},{"lineNumber":24,"author":{"gitId":"kunkunkunkun"},"content":"            if (UserInput.equals(\"bye\"))","lastModifiedDate":"2023-09-17"},{"lineNumber":25,"author":{"gitId":"kunkunkunkun"},"content":"            {","lastModifiedDate":"2023-09-17"},{"lineNumber":26,"author":{"gitId":"kunkunkunkun"},"content":"                System.out.println(Farewell);","lastModifiedDate":"2023-09-17"},{"lineNumber":27,"author":{"gitId":"kunkunkunkun"},"content":"                break;","lastModifiedDate":"2023-09-17"},{"lineNumber":28,"author":{"gitId":"kunkunkunkun"},"content":"            }","lastModifiedDate":"2023-09-17"},{"lineNumber":29,"author":{"gitId":"kunkunkunkun"},"content":"            else {","lastModifiedDate":"2023-09-17"},{"lineNumber":30,"author":{"gitId":"kunkunkunkun"},"content":"                System.out.println(UserInput + \"\\n\");","lastModifiedDate":"2023-09-17"},{"lineNumber":31,"author":{"gitId":"kunkunkunkun"},"content":"                continue;","lastModifiedDate":"2023-09-17"},{"lineNumber":32,"author":{"gitId":"kunkunkunkun"},"content":"            }","lastModifiedDate":"2023-09-17"},{"lineNumber":33,"author":{"gitId":"kunkunkunkun"},"content":"        }","lastModifiedDate":"2023-09-17"},{"lineNumber":34,"author":{"gitId":"kunkunkunkun"},"content":"    }","lastModifiedDate":"2023-09-17"},{"lineNumber":35,"author":{"gitId":"kunkunkunkun"},"content":"    public static void Level2()","lastModifiedDate":"2023-09-17"},{"lineNumber":36,"author":{"gitId":"kunkunkunkun"},"content":"    {","lastModifiedDate":"2023-09-17"},{"lineNumber":37,"author":{"gitId":"kunkunkunkun"},"content":"        Scanner SCAN \u003d new Scanner(System.in);","lastModifiedDate":"2023-09-17"},{"lineNumber":38,"author":{"gitId":"kunkunkunkun"},"content":"        System.out.println(LineBreaker);","lastModifiedDate":"2023-09-17"},{"lineNumber":39,"author":{"gitId":"kunkunkunkun"},"content":"        System.out.println(Greeting);","lastModifiedDate":"2023-09-17"},{"lineNumber":40,"author":{"gitId":"kunkunkunkun"},"content":"        int index \u003d 0;","lastModifiedDate":"2023-09-17"},{"lineNumber":41,"author":{"gitId":"kunkunkunkun"},"content":"        String Inputs[]\u003dnew String[100];","lastModifiedDate":"2023-09-17"},{"lineNumber":42,"author":{"gitId":"kunkunkunkun"},"content":"        String CurrentString\u003d\"\";","lastModifiedDate":"2023-09-17"},{"lineNumber":43,"author":{"gitId":"kunkunkunkun"},"content":"        while(true)","lastModifiedDate":"2023-09-17"},{"lineNumber":44,"author":{"gitId":"kunkunkunkun"},"content":"        {","lastModifiedDate":"2023-09-17"},{"lineNumber":45,"author":{"gitId":"kunkunkunkun"},"content":"            CurrentString \u003d SCAN.nextLine();","lastModifiedDate":"2023-09-17"},{"lineNumber":46,"author":{"gitId":"kunkunkunkun"},"content":"            if(CurrentString.equals(\"bye\"))","lastModifiedDate":"2023-09-17"},{"lineNumber":47,"author":{"gitId":"kunkunkunkun"},"content":"            {","lastModifiedDate":"2023-09-17"},{"lineNumber":48,"author":{"gitId":"kunkunkunkun"},"content":"                System.out.println(Farewell);","lastModifiedDate":"2023-09-17"},{"lineNumber":49,"author":{"gitId":"kunkunkunkun"},"content":"                break;","lastModifiedDate":"2023-09-17"},{"lineNumber":50,"author":{"gitId":"kunkunkunkun"},"content":"            }","lastModifiedDate":"2023-09-17"},{"lineNumber":51,"author":{"gitId":"kunkunkunkun"},"content":"            else if(CurrentString.equals(\"list\"))","lastModifiedDate":"2023-09-17"},{"lineNumber":52,"author":{"gitId":"kunkunkunkun"},"content":"            {","lastModifiedDate":"2023-09-17"},{"lineNumber":53,"author":{"gitId":"kunkunkunkun"},"content":"                for (int i\u003d0;Inputs[i]!\u003dnull;i++)","lastModifiedDate":"2023-09-17"},{"lineNumber":54,"author":{"gitId":"kunkunkunkun"},"content":"                {","lastModifiedDate":"2023-09-17"},{"lineNumber":55,"author":{"gitId":"kunkunkunkun"},"content":"                    System.out.println( i + \".\" + Inputs[i]);","lastModifiedDate":"2023-09-17"},{"lineNumber":56,"author":{"gitId":"kunkunkunkun"},"content":"                }","lastModifiedDate":"2023-09-17"},{"lineNumber":57,"author":{"gitId":"kunkunkunkun"},"content":"                continue;","lastModifiedDate":"2023-09-17"},{"lineNumber":58,"author":{"gitId":"kunkunkunkun"},"content":"            }","lastModifiedDate":"2023-09-17"},{"lineNumber":59,"author":{"gitId":"kunkunkunkun"},"content":"            Inputs[index] \u003d CurrentString;","lastModifiedDate":"2023-09-17"},{"lineNumber":60,"author":{"gitId":"kunkunkunkun"},"content":"            System.out.println(\"added: \" +Inputs[index]);","lastModifiedDate":"2023-09-17"},{"lineNumber":61,"author":{"gitId":"kunkunkunkun"},"content":"            index++;","lastModifiedDate":"2023-09-17"},{"lineNumber":62,"author":{"gitId":"kunkunkunkun"},"content":"","lastModifiedDate":"2023-09-17"},{"lineNumber":63,"author":{"gitId":"kunkunkunkun"},"content":"        }","lastModifiedDate":"2023-09-17"},{"lineNumber":64,"author":{"gitId":"kunkunkunkun"},"content":"        SCAN.close();","lastModifiedDate":"2023-09-17"},{"lineNumber":65,"author":{"gitId":"kunkunkunkun"},"content":"    }","lastModifiedDate":"2023-09-17"},{"lineNumber":66,"author":{"gitId":"kunkunkunkun"},"content":"    public static void main(String[] args)","lastModifiedDate":"2023-09-17"},{"lineNumber":67,"author":{"gitId":"kunkunkunkun"},"content":"    {","lastModifiedDate":"2023-09-17"},{"lineNumber":68,"author":{"gitId":"kunkunkunkun"},"content":"        //Level0();","lastModifiedDate":"2023-09-17"},{"lineNumber":69,"author":{"gitId":"kunkunkunkun"},"content":"        Level1();","lastModifiedDate":"2023-09-17"},{"lineNumber":70,"author":{"gitId":"kunkunkunkun"},"content":"        //Level2();","lastModifiedDate":"2023-09-17"},{"lineNumber":71,"author":{"gitId":"kunkunkunkun"},"content":"","lastModifiedDate":"2023-09-17"},{"lineNumber":72,"author":{"gitId":"kunkunkunkun"},"content":"","lastModifiedDate":"2023-09-17"},{"lineNumber":73,"author":{"gitId":"kunkunkunkun"},"content":"//        String logo \u003d \" ____        _        \\n\"","lastModifiedDate":"2023-09-17"},{"lineNumber":74,"author":{"gitId":"kunkunkunkun"},"content":"//                + \"|  _ \\\\ _   _| | _____ \\n\"","lastModifiedDate":"2023-09-17"},{"lineNumber":75,"author":{"gitId":"kunkunkunkun"},"content":"//                + \"| | | | | | | |/ / _ \\\\\\n\"","lastModifiedDate":"2023-09-17"},{"lineNumber":76,"author":{"gitId":"kunkunkunkun"},"content":"//                + \"| |_| | |_| |   \u003c  __/\\n\"","lastModifiedDate":"2023-09-17"},{"lineNumber":77,"author":{"gitId":"kunkunkunkun"},"content":"//                + \"|____/ \\\\__,_|_|\\\\_\\\\___|\\n\";","lastModifiedDate":"2023-09-17"},{"lineNumber":78,"author":{"gitId":"kunkunkunkun"},"content":"//        System.out.println(\"Hello from\\n\" + logo);","lastModifiedDate":"2023-09-17"},{"lineNumber":79,"author":{"gitId":"-"},"content":"    }","lastModifiedDate":"2019-07-29"},{"lineNumber":80,"author":{"gitId":"-"},"content":"}","lastModifiedDate":"2019-07-29"}],"authorContributionMap":{"kunkunkunkun":77,"-":3}}]
