[{"path":"src/main/java/Deadline.java","fileType":"java","lines":[{"lineNumber":1,"author":{"gitId":"kunkunkunkun"},"content":"public class Deadline extends Tasks","lastModifiedDate":"2023-10-24"},{"lineNumber":2,"author":{"gitId":"kunkunkunkun"},"content":"{","lastModifiedDate":"2023-10-24"},{"lineNumber":3,"author":{"gitId":"kunkunkunkun"},"content":"    protected String by;","lastModifiedDate":"2023-10-24"},{"lineNumber":4,"author":{"gitId":"kunkunkunkun"},"content":"","lastModifiedDate":"2023-10-24"},{"lineNumber":5,"author":{"gitId":"kunkunkunkun"},"content":"    public Deadline(String description,Boolean isDone,String by)","lastModifiedDate":"2023-10-24"},{"lineNumber":6,"author":{"gitId":"kunkunkunkun"},"content":"    {","lastModifiedDate":"2023-10-24"},{"lineNumber":7,"author":{"gitId":"kunkunkunkun"},"content":"        this.description\u003ddescription;","lastModifiedDate":"2023-10-24"},{"lineNumber":8,"author":{"gitId":"kunkunkunkun"},"content":"        this.isDone\u003disDone;","lastModifiedDate":"2023-10-24"},{"lineNumber":9,"author":{"gitId":"kunkunkunkun"},"content":"        this.TaskName\u003dEnums.D.toString();","lastModifiedDate":"2023-10-31"},{"lineNumber":10,"author":{"gitId":"kunkunkunkun"},"content":"        this.by\u003dby;","lastModifiedDate":"2023-10-24"},{"lineNumber":11,"author":{"gitId":"kunkunkunkun"},"content":"    }","lastModifiedDate":"2023-10-24"},{"lineNumber":12,"author":{"gitId":"kunkunkunkun"},"content":"","lastModifiedDate":"2023-10-24"},{"lineNumber":13,"author":{"gitId":"kunkunkunkun"},"content":"    @Override","lastModifiedDate":"2023-10-24"},{"lineNumber":14,"author":{"gitId":"kunkunkunkun"},"content":"    public void ConvertStringToArrayList(String Userinput)","lastModifiedDate":"2023-10-24"},{"lineNumber":15,"author":{"gitId":"kunkunkunkun"},"content":"    {","lastModifiedDate":"2023-10-24"},{"lineNumber":16,"author":{"gitId":"kunkunkunkun"},"content":"","lastModifiedDate":"2023-10-31"},{"lineNumber":17,"author":{"gitId":"kunkunkunkun"},"content":"        Userinput\u003dUserinput.substring(9).trim(); //get string after Todo","lastModifiedDate":"2023-10-24"},{"lineNumber":18,"author":{"gitId":"kunkunkunkun"},"content":"        String[] SplitString\u003dUserinput.split(\"/by\");","lastModifiedDate":"2023-10-24"},{"lineNumber":19,"author":{"gitId":"kunkunkunkun"},"content":"        this.SplitStringSize\u003dSplitString.length;","lastModifiedDate":"2023-10-31"},{"lineNumber":20,"author":{"gitId":"kunkunkunkun"},"content":"        if (SplitStringSize\u003c2)","lastModifiedDate":"2023-10-31"},{"lineNumber":21,"author":{"gitId":"kunkunkunkun"},"content":"        {","lastModifiedDate":"2023-10-31"},{"lineNumber":22,"author":{"gitId":"kunkunkunkun"},"content":"            this.description\u003dSplitString[0].trim();","lastModifiedDate":"2023-10-31"},{"lineNumber":23,"author":{"gitId":"kunkunkunkun"},"content":"            this.by\u003d\"\";","lastModifiedDate":"2023-10-31"},{"lineNumber":24,"author":{"gitId":"kunkunkunkun"},"content":"        }","lastModifiedDate":"2023-10-31"},{"lineNumber":25,"author":{"gitId":"kunkunkunkun"},"content":"        else","lastModifiedDate":"2023-10-31"},{"lineNumber":26,"author":{"gitId":"kunkunkunkun"},"content":"        {","lastModifiedDate":"2023-10-31"},{"lineNumber":27,"author":{"gitId":"kunkunkunkun"},"content":"            this.description\u003dSplitString[0].trim();","lastModifiedDate":"2023-10-24"},{"lineNumber":28,"author":{"gitId":"kunkunkunkun"},"content":"            this.by\u003dSplitString[1].trim();","lastModifiedDate":"2023-10-24"},{"lineNumber":29,"author":{"gitId":"kunkunkunkun"},"content":"        }","lastModifiedDate":"2023-10-24"},{"lineNumber":30,"author":{"gitId":"kunkunkunkun"},"content":"    }","lastModifiedDate":"2023-10-31"},{"lineNumber":31,"author":{"gitId":"kunkunkunkun"},"content":"    @Override","lastModifiedDate":"2023-10-24"},{"lineNumber":32,"author":{"gitId":"kunkunkunkun"},"content":"    public String toString()","lastModifiedDate":"2023-10-24"},{"lineNumber":33,"author":{"gitId":"kunkunkunkun"},"content":"    {","lastModifiedDate":"2023-10-24"},{"lineNumber":34,"author":{"gitId":"kunkunkunkun"},"content":"        return \"[D]\" + super.toString() + \" (by: \" + by + \")\";","lastModifiedDate":"2023-10-24"},{"lineNumber":35,"author":{"gitId":"kunkunkunkun"},"content":"    }","lastModifiedDate":"2023-10-24"},{"lineNumber":36,"author":{"gitId":"kunkunkunkun"},"content":"}","lastModifiedDate":"2023-09-25"}],"authorContributionMap":{"kunkunkunkun":36}},{"path":"src/main/java/Duke.java","fileType":"java","lines":[{"lineNumber":1,"author":{"gitId":"kunkunkunkun"},"content":"import java.io.FileNotFoundException;","lastModifiedDate":"2023-11-05"},{"lineNumber":2,"author":{"gitId":"kunkunkunkun"},"content":"import java.io.IOException;","lastModifiedDate":"2023-11-05"},{"lineNumber":3,"author":{"gitId":"kunkunkunkun"},"content":"import java.util.ArrayList;","lastModifiedDate":"2023-10-17"},{"lineNumber":4,"author":{"gitId":"kunkunkunkun"},"content":"import java.util.Arrays;","lastModifiedDate":"2023-09-25"},{"lineNumber":5,"author":{"gitId":"kunkunkunkun"},"content":"import java.util.List;","lastModifiedDate":"2023-10-17"},{"lineNumber":6,"author":{"gitId":"kunkunkunkun"},"content":"import java.util.Scanner;","lastModifiedDate":"2023-09-17"},{"lineNumber":7,"author":{"gitId":"kunkunkunkun"},"content":"import java.io.File;","lastModifiedDate":"2023-11-05"},{"lineNumber":8,"author":{"gitId":"kunkunkunkun"},"content":"import java.io.FileWriter;","lastModifiedDate":"2023-11-05"},{"lineNumber":9,"author":{"gitId":"kunkunkunkun"},"content":"","lastModifiedDate":"2023-09-17"},{"lineNumber":10,"author":{"gitId":"kunkunkunkun"},"content":"public class Duke extends Tasks{","lastModifiedDate":"2023-09-25"},{"lineNumber":11,"author":{"gitId":"kunkunkunkun"},"content":"","lastModifiedDate":"2023-11-05"},{"lineNumber":12,"author":{"gitId":"kunkunkunkun"},"content":"    private UI ui;","lastModifiedDate":"2023-11-05"},{"lineNumber":13,"author":{"gitId":"kunkunkunkun"},"content":"    private Storage storage;","lastModifiedDate":"2023-11-05"},{"lineNumber":14,"author":{"gitId":"kunkunkunkun"},"content":"    private TaskList taskList;","lastModifiedDate":"2023-11-05"},{"lineNumber":15,"author":{"gitId":"kunkunkunkun"},"content":"    private static final String LineBreaker \u003d \"____________________________________________________________\\n\";","lastModifiedDate":"2023-10-17"},{"lineNumber":16,"author":{"gitId":"kunkunkunkun"},"content":"    private static final String Greeting \u003d \"Hello! I\u0027m JohnCena\\n\" + \"What can I do for you?\\n\";","lastModifiedDate":"2023-10-17"},{"lineNumber":17,"author":{"gitId":"kunkunkunkun"},"content":"    private static final String Farewell \u003d \"Bye. Hope to see you again soon!\\n\";","lastModifiedDate":"2023-10-17"},{"lineNumber":18,"author":{"gitId":"kunkunkunkun"},"content":"    private static final String MsgMark \u003d \"Nice! I\u0027ve marked this task as done:\";","lastModifiedDate":"2023-10-17"},{"lineNumber":19,"author":{"gitId":"kunkunkunkun"},"content":"    private static final String MsgUnmark \u003d \"OK, I\u0027ve marked this task as not done yet:\";","lastModifiedDate":"2023-10-17"},{"lineNumber":20,"author":{"gitId":"kunkunkunkun"},"content":"    private static final String MsgList \u003d \"Here are the tasks in your list:\";","lastModifiedDate":"2023-10-31"},{"lineNumber":21,"author":{"gitId":"kunkunkunkun"},"content":"    private static final String MsgTodo \u003d \"Got it. I\u0027ve added this task:\";","lastModifiedDate":"2023-10-31"},{"lineNumber":22,"author":{"gitId":"kunkunkunkun"},"content":"    private static final String MsgDeadline \u003d \"Got it. I\u0027ve added this task:\";","lastModifiedDate":"2023-10-31"},{"lineNumber":23,"author":{"gitId":"kunkunkunkun"},"content":"    private static final String MsgEvent \u003d \"Got it. I\u0027ve added this task:\";","lastModifiedDate":"2023-10-31"},{"lineNumber":24,"author":{"gitId":"kunkunkunkun"},"content":"","lastModifiedDate":"2023-10-31"},{"lineNumber":25,"author":{"gitId":"kunkunkunkun"},"content":"    private static final String MsgDelete \u003d \"Noted. I\u0027ve removed this task:\";","lastModifiedDate":"2023-10-31"},{"lineNumber":26,"author":{"gitId":"kunkunkunkun"},"content":"","lastModifiedDate":"2023-10-31"},{"lineNumber":27,"author":{"gitId":"kunkunkunkun"},"content":"","lastModifiedDate":"2023-09-25"},{"lineNumber":28,"author":{"gitId":"kunkunkunkun"},"content":"    public static ArrayList\u003cTasks\u003e StoredUserInput \u003d new ArrayList\u003c\u003e();","lastModifiedDate":"2023-10-18"},{"lineNumber":29,"author":{"gitId":"kunkunkunkun"},"content":"    public static ArrayList\u003cString\u003e UserCommands \u003d new ArrayList\u003cString\u003e();","lastModifiedDate":"2023-10-31"},{"lineNumber":30,"author":{"gitId":"kunkunkunkun"},"content":"","lastModifiedDate":"2023-09-25"},{"lineNumber":31,"author":{"gitId":"kunkunkunkun"},"content":"    public static void TestCases()","lastModifiedDate":"2023-10-24"},{"lineNumber":32,"author":{"gitId":"kunkunkunkun"},"content":"    {","lastModifiedDate":"2023-10-17"},{"lineNumber":33,"author":{"gitId":"kunkunkunkun"},"content":"        UserCommands.add(\"list\");","lastModifiedDate":"2023-10-31"},{"lineNumber":34,"author":{"gitId":"kunkunkunkun"},"content":"        UserCommands.add(\"bye\");","lastModifiedDate":"2023-10-31"},{"lineNumber":35,"author":{"gitId":"kunkunkunkun"},"content":"        UserCommands.add(\"mark\");","lastModifiedDate":"2023-10-31"},{"lineNumber":36,"author":{"gitId":"kunkunkunkun"},"content":"        UserCommands.add(\"unmark\");","lastModifiedDate":"2023-10-31"},{"lineNumber":37,"author":{"gitId":"kunkunkunkun"},"content":"        UserCommands.add(\"todo\");","lastModifiedDate":"2023-10-31"},{"lineNumber":38,"author":{"gitId":"kunkunkunkun"},"content":"        UserCommands.add(\"deadline\");","lastModifiedDate":"2023-10-31"},{"lineNumber":39,"author":{"gitId":"kunkunkunkun"},"content":"        UserCommands.add(\"event\");","lastModifiedDate":"2023-10-31"},{"lineNumber":40,"author":{"gitId":"kunkunkunkun"},"content":"        UserCommands.add(\"delete\");","lastModifiedDate":"2023-10-31"},{"lineNumber":41,"author":{"gitId":"kunkunkunkun"},"content":"        UserCommands.add(\"save\");","lastModifiedDate":"2023-11-05"},{"lineNumber":42,"author":{"gitId":"kunkunkunkun"},"content":"","lastModifiedDate":"2023-10-31"},{"lineNumber":43,"author":{"gitId":"kunkunkunkun"},"content":"        //level 3","lastModifiedDate":"2023-10-24"},{"lineNumber":44,"author":{"gitId":"kunkunkunkun"},"content":"        //StoredUserInput.add(new Tasks(\"read book\",false));","lastModifiedDate":"2023-10-24"},{"lineNumber":45,"author":{"gitId":"kunkunkunkun"},"content":"        //StoredUserInput.add(new Tasks (\"return book\",false));","lastModifiedDate":"2023-10-24"},{"lineNumber":46,"author":{"gitId":"kunkunkunkun"},"content":"        //StoredUserInput.add(new Tasks(\"buy book\",false));","lastModifiedDate":"2023-10-24"},{"lineNumber":47,"author":{"gitId":"kunkunkunkun"},"content":"","lastModifiedDate":"2023-10-24"},{"lineNumber":48,"author":{"gitId":"kunkunkunkun"},"content":"        //level 4","lastModifiedDate":"2023-10-24"},{"lineNumber":49,"author":{"gitId":"kunkunkunkun"},"content":"        StoredUserInput.add(new ToDo(\"read book\",true));","lastModifiedDate":"2023-10-24"},{"lineNumber":50,"author":{"gitId":"kunkunkunkun"},"content":"        StoredUserInput.add(new Deadline(\"return book\",false,\"June 6th\"));","lastModifiedDate":"2023-10-24"},{"lineNumber":51,"author":{"gitId":"kunkunkunkun"},"content":"        StoredUserInput.add(new Event(\"project meeting \",false,\"Aug 6th 2pm\",\"4pm\"));","lastModifiedDate":"2023-10-24"},{"lineNumber":52,"author":{"gitId":"kunkunkunkun"},"content":"        StoredUserInput.add(new ToDo(\"join sports club\",true));","lastModifiedDate":"2023-10-24"},{"lineNumber":53,"author":{"gitId":"-"},"content":"    }","lastModifiedDate":"2023-09-17"},{"lineNumber":54,"author":{"gitId":"kunkunkunkun"},"content":"    private static void printFileContents(File F) throws FileNotFoundException {","lastModifiedDate":"2023-11-05"},{"lineNumber":55,"author":{"gitId":"kunkunkunkun"},"content":"//        File f \u003d new File(\"/data/duke.txt\"); // create a File for the given file path","lastModifiedDate":"2023-11-05"},{"lineNumber":56,"author":{"gitId":"kunkunkunkun"},"content":"        Scanner s \u003d new Scanner(F);","lastModifiedDate":"2023-11-05"},{"lineNumber":57,"author":{"gitId":"kunkunkunkun"},"content":"        String New \u003d new String();// create a Scanner using the File as the source","lastModifiedDate":"2023-11-05"},{"lineNumber":58,"author":{"gitId":"kunkunkunkun"},"content":"        while (s.hasNext()) {","lastModifiedDate":"2023-11-05"},{"lineNumber":59,"author":{"gitId":"kunkunkunkun"},"content":"            New\u003ds.nextLine();","lastModifiedDate":"2023-11-05"},{"lineNumber":60,"author":{"gitId":"kunkunkunkun"},"content":"        }","lastModifiedDate":"2023-11-05"},{"lineNumber":61,"author":{"gitId":"kunkunkunkun"},"content":"        s.close();","lastModifiedDate":"2023-11-05"},{"lineNumber":62,"author":{"gitId":"kunkunkunkun"},"content":"    }","lastModifiedDate":"2023-11-05"},{"lineNumber":63,"author":{"gitId":"kunkunkunkun"},"content":"    public static \u003cTask\u003e File UpdateSavedFile(File DukeFile) throws IOException {","lastModifiedDate":"2023-11-05"},{"lineNumber":64,"author":{"gitId":"kunkunkunkun"},"content":"        //System.out.println(DukeFile.getAbsoluteFile());","lastModifiedDate":"2023-11-05"},{"lineNumber":65,"author":{"gitId":"kunkunkunkun"},"content":"        //System.out.println(DukeFile.exists());","lastModifiedDate":"2023-11-05"},{"lineNumber":66,"author":{"gitId":"kunkunkunkun"},"content":"        try{","lastModifiedDate":"2023-11-05"},{"lineNumber":67,"author":{"gitId":"kunkunkunkun"},"content":"            printFileContents(DukeFile);","lastModifiedDate":"2023-11-05"},{"lineNumber":68,"author":{"gitId":"kunkunkunkun"},"content":"        }","lastModifiedDate":"2023-11-05"},{"lineNumber":69,"author":{"gitId":"kunkunkunkun"},"content":"        catch (FileNotFoundException e)","lastModifiedDate":"2023-11-05"},{"lineNumber":70,"author":{"gitId":"kunkunkunkun"},"content":"        {","lastModifiedDate":"2023-11-05"},{"lineNumber":71,"author":{"gitId":"kunkunkunkun"},"content":"            System.out.println(\"Error: Sorry, I couldn\u0027t find the file, But i\u0027ll help you navigate to the correct place :D\");","lastModifiedDate":"2023-11-05"},{"lineNumber":72,"author":{"gitId":"kunkunkunkun"},"content":"            DukeFile \u003d new File(\"src/main/java/duke.txt\");","lastModifiedDate":"2023-11-05"},{"lineNumber":73,"author":{"gitId":"kunkunkunkun"},"content":"            return DukeFile;","lastModifiedDate":"2023-11-05"},{"lineNumber":74,"author":{"gitId":"kunkunkunkun"},"content":"        }","lastModifiedDate":"2023-11-05"},{"lineNumber":75,"author":{"gitId":"kunkunkunkun"},"content":"        FileWriter FW \u003d new FileWriter(DukeFile);","lastModifiedDate":"2023-11-05"},{"lineNumber":76,"author":{"gitId":"kunkunkunkun"},"content":"        for(Tasks T:StoredUserInput)","lastModifiedDate":"2023-11-05"},{"lineNumber":77,"author":{"gitId":"kunkunkunkun"},"content":"        {","lastModifiedDate":"2023-11-05"},{"lineNumber":78,"author":{"gitId":"kunkunkunkun"},"content":"            FW.write(T.toString());","lastModifiedDate":"2023-11-05"},{"lineNumber":79,"author":{"gitId":"kunkunkunkun"},"content":"            FW.write(\"\\n\");","lastModifiedDate":"2023-11-05"},{"lineNumber":80,"author":{"gitId":"kunkunkunkun"},"content":"        }","lastModifiedDate":"2023-11-05"},{"lineNumber":81,"author":{"gitId":"kunkunkunkun"},"content":"        FW.close();","lastModifiedDate":"2023-11-05"},{"lineNumber":82,"author":{"gitId":"kunkunkunkun"},"content":"        return DukeFile;","lastModifiedDate":"2023-11-05"},{"lineNumber":83,"author":{"gitId":"kunkunkunkun"},"content":"    }","lastModifiedDate":"2023-11-05"},{"lineNumber":84,"author":{"gitId":"kunkunkunkun"},"content":"    private static void ErrorChecker(String UserInput,String Command) throws DukeException","lastModifiedDate":"2023-10-31"},{"lineNumber":85,"author":{"gitId":"kunkunkunkun"},"content":"    {","lastModifiedDate":"2023-10-31"},{"lineNumber":86,"author":{"gitId":"kunkunkunkun"},"content":"        boolean IsValidInput\u003dfalse;","lastModifiedDate":"2023-10-31"},{"lineNumber":87,"author":{"gitId":"kunkunkunkun"},"content":"        for (String S:UserCommands)","lastModifiedDate":"2023-10-31"},{"lineNumber":88,"author":{"gitId":"kunkunkunkun"},"content":"        {","lastModifiedDate":"2023-10-31"},{"lineNumber":89,"author":{"gitId":"kunkunkunkun"},"content":"            if (S.equals(Command))","lastModifiedDate":"2023-10-31"},{"lineNumber":90,"author":{"gitId":"kunkunkunkun"},"content":"            {","lastModifiedDate":"2023-10-31"},{"lineNumber":91,"author":{"gitId":"kunkunkunkun"},"content":"                IsValidInput\u003dtrue;","lastModifiedDate":"2023-10-31"},{"lineNumber":92,"author":{"gitId":"kunkunkunkun"},"content":"            }","lastModifiedDate":"2023-10-31"},{"lineNumber":93,"author":{"gitId":"kunkunkunkun"},"content":"        }","lastModifiedDate":"2023-10-31"},{"lineNumber":94,"author":{"gitId":"kunkunkunkun"},"content":"        if(IsValidInput)","lastModifiedDate":"2023-10-31"},{"lineNumber":95,"author":{"gitId":"kunkunkunkun"},"content":"        {","lastModifiedDate":"2023-10-31"},{"lineNumber":96,"author":{"gitId":"kunkunkunkun"},"content":"            if(UserInput.split(\" \").length\u003c2\u0026\u0026!Command.equals(\"list\")\u0026\u0026!Command.equals(\"bye\")\u0026\u0026!Command.equals(\"save\"))","lastModifiedDate":"2023-11-05"},{"lineNumber":97,"author":{"gitId":"kunkunkunkun"},"content":"            {","lastModifiedDate":"2023-10-31"},{"lineNumber":98,"author":{"gitId":"kunkunkunkun"},"content":"                //Result\u003d\"Test\";","lastModifiedDate":"2023-10-31"},{"lineNumber":99,"author":{"gitId":"kunkunkunkun"},"content":"                throw new DukeInvalidValueException(\"OOPS!!! The description of a \"+Command+\" cannot be empty.\");","lastModifiedDate":"2023-10-31"},{"lineNumber":100,"author":{"gitId":"kunkunkunkun"},"content":"            }","lastModifiedDate":"2023-10-31"},{"lineNumber":101,"author":{"gitId":"kunkunkunkun"},"content":"        }","lastModifiedDate":"2023-10-31"},{"lineNumber":102,"author":{"gitId":"kunkunkunkun"},"content":"        else","lastModifiedDate":"2023-10-31"},{"lineNumber":103,"author":{"gitId":"kunkunkunkun"},"content":"        {","lastModifiedDate":"2023-09-25"},{"lineNumber":104,"author":{"gitId":"kunkunkunkun"},"content":"            throw new DukeInvalidValueException(\"OOPS!!! I\u0027m sorry, but I don\u0027t know what that means :-(\");","lastModifiedDate":"2023-10-31"},{"lineNumber":105,"author":{"gitId":"kunkunkunkun"},"content":"        }","lastModifiedDate":"2023-10-31"},{"lineNumber":106,"author":{"gitId":"kunkunkunkun"},"content":"//        {","lastModifiedDate":"2023-10-31"},{"lineNumber":107,"author":{"gitId":"kunkunkunkun"},"content":"//            throw new DukeInvalidValueException(\"Wrong input\");","lastModifiedDate":"2023-10-31"},{"lineNumber":108,"author":{"gitId":"kunkunkunkun"},"content":"//        }","lastModifiedDate":"2023-10-31"},{"lineNumber":109,"author":{"gitId":"kunkunkunkun"},"content":"","lastModifiedDate":"2023-10-31"},{"lineNumber":110,"author":{"gitId":"kunkunkunkun"},"content":"    }","lastModifiedDate":"2023-10-31"},{"lineNumber":111,"author":{"gitId":"kunkunkunkun"},"content":"    public static void main (String[]args) throws DukeException {","lastModifiedDate":"2023-10-31"},{"lineNumber":112,"author":{"gitId":"kunkunkunkun"},"content":"        //General","lastModifiedDate":"2023-10-17"},{"lineNumber":113,"author":{"gitId":"kunkunkunkun"},"content":"        TestCases();","lastModifiedDate":"2023-10-24"},{"lineNumber":114,"author":{"gitId":"kunkunkunkun"},"content":"        System.out.print(LineBreaker);","lastModifiedDate":"2023-10-17"},{"lineNumber":115,"author":{"gitId":"kunkunkunkun"},"content":"        System.out.print(Greeting);","lastModifiedDate":"2023-10-17"},{"lineNumber":116,"author":{"gitId":"kunkunkunkun"},"content":"        Enums TaskEnum;","lastModifiedDate":"2023-10-31"},{"lineNumber":117,"author":{"gitId":"kunkunkunkun"},"content":"        File DukeFile \u003d new File(\"main/java/duke.txt\");","lastModifiedDate":"2023-11-05"},{"lineNumber":118,"author":{"gitId":"kunkunkunkun"},"content":"","lastModifiedDate":"2023-10-24"},{"lineNumber":119,"author":{"gitId":"kunkunkunkun"},"content":"        Scanner SCAN \u003d new Scanner(System.in);","lastModifiedDate":"2023-09-25"},{"lineNumber":120,"author":{"gitId":"kunkunkunkun"},"content":"        String UserInput \u003d \"\";","lastModifiedDate":"2023-10-17"},{"lineNumber":121,"author":{"gitId":"kunkunkunkun"},"content":"","lastModifiedDate":"2023-09-25"},{"lineNumber":122,"author":{"gitId":"kunkunkunkun"},"content":"        //Level 0","lastModifiedDate":"2023-10-17"},{"lineNumber":123,"author":{"gitId":"kunkunkunkun"},"content":"        //System.out.println(LineBreaker);","lastModifiedDate":"2023-10-17"},{"lineNumber":124,"author":{"gitId":"kunkunkunkun"},"content":"        //System.out.print(Greeting);","lastModifiedDate":"2023-10-17"},{"lineNumber":125,"author":{"gitId":"kunkunkunkun"},"content":"        //System.out.println(LineBreaker);","lastModifiedDate":"2023-10-17"},{"lineNumber":126,"author":{"gitId":"kunkunkunkun"},"content":"        //System.out.print(Farewell);","lastModifiedDate":"2023-10-17"},{"lineNumber":127,"author":{"gitId":"kunkunkunkun"},"content":"        //System.out.println(LineBreaker);","lastModifiedDate":"2023-10-17"},{"lineNumber":128,"author":{"gitId":"kunkunkunkun"},"content":"","lastModifiedDate":"2023-09-25"},{"lineNumber":129,"author":{"gitId":"kunkunkunkun"},"content":"        //Level 1\u00262\u00263","lastModifiedDate":"2023-10-24"},{"lineNumber":130,"author":{"gitId":"kunkunkunkun"},"content":"        while (true) {","lastModifiedDate":"2023-10-17"},{"lineNumber":131,"author":{"gitId":"kunkunkunkun"},"content":"            UserInput \u003d SCAN.nextLine().trim(); // Get user input in string","lastModifiedDate":"2023-10-24"},{"lineNumber":132,"author":{"gitId":"kunkunkunkun"},"content":"            try","lastModifiedDate":"2023-10-31"},{"lineNumber":133,"author":{"gitId":"kunkunkunkun"},"content":"            {","lastModifiedDate":"2023-10-31"},{"lineNumber":134,"author":{"gitId":"kunkunkunkun"},"content":"                String Command \u003d UserInput.split(\" \")[0];","lastModifiedDate":"2023-10-31"},{"lineNumber":135,"author":{"gitId":"kunkunkunkun"},"content":"                ErrorChecker(UserInput,Command);","lastModifiedDate":"2023-10-31"},{"lineNumber":136,"author":{"gitId":"kunkunkunkun"},"content":"                if(UserInput.split(\"\").length\u003c2)","lastModifiedDate":"2023-10-31"},{"lineNumber":137,"author":{"gitId":"kunkunkunkun"},"content":"                {","lastModifiedDate":"2023-10-31"},{"lineNumber":138,"author":{"gitId":"kunkunkunkun"},"content":"                    throw new DukeInvalidValueException(\"\");","lastModifiedDate":"2023-10-31"},{"lineNumber":139,"author":{"gitId":"kunkunkunkun"},"content":"                }","lastModifiedDate":"2023-10-31"},{"lineNumber":140,"author":{"gitId":"kunkunkunkun"},"content":"                else if (UserInput.equals(\"bye\")) {","lastModifiedDate":"2023-10-31"},{"lineNumber":141,"author":{"gitId":"kunkunkunkun"},"content":"                    System.out.println(Farewell);","lastModifiedDate":"2023-09-25"},{"lineNumber":142,"author":{"gitId":"kunkunkunkun"},"content":"                    break;","lastModifiedDate":"2023-09-25"},{"lineNumber":143,"author":{"gitId":"kunkunkunkun"},"content":"                } else if (UserInput.equals(\"list\")) {","lastModifiedDate":"2023-10-31"},{"lineNumber":144,"author":{"gitId":"kunkunkunkun"},"content":"                    System.out.println(MsgList);","lastModifiedDate":"2023-10-31"},{"lineNumber":145,"author":{"gitId":"kunkunkunkun"},"content":"                    PrintSplitString(StoredUserInput);","lastModifiedDate":"2023-10-18"},{"lineNumber":146,"author":{"gitId":"kunkunkunkun"},"content":"                } else if (UserInput.startsWith(\"mark\")) {","lastModifiedDate":"2023-10-31"},{"lineNumber":147,"author":{"gitId":"kunkunkunkun"},"content":"                    String[] SplitMsg \u003d UserInput.split(\" \");","lastModifiedDate":"2023-10-24"},{"lineNumber":148,"author":{"gitId":"kunkunkunkun"},"content":"                    Tasks Tsk \u003d StoredUserInput.get(Integer.parseInt(SplitMsg[1]) - 1); //Used for Mark and Unmark.","lastModifiedDate":"2023-10-24"},{"lineNumber":149,"author":{"gitId":"kunkunkunkun"},"content":"                    Tsk.isDone \u003d true; //","lastModifiedDate":"2023-10-24"},{"lineNumber":150,"author":{"gitId":"kunkunkunkun"},"content":"                    System.out.println(MsgMark);","lastModifiedDate":"2023-10-31"},{"lineNumber":151,"author":{"gitId":"kunkunkunkun"},"content":"                    System.out.println(Tsk.toString());","lastModifiedDate":"2023-10-24"},{"lineNumber":152,"author":{"gitId":"kunkunkunkun"},"content":"                } else if (UserInput.startsWith(\"unmark\")) {","lastModifiedDate":"2023-10-31"},{"lineNumber":153,"author":{"gitId":"kunkunkunkun"},"content":"                    String[] SplitMsg \u003d UserInput.split(\" \");","lastModifiedDate":"2023-10-24"},{"lineNumber":154,"author":{"gitId":"kunkunkunkun"},"content":"                    Tasks Tsk \u003d StoredUserInput.get(Integer.parseInt(SplitMsg[1]) - 1); //Used for Mark and Unmark.","lastModifiedDate":"2023-10-24"},{"lineNumber":155,"author":{"gitId":"kunkunkunkun"},"content":"                    Tsk.isDone \u003d false;","lastModifiedDate":"2023-10-24"},{"lineNumber":156,"author":{"gitId":"kunkunkunkun"},"content":"                    System.out.println(MsgUnmark);","lastModifiedDate":"2023-10-31"},{"lineNumber":157,"author":{"gitId":"kunkunkunkun"},"content":"                    System.out.println(Tsk.toString());","lastModifiedDate":"2023-10-24"},{"lineNumber":158,"author":{"gitId":"kunkunkunkun"},"content":"                } else if (UserInput.startsWith(\"todo\")) {","lastModifiedDate":"2023-10-31"},{"lineNumber":159,"author":{"gitId":"kunkunkunkun"},"content":"                    ToDo TD \u003d new ToDo(\"\", false);","lastModifiedDate":"2023-10-24"},{"lineNumber":160,"author":{"gitId":"kunkunkunkun"},"content":"                    TD.ConvertStringToArrayList(UserInput);","lastModifiedDate":"2023-10-24"},{"lineNumber":161,"author":{"gitId":"kunkunkunkun"},"content":"                    System.out.println(MsgTodo);","lastModifiedDate":"2023-10-31"},{"lineNumber":162,"author":{"gitId":"kunkunkunkun"},"content":"                    System.out.println(\"  \" + TD.toString());","lastModifiedDate":"2023-10-24"},{"lineNumber":163,"author":{"gitId":"kunkunkunkun"},"content":"                    StoredUserInput.add(TD);","lastModifiedDate":"2023-10-24"},{"lineNumber":164,"author":{"gitId":"kunkunkunkun"},"content":"                    System.out.println(\"Now you have \" + StoredUserInput.size() + \" tasks in the list\");","lastModifiedDate":"2023-10-24"},{"lineNumber":165,"author":{"gitId":"kunkunkunkun"},"content":"                } else if (UserInput.startsWith(\"deadline\")) {","lastModifiedDate":"2023-10-31"},{"lineNumber":166,"author":{"gitId":"kunkunkunkun"},"content":"                    Deadline DL \u003d new Deadline(\"\", false, \"\");","lastModifiedDate":"2023-10-24"},{"lineNumber":167,"author":{"gitId":"kunkunkunkun"},"content":"                    DL.ConvertStringToArrayList(UserInput);","lastModifiedDate":"2023-10-24"},{"lineNumber":168,"author":{"gitId":"kunkunkunkun"},"content":"                    if(UserInput.contains(\"/by\"))","lastModifiedDate":"2023-10-31"},{"lineNumber":169,"author":{"gitId":"kunkunkunkun"},"content":"                    {","lastModifiedDate":"2023-10-31"},{"lineNumber":170,"author":{"gitId":"kunkunkunkun"},"content":"                        if(DL.by.isEmpty())","lastModifiedDate":"2023-10-31"},{"lineNumber":171,"author":{"gitId":"kunkunkunkun"},"content":"                        {","lastModifiedDate":"2023-10-31"},{"lineNumber":172,"author":{"gitId":"kunkunkunkun"},"content":"                            throw new DukeInvalidValueException(\" OOPS!!! This is a Deadline Task, Please Indicate an End Time :-(\");","lastModifiedDate":"2023-10-31"},{"lineNumber":173,"author":{"gitId":"kunkunkunkun"},"content":"                        }","lastModifiedDate":"2023-10-31"},{"lineNumber":174,"author":{"gitId":"kunkunkunkun"},"content":"                    }","lastModifiedDate":"2023-10-31"},{"lineNumber":175,"author":{"gitId":"kunkunkunkun"},"content":"                    else","lastModifiedDate":"2023-10-31"},{"lineNumber":176,"author":{"gitId":"kunkunkunkun"},"content":"                    {","lastModifiedDate":"2023-10-31"},{"lineNumber":177,"author":{"gitId":"kunkunkunkun"},"content":"                        throw new DukeInvalidValueException(\" OOPS!!! This is a Deadline Task, Please Follow this format \" + \"deadline *Event Name* /by *End Date*\");","lastModifiedDate":"2023-10-31"},{"lineNumber":178,"author":{"gitId":"kunkunkunkun"},"content":"                    }","lastModifiedDate":"2023-10-31"},{"lineNumber":179,"author":{"gitId":"kunkunkunkun"},"content":"                    System.out.println(MsgDeadline);","lastModifiedDate":"2023-10-31"},{"lineNumber":180,"author":{"gitId":"kunkunkunkun"},"content":"                    System.out.println(\"  \" + DL.toString());","lastModifiedDate":"2023-10-24"},{"lineNumber":181,"author":{"gitId":"kunkunkunkun"},"content":"                    StoredUserInput.add(DL);","lastModifiedDate":"2023-10-24"},{"lineNumber":182,"author":{"gitId":"kunkunkunkun"},"content":"                    System.out.println(\"Now you have \" + StoredUserInput.size() + \" tasks in the list\");","lastModifiedDate":"2023-10-24"},{"lineNumber":183,"author":{"gitId":"kunkunkunkun"},"content":"                } else if (UserInput.startsWith(\"event\")) {","lastModifiedDate":"2023-10-31"},{"lineNumber":184,"author":{"gitId":"kunkunkunkun"},"content":"                    Event Evt \u003d new Event(\"\", false, \"\", \"\");","lastModifiedDate":"2023-10-24"},{"lineNumber":185,"author":{"gitId":"kunkunkunkun"},"content":"                    Evt.ConvertStringToArrayList(UserInput);","lastModifiedDate":"2023-10-24"},{"lineNumber":186,"author":{"gitId":"kunkunkunkun"},"content":"                    if(UserInput.contains(\"/from\")\u0026\u0026UserInput.contains(\"/to\"))","lastModifiedDate":"2023-10-31"},{"lineNumber":187,"author":{"gitId":"kunkunkunkun"},"content":"                    {","lastModifiedDate":"2023-10-31"},{"lineNumber":188,"author":{"gitId":"kunkunkunkun"},"content":"                        if(Evt.From.isEmpty())","lastModifiedDate":"2023-10-31"},{"lineNumber":189,"author":{"gitId":"kunkunkunkun"},"content":"                        {","lastModifiedDate":"2023-10-31"},{"lineNumber":190,"author":{"gitId":"kunkunkunkun"},"content":"                            throw new DukeInvalidValueException(\" OOPS!!! This is a Event Task, Please Indicate a Start Time :-(\");","lastModifiedDate":"2023-10-31"},{"lineNumber":191,"author":{"gitId":"kunkunkunkun"},"content":"                        }","lastModifiedDate":"2023-10-31"},{"lineNumber":192,"author":{"gitId":"kunkunkunkun"},"content":"                        if(Evt.To.isEmpty())","lastModifiedDate":"2023-10-31"},{"lineNumber":193,"author":{"gitId":"kunkunkunkun"},"content":"                        {","lastModifiedDate":"2023-10-31"},{"lineNumber":194,"author":{"gitId":"kunkunkunkun"},"content":"                            throw new DukeInvalidValueException(\" OOPS!!! This is a Event Task, Please Indicate an End Time :-(\");","lastModifiedDate":"2023-10-31"},{"lineNumber":195,"author":{"gitId":"kunkunkunkun"},"content":"                        }","lastModifiedDate":"2023-10-31"},{"lineNumber":196,"author":{"gitId":"kunkunkunkun"},"content":"                    }","lastModifiedDate":"2023-10-31"},{"lineNumber":197,"author":{"gitId":"kunkunkunkun"},"content":"                    else","lastModifiedDate":"2023-10-31"},{"lineNumber":198,"author":{"gitId":"kunkunkunkun"},"content":"                    {","lastModifiedDate":"2023-10-31"},{"lineNumber":199,"author":{"gitId":"kunkunkunkun"},"content":"                        throw new DukeInvalidValueException(\" OOPS!!! This is a Event Task, Please Follow this format \"+\"event *Your Task* /from *Start Date* /to *End Date*\");","lastModifiedDate":"2023-10-31"},{"lineNumber":200,"author":{"gitId":"kunkunkunkun"},"content":"                    }","lastModifiedDate":"2023-10-31"},{"lineNumber":201,"author":{"gitId":"kunkunkunkun"},"content":"                    System.out.println(MsgEvent);","lastModifiedDate":"2023-10-31"},{"lineNumber":202,"author":{"gitId":"kunkunkunkun"},"content":"                    System.out.println(\"  \" + Evt.toString());","lastModifiedDate":"2023-10-24"},{"lineNumber":203,"author":{"gitId":"kunkunkunkun"},"content":"                    StoredUserInput.add(Evt);","lastModifiedDate":"2023-10-24"},{"lineNumber":204,"author":{"gitId":"kunkunkunkun"},"content":"                    System.out.println(\"Now you have \" + StoredUserInput.size() + \" tasks in the list\");","lastModifiedDate":"2023-10-24"},{"lineNumber":205,"author":{"gitId":"kunkunkunkun"},"content":"                } else if (UserInput.startsWith(\"delete\")) {","lastModifiedDate":"2023-10-31"},{"lineNumber":206,"author":{"gitId":"kunkunkunkun"},"content":"                    String[] SplitMsg \u003d UserInput.split(\" \");","lastModifiedDate":"2023-10-31"},{"lineNumber":207,"author":{"gitId":"kunkunkunkun"},"content":"                    Tasks Tsk \u003d StoredUserInput.get(Integer.parseInt(SplitMsg[1]) - 1); //Used for Mark and Unmark.","lastModifiedDate":"2023-10-31"},{"lineNumber":208,"author":{"gitId":"kunkunkunkun"},"content":"                    StoredUserInput.remove(Integer.parseInt(SplitMsg[1]) - 1);","lastModifiedDate":"2023-10-31"},{"lineNumber":209,"author":{"gitId":"kunkunkunkun"},"content":"                    System.out.println(MsgDelete);","lastModifiedDate":"2023-10-31"},{"lineNumber":210,"author":{"gitId":"kunkunkunkun"},"content":"                    System.out.println(Tsk.toString());","lastModifiedDate":"2023-10-31"},{"lineNumber":211,"author":{"gitId":"kunkunkunkun"},"content":"                }","lastModifiedDate":"2023-10-31"},{"lineNumber":212,"author":{"gitId":"kunkunkunkun"},"content":"                DukeFile\u003dUpdateSavedFile(DukeFile);","lastModifiedDate":"2023-11-05"},{"lineNumber":213,"author":{"gitId":"kunkunkunkun"},"content":"        } catch (DukeException e) {","lastModifiedDate":"2023-11-05"},{"lineNumber":214,"author":{"gitId":"kunkunkunkun"},"content":"                System.out.println(\"Error: \" + e.getMessage());","lastModifiedDate":"2023-10-31"},{"lineNumber":215,"author":{"gitId":"kunkunkunkun"},"content":"            } catch (IOException e) {","lastModifiedDate":"2023-11-05"},{"lineNumber":216,"author":{"gitId":"kunkunkunkun"},"content":"                throw new RuntimeException(e);","lastModifiedDate":"2023-11-05"},{"lineNumber":217,"author":{"gitId":"kunkunkunkun"},"content":"            }","lastModifiedDate":"2023-09-25"},{"lineNumber":218,"author":{"gitId":"kunkunkunkun"},"content":"//            catch (IllegalArgumentException e) {","lastModifiedDate":"2023-10-31"},{"lineNumber":219,"author":{"gitId":"kunkunkunkun"},"content":"//                System.out.println(\"Invalid command\");","lastModifiedDate":"2023-10-31"},{"lineNumber":220,"author":{"gitId":"kunkunkunkun"},"content":"//            }","lastModifiedDate":"2023-10-31"},{"lineNumber":221,"author":{"gitId":"kunkunkunkun"},"content":"","lastModifiedDate":"2023-09-17"},{"lineNumber":222,"author":{"gitId":"kunkunkunkun"},"content":"//        String logo \u003d \" ____        _        \\n\"","lastModifiedDate":"2023-09-17"},{"lineNumber":223,"author":{"gitId":"kunkunkunkun"},"content":"//                + \"|  _ \\\\ _   _| | _____ \\n\"","lastModifiedDate":"2023-09-17"},{"lineNumber":224,"author":{"gitId":"kunkunkunkun"},"content":"//                + \"| | | | | | | |/ / _ \\\\\\n\"","lastModifiedDate":"2023-09-17"},{"lineNumber":225,"author":{"gitId":"kunkunkunkun"},"content":"//                + \"| |_| | |_| |   \u003c  __/\\n\"","lastModifiedDate":"2023-09-17"},{"lineNumber":226,"author":{"gitId":"kunkunkunkun"},"content":"//                + \"|____/ \\\\__,_|_|\\\\_\\\\___|\\n\";","lastModifiedDate":"2023-09-17"},{"lineNumber":227,"author":{"gitId":"kunkunkunkun"},"content":"//        System.out.println(\"Hello from\\n\" + logo);","lastModifiedDate":"2023-09-17"},{"lineNumber":228,"author":{"gitId":"-"},"content":"    }","lastModifiedDate":"2019-07-29"},{"lineNumber":229,"author":{"gitId":"-"},"content":"}","lastModifiedDate":"2019-07-29"},{"lineNumber":230,"author":{"gitId":"-"},"content":"}","lastModifiedDate":"2023-10-31"},{"lineNumber":231,"author":{"gitId":"kunkunkunkun"},"content":"","lastModifiedDate":"2023-09-25"}],"authorContributionMap":{"kunkunkunkun":227,"-":4}},{"path":"src/main/java/DukeException.java","fileType":"java","lines":[{"lineNumber":1,"author":{"gitId":"kunkunkunkun"},"content":"public class DukeException extends Exception","lastModifiedDate":"2023-10-31"},{"lineNumber":2,"author":{"gitId":"kunkunkunkun"},"content":"{","lastModifiedDate":"2023-10-31"},{"lineNumber":3,"author":{"gitId":"kunkunkunkun"},"content":"    public DukeException (String Message)","lastModifiedDate":"2023-10-31"},{"lineNumber":4,"author":{"gitId":"kunkunkunkun"},"content":"    {","lastModifiedDate":"2023-10-31"},{"lineNumber":5,"author":{"gitId":"kunkunkunkun"},"content":"        super(Message);","lastModifiedDate":"2023-10-31"},{"lineNumber":6,"author":{"gitId":"kunkunkunkun"},"content":"    }","lastModifiedDate":"2023-10-31"},{"lineNumber":7,"author":{"gitId":"kunkunkunkun"},"content":"}","lastModifiedDate":"2023-10-31"}],"authorContributionMap":{"kunkunkunkun":7}},{"path":"src/main/java/DukeInvalidValueException.java","fileType":"java","lines":[{"lineNumber":1,"author":{"gitId":"kunkunkunkun"},"content":"public class DukeInvalidValueException extends DukeException","lastModifiedDate":"2023-10-31"},{"lineNumber":2,"author":{"gitId":"kunkunkunkun"},"content":"{","lastModifiedDate":"2023-10-31"},{"lineNumber":3,"author":{"gitId":"kunkunkunkun"},"content":"    public DukeInvalidValueException (String Message)","lastModifiedDate":"2023-10-31"},{"lineNumber":4,"author":{"gitId":"kunkunkunkun"},"content":"    {","lastModifiedDate":"2023-10-31"},{"lineNumber":5,"author":{"gitId":"kunkunkunkun"},"content":"        super(Message);","lastModifiedDate":"2023-10-31"},{"lineNumber":6,"author":{"gitId":"kunkunkunkun"},"content":"    }","lastModifiedDate":"2023-10-31"},{"lineNumber":7,"author":{"gitId":"kunkunkunkun"},"content":"}","lastModifiedDate":"2023-10-31"}],"authorContributionMap":{"kunkunkunkun":7}},{"path":"src/main/java/Enums.java","fileType":"java","lines":[{"lineNumber":1,"author":{"gitId":"kunkunkunkun"},"content":"public enum Enums","lastModifiedDate":"2023-10-31"},{"lineNumber":2,"author":{"gitId":"kunkunkunkun"},"content":"{","lastModifiedDate":"2023-10-31"},{"lineNumber":3,"author":{"gitId":"kunkunkunkun"},"content":"    T, D, E","lastModifiedDate":"2023-10-31"},{"lineNumber":4,"author":{"gitId":"kunkunkunkun"},"content":"}","lastModifiedDate":"2023-10-31"}],"authorContributionMap":{"kunkunkunkun":4}},{"path":"src/main/java/LevelTestCases.java","fileType":"java","lines":[{"lineNumber":1,"author":{"gitId":"kunkunkunkun"},"content":"public class LevelTestCases","lastModifiedDate":"2023-10-17"},{"lineNumber":2,"author":{"gitId":"kunkunkunkun"},"content":"{","lastModifiedDate":"2023-10-17"},{"lineNumber":3,"author":{"gitId":"kunkunkunkun"},"content":"    public static String Level3_Tasks \u003d","lastModifiedDate":"2023-10-17"},{"lineNumber":4,"author":{"gitId":"kunkunkunkun"},"content":"            \"   Here are the tasks in your list:\\n\" +","lastModifiedDate":"2023-10-17"},{"lineNumber":5,"author":{"gitId":"kunkunkunkun"},"content":"                    \"     1.[X] read book\\n\" +","lastModifiedDate":"2023-10-17"},{"lineNumber":6,"author":{"gitId":"kunkunkunkun"},"content":"                    \"     2.[ ] return book\\n\" +","lastModifiedDate":"2023-10-17"},{"lineNumber":7,"author":{"gitId":"kunkunkunkun"},"content":"                    \"     3.[ ] buy bread\";","lastModifiedDate":"2023-10-17"},{"lineNumber":8,"author":{"gitId":"kunkunkunkun"},"content":"    public static String Level4_Tasks \u003d","lastModifiedDate":"2023-10-17"},{"lineNumber":9,"author":{"gitId":"kunkunkunkun"},"content":"            \"     Here are the tasks in your list:\\n\" +","lastModifiedDate":"2023-10-17"},{"lineNumber":10,"author":{"gitId":"kunkunkunkun"},"content":"                    \"     1.[T][X] read book\\n\" +","lastModifiedDate":"2023-10-17"},{"lineNumber":11,"author":{"gitId":"kunkunkunkun"},"content":"                    \"     2.[D][ ] return book (by: June 6th)\\n\" +","lastModifiedDate":"2023-10-17"},{"lineNumber":12,"author":{"gitId":"kunkunkunkun"},"content":"                    \"     3.[E][ ] project meeting (from: Aug 6th 2pm to: 4pm)\\n\" +","lastModifiedDate":"2023-10-17"},{"lineNumber":13,"author":{"gitId":"kunkunkunkun"},"content":"                    \"     4.[T][X] join sports club\\n\";","lastModifiedDate":"2023-10-17"},{"lineNumber":14,"author":{"gitId":"kunkunkunkun"},"content":"}","lastModifiedDate":"2023-10-17"}],"authorContributionMap":{"kunkunkunkun":14}},{"path":"src/main/java/Storage.java","fileType":"java","lines":[{"lineNumber":1,"author":{"gitId":"kunkunkunkun"},"content":"public class Storage {","lastModifiedDate":"2023-11-05"},{"lineNumber":2,"author":{"gitId":"kunkunkunkun"},"content":"}","lastModifiedDate":"2023-11-05"}],"authorContributionMap":{"kunkunkunkun":2}},{"path":"src/main/java/TaskList.java","fileType":"java","lines":[{"lineNumber":1,"author":{"gitId":"kunkunkunkun"},"content":"public class TaskList {","lastModifiedDate":"2023-11-05"},{"lineNumber":2,"author":{"gitId":"kunkunkunkun"},"content":"}","lastModifiedDate":"2023-11-05"}],"authorContributionMap":{"kunkunkunkun":2}},{"path":"src/main/java/Tasks.java","fileType":"java","lines":[{"lineNumber":1,"author":{"gitId":"kunkunkunkun"},"content":"import java.util.ArrayList;","lastModifiedDate":"2023-10-24"},{"lineNumber":2,"author":{"gitId":"kunkunkunkun"},"content":"import java.util.Arrays;","lastModifiedDate":"2023-10-24"},{"lineNumber":3,"author":{"gitId":"kunkunkunkun"},"content":"","lastModifiedDate":"2023-10-17"},{"lineNumber":4,"author":{"gitId":"kunkunkunkun"},"content":"public class Tasks","lastModifiedDate":"2023-09-25"},{"lineNumber":5,"author":{"gitId":"kunkunkunkun"},"content":"{","lastModifiedDate":"2023-09-25"},{"lineNumber":6,"author":{"gitId":"kunkunkunkun"},"content":"    protected String description;","lastModifiedDate":"2023-10-18"},{"lineNumber":7,"author":{"gitId":"kunkunkunkun"},"content":"    protected boolean isDone;","lastModifiedDate":"2023-10-18"},{"lineNumber":8,"author":{"gitId":"kunkunkunkun"},"content":"","lastModifiedDate":"2023-10-17"},{"lineNumber":9,"author":{"gitId":"kunkunkunkun"},"content":"    protected int SplitStringSize;","lastModifiedDate":"2023-10-31"},{"lineNumber":10,"author":{"gitId":"kunkunkunkun"},"content":"    protected String TaskName \u003d\"\";","lastModifiedDate":"2023-10-24"},{"lineNumber":11,"author":{"gitId":"kunkunkunkun"},"content":"","lastModifiedDate":"2023-09-25"},{"lineNumber":12,"author":{"gitId":"kunkunkunkun"},"content":"    public Tasks(){}","lastModifiedDate":"2023-10-24"},{"lineNumber":13,"author":{"gitId":"kunkunkunkun"},"content":"    public Tasks(String description) {","lastModifiedDate":"2023-10-24"},{"lineNumber":14,"author":{"gitId":"kunkunkunkun"},"content":"        this.description \u003d description;","lastModifiedDate":"2023-10-18"},{"lineNumber":15,"author":{"gitId":"kunkunkunkun"},"content":"        this.isDone \u003d false;","lastModifiedDate":"2023-10-18"},{"lineNumber":16,"author":{"gitId":"kunkunkunkun"},"content":"        this.TaskName \u003d \" \";","lastModifiedDate":"2023-10-24"},{"lineNumber":17,"author":{"gitId":"kunkunkunkun"},"content":"    }","lastModifiedDate":"2023-10-24"},{"lineNumber":18,"author":{"gitId":"kunkunkunkun"},"content":"","lastModifiedDate":"2023-10-24"},{"lineNumber":19,"author":{"gitId":"kunkunkunkun"},"content":"    public String getDescription() {return description;","lastModifiedDate":"2023-10-24"},{"lineNumber":20,"author":{"gitId":"kunkunkunkun"},"content":"    }","lastModifiedDate":"2023-10-24"},{"lineNumber":21,"author":{"gitId":"kunkunkunkun"},"content":"","lastModifiedDate":"2023-10-24"},{"lineNumber":22,"author":{"gitId":"kunkunkunkun"},"content":"    public boolean isDone() {","lastModifiedDate":"2023-10-24"},{"lineNumber":23,"author":{"gitId":"kunkunkunkun"},"content":"        return isDone;","lastModifiedDate":"2023-10-24"},{"lineNumber":24,"author":{"gitId":"kunkunkunkun"},"content":"    }","lastModifiedDate":"2023-10-24"},{"lineNumber":25,"author":{"gitId":"kunkunkunkun"},"content":"","lastModifiedDate":"2023-10-24"},{"lineNumber":26,"author":{"gitId":"kunkunkunkun"},"content":"    public void setDescription(String description) {","lastModifiedDate":"2023-10-24"},{"lineNumber":27,"author":{"gitId":"kunkunkunkun"},"content":"        this.description \u003d description;","lastModifiedDate":"2023-10-24"},{"lineNumber":28,"author":{"gitId":"kunkunkunkun"},"content":"    }","lastModifiedDate":"2023-10-24"},{"lineNumber":29,"author":{"gitId":"kunkunkunkun"},"content":"","lastModifiedDate":"2023-10-24"},{"lineNumber":30,"author":{"gitId":"kunkunkunkun"},"content":"    public void setDone(boolean done) {","lastModifiedDate":"2023-10-24"},{"lineNumber":31,"author":{"gitId":"kunkunkunkun"},"content":"        isDone \u003d done;","lastModifiedDate":"2023-10-24"},{"lineNumber":32,"author":{"gitId":"kunkunkunkun"},"content":"    }","lastModifiedDate":"2023-10-24"},{"lineNumber":33,"author":{"gitId":"kunkunkunkun"},"content":"","lastModifiedDate":"2023-10-24"},{"lineNumber":34,"author":{"gitId":"kunkunkunkun"},"content":"    public String toString()","lastModifiedDate":"2023-10-24"},{"lineNumber":35,"author":{"gitId":"kunkunkunkun"},"content":"    {","lastModifiedDate":"2023-10-24"},{"lineNumber":36,"author":{"gitId":"kunkunkunkun"},"content":"        //return this.description;","lastModifiedDate":"2023-10-24"},{"lineNumber":37,"author":{"gitId":"kunkunkunkun"},"content":"        return \"[\"+this.getStatusIcon()+\"] \"+ this.description;","lastModifiedDate":"2023-10-24"},{"lineNumber":38,"author":{"gitId":"kunkunkunkun"},"content":"    }","lastModifiedDate":"2023-10-17"},{"lineNumber":39,"author":{"gitId":"kunkunkunkun"},"content":"","lastModifiedDate":"2023-09-25"},{"lineNumber":40,"author":{"gitId":"kunkunkunkun"},"content":"    public String getStatusIcon() {","lastModifiedDate":"2023-10-18"},{"lineNumber":41,"author":{"gitId":"kunkunkunkun"},"content":"        return (isDone ? \"X\" : \" \"); // mark done task with X","lastModifiedDate":"2023-10-18"},{"lineNumber":42,"author":{"gitId":"kunkunkunkun"},"content":"    }","lastModifiedDate":"2023-09-25"},{"lineNumber":43,"author":{"gitId":"kunkunkunkun"},"content":"    public void ConvertStringToArrayList(String Userinput)","lastModifiedDate":"2023-10-24"},{"lineNumber":44,"author":{"gitId":"kunkunkunkun"},"content":"    {","lastModifiedDate":"2023-10-24"},{"lineNumber":45,"author":{"gitId":"kunkunkunkun"},"content":"    }","lastModifiedDate":"2023-10-24"},{"lineNumber":46,"author":{"gitId":"kunkunkunkun"},"content":"    public static void PrintSplitString(ArrayList\u003cTasks\u003e Input)","lastModifiedDate":"2023-10-24"},{"lineNumber":47,"author":{"gitId":"kunkunkunkun"},"content":"    {","lastModifiedDate":"2023-10-24"},{"lineNumber":48,"author":{"gitId":"kunkunkunkun"},"content":"        //int count \u003d1;//String output\u003d\"\";","lastModifiedDate":"2023-10-24"},{"lineNumber":49,"author":{"gitId":"kunkunkunkun"},"content":"        for (int i \u003d0;i\u003cInput.size();i++)","lastModifiedDate":"2023-10-24"},{"lineNumber":50,"author":{"gitId":"kunkunkunkun"},"content":"        {","lastModifiedDate":"2023-10-24"},{"lineNumber":51,"author":{"gitId":"kunkunkunkun"},"content":"            System.out.println(i+1+\".[\"+ Input.get(i).TaskName+\"]\"+\"[\"+Input.get(i).getStatusIcon()+\"] \"+ Input.get(i).description);","lastModifiedDate":"2023-10-24"},{"lineNumber":52,"author":{"gitId":"kunkunkunkun"},"content":"        }","lastModifiedDate":"2023-10-24"},{"lineNumber":53,"author":{"gitId":"kunkunkunkun"},"content":"    }","lastModifiedDate":"2023-10-24"},{"lineNumber":54,"author":{"gitId":"kunkunkunkun"},"content":"","lastModifiedDate":"2023-09-25"},{"lineNumber":55,"author":{"gitId":"kunkunkunkun"},"content":"}","lastModifiedDate":"2023-09-25"}],"authorContributionMap":{"kunkunkunkun":55}},{"path":"src/main/java/ToDo.java","fileType":"java","lines":[{"lineNumber":1,"author":{"gitId":"kunkunkunkun"},"content":"import java.util.ArrayList;","lastModifiedDate":"2023-10-24"},{"lineNumber":2,"author":{"gitId":"kunkunkunkun"},"content":"import java.util.Arrays;","lastModifiedDate":"2023-10-24"},{"lineNumber":3,"author":{"gitId":"kunkunkunkun"},"content":"","lastModifiedDate":"2023-10-24"},{"lineNumber":4,"author":{"gitId":"kunkunkunkun"},"content":"public class ToDo extends Tasks","lastModifiedDate":"2023-09-25"},{"lineNumber":5,"author":{"gitId":"kunkunkunkun"},"content":"{","lastModifiedDate":"2023-09-25"},{"lineNumber":6,"author":{"gitId":"kunkunkunkun"},"content":"    //String TaskName \u003d \"T\";","lastModifiedDate":"2023-10-24"},{"lineNumber":7,"author":{"gitId":"kunkunkunkun"},"content":"    public ToDo(String description,Boolean isDone)","lastModifiedDate":"2023-10-24"},{"lineNumber":8,"author":{"gitId":"kunkunkunkun"},"content":"    {","lastModifiedDate":"2023-10-24"},{"lineNumber":9,"author":{"gitId":"kunkunkunkun"},"content":"        this.description\u003ddescription;","lastModifiedDate":"2023-10-24"},{"lineNumber":10,"author":{"gitId":"kunkunkunkun"},"content":"        this.isDone\u003disDone;","lastModifiedDate":"2023-10-24"},{"lineNumber":11,"author":{"gitId":"kunkunkunkun"},"content":"        this.TaskName\u003dEnums.T.toString();","lastModifiedDate":"2023-10-31"},{"lineNumber":12,"author":{"gitId":"kunkunkunkun"},"content":"    }","lastModifiedDate":"2023-10-24"},{"lineNumber":13,"author":{"gitId":"kunkunkunkun"},"content":"    ToDo()","lastModifiedDate":"2023-10-24"},{"lineNumber":14,"author":{"gitId":"kunkunkunkun"},"content":"    {","lastModifiedDate":"2023-10-24"},{"lineNumber":15,"author":{"gitId":"kunkunkunkun"},"content":"","lastModifiedDate":"2023-10-24"},{"lineNumber":16,"author":{"gitId":"kunkunkunkun"},"content":"    }","lastModifiedDate":"2023-10-24"},{"lineNumber":17,"author":{"gitId":"kunkunkunkun"},"content":"    @Override","lastModifiedDate":"2023-10-24"},{"lineNumber":18,"author":{"gitId":"kunkunkunkun"},"content":"    public void ConvertStringToArrayList(String Userinput)","lastModifiedDate":"2023-10-24"},{"lineNumber":19,"author":{"gitId":"kunkunkunkun"},"content":"    {","lastModifiedDate":"2023-10-24"},{"lineNumber":20,"author":{"gitId":"kunkunkunkun"},"content":"        Userinput\u003dUserinput.substring(5).trim(); //get string after Todo","lastModifiedDate":"2023-10-24"},{"lineNumber":21,"author":{"gitId":"kunkunkunkun"},"content":"        this.description\u003dUserinput;","lastModifiedDate":"2023-10-24"},{"lineNumber":22,"author":{"gitId":"kunkunkunkun"},"content":"    }","lastModifiedDate":"2023-10-24"},{"lineNumber":23,"author":{"gitId":"kunkunkunkun"},"content":"","lastModifiedDate":"2023-10-24"},{"lineNumber":24,"author":{"gitId":"kunkunkunkun"},"content":"    @Override","lastModifiedDate":"2023-10-24"},{"lineNumber":25,"author":{"gitId":"kunkunkunkun"},"content":"    public String toString()","lastModifiedDate":"2023-10-24"},{"lineNumber":26,"author":{"gitId":"kunkunkunkun"},"content":"    {","lastModifiedDate":"2023-10-24"},{"lineNumber":27,"author":{"gitId":"kunkunkunkun"},"content":"        return \"[T]\" + super.toString();","lastModifiedDate":"2023-10-24"},{"lineNumber":28,"author":{"gitId":"kunkunkunkun"},"content":"    }","lastModifiedDate":"2023-10-24"},{"lineNumber":29,"author":{"gitId":"kunkunkunkun"},"content":"","lastModifiedDate":"2023-10-18"},{"lineNumber":30,"author":{"gitId":"kunkunkunkun"},"content":"}","lastModifiedDate":"2023-09-25"}],"authorContributionMap":{"kunkunkunkun":30}},{"path":"src/main/java/UI.java","fileType":"java","lines":[{"lineNumber":1,"author":{"gitId":"kunkunkunkun"},"content":"public class UI","lastModifiedDate":"2023-11-05"},{"lineNumber":2,"author":{"gitId":"kunkunkunkun"},"content":"{","lastModifiedDate":"2023-11-05"},{"lineNumber":3,"author":{"gitId":"kunkunkunkun"},"content":"    private final String LineBreaker \u003d \"____________________________________________________________\\n\";","lastModifiedDate":"2023-11-05"},{"lineNumber":4,"author":{"gitId":"kunkunkunkun"},"content":"    private static final String Greeting \u003d \"Hello! I\u0027m JohnCena\\n\" + \"What can I do for you?\\n\";","lastModifiedDate":"2023-11-05"},{"lineNumber":5,"author":{"gitId":"kunkunkunkun"},"content":"    private static final String Farewell \u003d \"Bye. Hope to see you again soon!\\n\";","lastModifiedDate":"2023-11-05"},{"lineNumber":6,"author":{"gitId":"kunkunkunkun"},"content":"    private static final String MsgMark \u003d \"Nice! I\u0027ve marked this task as done:\";","lastModifiedDate":"2023-11-05"},{"lineNumber":7,"author":{"gitId":"kunkunkunkun"},"content":"    private static final String MsgUnmark \u003d \"OK, I\u0027ve marked this task as not done yet:\";","lastModifiedDate":"2023-11-05"},{"lineNumber":8,"author":{"gitId":"kunkunkunkun"},"content":"    private static final String MsgList \u003d \"Here are the tasks in your list:\";","lastModifiedDate":"2023-11-05"},{"lineNumber":9,"author":{"gitId":"kunkunkunkun"},"content":"    private static final String MsgTodo \u003d \"Got it. I\u0027ve added this task:\";","lastModifiedDate":"2023-11-05"},{"lineNumber":10,"author":{"gitId":"kunkunkunkun"},"content":"    private static final String MsgDeadline \u003d \"Got it. I\u0027ve added this task:\";","lastModifiedDate":"2023-11-05"},{"lineNumber":11,"author":{"gitId":"kunkunkunkun"},"content":"    private static final String MsgEvent \u003d \"Got it. I\u0027ve added this task:\";","lastModifiedDate":"2023-11-05"},{"lineNumber":12,"author":{"gitId":"kunkunkunkun"},"content":"","lastModifiedDate":"2023-11-05"},{"lineNumber":13,"author":{"gitId":"kunkunkunkun"},"content":"    private static final String MsgDelete \u003d \"Noted. I\u0027ve removed this task:\";","lastModifiedDate":"2023-11-05"},{"lineNumber":14,"author":{"gitId":"kunkunkunkun"},"content":"}","lastModifiedDate":"2023-11-05"}],"authorContributionMap":{"kunkunkunkun":14}},{"path":"src/main/java/duke.txt","fileType":"txt","lines":[{"lineNumber":1,"author":{"gitId":"kunkunkunkun"},"content":"[T][X] read book","lastModifiedDate":"2023-11-05"},{"lineNumber":2,"author":{"gitId":"kunkunkunkun"},"content":"[D][X] return book (by: June 6th)","lastModifiedDate":"2023-11-05"},{"lineNumber":3,"author":{"gitId":"kunkunkunkun"},"content":"[E][ ] project meeting  (from: Aug 6th 2pm to: 4pm)","lastModifiedDate":"2023-11-05"},{"lineNumber":4,"author":{"gitId":"kunkunkunkun"},"content":"[T][X] join sports club","lastModifiedDate":"2023-11-05"}],"authorContributionMap":{"kunkunkunkun":4}},{"path":"src/main/java/event.java","fileType":"java","lines":[{"lineNumber":1,"author":{"gitId":"kunkunkunkun"},"content":"public class Event extends Tasks","lastModifiedDate":"2023-09-25"},{"lineNumber":2,"author":{"gitId":"kunkunkunkun"},"content":"{","lastModifiedDate":"2023-09-25"},{"lineNumber":3,"author":{"gitId":"kunkunkunkun"},"content":"    protected String From;","lastModifiedDate":"2023-10-24"},{"lineNumber":4,"author":{"gitId":"kunkunkunkun"},"content":"    protected String To;","lastModifiedDate":"2023-10-24"},{"lineNumber":5,"author":{"gitId":"kunkunkunkun"},"content":"    public Event(String description,Boolean isDone,String From,String To)","lastModifiedDate":"2023-10-24"},{"lineNumber":6,"author":{"gitId":"kunkunkunkun"},"content":"    {","lastModifiedDate":"2023-10-24"},{"lineNumber":7,"author":{"gitId":"kunkunkunkun"},"content":"        this.description\u003ddescription;","lastModifiedDate":"2023-10-24"},{"lineNumber":8,"author":{"gitId":"kunkunkunkun"},"content":"        this.isDone\u003disDone;","lastModifiedDate":"2023-10-24"},{"lineNumber":9,"author":{"gitId":"kunkunkunkun"},"content":"        this.TaskName\u003dEnums.E.toString();","lastModifiedDate":"2023-10-31"},{"lineNumber":10,"author":{"gitId":"kunkunkunkun"},"content":"        this.From\u003dFrom;","lastModifiedDate":"2023-10-24"},{"lineNumber":11,"author":{"gitId":"kunkunkunkun"},"content":"        this.To\u003dTo;","lastModifiedDate":"2023-10-24"},{"lineNumber":12,"author":{"gitId":"kunkunkunkun"},"content":"    }","lastModifiedDate":"2023-10-24"},{"lineNumber":13,"author":{"gitId":"kunkunkunkun"},"content":"    @Override","lastModifiedDate":"2023-10-24"},{"lineNumber":14,"author":{"gitId":"kunkunkunkun"},"content":"    public void ConvertStringToArrayList(String Userinput)","lastModifiedDate":"2023-10-24"},{"lineNumber":15,"author":{"gitId":"kunkunkunkun"},"content":"    {","lastModifiedDate":"2023-10-24"},{"lineNumber":16,"author":{"gitId":"kunkunkunkun"},"content":"        Userinput\u003dUserinput.substring(6).trim(); //get string after Event","lastModifiedDate":"2023-10-24"},{"lineNumber":17,"author":{"gitId":"kunkunkunkun"},"content":"        String[] SplitString\u003dUserinput.split(\"/\");","lastModifiedDate":"2023-10-24"},{"lineNumber":18,"author":{"gitId":"kunkunkunkun"},"content":"        this.SplitStringSize\u003dSplitString.length;","lastModifiedDate":"2023-10-31"},{"lineNumber":19,"author":{"gitId":"kunkunkunkun"},"content":"        if (SplitStringSize\u003c4)","lastModifiedDate":"2023-10-31"},{"lineNumber":20,"author":{"gitId":"kunkunkunkun"},"content":"        {","lastModifiedDate":"2023-10-31"},{"lineNumber":21,"author":{"gitId":"kunkunkunkun"},"content":"            this.description\u003dSplitString[0].trim();","lastModifiedDate":"2023-10-31"},{"lineNumber":22,"author":{"gitId":"kunkunkunkun"},"content":"            this.From\u003d\"\";","lastModifiedDate":"2023-10-31"},{"lineNumber":23,"author":{"gitId":"kunkunkunkun"},"content":"            this.To\u003d\"\";","lastModifiedDate":"2023-10-31"},{"lineNumber":24,"author":{"gitId":"kunkunkunkun"},"content":"        }","lastModifiedDate":"2023-10-31"},{"lineNumber":25,"author":{"gitId":"kunkunkunkun"},"content":"        else","lastModifiedDate":"2023-10-31"},{"lineNumber":26,"author":{"gitId":"kunkunkunkun"},"content":"        {","lastModifiedDate":"2023-10-31"},{"lineNumber":27,"author":{"gitId":"kunkunkunkun"},"content":"            this.description\u003dSplitString[0].trim();","lastModifiedDate":"2023-10-24"},{"lineNumber":28,"author":{"gitId":"kunkunkunkun"},"content":"            this.From\u003dSplitString[1].substring(5).trim();","lastModifiedDate":"2023-10-24"},{"lineNumber":29,"author":{"gitId":"kunkunkunkun"},"content":"            this.To\u003dSplitString[2].substring(3).trim();","lastModifiedDate":"2023-10-24"},{"lineNumber":30,"author":{"gitId":"kunkunkunkun"},"content":"        }","lastModifiedDate":"2023-10-24"},{"lineNumber":31,"author":{"gitId":"kunkunkunkun"},"content":"        this.description\u003dSplitString[0].trim();","lastModifiedDate":"2023-10-31"},{"lineNumber":32,"author":{"gitId":"kunkunkunkun"},"content":"","lastModifiedDate":"2023-10-31"},{"lineNumber":33,"author":{"gitId":"kunkunkunkun"},"content":"    }","lastModifiedDate":"2023-10-31"},{"lineNumber":34,"author":{"gitId":"kunkunkunkun"},"content":"    @Override","lastModifiedDate":"2023-10-24"},{"lineNumber":35,"author":{"gitId":"kunkunkunkun"},"content":"    public String toString()","lastModifiedDate":"2023-10-24"},{"lineNumber":36,"author":{"gitId":"kunkunkunkun"},"content":"    {","lastModifiedDate":"2023-10-24"},{"lineNumber":37,"author":{"gitId":"kunkunkunkun"},"content":"        return \"[E]\" + super.toString() + \" (from: \" + From +\" to: \"+To+ \")\";","lastModifiedDate":"2023-10-24"},{"lineNumber":38,"author":{"gitId":"kunkunkunkun"},"content":"    }","lastModifiedDate":"2023-10-24"},{"lineNumber":39,"author":{"gitId":"kunkunkunkun"},"content":"}","lastModifiedDate":"2023-09-25"}],"authorContributionMap":{"kunkunkunkun":39}},{"path":"text-ui-test/input.txt","fileType":"txt","lines":[{"lineNumber":1,"author":{"gitId":"kunkunkunkun"},"content":"list","lastModifiedDate":"2023-10-24"},{"lineNumber":2,"author":{"gitId":"kunkunkunkun"},"content":"task 1","lastModifiedDate":"2023-10-24"}],"authorContributionMap":{"kunkunkunkun":2}}]
