{"authorDailyContributionsMap":{"kunkunkunkun":[{"date":"2023-09-17","commitResults":[{"hash":"6db09e8bae5527b02aaf35013961ff870e5d3f6e","isMergeCommit":false,"messageTitle":"Level 0. Rename, Greet, Exit","messageBody":"","fileTypesAndContributionMap":{"java":{"insertions":14,"deletions":7}}},{"hash":"bd6182b0bf0bec058c60d03b375184cb800b375b","isMergeCommit":false,"messageTitle":"wk3 Duke project update","messageBody":"","tags":["Wk3_Update"],"fileTypesAndContributionMap":{"java":{"insertions":69,"deletions":6}}}]},{"date":"2023-09-25","commitResults":[{"hash":"9ff7c57ec4fe12b363d5427100451102ff9b4186","isMergeCommit":false,"messageTitle":"wk4 Task","messageBody":"","fileTypesAndContributionMap":{"java":{"insertions":94,"deletions":27}}},{"hash":"da96d965633dddc2978e9c03c8efadd4b329655b","isMergeCommit":false,"messageTitle":"wk4 Update 1","messageBody":"","fileTypesAndContributionMap":{"java":{"insertions":69,"deletions":28}}}]},{"date":"2023-10-17","commitResults":[{"hash":"74f9de2730e9b47c015db8e4b3f654b0aae9d880","isMergeCommit":false,"messageTitle":"Level 1 V2.0","messageBody":"","fileTypesAndContributionMap":{"java":{"insertions":196,"deletions":133}}},{"hash":"323d5c2b885737a894674c769ea10ca208964314","isMergeCommit":false,"messageTitle":"Level 2 V2.0","messageBody":"","fileTypesAndContributionMap":{"java":{"insertions":3,"deletions":3}}}]},{"date":"2023-10-18","commitResults":[{"hash":"959785baa664ad3b220ccae74fc5cb26333db46f","isMergeCommit":false,"messageTitle":"Level 3 V2.0","messageBody":"","fileTypesAndContributionMap":{"java":{"insertions":45,"deletions":75}}}]}]},"authorFileTypeContributionMap":{"kunkunkunkun":{"java":219,"md":0,"fxml":0,"sh":0,"bat":0,"gradle":0,"txt":0}},"authorContributionVariance":{"kunkunkunkun":2642.4998},"authorDisplayNameMap":{"kunkunkunkun":"YAN .. KUN"}}
