{"authorDailyContributionsMap":{"kunkunkunkun":[{"date":"2023-09-17","commitResults":[{"hash":"6db09e8bae5527b02aaf35013961ff870e5d3f6e","isMergeCommit":false,"messageTitle":"Level 0. Rename, Greet, Exit","messageBody":"","fileTypesAndContributionMap":{"java":{"insertions":14,"deletions":7}}},{"hash":"bd6182b0bf0bec058c60d03b375184cb800b375b","isMergeCommit":false,"messageTitle":"wk3 Duke project update","messageBody":"","tags":["Wk3_Update"],"fileTypesAndContributionMap":{"java":{"insertions":69,"deletions":6}}}]},{"date":"2023-09-25","commitResults":[{"hash":"9ff7c57ec4fe12b363d5427100451102ff9b4186","isMergeCommit":false,"messageTitle":"wk4 Task","messageBody":"","fileTypesAndContributionMap":{"java":{"insertions":94,"deletions":27}}}]}]},"authorFileTypeContributionMap":{"kunkunkunkun":{"java":145,"md":0,"fxml":0,"sh":0,"bat":0,"gradle":0,"txt":0}},"authorContributionVariance":{"kunkunkunkun":529.3466},"authorDisplayNameMap":{"kunkunkunkun":"YAN .. KUN"}}
