[{"path":"src/main/java/Deadline.java","fileType":"java","lines":[{"lineNumber":1,"author":{"gitId":"DumbCat-Github"},"content":"public class Deadline extends Todo {","lastModifiedDate":"2023-09-18"},{"lineNumber":2,"author":{"gitId":"DumbCat-Github"},"content":"    protected String due;","lastModifiedDate":"2023-09-19"},{"lineNumber":3,"author":{"gitId":"DumbCat-Github"},"content":"","lastModifiedDate":"2023-09-18"},{"lineNumber":4,"author":{"gitId":"DumbCat-Github"},"content":"    Deadline(String description, String by) {","lastModifiedDate":"2023-09-18"},{"lineNumber":5,"author":{"gitId":"DumbCat-Github"},"content":"        super(description);","lastModifiedDate":"2023-09-18"},{"lineNumber":6,"author":{"gitId":"DumbCat-Github"},"content":"        due \u003d by;","lastModifiedDate":"2023-09-19"},{"lineNumber":7,"author":{"gitId":"DumbCat-Github"},"content":"    }","lastModifiedDate":"2023-09-18"},{"lineNumber":8,"author":{"gitId":"DumbCat-Github"},"content":"","lastModifiedDate":"2023-09-18"},{"lineNumber":9,"author":{"gitId":"DumbCat-Github"},"content":"    public void setBy(String change) {","lastModifiedDate":"2023-09-18"},{"lineNumber":10,"author":{"gitId":"DumbCat-Github"},"content":"        due \u003d change;","lastModifiedDate":"2023-09-19"},{"lineNumber":11,"author":{"gitId":"DumbCat-Github"},"content":"    }","lastModifiedDate":"2023-09-18"},{"lineNumber":12,"author":{"gitId":"DumbCat-Github"},"content":"","lastModifiedDate":"2023-09-18"},{"lineNumber":13,"author":{"gitId":"DumbCat-Github"},"content":"    public String getBy() {","lastModifiedDate":"2023-09-18"},{"lineNumber":14,"author":{"gitId":"DumbCat-Github"},"content":"        return due;","lastModifiedDate":"2023-09-19"},{"lineNumber":15,"author":{"gitId":"DumbCat-Github"},"content":"    }","lastModifiedDate":"2023-09-19"},{"lineNumber":16,"author":{"gitId":"DumbCat-Github"},"content":"    @Override","lastModifiedDate":"2023-09-19"},{"lineNumber":17,"author":{"gitId":"DumbCat-Github"},"content":"    public String toString() {","lastModifiedDate":"2023-09-19"},{"lineNumber":18,"author":{"gitId":"DumbCat-Github"},"content":"        return \"[D][\" + getStatusIcon() + \"] \" + getDescription() + \"(by: \" + getBy() + \")\";","lastModifiedDate":"2023-09-19"},{"lineNumber":19,"author":{"gitId":"DumbCat-Github"},"content":"    }","lastModifiedDate":"2023-09-18"},{"lineNumber":20,"author":{"gitId":"DumbCat-Github"},"content":"}","lastModifiedDate":"2023-09-18"},{"lineNumber":21,"author":{"gitId":"DumbCat-Github"},"content":"","lastModifiedDate":"2023-09-18"}],"authorContributionMap":{"DumbCat-Github":21}},{"path":"src/main/java/Duke.java","fileType":"java","lines":[{"lineNumber":1,"author":{"gitId":"DumbCat-Github"},"content":"import java.util.ArrayList;","lastModifiedDate":"2023-09-18"},{"lineNumber":2,"author":{"gitId":"DumbCat-Github"},"content":"import java.util.Scanner;","lastModifiedDate":"2023-09-18"},{"lineNumber":3,"author":{"gitId":"-"},"content":"public class Duke {","lastModifiedDate":"2019-07-29"},{"lineNumber":4,"author":{"gitId":"-"},"content":"    public static void main(String[] args) {","lastModifiedDate":"2019-07-29"},{"lineNumber":5,"author":{"gitId":"DumbCat-Github"},"content":"        Logo();","lastModifiedDate":"2023-09-18"},{"lineNumber":6,"author":{"gitId":"DumbCat-Github"},"content":"        Greeter();","lastModifiedDate":"2023-09-18"},{"lineNumber":7,"author":{"gitId":"DumbCat-Github"},"content":"        //Echo();","lastModifiedDate":"2023-09-18"},{"lineNumber":8,"author":{"gitId":"DumbCat-Github"},"content":"        //List();","lastModifiedDate":"2023-09-19"},{"lineNumber":9,"author":{"gitId":"DumbCat-Github"},"content":"        //MarkDone();","lastModifiedDate":"2023-09-19"},{"lineNumber":10,"author":{"gitId":"DumbCat-Github"},"content":"        TED();","lastModifiedDate":"2023-09-19"},{"lineNumber":11,"author":{"gitId":"DumbCat-Github"},"content":"","lastModifiedDate":"2023-09-19"},{"lineNumber":12,"author":{"gitId":"DumbCat-Github"},"content":"    }","lastModifiedDate":"2023-09-18"},{"lineNumber":13,"author":{"gitId":"DumbCat-Github"},"content":"    public static void Logo(){","lastModifiedDate":"2023-09-18"},{"lineNumber":14,"author":{"gitId":"DumbCat-Github"},"content":"        String logo \u003d \" _ _ _              _ \\n\"","lastModifiedDate":"2023-09-19"},{"lineNumber":15,"author":{"gitId":"DumbCat-Github"},"content":"                   + \"|  _ _ \\\\   __    _ | | _    _ _\\n\"","lastModifiedDate":"2023-09-19"},{"lineNumber":16,"author":{"gitId":"DumbCat-Github"},"content":"                   + \"| |      / __ \\\\ | _   _ | / __ \\\\\\n\"","lastModifiedDate":"2023-09-19"},{"lineNumber":17,"author":{"gitId":"DumbCat-Github"},"content":"                   + \"| | _ _ | |__| |   | |   |  __ / \\n\"","lastModifiedDate":"2023-09-19"},{"lineNumber":18,"author":{"gitId":"DumbCat-Github"},"content":"                   + \"| _ _ / |_|  |_|   |_|    \\\\ __\\\\\\n\";","lastModifiedDate":"2023-09-19"},{"lineNumber":19,"author":{"gitId":"DumbCat-Github"},"content":"        System.out.println(logo);","lastModifiedDate":"2023-09-18"},{"lineNumber":20,"author":{"gitId":"DumbCat-Github"},"content":"    }","lastModifiedDate":"2023-09-18"},{"lineNumber":21,"author":{"gitId":"DumbCat-Github"},"content":"    public static void Greeter(){","lastModifiedDate":"2023-09-18"},{"lineNumber":22,"author":{"gitId":"DumbCat-Github"},"content":"        Separator();","lastModifiedDate":"2023-09-18"},{"lineNumber":23,"author":{"gitId":"DumbCat-Github"},"content":"        Spacer();","lastModifiedDate":"2023-09-18"},{"lineNumber":24,"author":{"gitId":"DumbCat-Github"},"content":"        System.out.println(\"Hello! I am Cate\");","lastModifiedDate":"2023-09-19"},{"lineNumber":25,"author":{"gitId":"DumbCat-Github"},"content":"        System.out.println(\"How may I help you?\");","lastModifiedDate":"2023-09-18"},{"lineNumber":26,"author":{"gitId":"DumbCat-Github"},"content":"        Separator();","lastModifiedDate":"2023-09-18"},{"lineNumber":27,"author":{"gitId":"DumbCat-Github"},"content":"    }","lastModifiedDate":"2023-09-18"},{"lineNumber":28,"author":{"gitId":"DumbCat-Github"},"content":"    public static void Separator(){","lastModifiedDate":"2023-09-18"},{"lineNumber":29,"author":{"gitId":"DumbCat-Github"},"content":"        System.out.println(\"__________________________\");","lastModifiedDate":"2023-09-18"},{"lineNumber":30,"author":{"gitId":"DumbCat-Github"},"content":"    }","lastModifiedDate":"2023-09-18"},{"lineNumber":31,"author":{"gitId":"DumbCat-Github"},"content":"    public static void Spacer(){","lastModifiedDate":"2023-09-18"},{"lineNumber":32,"author":{"gitId":"DumbCat-Github"},"content":"        System.out.println(\"    \");","lastModifiedDate":"2023-09-18"},{"lineNumber":33,"author":{"gitId":"DumbCat-Github"},"content":"    }","lastModifiedDate":"2023-09-18"},{"lineNumber":34,"author":{"gitId":"DumbCat-Github"},"content":"    public static void TaskCount(int i){","lastModifiedDate":"2023-09-19"},{"lineNumber":35,"author":{"gitId":"DumbCat-Github"},"content":"        System.out.println(\"The list is increasing , there is \"+ i +\" Tasks now\");","lastModifiedDate":"2023-09-19"},{"lineNumber":36,"author":{"gitId":"DumbCat-Github"},"content":"    }","lastModifiedDate":"2023-09-19"},{"lineNumber":37,"author":{"gitId":"DumbCat-Github"},"content":"    public static String Scan(){","lastModifiedDate":"2023-09-18"},{"lineNumber":38,"author":{"gitId":"DumbCat-Github"},"content":"        String line;","lastModifiedDate":"2023-09-18"},{"lineNumber":39,"author":{"gitId":"DumbCat-Github"},"content":"        Scanner in \u003d new Scanner(System.in);","lastModifiedDate":"2023-09-18"},{"lineNumber":40,"author":{"gitId":"DumbCat-Github"},"content":"        line \u003d in.nextLine();","lastModifiedDate":"2023-09-18"},{"lineNumber":41,"author":{"gitId":"DumbCat-Github"},"content":"        return line;","lastModifiedDate":"2023-09-18"},{"lineNumber":42,"author":{"gitId":"DumbCat-Github"},"content":"    }","lastModifiedDate":"2023-09-18"},{"lineNumber":43,"author":{"gitId":"DumbCat-Github"},"content":"    public static void Echo(){","lastModifiedDate":"2023-09-18"},{"lineNumber":44,"author":{"gitId":"DumbCat-Github"},"content":"        while(true){","lastModifiedDate":"2023-09-18"},{"lineNumber":45,"author":{"gitId":"DumbCat-Github"},"content":"            String line \u003d Scan();","lastModifiedDate":"2023-09-18"},{"lineNumber":46,"author":{"gitId":"DumbCat-Github"},"content":"            if(line.contains(\"bye\")){","lastModifiedDate":"2023-09-18"},{"lineNumber":47,"author":{"gitId":"DumbCat-Github"},"content":"                Separator();","lastModifiedDate":"2023-09-18"},{"lineNumber":48,"author":{"gitId":"DumbCat-Github"},"content":"                System.out.println(\"Goodbye , See you next time ;)\");","lastModifiedDate":"2023-09-18"},{"lineNumber":49,"author":{"gitId":"DumbCat-Github"},"content":"                Separator();","lastModifiedDate":"2023-09-18"},{"lineNumber":50,"author":{"gitId":"DumbCat-Github"},"content":"                break;","lastModifiedDate":"2023-09-18"},{"lineNumber":51,"author":{"gitId":"DumbCat-Github"},"content":"            } else {","lastModifiedDate":"2023-09-18"},{"lineNumber":52,"author":{"gitId":"DumbCat-Github"},"content":"                Separator();","lastModifiedDate":"2023-09-18"},{"lineNumber":53,"author":{"gitId":"DumbCat-Github"},"content":"                System.out.println(line);","lastModifiedDate":"2023-09-18"},{"lineNumber":54,"author":{"gitId":"DumbCat-Github"},"content":"                Separator();","lastModifiedDate":"2023-09-18"},{"lineNumber":55,"author":{"gitId":"DumbCat-Github"},"content":"            }","lastModifiedDate":"2023-09-18"},{"lineNumber":56,"author":{"gitId":"DumbCat-Github"},"content":"        }","lastModifiedDate":"2023-09-18"},{"lineNumber":57,"author":{"gitId":"DumbCat-Github"},"content":"    }","lastModifiedDate":"2023-09-18"},{"lineNumber":58,"author":{"gitId":"DumbCat-Github"},"content":"    public static void List(){","lastModifiedDate":"2023-09-18"},{"lineNumber":59,"author":{"gitId":"DumbCat-Github"},"content":"        ArrayList\u003cString\u003e Storage \u003d new ArrayList\u003c\u003e();","lastModifiedDate":"2023-09-18"},{"lineNumber":60,"author":{"gitId":"DumbCat-Github"},"content":"","lastModifiedDate":"2023-09-18"},{"lineNumber":61,"author":{"gitId":"DumbCat-Github"},"content":"        while(true){","lastModifiedDate":"2023-09-18"},{"lineNumber":62,"author":{"gitId":"DumbCat-Github"},"content":"            String line \u003d Scan();","lastModifiedDate":"2023-09-18"},{"lineNumber":63,"author":{"gitId":"DumbCat-Github"},"content":"            if(line.contains(\"bye\")){","lastModifiedDate":"2023-09-18"},{"lineNumber":64,"author":{"gitId":"DumbCat-Github"},"content":"                Separator();","lastModifiedDate":"2023-09-18"},{"lineNumber":65,"author":{"gitId":"DumbCat-Github"},"content":"                System.out.println(\"Goodbye , See you next time ;)\");","lastModifiedDate":"2023-09-18"},{"lineNumber":66,"author":{"gitId":"DumbCat-Github"},"content":"                Separator();","lastModifiedDate":"2023-09-18"},{"lineNumber":67,"author":{"gitId":"DumbCat-Github"},"content":"                break;","lastModifiedDate":"2023-09-18"},{"lineNumber":68,"author":{"gitId":"DumbCat-Github"},"content":"            } else if (line.equals(\"list\")){","lastModifiedDate":"2023-09-18"},{"lineNumber":69,"author":{"gitId":"DumbCat-Github"},"content":"                Separator();","lastModifiedDate":"2023-09-18"},{"lineNumber":70,"author":{"gitId":"DumbCat-Github"},"content":"                System.out.println(\"Here are your list of Tasks\");","lastModifiedDate":"2023-09-19"},{"lineNumber":71,"author":{"gitId":"DumbCat-Github"},"content":"                for(int i\u003d0;i\u003cStorage.size();i++){","lastModifiedDate":"2023-09-18"},{"lineNumber":72,"author":{"gitId":"DumbCat-Github"},"content":"                System.out.println(i+1 + \". \" + Storage.get(i));","lastModifiedDate":"2023-09-18"},{"lineNumber":73,"author":{"gitId":"DumbCat-Github"},"content":"                }","lastModifiedDate":"2023-09-18"},{"lineNumber":74,"author":{"gitId":"DumbCat-Github"},"content":"                Separator();","lastModifiedDate":"2023-09-18"},{"lineNumber":75,"author":{"gitId":"DumbCat-Github"},"content":"            } else {","lastModifiedDate":"2023-09-18"},{"lineNumber":76,"author":{"gitId":"DumbCat-Github"},"content":"                Storage.add(line);","lastModifiedDate":"2023-09-18"},{"lineNumber":77,"author":{"gitId":"DumbCat-Github"},"content":"                Separator();","lastModifiedDate":"2023-09-18"},{"lineNumber":78,"author":{"gitId":"DumbCat-Github"},"content":"                System.out.println(\"Added: \" + line);","lastModifiedDate":"2023-09-18"},{"lineNumber":79,"author":{"gitId":"DumbCat-Github"},"content":"                Separator();","lastModifiedDate":"2023-09-18"},{"lineNumber":80,"author":{"gitId":"DumbCat-Github"},"content":"            }","lastModifiedDate":"2023-09-18"},{"lineNumber":81,"author":{"gitId":"DumbCat-Github"},"content":"        }","lastModifiedDate":"2023-09-18"},{"lineNumber":82,"author":{"gitId":"-"},"content":"    }","lastModifiedDate":"2019-07-29"},{"lineNumber":83,"author":{"gitId":"DumbCat-Github"},"content":"    public static void MarkDone(){","lastModifiedDate":"2023-09-19"},{"lineNumber":84,"author":{"gitId":"DumbCat-Github"},"content":"        ArrayList\u003cTask\u003e Storage \u003d new ArrayList\u003c\u003e();","lastModifiedDate":"2023-09-19"},{"lineNumber":85,"author":{"gitId":"DumbCat-Github"},"content":"","lastModifiedDate":"2023-09-19"},{"lineNumber":86,"author":{"gitId":"DumbCat-Github"},"content":"        while(true){","lastModifiedDate":"2023-09-19"},{"lineNumber":87,"author":{"gitId":"DumbCat-Github"},"content":"            String line \u003d Scan();","lastModifiedDate":"2023-09-19"},{"lineNumber":88,"author":{"gitId":"DumbCat-Github"},"content":"            String[] words \u003d line.split(\" \");","lastModifiedDate":"2023-09-19"},{"lineNumber":89,"author":{"gitId":"DumbCat-Github"},"content":"            if(words[0].equals(\"bye\")){","lastModifiedDate":"2023-09-19"},{"lineNumber":90,"author":{"gitId":"DumbCat-Github"},"content":"                Separator();","lastModifiedDate":"2023-09-19"},{"lineNumber":91,"author":{"gitId":"DumbCat-Github"},"content":"                System.out.println(\"Goodbye , See you next time ;)\");","lastModifiedDate":"2023-09-19"},{"lineNumber":92,"author":{"gitId":"DumbCat-Github"},"content":"                Separator();","lastModifiedDate":"2023-09-19"},{"lineNumber":93,"author":{"gitId":"DumbCat-Github"},"content":"                break;","lastModifiedDate":"2023-09-19"},{"lineNumber":94,"author":{"gitId":"DumbCat-Github"},"content":"            } else if (words[0].equals(\"list\")){","lastModifiedDate":"2023-09-19"},{"lineNumber":95,"author":{"gitId":"DumbCat-Github"},"content":"                Separator();","lastModifiedDate":"2023-09-19"},{"lineNumber":96,"author":{"gitId":"DumbCat-Github"},"content":"                System.out.println(\"Here are your list of Tasks\");","lastModifiedDate":"2023-09-19"},{"lineNumber":97,"author":{"gitId":"DumbCat-Github"},"content":"                for(int i\u003d0;i\u003cStorage.size();i++){","lastModifiedDate":"2023-09-19"},{"lineNumber":98,"author":{"gitId":"DumbCat-Github"},"content":"                    System.out.println(i+1 + \".\" + Storage.get(i));","lastModifiedDate":"2023-09-19"},{"lineNumber":99,"author":{"gitId":"DumbCat-Github"},"content":"                }","lastModifiedDate":"2023-09-19"},{"lineNumber":100,"author":{"gitId":"DumbCat-Github"},"content":"                Separator();","lastModifiedDate":"2023-09-19"},{"lineNumber":101,"author":{"gitId":"DumbCat-Github"},"content":"            } else if (words[0].equals(\"mark\")){","lastModifiedDate":"2023-09-19"},{"lineNumber":102,"author":{"gitId":"DumbCat-Github"},"content":"                Task Marker \u003d Storage.get(Integer.parseInt(words[1])-1);","lastModifiedDate":"2023-09-19"},{"lineNumber":103,"author":{"gitId":"DumbCat-Github"},"content":"                Marker.mark(true);","lastModifiedDate":"2023-09-19"},{"lineNumber":104,"author":{"gitId":"DumbCat-Github"},"content":"                System.out.println(\"Excellent , Cate marks your Task\");","lastModifiedDate":"2023-09-19"},{"lineNumber":105,"author":{"gitId":"DumbCat-Github"},"content":"                System.out.println(Marker);","lastModifiedDate":"2023-09-19"},{"lineNumber":106,"author":{"gitId":"DumbCat-Github"},"content":"","lastModifiedDate":"2023-09-19"},{"lineNumber":107,"author":{"gitId":"DumbCat-Github"},"content":"            } else if (words[0].equals(\"unmark\")){","lastModifiedDate":"2023-09-19"},{"lineNumber":108,"author":{"gitId":"DumbCat-Github"},"content":"                Task Marker \u003d Storage.get(Integer.parseInt(words[1])-1);","lastModifiedDate":"2023-09-19"},{"lineNumber":109,"author":{"gitId":"DumbCat-Github"},"content":"                Marker.mark(false);","lastModifiedDate":"2023-09-19"},{"lineNumber":110,"author":{"gitId":"DumbCat-Github"},"content":"                System.out.println(\"Dont worry , Cate un-marks your Task\");","lastModifiedDate":"2023-09-19"},{"lineNumber":111,"author":{"gitId":"DumbCat-Github"},"content":"                System.out.println(Marker);","lastModifiedDate":"2023-09-19"},{"lineNumber":112,"author":{"gitId":"DumbCat-Github"},"content":"            } else {","lastModifiedDate":"2023-09-19"},{"lineNumber":113,"author":{"gitId":"DumbCat-Github"},"content":"                Storage.add(new Task(line));","lastModifiedDate":"2023-09-19"},{"lineNumber":114,"author":{"gitId":"DumbCat-Github"},"content":"                Separator();","lastModifiedDate":"2023-09-19"},{"lineNumber":115,"author":{"gitId":"DumbCat-Github"},"content":"                System.out.println(\"Added: \" + line);","lastModifiedDate":"2023-09-19"},{"lineNumber":116,"author":{"gitId":"DumbCat-Github"},"content":"                Separator();","lastModifiedDate":"2023-09-19"},{"lineNumber":117,"author":{"gitId":"DumbCat-Github"},"content":"            }","lastModifiedDate":"2023-09-19"},{"lineNumber":118,"author":{"gitId":"DumbCat-Github"},"content":"        }","lastModifiedDate":"2023-09-19"},{"lineNumber":119,"author":{"gitId":"DumbCat-Github"},"content":"    }","lastModifiedDate":"2023-09-19"},{"lineNumber":120,"author":{"gitId":"DumbCat-Github"},"content":"    public static void ErrorDuke(){","lastModifiedDate":"2023-09-27"},{"lineNumber":121,"author":{"gitId":"DumbCat-Github"},"content":"        System.out.println(\"Cate does not know what this means\");","lastModifiedDate":"2023-09-27"},{"lineNumber":122,"author":{"gitId":"DumbCat-Github"},"content":"        System.out.println(\"The available commands are : list , mark , unmark , todo , deadline , event , bye\");","lastModifiedDate":"2023-09-27"},{"lineNumber":123,"author":{"gitId":"DumbCat-Github"},"content":"    }","lastModifiedDate":"2023-09-27"},{"lineNumber":124,"author":{"gitId":"DumbCat-Github"},"content":"    public static void Response(Keyword input,ArrayList\u003cTask\u003e Storage){","lastModifiedDate":"2023-09-27"},{"lineNumber":125,"author":{"gitId":"DumbCat-Github"},"content":"        switch (input){","lastModifiedDate":"2023-09-27"},{"lineNumber":126,"author":{"gitId":"DumbCat-Github"},"content":"            case BYE:","lastModifiedDate":"2023-09-27"},{"lineNumber":127,"author":{"gitId":"DumbCat-Github"},"content":"                Separator();","lastModifiedDate":"2023-09-27"},{"lineNumber":128,"author":{"gitId":"DumbCat-Github"},"content":"                System.out.println(\"Goodbye , See you next time \u0027~\u0027\");","lastModifiedDate":"2023-09-27"},{"lineNumber":129,"author":{"gitId":"DumbCat-Github"},"content":"                Separator();","lastModifiedDate":"2023-09-27"},{"lineNumber":130,"author":{"gitId":"DumbCat-Github"},"content":"                break;","lastModifiedDate":"2023-09-27"},{"lineNumber":131,"author":{"gitId":"DumbCat-Github"},"content":"            case LIST:","lastModifiedDate":"2023-09-27"},{"lineNumber":132,"author":{"gitId":"DumbCat-Github"},"content":"                ListTask(Storage);","lastModifiedDate":"2023-09-27"},{"lineNumber":133,"author":{"gitId":"DumbCat-Github"},"content":"                break;","lastModifiedDate":"2023-09-27"},{"lineNumber":134,"author":{"gitId":"DumbCat-Github"},"content":"            case MARK:","lastModifiedDate":"2023-09-27"},{"lineNumber":135,"author":{"gitId":"DumbCat-Github"},"content":"                Separator();","lastModifiedDate":"2023-09-27"},{"lineNumber":136,"author":{"gitId":"DumbCat-Github"},"content":"                System.out.println(\"Excellent , Cate marks your Task\");","lastModifiedDate":"2023-09-27"},{"lineNumber":137,"author":{"gitId":"DumbCat-Github"},"content":"                System.out.println(Storage.get(Storage.size()-1));","lastModifiedDate":"2023-09-27"},{"lineNumber":138,"author":{"gitId":"DumbCat-Github"},"content":"                Separator();","lastModifiedDate":"2023-09-27"},{"lineNumber":139,"author":{"gitId":"DumbCat-Github"},"content":"                break;","lastModifiedDate":"2023-09-27"},{"lineNumber":140,"author":{"gitId":"DumbCat-Github"},"content":"            case UNMARK:","lastModifiedDate":"2023-09-27"},{"lineNumber":141,"author":{"gitId":"DumbCat-Github"},"content":"                Separator();","lastModifiedDate":"2023-09-27"},{"lineNumber":142,"author":{"gitId":"DumbCat-Github"},"content":"                System.out.println(\"Don\u0027t worry , Cate un-marks your Task\");","lastModifiedDate":"2023-09-27"},{"lineNumber":143,"author":{"gitId":"DumbCat-Github"},"content":"                System.out.println(Storage.get(Storage.size()-1));","lastModifiedDate":"2023-09-27"},{"lineNumber":144,"author":{"gitId":"DumbCat-Github"},"content":"                Separator();","lastModifiedDate":"2023-09-27"},{"lineNumber":145,"author":{"gitId":"DumbCat-Github"},"content":"                break;","lastModifiedDate":"2023-09-27"},{"lineNumber":146,"author":{"gitId":"DumbCat-Github"},"content":"            case TODO:","lastModifiedDate":"2023-09-27"},{"lineNumber":147,"author":{"gitId":"DumbCat-Github"},"content":"                Separator();","lastModifiedDate":"2023-09-27"},{"lineNumber":148,"author":{"gitId":"DumbCat-Github"},"content":"                System.out.println(\"Just do it\");","lastModifiedDate":"2023-09-27"},{"lineNumber":149,"author":{"gitId":"DumbCat-Github"},"content":"                System.out.println(Storage.get(Storage.size()-1));","lastModifiedDate":"2023-09-27"},{"lineNumber":150,"author":{"gitId":"DumbCat-Github"},"content":"                TaskCount(Storage.size());","lastModifiedDate":"2023-09-27"},{"lineNumber":151,"author":{"gitId":"DumbCat-Github"},"content":"                Separator();","lastModifiedDate":"2023-09-27"},{"lineNumber":152,"author":{"gitId":"DumbCat-Github"},"content":"                break;","lastModifiedDate":"2023-09-27"},{"lineNumber":153,"author":{"gitId":"DumbCat-Github"},"content":"            case DEADLINE:","lastModifiedDate":"2023-09-27"},{"lineNumber":154,"author":{"gitId":"DumbCat-Github"},"content":"                Separator();","lastModifiedDate":"2023-09-27"},{"lineNumber":155,"author":{"gitId":"DumbCat-Github"},"content":"                System.out.println(\"Time is ticking\");","lastModifiedDate":"2023-09-27"},{"lineNumber":156,"author":{"gitId":"DumbCat-Github"},"content":"                System.out.println(Storage.get(Storage.size()-1));","lastModifiedDate":"2023-09-27"},{"lineNumber":157,"author":{"gitId":"DumbCat-Github"},"content":"                TaskCount(Storage.size());","lastModifiedDate":"2023-09-27"},{"lineNumber":158,"author":{"gitId":"DumbCat-Github"},"content":"                Separator();","lastModifiedDate":"2023-09-27"},{"lineNumber":159,"author":{"gitId":"DumbCat-Github"},"content":"                break;","lastModifiedDate":"2023-09-27"},{"lineNumber":160,"author":{"gitId":"DumbCat-Github"},"content":"            case EVENT:","lastModifiedDate":"2023-09-27"},{"lineNumber":161,"author":{"gitId":"DumbCat-Github"},"content":"                Separator();","lastModifiedDate":"2023-09-27"},{"lineNumber":162,"author":{"gitId":"DumbCat-Github"},"content":"                System.out.println(\"Track the duration\");","lastModifiedDate":"2023-09-27"},{"lineNumber":163,"author":{"gitId":"DumbCat-Github"},"content":"                System.out.println(Storage.get(Storage.size()-1));","lastModifiedDate":"2023-09-27"},{"lineNumber":164,"author":{"gitId":"DumbCat-Github"},"content":"                TaskCount(Storage.size());","lastModifiedDate":"2023-09-27"},{"lineNumber":165,"author":{"gitId":"DumbCat-Github"},"content":"                Separator();","lastModifiedDate":"2023-09-27"},{"lineNumber":166,"author":{"gitId":"DumbCat-Github"},"content":"                break;","lastModifiedDate":"2023-09-27"},{"lineNumber":167,"author":{"gitId":"DumbCat-Github"},"content":"        }","lastModifiedDate":"2023-09-27"},{"lineNumber":168,"author":{"gitId":"DumbCat-Github"},"content":"    }","lastModifiedDate":"2023-09-27"},{"lineNumber":169,"author":{"gitId":"DumbCat-Github"},"content":"    public static void ListTask(ArrayList\u003cTask\u003e Storage){","lastModifiedDate":"2023-09-27"},{"lineNumber":170,"author":{"gitId":"DumbCat-Github"},"content":"        Separator();","lastModifiedDate":"2023-09-27"},{"lineNumber":171,"author":{"gitId":"DumbCat-Github"},"content":"        System.out.println(\"Here are your list of Tasks\");","lastModifiedDate":"2023-09-27"},{"lineNumber":172,"author":{"gitId":"DumbCat-Github"},"content":"        for (int i \u003d 0; i \u003c Storage.size(); i++) {","lastModifiedDate":"2023-09-27"},{"lineNumber":173,"author":{"gitId":"DumbCat-Github"},"content":"            System.out.println(i + 1 + \".\" + Storage.get(i));","lastModifiedDate":"2023-09-27"},{"lineNumber":174,"author":{"gitId":"DumbCat-Github"},"content":"        }","lastModifiedDate":"2023-09-27"},{"lineNumber":175,"author":{"gitId":"DumbCat-Github"},"content":"        System.out.println(\"Work harder, there is \" + Storage.size() + \" more task now\");","lastModifiedDate":"2023-09-27"},{"lineNumber":176,"author":{"gitId":"DumbCat-Github"},"content":"        Separator();","lastModifiedDate":"2023-09-27"},{"lineNumber":177,"author":{"gitId":"DumbCat-Github"},"content":"    }","lastModifiedDate":"2023-09-27"},{"lineNumber":178,"author":{"gitId":"DumbCat-Github"},"content":"    public enum Keyword {","lastModifiedDate":"2023-09-27"},{"lineNumber":179,"author":{"gitId":"DumbCat-Github"},"content":"        BYE,LIST,MARK,UNMARK,TODO,DEADLINE,EVENT","lastModifiedDate":"2023-09-27"},{"lineNumber":180,"author":{"gitId":"DumbCat-Github"},"content":"    }","lastModifiedDate":"2023-09-27"},{"lineNumber":181,"author":{"gitId":"DumbCat-Github"},"content":"    public static void TED(){","lastModifiedDate":"2023-09-19"},{"lineNumber":182,"author":{"gitId":"DumbCat-Github"},"content":"        ArrayList\u003cTask\u003e Storage \u003d new ArrayList\u003c\u003e();","lastModifiedDate":"2023-09-19"},{"lineNumber":183,"author":{"gitId":"DumbCat-Github"},"content":"        Task Selector;","lastModifiedDate":"2023-09-19"},{"lineNumber":184,"author":{"gitId":"DumbCat-Github"},"content":"        boolean Power\u003dtrue;","lastModifiedDate":"2023-09-19"},{"lineNumber":185,"author":{"gitId":"DumbCat-Github"},"content":"        while(Power){","lastModifiedDate":"2023-09-19"},{"lineNumber":186,"author":{"gitId":"DumbCat-Github"},"content":"            try {","lastModifiedDate":"2023-09-27"},{"lineNumber":187,"author":{"gitId":"DumbCat-Github"},"content":"                String line \u003d Scan();","lastModifiedDate":"2023-09-19"},{"lineNumber":188,"author":{"gitId":"DumbCat-Github"},"content":"                String[] words \u003d line.split(\" \");","lastModifiedDate":"2023-09-19"},{"lineNumber":189,"author":{"gitId":"DumbCat-Github"},"content":"                Keyword key \u003d Keyword.valueOf(words[0].toUpperCase());","lastModifiedDate":"2023-09-27"},{"lineNumber":190,"author":{"gitId":"DumbCat-Github"},"content":"                switch (key) {","lastModifiedDate":"2023-09-27"},{"lineNumber":191,"author":{"gitId":"DumbCat-Github"},"content":"                    case BYE:","lastModifiedDate":"2023-09-27"},{"lineNumber":192,"author":{"gitId":"DumbCat-Github"},"content":"                        Response(key,Storage);","lastModifiedDate":"2023-09-27"},{"lineNumber":193,"author":{"gitId":"DumbCat-Github"},"content":"                        Power \u003d false;","lastModifiedDate":"2023-09-19"},{"lineNumber":194,"author":{"gitId":"DumbCat-Github"},"content":"                        break;","lastModifiedDate":"2023-09-19"},{"lineNumber":195,"author":{"gitId":"DumbCat-Github"},"content":"                    case LIST:","lastModifiedDate":"2023-09-27"},{"lineNumber":196,"author":{"gitId":"DumbCat-Github"},"content":"                        if(Storage.isEmpty()){","lastModifiedDate":"2023-09-27"},{"lineNumber":197,"author":{"gitId":"DumbCat-Github"},"content":"                            throw new MissingArgumentException(\"Oops , List is Empty\");","lastModifiedDate":"2023-09-27"},{"lineNumber":198,"author":{"gitId":"DumbCat-Github"},"content":"                        }","lastModifiedDate":"2023-09-19"},{"lineNumber":199,"author":{"gitId":"DumbCat-Github"},"content":"                        Response(key,Storage);","lastModifiedDate":"2023-09-27"},{"lineNumber":200,"author":{"gitId":"DumbCat-Github"},"content":"                        break;","lastModifiedDate":"2023-09-19"},{"lineNumber":201,"author":{"gitId":"DumbCat-Github"},"content":"                    case MARK:","lastModifiedDate":"2023-09-27"},{"lineNumber":202,"author":{"gitId":"DumbCat-Github"},"content":"                        Selector \u003d Storage.get(Integer.parseInt(words[1]) - 1);","lastModifiedDate":"2023-09-27"},{"lineNumber":203,"author":{"gitId":"DumbCat-Github"},"content":"                        Selector.mark(true);","lastModifiedDate":"2023-09-19"},{"lineNumber":204,"author":{"gitId":"DumbCat-Github"},"content":"                        Response(key,Storage);","lastModifiedDate":"2023-09-27"},{"lineNumber":205,"author":{"gitId":"DumbCat-Github"},"content":"                        break;","lastModifiedDate":"2023-09-19"},{"lineNumber":206,"author":{"gitId":"DumbCat-Github"},"content":"                    case UNMARK:","lastModifiedDate":"2023-09-27"},{"lineNumber":207,"author":{"gitId":"DumbCat-Github"},"content":"                        Selector \u003d Storage.get(Integer.parseInt(words[1]) - 1);","lastModifiedDate":"2023-09-27"},{"lineNumber":208,"author":{"gitId":"DumbCat-Github"},"content":"                        Selector.mark(false);","lastModifiedDate":"2023-09-19"},{"lineNumber":209,"author":{"gitId":"DumbCat-Github"},"content":"                        Response(key,Storage);","lastModifiedDate":"2023-09-27"},{"lineNumber":210,"author":{"gitId":"DumbCat-Github"},"content":"                        break;","lastModifiedDate":"2023-09-19"},{"lineNumber":211,"author":{"gitId":"DumbCat-Github"},"content":"                    case TODO:","lastModifiedDate":"2023-09-27"},{"lineNumber":212,"author":{"gitId":"DumbCat-Github"},"content":"                        Selector \u003d new Todo(line.substring(5, line.length()));","lastModifiedDate":"2023-09-19"},{"lineNumber":213,"author":{"gitId":"DumbCat-Github"},"content":"                        Storage.add(Selector);","lastModifiedDate":"2023-09-19"},{"lineNumber":214,"author":{"gitId":"DumbCat-Github"},"content":"                        Response(key,Storage);","lastModifiedDate":"2023-09-27"},{"lineNumber":215,"author":{"gitId":"DumbCat-Github"},"content":"                        break;","lastModifiedDate":"2023-09-19"},{"lineNumber":216,"author":{"gitId":"DumbCat-Github"},"content":"                    case DEADLINE:","lastModifiedDate":"2023-09-27"},{"lineNumber":217,"author":{"gitId":"DumbCat-Github"},"content":"                        Selector \u003d new Deadline(line.substring(9, line.indexOf(\"/by\")), line.substring(line.indexOf(\"/by\") + 4, line.length()));","lastModifiedDate":"2023-09-19"},{"lineNumber":218,"author":{"gitId":"DumbCat-Github"},"content":"                        Storage.add(Selector);","lastModifiedDate":"2023-09-19"},{"lineNumber":219,"author":{"gitId":"DumbCat-Github"},"content":"                        Response(key,Storage);","lastModifiedDate":"2023-09-27"},{"lineNumber":220,"author":{"gitId":"DumbCat-Github"},"content":"                        break;","lastModifiedDate":"2023-09-19"},{"lineNumber":221,"author":{"gitId":"DumbCat-Github"},"content":"                    case EVENT:","lastModifiedDate":"2023-09-27"},{"lineNumber":222,"author":{"gitId":"DumbCat-Github"},"content":"                        Selector \u003d new Event(line.substring(6, line.indexOf(\"/from\")), line.substring(line.indexOf(\"/from\") + 6, line.indexOf(\"/to\")), line.substring(line.indexOf(\"/to\") + 4, line.length()));","lastModifiedDate":"2023-09-19"},{"lineNumber":223,"author":{"gitId":"DumbCat-Github"},"content":"                        Storage.add(Selector);","lastModifiedDate":"2023-09-19"},{"lineNumber":224,"author":{"gitId":"DumbCat-Github"},"content":"                        Response(key,Storage);","lastModifiedDate":"2023-09-27"},{"lineNumber":225,"author":{"gitId":"DumbCat-Github"},"content":"                        break;","lastModifiedDate":"2023-09-19"},{"lineNumber":226,"author":{"gitId":"DumbCat-Github"},"content":"                    default:","lastModifiedDate":"2023-09-27"},{"lineNumber":227,"author":{"gitId":"DumbCat-Github"},"content":"                        throw new IllegalArgumentException();","lastModifiedDate":"2023-09-27"},{"lineNumber":228,"author":{"gitId":"DumbCat-Github"},"content":"                }","lastModifiedDate":"2023-09-27"},{"lineNumber":229,"author":{"gitId":"DumbCat-Github"},"content":"            } catch (IllegalArgumentException e){","lastModifiedDate":"2023-09-27"},{"lineNumber":230,"author":{"gitId":"DumbCat-Github"},"content":"                ErrorDuke();","lastModifiedDate":"2023-09-27"},{"lineNumber":231,"author":{"gitId":"DumbCat-Github"},"content":"            } catch (MissingArgumentException e){","lastModifiedDate":"2023-09-27"},{"lineNumber":232,"author":{"gitId":"DumbCat-Github"},"content":"                System.out.println(e);","lastModifiedDate":"2023-09-27"},{"lineNumber":233,"author":{"gitId":"DumbCat-Github"},"content":"            }","lastModifiedDate":"2023-09-19"},{"lineNumber":234,"author":{"gitId":"DumbCat-Github"},"content":"        }","lastModifiedDate":"2023-09-19"},{"lineNumber":235,"author":{"gitId":"-"},"content":"    }","lastModifiedDate":"2023-09-19"},{"lineNumber":236,"author":{"gitId":"-"},"content":"}","lastModifiedDate":"2019-07-29"},{"lineNumber":237,"author":{"gitId":"DumbCat-Github"},"content":"","lastModifiedDate":"2023-09-18"}],"authorContributionMap":{"DumbCat-Github":232,"-":5}},{"path":"src/main/java/Event.java","fileType":"java","lines":[{"lineNumber":1,"author":{"gitId":"DumbCat-Github"},"content":"public class Event extends Task {","lastModifiedDate":"2023-09-19"},{"lineNumber":2,"author":{"gitId":"DumbCat-Github"},"content":"    protected String from;","lastModifiedDate":"2023-09-19"},{"lineNumber":3,"author":{"gitId":"DumbCat-Github"},"content":"    protected String to;","lastModifiedDate":"2023-09-19"},{"lineNumber":4,"author":{"gitId":"DumbCat-Github"},"content":"    public Event(String description,String from,String to) {","lastModifiedDate":"2023-09-19"},{"lineNumber":5,"author":{"gitId":"DumbCat-Github"},"content":"        super(description);","lastModifiedDate":"2023-09-19"},{"lineNumber":6,"author":{"gitId":"DumbCat-Github"},"content":"        isDone \u003d false;","lastModifiedDate":"2023-09-19"},{"lineNumber":7,"author":{"gitId":"DumbCat-Github"},"content":"        this.from \u003d from;","lastModifiedDate":"2023-09-19"},{"lineNumber":8,"author":{"gitId":"DumbCat-Github"},"content":"        this.to \u003d to;","lastModifiedDate":"2023-09-19"},{"lineNumber":9,"author":{"gitId":"DumbCat-Github"},"content":"    }","lastModifiedDate":"2023-09-19"},{"lineNumber":10,"author":{"gitId":"DumbCat-Github"},"content":"    public boolean isDone(){","lastModifiedDate":"2023-09-19"},{"lineNumber":11,"author":{"gitId":"DumbCat-Github"},"content":"        return isDone;","lastModifiedDate":"2023-09-19"},{"lineNumber":12,"author":{"gitId":"DumbCat-Github"},"content":"    }","lastModifiedDate":"2023-09-19"},{"lineNumber":13,"author":{"gitId":"DumbCat-Github"},"content":"    public void setDone(boolean change){","lastModifiedDate":"2023-09-19"},{"lineNumber":14,"author":{"gitId":"DumbCat-Github"},"content":"        this.isDone \u003d change;","lastModifiedDate":"2023-09-19"},{"lineNumber":15,"author":{"gitId":"DumbCat-Github"},"content":"    }","lastModifiedDate":"2023-09-19"},{"lineNumber":16,"author":{"gitId":"DumbCat-Github"},"content":"    public String getFrom(){","lastModifiedDate":"2023-09-19"},{"lineNumber":17,"author":{"gitId":"DumbCat-Github"},"content":"        return from;","lastModifiedDate":"2023-09-19"},{"lineNumber":18,"author":{"gitId":"DumbCat-Github"},"content":"    }","lastModifiedDate":"2023-09-19"},{"lineNumber":19,"author":{"gitId":"DumbCat-Github"},"content":"    public String getTo(){","lastModifiedDate":"2023-09-19"},{"lineNumber":20,"author":{"gitId":"DumbCat-Github"},"content":"        return to;","lastModifiedDate":"2023-09-19"},{"lineNumber":21,"author":{"gitId":"DumbCat-Github"},"content":"    }","lastModifiedDate":"2023-09-19"},{"lineNumber":22,"author":{"gitId":"DumbCat-Github"},"content":"    @Override","lastModifiedDate":"2023-09-19"},{"lineNumber":23,"author":{"gitId":"DumbCat-Github"},"content":"    public String toString() {","lastModifiedDate":"2023-09-19"},{"lineNumber":24,"author":{"gitId":"DumbCat-Github"},"content":"        return \"[E][\" + getStatusIcon() + \"] \" + getDescription() + \"(from:\" + getFrom() + \" to:\" + getTo() + \")\";","lastModifiedDate":"2023-09-19"},{"lineNumber":25,"author":{"gitId":"DumbCat-Github"},"content":"    }","lastModifiedDate":"2023-09-19"},{"lineNumber":26,"author":{"gitId":"DumbCat-Github"},"content":"}","lastModifiedDate":"2023-09-19"}],"authorContributionMap":{"DumbCat-Github":26}},{"path":"src/main/java/Task.java","fileType":"java","lines":[{"lineNumber":1,"author":{"gitId":"DumbCat-Github"},"content":"public class Task {","lastModifiedDate":"2023-09-18"},{"lineNumber":2,"author":{"gitId":"DumbCat-Github"},"content":"    protected String description;","lastModifiedDate":"2023-09-18"},{"lineNumber":3,"author":{"gitId":"DumbCat-Github"},"content":"    protected boolean isDone;","lastModifiedDate":"2023-09-18"},{"lineNumber":4,"author":{"gitId":"DumbCat-Github"},"content":"    public Task(String description) {","lastModifiedDate":"2023-09-18"},{"lineNumber":5,"author":{"gitId":"DumbCat-Github"},"content":"        this.description \u003d description;","lastModifiedDate":"2023-09-18"},{"lineNumber":6,"author":{"gitId":"DumbCat-Github"},"content":"        this.isDone\u003dfalse;","lastModifiedDate":"2023-09-18"},{"lineNumber":7,"author":{"gitId":"DumbCat-Github"},"content":"    }","lastModifiedDate":"2023-09-18"},{"lineNumber":8,"author":{"gitId":"DumbCat-Github"},"content":"    public String getDescription() {","lastModifiedDate":"2023-09-18"},{"lineNumber":9,"author":{"gitId":"DumbCat-Github"},"content":"        return description;","lastModifiedDate":"2023-09-18"},{"lineNumber":10,"author":{"gitId":"DumbCat-Github"},"content":"    }","lastModifiedDate":"2023-09-18"},{"lineNumber":11,"author":{"gitId":"DumbCat-Github"},"content":"    public void mark(boolean markchange){","lastModifiedDate":"2023-09-19"},{"lineNumber":12,"author":{"gitId":"DumbCat-Github"},"content":"","lastModifiedDate":"2023-09-19"},{"lineNumber":13,"author":{"gitId":"DumbCat-Github"},"content":"        this.isDone \u003d markchange;","lastModifiedDate":"2023-09-19"},{"lineNumber":14,"author":{"gitId":"DumbCat-Github"},"content":"    }","lastModifiedDate":"2023-09-18"},{"lineNumber":15,"author":{"gitId":"DumbCat-Github"},"content":"    public String getStatusIcon() {","lastModifiedDate":"2023-09-18"},{"lineNumber":16,"author":{"gitId":"DumbCat-Github"},"content":"        return (isDone ? \"X\" : \" \"); // mark done task with X","lastModifiedDate":"2023-09-18"},{"lineNumber":17,"author":{"gitId":"DumbCat-Github"},"content":"    }","lastModifiedDate":"2023-09-18"},{"lineNumber":18,"author":{"gitId":"DumbCat-Github"},"content":"    @Override","lastModifiedDate":"2023-09-19"},{"lineNumber":19,"author":{"gitId":"DumbCat-Github"},"content":"    public String toString() {","lastModifiedDate":"2023-09-19"},{"lineNumber":20,"author":{"gitId":"DumbCat-Github"},"content":"        return \"[\" + getStatusIcon() + \"] \" + getDescription();","lastModifiedDate":"2023-09-19"},{"lineNumber":21,"author":{"gitId":"DumbCat-Github"},"content":"    }","lastModifiedDate":"2023-09-19"},{"lineNumber":22,"author":{"gitId":"DumbCat-Github"},"content":"}","lastModifiedDate":"2023-09-18"},{"lineNumber":23,"author":{"gitId":"DumbCat-Github"},"content":"","lastModifiedDate":"2023-09-19"}],"authorContributionMap":{"DumbCat-Github":23}},{"path":"src/main/java/Todo.java","fileType":"java","lines":[{"lineNumber":1,"author":{"gitId":"DumbCat-Github"},"content":"public class Todo extends Task {","lastModifiedDate":"2023-09-18"},{"lineNumber":2,"author":{"gitId":"DumbCat-Github"},"content":"    public Todo(String description) {","lastModifiedDate":"2023-09-18"},{"lineNumber":3,"author":{"gitId":"DumbCat-Github"},"content":"        super(description);","lastModifiedDate":"2023-09-18"},{"lineNumber":4,"author":{"gitId":"DumbCat-Github"},"content":"        isDone \u003d false;","lastModifiedDate":"2023-09-18"},{"lineNumber":5,"author":{"gitId":"DumbCat-Github"},"content":"    }","lastModifiedDate":"2023-09-18"},{"lineNumber":6,"author":{"gitId":"DumbCat-Github"},"content":"","lastModifiedDate":"2023-09-19"},{"lineNumber":7,"author":{"gitId":"DumbCat-Github"},"content":"    @Override","lastModifiedDate":"2023-09-19"},{"lineNumber":8,"author":{"gitId":"DumbCat-Github"},"content":"    public String toString() {","lastModifiedDate":"2023-09-19"},{"lineNumber":9,"author":{"gitId":"DumbCat-Github"},"content":"        return \"[T][\" + getStatusIcon() + \"] \" + getDescription();","lastModifiedDate":"2023-09-19"},{"lineNumber":10,"author":{"gitId":"DumbCat-Github"},"content":"    }","lastModifiedDate":"2023-09-18"},{"lineNumber":11,"author":{"gitId":"DumbCat-Github"},"content":"}","lastModifiedDate":"2023-09-18"}],"authorContributionMap":{"DumbCat-Github":11}}]
