{"authorDailyContributionsMap":{"DumbCat-Github":[{"date":"2023-09-18","commitResults":[{"hash":"a84bd3c5f6bd2aa9598e19baaf228fd65f4fe4f3","isMergeCommit":false,"messageTitle":"no message","messageBody":"","tags":["v1.0"],"fileTypesAndContributionMap":{"java":{"insertions":73,"deletions":6}}},{"hash":"f658345237354b8687cce2a6ed1df8395781c693","isMergeCommit":false,"messageTitle":"Level 1 and 2","messageBody":"","tags":["v2.0"],"fileTypesAndContributionMap":{"java":{"insertions":57,"deletions":1}}},{"hash":"897d217c1ec92c54daa06510cd492a0255339aca","isMergeCommit":true,"messageTitle":"Merge remote-tracking branch \u0027origin/master\u0027","messageBody":"","fileTypesAndContributionMap":{}}]},{"date":"2023-09-19","commitResults":[{"hash":"8cfdbb13194ef231f6bceb0edf62b28fc6ae77fb","isMergeCommit":false,"messageTitle":"update of duke to level 4 , added inheritance of task for todo , deadline and event","messageBody":"","tags":["v4.0"],"fileTypesAndContributionMap":{"java":{"insertions":158,"deletions":25}}}]},{"date":"2023-09-27","commitResults":[{"hash":"c81f4c232deb2534d07974ef4383a17ece9f25d5","isMergeCommit":false,"messageTitle":"Update Enum and OOP","messageBody":"","tags":["v5.0"],"fileTypesAndContributionMap":{"java":{"insertions":108,"deletions":56}}}]},{"date":"2023-09-28","commitResults":[{"hash":"3b38c868f8d0f37d3cf5c555a3dda839b57ad887","isMergeCommit":false,"messageTitle":"update of error catchment for all Task Keywords","messageBody":"","tags":["v5.1"],"fileTypesAndContributionMap":{"java":{"insertions":66,"deletions":5}}}]},{"date":"2023-09-29","commitResults":[{"hash":"f6e66c16c376f4b72de296a418f0baaa12534650","isMergeCommit":false,"messageTitle":"NEW DELETE function update of more error catch and flavour text","messageBody":"","tags":["v6.0"],"fileTypesAndContributionMap":{"java":{"insertions":55,"deletions":19}}}]},{"date":"2023-10-24","commitResults":[{"hash":"be93ca6ad5a1f2e782a3b0ab0d7c2c7d50745cd0","isMergeCommit":false,"messageTitle":"Merge remote-tracking branch \u0027origin/master\u0027","messageBody":"# Conflicts:\n#\tsrc/main/java/Duke.java\n#\tsrc/main/java/Task.java\n#\tsrc/main/java/Todo.java\n","tags":["v6.1"],"fileTypesAndContributionMap":{"java":{"insertions":17,"deletions":0}}},{"hash":"4bbceb29b78ac4b0410588b8b1340f42856a509a","isMergeCommit":false,"messageTitle":"testing main branch","messageBody":"","fileTypesAndContributionMap":{"java":{"insertions":2,"deletions":0}}},{"hash":"1ad3d4c7ad4adfbab3cd9fc8cff9a4a6f398330d","isMergeCommit":false,"messageTitle":"Moved keyword enum and text error parser into its own class","messageBody":"","fileTypesAndContributionMap":{"java":{"insertions":90,"deletions":79}}}]}]},"authorFileTypeContributionMap":{"DumbCat-Github":{"java":440,"md":0,"fxml":0,"sh":0,"bat":0,"gradle":0,"txt":0}},"authorContributionVariance":{"DumbCat-Github":1607.5591},"authorDisplayNameMap":{"DumbCat-Github":"HO L..G YI"}}
