{"authorDailyContributionsMap":{"DumbCat-Github":[{"date":"2023-09-18","commitResults":[{"hash":"a84bd3c5f6bd2aa9598e19baaf228fd65f4fe4f3","isMergeCommit":false,"messageTitle":"no message","messageBody":"","tags":["v1.0"],"fileTypesAndContributionMap":{"java":{"insertions":73,"deletions":6}}},{"hash":"f658345237354b8687cce2a6ed1df8395781c693","isMergeCommit":false,"messageTitle":"Level 1 and 2","messageBody":"","tags":["v2.0"],"fileTypesAndContributionMap":{"java":{"insertions":57,"deletions":1}}},{"hash":"897d217c1ec92c54daa06510cd492a0255339aca","isMergeCommit":true,"messageTitle":"Merge remote-tracking branch \u0027origin/master\u0027","messageBody":"","fileTypesAndContributionMap":{}}]},{"date":"2023-09-19","commitResults":[{"hash":"8cfdbb13194ef231f6bceb0edf62b28fc6ae77fb","isMergeCommit":false,"messageTitle":"update of duke to level 4 , added inheritance of task for todo , deadline and event","messageBody":"","tags":["v4.0"],"fileTypesAndContributionMap":{"java":{"insertions":158,"deletions":25}}}]},{"date":"2023-09-27","commitResults":[{"hash":"c81f4c232deb2534d07974ef4383a17ece9f25d5","isMergeCommit":false,"messageTitle":"Update Enum and OOP","messageBody":"","tags":["v5.0"],"fileTypesAndContributionMap":{"java":{"insertions":108,"deletions":56}}}]},{"date":"2023-09-28","commitResults":[{"hash":"3b38c868f8d0f37d3cf5c555a3dda839b57ad887","isMergeCommit":false,"messageTitle":"update of error catchment for all Task Keywords","messageBody":"","tags":["v5.1"],"fileTypesAndContributionMap":{"java":{"insertions":66,"deletions":5}}}]},{"date":"2023-09-29","commitResults":[{"hash":"f6e66c16c376f4b72de296a418f0baaa12534650","isMergeCommit":false,"messageTitle":"NEW DELETE function update of more error catch and flavour text","messageBody":"","tags":["v6.0"],"fileTypesAndContributionMap":{"java":{"insertions":55,"deletions":19}}}]},{"date":"2023-10-24","commitResults":[{"hash":"be93ca6ad5a1f2e782a3b0ab0d7c2c7d50745cd0","isMergeCommit":false,"messageTitle":"Merge remote-tracking branch \u0027origin/master\u0027","messageBody":"# Conflicts:\n#\tsrc/main/java/Duke.java\n#\tsrc/main/java/Task.java\n#\tsrc/main/java/Todo.java\n","tags":["v6.1"],"fileTypesAndContributionMap":{"java":{"insertions":17,"deletions":0}}},{"hash":"4bbceb29b78ac4b0410588b8b1340f42856a509a","isMergeCommit":false,"messageTitle":"testing main branch","messageBody":"","fileTypesAndContributionMap":{"java":{"insertions":2,"deletions":0}}},{"hash":"1ad3d4c7ad4adfbab3cd9fc8cff9a4a6f398330d","isMergeCommit":false,"messageTitle":"Moved keyword enum and text error parser into its own class","messageBody":"","tags":["v6.2"],"fileTypesAndContributionMap":{"java":{"insertions":90,"deletions":79}}}]},{"date":"2023-10-31","commitResults":[{"hash":"557da63d39b81b534d9a05ead93300cad8a558ae","isMergeCommit":false,"messageTitle":"creation of Storage class with save load function to txt file. list class to take over arraylist of task holding","messageBody":"","tags":["7.0"],"fileTypesAndContributionMap":{"txt":{"insertions":3,"deletions":0},"java":{"insertions":197,"deletions":9}}}]},{"date":"2023-11-03","commitResults":[{"hash":"2c28d78478b39faa26ee447c03c591bd1cdc2614","isMergeCommit":false,"messageTitle":"new find function in list class","messageBody":"","tags":["v8.0"],"fileTypesAndContributionMap":{"java":{"insertions":18,"deletions":1}}},{"hash":"8f0c41d1f8107eb60e8984a3a2af90b8915110d0","isMergeCommit":false,"messageTitle":"Created UI from Duke java function TED() , updated syntax for UI","messageBody":"","tags":["v8.1"],"fileTypesAndContributionMap":{"java":{"insertions":178,"deletions":22}}},{"hash":"327c35bc747576e545cfc165dcee09ae7ef4c59f","isMergeCommit":false,"messageTitle":"Removal of duke functions , Separator() given to each other class","messageBody":"","tags":["v8.2"],"fileTypesAndContributionMap":{"java":{"insertions":13,"deletions":255}}}]},{"date":"2023-11-05","commitResults":[{"hash":"bb28fe5e1c060fc83c05b9719c870da35d0d394b","isMergeCommit":false,"messageTitle":"update for loops. added comment for task , ui.","messageBody":"","tags":["v8.3"],"fileTypesAndContributionMap":{"java":{"insertions":80,"deletions":30}}},{"hash":"38d2f0de4c987978d3a55549a4eed0807bf9211d","isMergeCommit":false,"messageTitle":"update of duke main application run and storage path","messageBody":"","tags":["v8.4"],"fileTypesAndContributionMap":{"java":{"insertions":15,"deletions":22}}},{"hash":"864cb3d16bdc395547ff52e06cdffcfa7e4ac0c2","isMergeCommit":false,"messageTitle":"update of UI case","messageBody":"","tags":["v8.5"],"fileTypesAndContributionMap":{"java":{"insertions":1,"deletions":0}}}]}]},"authorFileTypeContributionMap":{"DumbCat-Github":{"java":604,"md":0,"fxml":0,"sh":0,"bat":0,"gradle":0,"txt":3}},"authorContributionVariance":{"DumbCat-Github":4701.4834},"authorDisplayNameMap":{"DumbCat-Github":"HO L..G YI"}}
