{"authorDailyContributionsMap":{"pehqingwen":[{"date":"2023-09-04","commitResults":[{"hash":"b55172bc7b414ff03bc2ee0e57492fbcd1163200","isMergeCommit":false,"messageTitle":"Completed Level-0, Level-1","messageBody":"","tags":["Level-0Level-1"],"fileTypesAndContributionMap":{"java":{"insertions":19,"deletions":6}}},{"hash":"6a3abbc1b394a7581d4f071ae097e11adfcddb67","isMergeCommit":false,"messageTitle":"Completed Level-2","messageBody":"","tags":["Level-2"],"fileTypesAndContributionMap":{"java":{"insertions":16,"deletions":2}}}]},{"date":"2023-09-08","commitResults":[{"hash":"9f5df16ddd8d9ca2cd7908d2a5a2010af443e6d3","isMergeCommit":false,"messageTitle":"Completed Level-3","messageBody":"","fileTypesAndContributionMap":{"java":{"insertions":26,"deletions":4}}}]},{"date":"2023-09-11","commitResults":[{"hash":"82c91ab6856d6f87a7cf3b1231bdd354403472d1","isMergeCommit":false,"messageTitle":"Completed Level-4","messageBody":"","fileTypesAndContributionMap":{"java":{"insertions":56,"deletions":27}}}]},{"date":"2023-09-18","commitResults":[{"hash":"9116ee72d20a9b79334b09c0b98c7915fd38448c","isMergeCommit":false,"messageTitle":"Completed Level-5","messageBody":"","fileTypesAndContributionMap":{"java":{"insertions":83,"deletions":57}}}]},{"date":"2023-09-22","commitResults":[{"hash":"4a911ae15acac03148fb3182a654e0bc853c1351","isMergeCommit":false,"messageTitle":"Completed Level-6","messageBody":"","fileTypesAndContributionMap":{"java":{"insertions":34,"deletions":19}}}]},{"date":"2023-10-10","commitResults":[{"hash":"32c1eb258963f54a56ee2ef0653dce4a3f9a165a","isMergeCommit":false,"messageTitle":"Level-7","messageBody":"","fileTypesAndContributionMap":{"txt":{"insertions":90,"deletions":0},"java":{"insertions":506,"deletions":4}}}]},{"date":"2023-10-14","commitResults":[{"hash":"cd18cc6ef57c946890ea6224a9487b7e97e9ffec","isMergeCommit":false,"messageTitle":"Completed Level-8","messageBody":"","fileTypesAndContributionMap":{"gradle":{"insertions":37,"deletions":0},"txt":{"insertions":43,"deletions":17},"java":{"insertions":642,"deletions":65}}}]},{"date":"2023-10-17","commitResults":[{"hash":"7a851bd5eb33ef0da1660c15af8b3f878c3e918e","isMergeCommit":false,"messageTitle":"Completed Level-9","messageBody":"","fileTypesAndContributionMap":{"txt":{"insertions":29,"deletions":18},"java":{"insertions":184,"deletions":203}}}]},{"date":"2023-10-18","commitResults":[{"hash":"1ab30f26263f8567d62d369ffb8baf3e4cdd7a56","isMergeCommit":false,"messageTitle":"Merge remote-tracking branch \u0027origin/add-gradle-support\u0027","messageBody":"","fileTypesAndContributionMap":{"txt":{"insertions":18,"deletions":1},"java":{"insertions":66,"deletions":4}}}]},{"date":"2023-10-25","commitResults":[{"hash":"8cefd02637653986b1f72e8d61da40efb22b287b","isMergeCommit":false,"messageTitle":"improve individual feature 2","messageBody":"","fileTypesAndContributionMap":{"gradle":{"insertions":24,"deletions":2},"txt":{"insertions":2,"deletions":138},"java":{"insertions":179,"deletions":521}}}]}]},"authorFileTypeContributionMap":{"pehqingwen":{"java":907,"md":0,"fxml":0,"sh":0,"bat":0,"gradle":59,"txt":8}},"authorContributionVariance":{"pehqingwen":25335.08},"authorDisplayNameMap":{"pehqingwen":"PEH .. WEN"}}
