{"authorDailyContributionsMap":{"pehqingwen":[{"date":"2023-09-04","commitResults":[{"hash":"b55172bc7b414ff03bc2ee0e57492fbcd1163200","isMergeCommit":false,"messageTitle":"Completed Level-0, Level-1","messageBody":"","tags":["Level-0Level-1"],"fileTypesAndContributionMap":{"java":{"insertions":19,"deletions":6}}},{"hash":"6a3abbc1b394a7581d4f071ae097e11adfcddb67","isMergeCommit":false,"messageTitle":"Completed Level-2","messageBody":"","tags":["Level-2"],"fileTypesAndContributionMap":{"java":{"insertions":16,"deletions":2}}}]},{"date":"2023-09-08","commitResults":[{"hash":"9f5df16ddd8d9ca2cd7908d2a5a2010af443e6d3","isMergeCommit":false,"messageTitle":"Completed Level-3","messageBody":"","fileTypesAndContributionMap":{"java":{"insertions":26,"deletions":4}}}]},{"date":"2023-09-11","commitResults":[{"hash":"82c91ab6856d6f87a7cf3b1231bdd354403472d1","isMergeCommit":false,"messageTitle":"Completed Level-4","messageBody":"","fileTypesAndContributionMap":{"java":{"insertions":56,"deletions":27}}}]},{"date":"2023-09-18","commitResults":[{"hash":"9116ee72d20a9b79334b09c0b98c7915fd38448c","isMergeCommit":false,"messageTitle":"Completed Level-5","messageBody":"","fileTypesAndContributionMap":{"java":{"insertions":83,"deletions":57}}}]},{"date":"2023-09-22","commitResults":[{"hash":"4a911ae15acac03148fb3182a654e0bc853c1351","isMergeCommit":false,"messageTitle":"Completed Level-6","messageBody":"","fileTypesAndContributionMap":{"java":{"insertions":34,"deletions":19}}}]}]},"authorFileTypeContributionMap":{"pehqingwen":{"java":124,"md":0,"fxml":0,"sh":0,"bat":0,"gradle":0,"txt":0}},"authorContributionVariance":{"pehqingwen":725.0493},"authorDisplayNameMap":{"pehqingwen":"PEH .. WEN"}}
