{"authorDailyContributionsMap":{"chongkelv123":[{"date":"2023-08-27","commitResults":[{"hash":"253750c5f1a35e3da9da43f9caac82f81a148b6e","isMergeCommit":false,"messageTitle":"Extracted method line(), logo() and greet() in Duke.java","messageBody":"","fileTypesAndContributionMap":{"java":{"insertions":28,"deletions":6}}},{"hash":"9e692e6e3b2391af35542493f5fcd2779afbee44","isMergeCommit":false,"messageTitle":"Rename chatbot from duke to Luna.","messageBody":"","tags":["Level-0"],"fileTypesAndContributionMap":{"java":{"insertions":6,"deletions":6}}},{"hash":"311a7902d371020ea3e06d1dde209e9720e71f08","isMergeCommit":false,"messageTitle":"Add method clearScreen","messageBody":"","fileTypesAndContributionMap":{"java":{"insertions":5,"deletions":0}}},{"hash":"a9a0cd42fd47d4381c63c9180b6d03bfa50f976b","isMergeCommit":false,"messageTitle":"Extract method bye.","messageBody":"","fileTypesAndContributionMap":{"java":{"insertions":4,"deletions":2}}},{"hash":"be6dd91a9e3d805723bf665bc9739f210d06db01","isMergeCommit":false,"messageTitle":"Change the line method return type from String to void.","messageBody":"","fileTypesAndContributionMap":{"java":{"insertions":14,"deletions":6}}},{"hash":"7565235d40233b5305f618b9190b755dc9e922a0","isMergeCommit":false,"messageTitle":"Change the logo method return type from String to void.","messageBody":"","fileTypesAndContributionMap":{"java":{"insertions":3,"deletions":3}}},{"hash":"c79d6d9f1361c9352a968aecc586dc8a4459a6f3","isMergeCommit":false,"messageTitle":"Add echos to the command entered by the user.","messageBody":"","fileTypesAndContributionMap":{"java":{"insertions":11,"deletions":2}}},{"hash":"a6a2ccfc99991aaa82df2c8f5c81a860461f87a1","isMergeCommit":false,"messageTitle":"Add indentation to the echos from the user input for Level-1","messageBody":"","tags":["Level-1"],"fileTypesAndContributionMap":{"java":{"insertions":33,"deletions":19}}},{"hash":"7215cd6b514dea1dfdf07de29f5d72cb46ae4eff","isMergeCommit":true,"messageTitle":"Merge remote-tracking branch \u0027upstream/add-gradle-support\u0027","messageBody":"","fileTypesAndContributionMap":{}},{"hash":"4b7fa8cb0eae3774155754f14dc099a816450e9d","isMergeCommit":false,"messageTitle":"Add the ability to store whatever text entered by the user and display them back to the user when requested.Level 2.","messageBody":"","tags":["Level-2"],"fileTypesAndContributionMap":{"java":{"insertions":34,"deletions":9}}}]},{"date":"2023-09-02","commitResults":[{"hash":"2f40fba1c600d1db69842c59f7e2ae0f1f128917","isMergeCommit":false,"messageTitle":"Add Task class","messageBody":"","fileTypesAndContributionMap":{"java":{"insertions":17,"deletions":0}}},{"hash":"54d2fa184026ba26c8ebfbae0e4a37b4f9f2b5d2","isMergeCommit":false,"messageTitle":"Replace the horizontal line charactor from \u0027HorizontalBar\u0027 to \u0027*\u0027.","messageBody":"","fileTypesAndContributionMap":{"java":{"insertions":1,"deletions":2}}}]},{"date":"2023-09-03","commitResults":[{"hash":"485f714a277e9cb2a31a556b6c3410226ea4562f","isMergeCommit":false,"messageTitle":"Add @Override at toString() in the Task class","messageBody":"","fileTypesAndContributionMap":{"java":{"insertions":5,"deletions":1}}},{"hash":"3c6c272aee59ee3875db129c5011ad24fa007060","isMergeCommit":false,"messageTitle":"Amend the Duke class to incorporate the Level-3 feature into it.","messageBody":"","fileTypesAndContributionMap":{"java":{"insertions":55,"deletions":7}}},{"hash":"5be72d455df89100684d094751a1b914a9298994","isMergeCommit":false,"messageTitle":"Add askKeyword() method and amend the structure to handle \"mark\" and \"unmark\" in the Duke class.","messageBody":"","fileTypesAndContributionMap":{"java":{"insertions":11,"deletions":4}}},{"hash":"b8659e5561863ef9b3bb23d71db974da7ac63a1c","isMergeCommit":false,"messageTitle":"Setting the text-ui-test. Define the input.txt and EXPECTED.TXT respectively.","messageBody":"","tags":["Level-3"],"fileTypesAndContributionMap":{"txt":{"insertions":9,"deletions":0}}}]},{"date":"2023-09-09","commitResults":[{"hash":"e031aa3705c9c303e0b59b63d5cf1e7d488aabbe","isMergeCommit":false,"messageTitle":"Remove the redundant method \"clearScreen\"","messageBody":"","fileTypesAndContributionMap":{"java":{"insertions":2,"deletions":3}}},{"hash":"d2827cd31f9ea622557e287c130c6e3f7746b995","isMergeCommit":false,"messageTitle":"Extract method processInput() in main.java","messageBody":"","fileTypesAndContributionMap":{"java":{"insertions":5,"deletions":1}}},{"hash":"85334b205848c1273b9262b53899dc32303e1ab4","isMergeCommit":false,"messageTitle":"Add enum Keyword.","messageBody":"","fileTypesAndContributionMap":{"java":{"insertions":17,"deletions":0}}},{"hash":"24b97f544fb0082c96bf26fb5295ebc5f29bd7e2","isMergeCommit":false,"messageTitle":"Refactoring the Duke.java","messageBody":"","fileTypesAndContributionMap":{"java":{"insertions":26,"deletions":30}}},{"hash":"d5d2f13070700404c340768d2a9ea0c577122e5c","isMergeCommit":false,"messageTitle":"Refactoring replace constant with enum Keyword and replace if/else with switch case.","messageBody":"","fileTypesAndContributionMap":{"java":{"insertions":65,"deletions":42}}},{"hash":"81fd5ab14c64bc68330646f2c6ea47a0143da3a7","isMergeCommit":false,"messageTitle":"Add Todo class which inherit from Task class","messageBody":"","fileTypesAndContributionMap":{"java":{"insertions":78,"deletions":13}}},{"hash":"dca2a1e7dda9cb60a28e016f8631c8b85b473762","isMergeCommit":false,"messageTitle":"Add Deadline class","messageBody":"","fileTypesAndContributionMap":{"java":{"insertions":21,"deletions":0}}}]},{"date":"2023-09-10","commitResults":[{"hash":"2ed3648c544ba241414efe4341558d125542aa24","isMergeCommit":false,"messageTitle":"Add IllegalInputException class","messageBody":"","fileTypesAndContributionMap":{"java":{"insertions":2,"deletions":0}}},{"hash":"e8415533e8c4596978418516ff14727a2739e9d5","isMergeCommit":false,"messageTitle":"Add Event class","messageBody":"","fileTypesAndContributionMap":{"java":{"insertions":22,"deletions":0}}},{"hash":"23e117ae9db9b8d44aa8a554c39fa39f364161f5","isMergeCommit":false,"messageTitle":"Implement increment of Level-4","messageBody":"","fileTypesAndContributionMap":{"java":{"insertions":68,"deletions":26}}},{"hash":"e15e748224d4ae4e77d29c63bbe3400d12b89756","isMergeCommit":false,"messageTitle":"Update EXPECTED.txt in text-ui-test. Completed increment LEVEL-4.","messageBody":"","tags":["Level-4"],"fileTypesAndContributionMap":{"txt":{"insertions":9,"deletions":6},"java":{"insertions":1,"deletions":1}}}]},{"date":"2023-09-16","commitResults":[{"hash":"11d2e94a951299dedddb7a0c2b24ef31ad10df02","isMergeCommit":false,"messageTitle":"Add Converstaion class","messageBody":"","fileTypesAndContributionMap":{"java":{"insertions":41,"deletions":0}}},{"hash":"d47cd1b3c80718d612d399936fdfafc260bb06d9","isMergeCommit":false,"messageTitle":"Add ICommand interface and Bye class.","messageBody":"","fileTypesAndContributionMap":{"java":{"insertions":33,"deletions":36}}},{"hash":"dbd7628cbb07c701cf06e976676cd855a4639eeb","isMergeCommit":false,"messageTitle":"Add List Class","messageBody":"","fileTypesAndContributionMap":{"java":{"insertions":30,"deletions":25}}},{"hash":"ec52447f52902e6cec2ddd0e12838e055745a659","isMergeCommit":false,"messageTitle":"Add Mark class","messageBody":"","fileTypesAndContributionMap":{"java":{"insertions":71,"deletions":2}}}]},{"date":"2023-09-17","commitResults":[{"hash":"f75875fc29334842b075c3ff927d601cbb440999","isMergeCommit":false,"messageTitle":"Include unmark.","messageBody":"","fileTypesAndContributionMap":{"java":{"insertions":8,"deletions":41}}},{"hash":"c6a54aa0876ee1054e3c300b5c746916035b30be","isMergeCommit":false,"messageTitle":"Add UnMark class","messageBody":"","fileTypesAndContributionMap":{"java":{"insertions":78,"deletions":34}}},{"hash":"5ed0b66e33b99d045689214508c73f66dcab18c1","isMergeCommit":false,"messageTitle":"Rename Keyword enum to KeywordTypes and Refactoring the KeyworTypes enum class.","messageBody":"","fileTypesAndContributionMap":{"java":{"insertions":54,"deletions":100},"md":{"insertions":1,"deletions":1}}},{"hash":"57201723cb5c00fd17b2c42a65302582adeeb8de","isMergeCommit":false,"messageTitle":"Delete useless IllegalInputException class and rename UnMark class","messageBody":"","fileTypesAndContributionMap":{"java":{"insertions":0,"deletions":2}}},{"hash":"ad51b7493d2dc2abd730beb2ab795ddddea493e6","isMergeCommit":false,"messageTitle":"Add exception handling to Duke","messageBody":"","fileTypesAndContributionMap":{"txt":{"insertions":9,"deletions":0},"java":{"insertions":137,"deletions":104}}},{"hash":"26e362a138cddaecbbb76b63614a8f84b0c598c1","isMergeCommit":false,"messageTitle":"Completed Level 5. Handle Erros","messageBody":"","fileTypesAndContributionMap":{"java":{"insertions":17,"deletions":1}}},{"hash":"4f9c91c3979267ef2b9c17d62c19fab4a4164977","isMergeCommit":false,"messageTitle":"Finetune Level-5 error handling","messageBody":"","tags":["Level-5"],"fileTypesAndContributionMap":{"txt":{"insertions":1,"deletions":0},"java":{"insertions":19,"deletions":16}}}]},{"date":"2023-09-23","commitResults":[{"hash":"de0d42b55c9ae64ac3f0ee99450b1dde2dc4a743","isMergeCommit":false,"messageTitle":"Add Delete class","messageBody":"","fileTypesAndContributionMap":{"java":{"insertions":11,"deletions":0}}},{"hash":"74b5d1c8cdb8908d69950bc3780479aded556855","isMergeCommit":false,"messageTitle":"Add IndexCommand interface","messageBody":"","fileTypesAndContributionMap":{"java":{"insertions":3,"deletions":0}}},{"hash":"0b5df6c50da2188f92b6d130b31271af59b5660f","isMergeCommit":false,"messageTitle":"Add IndexBaseCommand class","messageBody":"","fileTypesAndContributionMap":{"java":{"insertions":73,"deletions":0}}},{"hash":"11dc8c210dfd192a1220110fe5b810bc28d14343","isMergeCommit":false,"messageTitle":"Refinement to level-6 requirement","messageBody":"","fileTypesAndContributionMap":{"java":{"insertions":25,"deletions":29}}},{"hash":"075e60014eb65cf1c03c0b82f07495662ef4db87","isMergeCommit":false,"messageTitle":"Incorporate \"delete\" into the text-UI-testing.","messageBody":"","tags":["Level-6"],"fileTypesAndContributionMap":{"txt":{"insertions":4,"deletions":1},"java":{"insertions":1,"deletions":1}}}]},{"date":"2023-10-10","commitResults":[{"hash":"b844ad273569c1c1fe061b3a6b6993bda0dde4ae","isMergeCommit":true,"messageTitle":"Merge branch \u0027tweak-readme\u0027 of https://github.com/nus-tic2002-AY2324S1/duke","messageBody":"","fileTypesAndContributionMap":{}},{"hash":"4d535cce4efe17fb9875be5823bae01dd184222f","isMergeCommit":true,"messageTitle":"Merge branch \u0027add-details-to-readme\u0027 of https://github.com/nus-tic2002-AY2324S1/duke Resolve conflicts.","messageBody":"","fileTypesAndContributionMap":{}},{"hash":"ddebbde1ef5cc26bad1fbd119a6dc367de6de162","isMergeCommit":false,"messageTitle":"Add Parser class","messageBody":"","fileTypesAndContributionMap":{"java":{"insertions":5,"deletions":0}}}]},{"date":"2023-10-11","commitResults":[{"hash":"69163f2d09e996f73f1d20545d83bb9a68e37e38","isMergeCommit":false,"messageTitle":"Set up A more OOP program structure.","messageBody":"","fileTypesAndContributionMap":{"java":{"insertions":121,"deletions":0}}},{"hash":"fa1228007dbe8f06377e79516f74bf10917a3960","isMergeCommit":false,"messageTitle":"Incorporating showeWelcome() in Ui class.","messageBody":"","fileTypesAndContributionMap":{"java":{"insertions":40,"deletions":4}}}]},{"date":"2023-10-15","commitResults":[{"hash":"c5c46f6ae8c1959a3426b001e8c3cae738cecbdf","isMergeCommit":false,"messageTitle":"A messy commit","messageBody":"","fileTypesAndContributionMap":{"java":{"insertions":776,"deletions":42}}},{"hash":"1e97c79ca742a9263c6dd228f8da8e80d3866931","isMergeCommit":false,"messageTitle":"Update the existing program structure to incorporate it with the package.","messageBody":"","fileTypesAndContributionMap":{"java":{"insertions":202,"deletions":296}}},{"hash":"1fa3a4fec9f46537bd4eafbb5691d0a8c7cd2ad0","isMergeCommit":false,"messageTitle":"Delete the old program structure.","messageBody":"","fileTypesAndContributionMap":{"java":{"insertions":0,"deletions":576}}},{"hash":"cbb2f390e75ff1bbfd115ab0babb4bbd33e1cafd","isMergeCommit":false,"messageTitle":"Rename the Main Class to Duke class.","messageBody":"","fileTypesAndContributionMap":{"java":{"insertions":3,"deletions":3}}},{"hash":"f08eb571b1f2aac1ff2ae555cf9f25571b7b66d0","isMergeCommit":false,"messageTitle":"Implemented More OOP and Java Packages and text-ui-test with packages.","messageBody":"","fileTypesAndContributionMap":{"java":{"insertions":4,"deletions":17},"bat":{"insertions":2,"deletions":2}}}]},{"date":"2023-10-16","commitResults":[{"hash":"66eb867e06324bb2ff13326114b5e7e975ae492a","isMergeCommit":false,"messageTitle":"Fix bug. Decrease the number of task in task class when delete command execute successfully.","messageBody":"","fileTypesAndContributionMap":{"txt":{"insertions":2,"deletions":0},"java":{"insertions":5,"deletions":7}}},{"hash":"e46641551a9ae822cb0186db89b8aef0886fe5a6","isMergeCommit":false,"messageTitle":"Incorporating save function to Storage class","messageBody":"","fileTypesAndContributionMap":{"txt":{"insertions":26,"deletions":0},"java":{"insertions":109,"deletions":29}}}]},{"date":"2023-10-17","commitResults":[{"hash":"65051eebe9655eda99329d606f393e2c56599d1a","isMergeCommit":false,"messageTitle":"Apply SRP to IndexBaseCommad.","messageBody":"","fileTypesAndContributionMap":{"gradle":{"insertions":1,"deletions":1},"txt":{"insertions":0,"deletions":2},"java":{"insertions":79,"deletions":46}}},{"hash":"6a4b9ec6f976cefa73d23dcf49abca47dfb268e4","isMergeCommit":false,"messageTitle":"Apply SRP to Todo class.","messageBody":"","fileTypesAndContributionMap":{"java":{"insertions":13,"deletions":4}}},{"hash":"b3d0d5e2805dad3733a354607abae06110bee041","isMergeCommit":false,"messageTitle":"Arbitrary commit.","messageBody":"","fileTypesAndContributionMap":{"txt":{"insertions":6,"deletions":0},"java":{"insertions":72,"deletions":19}}}]},{"date":"2023-10-21","commitResults":[{"hash":"9d87d3abde83f8752b91c03c82ec81ae1af7bfdc","isMergeCommit":false,"messageTitle":"Commit: Handle data file being corrupted. And fix the number of tasks bug.","messageBody":"","fileTypesAndContributionMap":{"txt":{"insertions":0,"deletions":24},"java":{"insertions":45,"deletions":25}}},{"hash":"6aa8a569d97f56194e7b79755614940e26d89728","isMergeCommit":false,"messageTitle":"Rename class from MissingDescriptionException to InvalidArgumentException.","messageBody":"","fileTypesAndContributionMap":{"java":{"insertions":31,"deletions":39}}},{"hash":"55870c5aea18606799e042ec3ff0ee8f5ac55faf","isMergeCommit":false,"messageTitle":"Wrap up Level-7","messageBody":"","fileTypesAndContributionMap":{"txt":{"insertions":2,"deletions":6},"java":{"insertions":132,"deletions":70}}},{"hash":"4a5137546bd875f60c72bfb4f6d0a2138adc51b4","isMergeCommit":true,"messageTitle":"Merge branch \u0027branch-Level-7\u0027","messageBody":"","tags":["Level-7"],"fileTypesAndContributionMap":{}}]}]},"authorFileTypeContributionMap":{"chongkelv123":{"java":1000,"md":2,"fxml":0,"sh":0,"bat":2,"gradle":1,"txt":29}},"authorContributionVariance":{"chongkelv123":61827.39},"authorDisplayNameMap":{"chongkelv123":"CHON..IONG"}}
