[{"path":"src/main/java/data/duke.txt","fileType":"txt","lines":[{"lineNumber":1,"author":{"gitId":"agqy98"},"content":"T | 0 | borrow book","lastModifiedDate":"2023-10-30"},{"lineNumber":2,"author":{"gitId":"agqy98"},"content":"D | 0 | return book | Sunday","lastModifiedDate":"2023-10-30"},{"lineNumber":3,"author":{"gitId":"agqy98"},"content":"E | 0 | project meeting  | Mon 2pm | 4pm","lastModifiedDate":"2023-10-30"}],"authorContributionMap":{"agqy98":3}},{"path":"src/main/java/duke/Duke.java","fileType":"java","lines":[{"lineNumber":1,"author":{"gitId":"agqy98"},"content":"package duke;","lastModifiedDate":"2023-10-30"},{"lineNumber":2,"author":{"gitId":"agqy98"},"content":"","lastModifiedDate":"2023-10-30"},{"lineNumber":3,"author":{"gitId":"agqy98"},"content":"import java.util.HashMap;","lastModifiedDate":"2023-10-29"},{"lineNumber":4,"author":{"gitId":"agqy98"},"content":"import java.util.Map;","lastModifiedDate":"2023-10-29"},{"lineNumber":5,"author":{"gitId":"agqy98"},"content":"import java.util.Scanner;","lastModifiedDate":"2023-10-30"},{"lineNumber":6,"author":{"gitId":"agqy98"},"content":"","lastModifiedDate":"2023-09-13"},{"lineNumber":7,"author":{"gitId":"agqy98"},"content":"import duke.command.TaskType; ","lastModifiedDate":"2023-10-30"},{"lineNumber":8,"author":{"gitId":"agqy98"},"content":"import duke.error.ErrorType;","lastModifiedDate":"2023-10-30"},{"lineNumber":9,"author":{"gitId":"agqy98"},"content":"import duke.ui.UI;","lastModifiedDate":"2023-10-30"},{"lineNumber":10,"author":{"gitId":"agqy98"},"content":"import duke.storage.Storage;","lastModifiedDate":"2023-10-30"},{"lineNumber":11,"author":{"gitId":"agqy98"},"content":"import duke.tasklist.TaskList;","lastModifiedDate":"2023-10-30"},{"lineNumber":12,"author":{"gitId":"agqy98"},"content":"","lastModifiedDate":"2023-10-30"},{"lineNumber":13,"author":{"gitId":"agqy98"},"content":"import duke.task.Events;","lastModifiedDate":"2023-10-30"},{"lineNumber":14,"author":{"gitId":"agqy98"},"content":"import duke.task.Deadlines;","lastModifiedDate":"2023-10-30"},{"lineNumber":15,"author":{"gitId":"agqy98"},"content":"import duke.task.ToDos;","lastModifiedDate":"2023-10-30"},{"lineNumber":16,"author":{"gitId":"agqy98"},"content":"import duke.task.Task;","lastModifiedDate":"2023-10-30"},{"lineNumber":17,"author":{"gitId":"agqy98"},"content":"","lastModifiedDate":"2023-10-30"},{"lineNumber":18,"author":{"gitId":"-"},"content":"public class Duke {","lastModifiedDate":"2019-07-29"},{"lineNumber":19,"author":{"gitId":"agqy98"},"content":"    private UI ui;","lastModifiedDate":"2023-10-30"},{"lineNumber":20,"author":{"gitId":"agqy98"},"content":"    private Storage storage;","lastModifiedDate":"2023-10-30"},{"lineNumber":21,"author":{"gitId":"agqy98"},"content":"    private TaskList taskList;","lastModifiedDate":"2023-10-30"},{"lineNumber":22,"author":{"gitId":"agqy98"},"content":"","lastModifiedDate":"2023-10-30"},{"lineNumber":23,"author":{"gitId":"agqy98"},"content":"    private static final Map\u003cTaskType, String\u003e TASK_KEYWORDS \u003d new HashMap\u003c\u003e();","lastModifiedDate":"2023-10-29"},{"lineNumber":24,"author":{"gitId":"agqy98"},"content":"","lastModifiedDate":"2023-10-29"},{"lineNumber":25,"author":{"gitId":"agqy98"},"content":"    static {","lastModifiedDate":"2023-10-29"},{"lineNumber":26,"author":{"gitId":"agqy98"},"content":"        TASK_KEYWORDS.put(TaskType.TODO, \"todo\");","lastModifiedDate":"2023-10-29"},{"lineNumber":27,"author":{"gitId":"agqy98"},"content":"        TASK_KEYWORDS.put(TaskType.DEADLINE, \"deadline\");","lastModifiedDate":"2023-10-29"},{"lineNumber":28,"author":{"gitId":"agqy98"},"content":"        TASK_KEYWORDS.put(TaskType.EVENT, \"event\");","lastModifiedDate":"2023-10-29"},{"lineNumber":29,"author":{"gitId":"agqy98"},"content":"        TASK_KEYWORDS.put(TaskType.DELETE, \"delete\");","lastModifiedDate":"2023-10-29"},{"lineNumber":30,"author":{"gitId":"agqy98"},"content":"    }","lastModifiedDate":"2023-10-29"},{"lineNumber":31,"author":{"gitId":"agqy98"},"content":"","lastModifiedDate":"2023-09-14"},{"lineNumber":32,"author":{"gitId":"agqy98"},"content":"    public Duke() {","lastModifiedDate":"2023-10-30"},{"lineNumber":33,"author":{"gitId":"agqy98"},"content":"        this.ui \u003d new UI();","lastModifiedDate":"2023-10-30"},{"lineNumber":34,"author":{"gitId":"agqy98"},"content":"        this.storage \u003d new Storage();","lastModifiedDate":"2023-10-30"},{"lineNumber":35,"author":{"gitId":"agqy98"},"content":"        this.taskList \u003d new TaskList(storage.loadTasks());","lastModifiedDate":"2023-10-30"},{"lineNumber":36,"author":{"gitId":"agqy98"},"content":"    }","lastModifiedDate":"2023-10-30"},{"lineNumber":37,"author":{"gitId":"agqy98"},"content":"","lastModifiedDate":"2023-10-30"},{"lineNumber":38,"author":{"gitId":"agqy98"},"content":"    public void run() {","lastModifiedDate":"2023-10-30"},{"lineNumber":39,"author":{"gitId":"agqy98"},"content":"        ui.printWelcomeMessage();","lastModifiedDate":"2023-10-30"},{"lineNumber":40,"author":{"gitId":"agqy98"},"content":"","lastModifiedDate":"2023-09-13"},{"lineNumber":41,"author":{"gitId":"agqy98"},"content":"        Scanner scanner \u003d new Scanner(System.in);","lastModifiedDate":"2023-09-13"},{"lineNumber":42,"author":{"gitId":"agqy98"},"content":"        String input;","lastModifiedDate":"2023-10-29"},{"lineNumber":43,"author":{"gitId":"agqy98"},"content":"","lastModifiedDate":"2023-10-29"},{"lineNumber":44,"author":{"gitId":"agqy98"},"content":"        do {","lastModifiedDate":"2023-10-29"},{"lineNumber":45,"author":{"gitId":"agqy98"},"content":"            input \u003d scanner.nextLine().trim();","lastModifiedDate":"2023-10-29"},{"lineNumber":46,"author":{"gitId":"agqy98"},"content":"            processInput(input);","lastModifiedDate":"2023-10-29"},{"lineNumber":47,"author":{"gitId":"agqy98"},"content":"        } while (!input.equalsIgnoreCase(\"bye\"));","lastModifiedDate":"2023-10-29"},{"lineNumber":48,"author":{"gitId":"agqy98"},"content":"","lastModifiedDate":"2023-10-29"},{"lineNumber":49,"author":{"gitId":"agqy98"},"content":"        ui.printGoodbyeMessage();","lastModifiedDate":"2023-10-30"},{"lineNumber":50,"author":{"gitId":"agqy98"},"content":"        scanner.close();","lastModifiedDate":"2023-10-29"},{"lineNumber":51,"author":{"gitId":"agqy98"},"content":"    }","lastModifiedDate":"2023-10-29"},{"lineNumber":52,"author":{"gitId":"agqy98"},"content":"","lastModifiedDate":"2023-10-29"},{"lineNumber":53,"author":{"gitId":"agqy98"},"content":"    public static void main(String[] args) {","lastModifiedDate":"2023-10-30"},{"lineNumber":54,"author":{"gitId":"agqy98"},"content":"        new Duke().run();","lastModifiedDate":"2023-10-30"},{"lineNumber":55,"author":{"gitId":"agqy98"},"content":"    }","lastModifiedDate":"2023-10-30"},{"lineNumber":56,"author":{"gitId":"agqy98"},"content":"","lastModifiedDate":"2023-10-30"},{"lineNumber":57,"author":{"gitId":"agqy98"},"content":"    private void processInput(String input) {","lastModifiedDate":"2023-10-30"},{"lineNumber":58,"author":{"gitId":"agqy98"},"content":"        if (input.equalsIgnoreCase(\"list\")) {","lastModifiedDate":"2023-09-14"},{"lineNumber":59,"author":{"gitId":"agqy98"},"content":"            ui.printTaskList(taskList.getList());","lastModifiedDate":"2023-10-30"},{"lineNumber":60,"author":{"gitId":"agqy98"},"content":"            return;","lastModifiedDate":"2023-10-29"},{"lineNumber":61,"author":{"gitId":"agqy98"},"content":"        }","lastModifiedDate":"2023-10-29"},{"lineNumber":62,"author":{"gitId":"agqy98"},"content":"        TaskType taskType \u003d getTaskType(input);","lastModifiedDate":"2023-10-29"},{"lineNumber":63,"author":{"gitId":"agqy98"},"content":"        if (taskType \u003d\u003d null) {","lastModifiedDate":"2023-10-29"},{"lineNumber":64,"author":{"gitId":"agqy98"},"content":"            ui.printErrorMessage(ErrorType.ERR_SYSTEM_READ_FAIL, taskType, taskList.getListSize());","lastModifiedDate":"2023-10-30"},{"lineNumber":65,"author":{"gitId":"agqy98"},"content":"            return;","lastModifiedDate":"2023-10-29"},{"lineNumber":66,"author":{"gitId":"agqy98"},"content":"        }","lastModifiedDate":"2023-10-29"},{"lineNumber":67,"author":{"gitId":"agqy98"},"content":"","lastModifiedDate":"2023-10-29"},{"lineNumber":68,"author":{"gitId":"agqy98"},"content":"        ErrorType err \u003d hasError(input, taskType);","lastModifiedDate":"2023-10-29"},{"lineNumber":69,"author":{"gitId":"agqy98"},"content":"        if (err !\u003d null) {","lastModifiedDate":"2023-10-29"},{"lineNumber":70,"author":{"gitId":"agqy98"},"content":"            ui.printErrorMessage(err, taskType, taskList.getListSize());","lastModifiedDate":"2023-10-30"},{"lineNumber":71,"author":{"gitId":"agqy98"},"content":"            return;","lastModifiedDate":"2023-10-29"},{"lineNumber":72,"author":{"gitId":"agqy98"},"content":"        }","lastModifiedDate":"2023-10-29"},{"lineNumber":73,"author":{"gitId":"agqy98"},"content":"","lastModifiedDate":"2023-10-29"},{"lineNumber":74,"author":{"gitId":"agqy98"},"content":"        String taskDescription \u003d input.substring(TASK_KEYWORDS.get(taskType).length() + 1).trim();","lastModifiedDate":"2023-10-29"},{"lineNumber":75,"author":{"gitId":"agqy98"},"content":"        if (taskDescription.isEmpty()) {","lastModifiedDate":"2023-10-29"},{"lineNumber":76,"author":{"gitId":"agqy98"},"content":"            ui.printErrorMessage(ErrorType.ERR_EMPTY_DESCRIPTION, taskType, taskList.getListSize());","lastModifiedDate":"2023-10-30"},{"lineNumber":77,"author":{"gitId":"agqy98"},"content":"            return;","lastModifiedDate":"2023-10-29"},{"lineNumber":78,"author":{"gitId":"agqy98"},"content":"        }","lastModifiedDate":"2023-10-29"},{"lineNumber":79,"author":{"gitId":"agqy98"},"content":"        try {","lastModifiedDate":"2023-10-29"},{"lineNumber":80,"author":{"gitId":"agqy98"},"content":"            if (taskType \u003d\u003d TaskType.DELETE) {","lastModifiedDate":"2023-10-29"},{"lineNumber":81,"author":{"gitId":"agqy98"},"content":"                try {","lastModifiedDate":"2023-10-29"},{"lineNumber":82,"author":{"gitId":"agqy98"},"content":"                    int intValue \u003d Integer.parseInt(taskDescription);","lastModifiedDate":"2023-10-29"},{"lineNumber":83,"author":{"gitId":"agqy98"},"content":"                    if (intValue \u003e 0 \u0026\u0026 intValue \u003c\u003d taskList.getListSize()) {","lastModifiedDate":"2023-10-30"},{"lineNumber":84,"author":{"gitId":"agqy98"},"content":"                        taskList.deleteTask(intValue - 1);","lastModifiedDate":"2023-10-30"},{"lineNumber":85,"author":{"gitId":"agqy98"},"content":"                        storage.saveTasks(taskList.getList()); // Save tasks to file after each change","lastModifiedDate":"2023-10-30"},{"lineNumber":86,"author":{"gitId":"agqy98"},"content":"                    } else {","lastModifiedDate":"2023-09-14"},{"lineNumber":87,"author":{"gitId":"agqy98"},"content":"                        ui.printErrorMessage(ErrorType.ERR_EXCEED_LIMIT, taskType, taskList.getListSize());","lastModifiedDate":"2023-10-30"},{"lineNumber":88,"author":{"gitId":"agqy98"},"content":"                    }","lastModifiedDate":"2023-09-14"},{"lineNumber":89,"author":{"gitId":"agqy98"},"content":"                } catch (NumberFormatException e) {","lastModifiedDate":"2023-10-29"},{"lineNumber":90,"author":{"gitId":"agqy98"},"content":"                    ui.printErrorMessage(ErrorType.ERR_EXPECT_NUMBER, taskType, taskList.getListSize());","lastModifiedDate":"2023-10-30"},{"lineNumber":91,"author":{"gitId":"agqy98"},"content":"                }","lastModifiedDate":"2023-10-29"},{"lineNumber":92,"author":{"gitId":"agqy98"},"content":"            } else {","lastModifiedDate":"2023-10-29"},{"lineNumber":93,"author":{"gitId":"agqy98"},"content":"                taskList.addTask(createTask(taskType, taskDescription));","lastModifiedDate":"2023-10-30"},{"lineNumber":94,"author":{"gitId":"agqy98"},"content":"                storage.saveTasks(taskList.getList()); // Save tasks to file after each change","lastModifiedDate":"2023-10-30"},{"lineNumber":95,"author":{"gitId":"agqy98"},"content":"            }","lastModifiedDate":"2023-10-29"},{"lineNumber":96,"author":{"gitId":"agqy98"},"content":"        } catch (IllegalArgumentException e) {","lastModifiedDate":"2023-10-29"},{"lineNumber":97,"author":{"gitId":"agqy98"},"content":"            ui.printErrorMessage(ErrorType.ERR_INVALID_FORMAT, taskType, taskList.getListSize());","lastModifiedDate":"2023-10-30"},{"lineNumber":98,"author":{"gitId":"agqy98"},"content":"            return;","lastModifiedDate":"2023-10-29"},{"lineNumber":99,"author":{"gitId":"agqy98"},"content":"        }","lastModifiedDate":"2023-09-13"},{"lineNumber":100,"author":{"gitId":"agqy98"},"content":"    }","lastModifiedDate":"2023-09-13"},{"lineNumber":101,"author":{"gitId":"agqy98"},"content":"","lastModifiedDate":"2023-09-13"},{"lineNumber":102,"author":{"gitId":"agqy98"},"content":"    private static Task createTask(TaskType taskType, String taskDescription) {","lastModifiedDate":"2023-10-29"},{"lineNumber":103,"author":{"gitId":"agqy98"},"content":"        switch (taskType) {","lastModifiedDate":"2023-10-29"},{"lineNumber":104,"author":{"gitId":"agqy98"},"content":"            case EVENT:","lastModifiedDate":"2023-10-29"},{"lineNumber":105,"author":{"gitId":"agqy98"},"content":"                return new Events(taskDescription);","lastModifiedDate":"2023-10-29"},{"lineNumber":106,"author":{"gitId":"agqy98"},"content":"            case DEADLINE:","lastModifiedDate":"2023-10-29"},{"lineNumber":107,"author":{"gitId":"agqy98"},"content":"                return new Deadlines(taskDescription);","lastModifiedDate":"2023-10-29"},{"lineNumber":108,"author":{"gitId":"agqy98"},"content":"            default:","lastModifiedDate":"2023-10-29"},{"lineNumber":109,"author":{"gitId":"agqy98"},"content":"                return new ToDos(taskDescription);","lastModifiedDate":"2023-10-29"},{"lineNumber":110,"author":{"gitId":"agqy98"},"content":"        }","lastModifiedDate":"2023-10-29"},{"lineNumber":111,"author":{"gitId":"agqy98"},"content":"    }","lastModifiedDate":"2023-10-29"},{"lineNumber":112,"author":{"gitId":"agqy98"},"content":"","lastModifiedDate":"2023-10-29"},{"lineNumber":113,"author":{"gitId":"agqy98"},"content":"    private static ErrorType hasError(String input, TaskType t) {","lastModifiedDate":"2023-10-29"},{"lineNumber":114,"author":{"gitId":"agqy98"},"content":"        // for input begins with \"[command]\"","lastModifiedDate":"2023-10-29"},{"lineNumber":115,"author":{"gitId":"agqy98"},"content":"        String command \u003d TASK_KEYWORDS.get(t);","lastModifiedDate":"2023-10-29"},{"lineNumber":116,"author":{"gitId":"agqy98"},"content":"        if (input.trim().equalsIgnoreCase(command)) {","lastModifiedDate":"2023-10-29"},{"lineNumber":117,"author":{"gitId":"agqy98"},"content":"            return ErrorType.ERR_EMPTY_DESCRIPTION;","lastModifiedDate":"2023-10-29"},{"lineNumber":118,"author":{"gitId":"agqy98"},"content":"        } else if (input.trim().length() \u003e command.length() \u0026\u0026","lastModifiedDate":"2023-10-29"},{"lineNumber":119,"author":{"gitId":"agqy98"},"content":"                !input.substring(command.length(), command.length() + 1).equals(\" \")) {","lastModifiedDate":"2023-10-29"},{"lineNumber":120,"author":{"gitId":"agqy98"},"content":"            return ErrorType.ERR_POSSIBLE_TYPO;","lastModifiedDate":"2023-10-29"},{"lineNumber":121,"author":{"gitId":"agqy98"},"content":"        } else {","lastModifiedDate":"2023-10-29"},{"lineNumber":122,"author":{"gitId":"agqy98"},"content":"            return null;","lastModifiedDate":"2023-10-29"},{"lineNumber":123,"author":{"gitId":"agqy98"},"content":"        }","lastModifiedDate":"2023-09-13"},{"lineNumber":124,"author":{"gitId":"agqy98"},"content":"    }","lastModifiedDate":"2023-09-14"},{"lineNumber":125,"author":{"gitId":"agqy98"},"content":"","lastModifiedDate":"2023-10-29"},{"lineNumber":126,"author":{"gitId":"agqy98"},"content":"    private static TaskType getTaskType(String input) {","lastModifiedDate":"2023-10-29"},{"lineNumber":127,"author":{"gitId":"agqy98"},"content":"        for (Map.Entry\u003cTaskType, String\u003e entry : TASK_KEYWORDS.entrySet()) {","lastModifiedDate":"2023-10-29"},{"lineNumber":128,"author":{"gitId":"agqy98"},"content":"            if (input.toLowerCase().startsWith(entry.getValue())) {","lastModifiedDate":"2023-10-29"},{"lineNumber":129,"author":{"gitId":"agqy98"},"content":"                return entry.getKey();","lastModifiedDate":"2023-10-29"},{"lineNumber":130,"author":{"gitId":"agqy98"},"content":"            }","lastModifiedDate":"2023-10-29"},{"lineNumber":131,"author":{"gitId":"agqy98"},"content":"        }","lastModifiedDate":"2023-10-29"},{"lineNumber":132,"author":{"gitId":"agqy98"},"content":"        return null;","lastModifiedDate":"2023-10-29"},{"lineNumber":133,"author":{"gitId":"agqy98"},"content":"    }","lastModifiedDate":"2023-10-29"},{"lineNumber":134,"author":{"gitId":"-"},"content":"}","lastModifiedDate":"2019-07-29"}],"authorContributionMap":{"agqy98":132,"-":2}},{"path":"src/main/java/duke/command/TaskType.java","fileType":"java","lines":[{"lineNumber":1,"author":{"gitId":"agqy98"},"content":"package duke.command;","lastModifiedDate":"2023-10-30"},{"lineNumber":2,"author":{"gitId":"agqy98"},"content":"","lastModifiedDate":"2023-10-30"},{"lineNumber":3,"author":{"gitId":"agqy98"},"content":"public enum TaskType {","lastModifiedDate":"2023-10-29"},{"lineNumber":4,"author":{"gitId":"agqy98"},"content":"    TODO, DEADLINE, EVENT, DELETE","lastModifiedDate":"2023-10-29"},{"lineNumber":5,"author":{"gitId":"agqy98"},"content":"}","lastModifiedDate":"2023-10-29"}],"authorContributionMap":{"agqy98":5}},{"path":"src/main/java/duke/error/ErrorType.java","fileType":"java","lines":[{"lineNumber":1,"author":{"gitId":"agqy98"},"content":"package duke.error;","lastModifiedDate":"2023-10-30"},{"lineNumber":2,"author":{"gitId":"agqy98"},"content":"","lastModifiedDate":"2023-10-30"},{"lineNumber":3,"author":{"gitId":"agqy98"},"content":"public enum ErrorType {","lastModifiedDate":"2023-10-29"},{"lineNumber":4,"author":{"gitId":"agqy98"},"content":"    ERR_EMPTY_DESCRIPTION, ","lastModifiedDate":"2023-10-29"},{"lineNumber":5,"author":{"gitId":"agqy98"},"content":"    ERR_POSSIBLE_TYPO,","lastModifiedDate":"2023-10-29"},{"lineNumber":6,"author":{"gitId":"agqy98"},"content":"    ERR_INVALID_FORMAT,","lastModifiedDate":"2023-10-29"},{"lineNumber":7,"author":{"gitId":"agqy98"},"content":"    ERR_SYSTEM_READ_FAIL, ","lastModifiedDate":"2023-10-29"},{"lineNumber":8,"author":{"gitId":"agqy98"},"content":"    ERR_EXPECT_NUMBER,","lastModifiedDate":"2023-10-29"},{"lineNumber":9,"author":{"gitId":"agqy98"},"content":"    ERR_EXCEED_LIMIT","lastModifiedDate":"2023-10-29"},{"lineNumber":10,"author":{"gitId":"agqy98"},"content":"};","lastModifiedDate":"2023-10-29"}],"authorContributionMap":{"agqy98":10}},{"path":"src/main/java/duke/parser/Parser.java","fileType":"java","lines":[{"lineNumber":1,"author":{"gitId":"agqy98"},"content":"package duke.parser;","lastModifiedDate":"2023-10-30"},{"lineNumber":2,"author":{"gitId":"agqy98"},"content":"","lastModifiedDate":"2023-10-30"},{"lineNumber":3,"author":{"gitId":"agqy98"},"content":"import duke.command.TaskType;","lastModifiedDate":"2023-10-30"},{"lineNumber":4,"author":{"gitId":"agqy98"},"content":"import duke.task.Deadlines;","lastModifiedDate":"2023-10-30"},{"lineNumber":5,"author":{"gitId":"agqy98"},"content":"import duke.task.Events;","lastModifiedDate":"2023-10-30"},{"lineNumber":6,"author":{"gitId":"agqy98"},"content":"import duke.task.Task;","lastModifiedDate":"2023-10-30"},{"lineNumber":7,"author":{"gitId":"agqy98"},"content":"import duke.task.ToDos;","lastModifiedDate":"2023-10-30"},{"lineNumber":8,"author":{"gitId":"agqy98"},"content":"","lastModifiedDate":"2023-10-30"},{"lineNumber":9,"author":{"gitId":"agqy98"},"content":"public class Parser {","lastModifiedDate":"2023-10-30"},{"lineNumber":10,"author":{"gitId":"agqy98"},"content":"    public static Task createTask(TaskType taskType, String taskDescription) {","lastModifiedDate":"2023-10-30"},{"lineNumber":11,"author":{"gitId":"agqy98"},"content":"        switch (taskType) {","lastModifiedDate":"2023-10-30"},{"lineNumber":12,"author":{"gitId":"agqy98"},"content":"            case EVENT:","lastModifiedDate":"2023-10-30"},{"lineNumber":13,"author":{"gitId":"agqy98"},"content":"                return new Events(taskDescription);","lastModifiedDate":"2023-10-30"},{"lineNumber":14,"author":{"gitId":"agqy98"},"content":"            case DEADLINE:","lastModifiedDate":"2023-10-30"},{"lineNumber":15,"author":{"gitId":"agqy98"},"content":"                return new Deadlines(taskDescription);","lastModifiedDate":"2023-10-30"},{"lineNumber":16,"author":{"gitId":"agqy98"},"content":"            default:","lastModifiedDate":"2023-10-30"},{"lineNumber":17,"author":{"gitId":"agqy98"},"content":"                return new ToDos(taskDescription);","lastModifiedDate":"2023-10-30"},{"lineNumber":18,"author":{"gitId":"agqy98"},"content":"        }","lastModifiedDate":"2023-10-30"},{"lineNumber":19,"author":{"gitId":"agqy98"},"content":"    }","lastModifiedDate":"2023-10-30"},{"lineNumber":20,"author":{"gitId":"agqy98"},"content":"","lastModifiedDate":"2023-10-30"},{"lineNumber":21,"author":{"gitId":"agqy98"},"content":"    public static Task createTaskFromLine(String line) {","lastModifiedDate":"2023-10-30"},{"lineNumber":22,"author":{"gitId":"agqy98"},"content":"        String[] parts \u003d line.split(\"\\\\s*\\\\|\\\\s*\");","lastModifiedDate":"2023-10-30"},{"lineNumber":23,"author":{"gitId":"agqy98"},"content":"        String type \u003d parts[0];","lastModifiedDate":"2023-10-30"},{"lineNumber":24,"author":{"gitId":"agqy98"},"content":"        boolean isDone \u003d parts[1].equals(\"1\");","lastModifiedDate":"2023-10-30"},{"lineNumber":25,"author":{"gitId":"agqy98"},"content":"        String description \u003d parts[2];","lastModifiedDate":"2023-10-30"},{"lineNumber":26,"author":{"gitId":"agqy98"},"content":"","lastModifiedDate":"2023-10-30"},{"lineNumber":27,"author":{"gitId":"agqy98"},"content":"        switch (type) {","lastModifiedDate":"2023-10-30"},{"lineNumber":28,"author":{"gitId":"agqy98"},"content":"            case \"T\":","lastModifiedDate":"2023-10-30"},{"lineNumber":29,"author":{"gitId":"agqy98"},"content":"                return new ToDos(description, isDone);","lastModifiedDate":"2023-10-30"},{"lineNumber":30,"author":{"gitId":"agqy98"},"content":"            case \"D\":","lastModifiedDate":"2023-10-30"},{"lineNumber":31,"author":{"gitId":"agqy98"},"content":"                String deadline \u003d parts[3];","lastModifiedDate":"2023-10-30"},{"lineNumber":32,"author":{"gitId":"agqy98"},"content":"                return new Deadlines(description, isDone, deadline);","lastModifiedDate":"2023-10-30"},{"lineNumber":33,"author":{"gitId":"agqy98"},"content":"            case \"E\":","lastModifiedDate":"2023-10-30"},{"lineNumber":34,"author":{"gitId":"agqy98"},"content":"                String from \u003d parts[3];","lastModifiedDate":"2023-10-30"},{"lineNumber":35,"author":{"gitId":"agqy98"},"content":"                String to \u003d parts[4];","lastModifiedDate":"2023-10-30"},{"lineNumber":36,"author":{"gitId":"agqy98"},"content":"                return new Events(description, isDone, from, to);","lastModifiedDate":"2023-10-30"},{"lineNumber":37,"author":{"gitId":"agqy98"},"content":"            default:","lastModifiedDate":"2023-10-30"},{"lineNumber":38,"author":{"gitId":"agqy98"},"content":"                throw new IllegalArgumentException(\"Invalid task type: \" + type);","lastModifiedDate":"2023-10-30"},{"lineNumber":39,"author":{"gitId":"agqy98"},"content":"        }","lastModifiedDate":"2023-10-30"},{"lineNumber":40,"author":{"gitId":"agqy98"},"content":"    }","lastModifiedDate":"2023-10-30"},{"lineNumber":41,"author":{"gitId":"agqy98"},"content":"}","lastModifiedDate":"2023-10-30"}],"authorContributionMap":{"agqy98":41}},{"path":"src/main/java/duke/storage/Storage.java","fileType":"java","lines":[{"lineNumber":1,"author":{"gitId":"agqy98"},"content":"package duke.storage;","lastModifiedDate":"2023-10-30"},{"lineNumber":2,"author":{"gitId":"agqy98"},"content":"","lastModifiedDate":"2023-10-30"},{"lineNumber":3,"author":{"gitId":"agqy98"},"content":"import java.io.*;","lastModifiedDate":"2023-10-30"},{"lineNumber":4,"author":{"gitId":"agqy98"},"content":"import java.util.ArrayList;","lastModifiedDate":"2023-10-30"},{"lineNumber":5,"author":{"gitId":"agqy98"},"content":"import java.util.List;","lastModifiedDate":"2023-10-30"},{"lineNumber":6,"author":{"gitId":"agqy98"},"content":"","lastModifiedDate":"2023-10-30"},{"lineNumber":7,"author":{"gitId":"agqy98"},"content":"import duke.parser.Parser;","lastModifiedDate":"2023-10-30"},{"lineNumber":8,"author":{"gitId":"agqy98"},"content":"import duke.task.Task;","lastModifiedDate":"2023-10-30"},{"lineNumber":9,"author":{"gitId":"agqy98"},"content":"","lastModifiedDate":"2023-10-30"},{"lineNumber":10,"author":{"gitId":"agqy98"},"content":"public class Storage {","lastModifiedDate":"2023-10-30"},{"lineNumber":11,"author":{"gitId":"agqy98"},"content":"    private static final String FILE_PATH \u003d \"./data/duke.txt\";","lastModifiedDate":"2023-10-30"},{"lineNumber":12,"author":{"gitId":"agqy98"},"content":"","lastModifiedDate":"2023-10-30"},{"lineNumber":13,"author":{"gitId":"agqy98"},"content":"    public List\u003cTask\u003e loadTasks() {","lastModifiedDate":"2023-10-30"},{"lineNumber":14,"author":{"gitId":"agqy98"},"content":"        List\u003cTask\u003e list \u003d new ArrayList\u003c\u003e();","lastModifiedDate":"2023-10-30"},{"lineNumber":15,"author":{"gitId":"agqy98"},"content":"        File file \u003d new File(FILE_PATH);","lastModifiedDate":"2023-10-30"},{"lineNumber":16,"author":{"gitId":"agqy98"},"content":"","lastModifiedDate":"2023-10-30"},{"lineNumber":17,"author":{"gitId":"agqy98"},"content":"        // Check if the file exists before attempting to load","lastModifiedDate":"2023-10-30"},{"lineNumber":18,"author":{"gitId":"agqy98"},"content":"        if (!file.exists()) {","lastModifiedDate":"2023-10-30"},{"lineNumber":19,"author":{"gitId":"agqy98"},"content":"            // System.out.println(\"No saved tasks found. Starting with an empty task list.\");","lastModifiedDate":"2023-10-30"},{"lineNumber":20,"author":{"gitId":"agqy98"},"content":"            return list;","lastModifiedDate":"2023-10-30"},{"lineNumber":21,"author":{"gitId":"agqy98"},"content":"        }","lastModifiedDate":"2023-10-30"},{"lineNumber":22,"author":{"gitId":"agqy98"},"content":"","lastModifiedDate":"2023-10-30"},{"lineNumber":23,"author":{"gitId":"agqy98"},"content":"        try (BufferedReader reader \u003d new BufferedReader(new FileReader(FILE_PATH))) {","lastModifiedDate":"2023-10-30"},{"lineNumber":24,"author":{"gitId":"agqy98"},"content":"            String line;","lastModifiedDate":"2023-10-30"},{"lineNumber":25,"author":{"gitId":"agqy98"},"content":"            while ((line \u003d reader.readLine()) !\u003d null) {","lastModifiedDate":"2023-10-30"},{"lineNumber":26,"author":{"gitId":"agqy98"},"content":"                list.add(Parser.createTaskFromLine(line));","lastModifiedDate":"2023-10-30"},{"lineNumber":27,"author":{"gitId":"agqy98"},"content":"            }","lastModifiedDate":"2023-10-30"},{"lineNumber":28,"author":{"gitId":"agqy98"},"content":"        } catch (IOException e) {","lastModifiedDate":"2023-10-30"},{"lineNumber":29,"author":{"gitId":"agqy98"},"content":"            e.printStackTrace();","lastModifiedDate":"2023-10-30"},{"lineNumber":30,"author":{"gitId":"agqy98"},"content":"        }","lastModifiedDate":"2023-10-30"},{"lineNumber":31,"author":{"gitId":"agqy98"},"content":"","lastModifiedDate":"2023-10-30"},{"lineNumber":32,"author":{"gitId":"agqy98"},"content":"        return list;","lastModifiedDate":"2023-10-30"},{"lineNumber":33,"author":{"gitId":"agqy98"},"content":"    }","lastModifiedDate":"2023-10-30"},{"lineNumber":34,"author":{"gitId":"agqy98"},"content":"","lastModifiedDate":"2023-10-30"},{"lineNumber":35,"author":{"gitId":"agqy98"},"content":"    public void saveTasks(List\u003cTask\u003e list) {","lastModifiedDate":"2023-10-30"},{"lineNumber":36,"author":{"gitId":"agqy98"},"content":"        try {","lastModifiedDate":"2023-10-30"},{"lineNumber":37,"author":{"gitId":"agqy98"},"content":"            // Ensure the directory exists","lastModifiedDate":"2023-10-30"},{"lineNumber":38,"author":{"gitId":"agqy98"},"content":"            File directory \u003d new File(\"./data\");","lastModifiedDate":"2023-10-30"},{"lineNumber":39,"author":{"gitId":"agqy98"},"content":"            if (!directory.exists()) {","lastModifiedDate":"2023-10-30"},{"lineNumber":40,"author":{"gitId":"agqy98"},"content":"                directory.mkdirs();","lastModifiedDate":"2023-10-30"},{"lineNumber":41,"author":{"gitId":"agqy98"},"content":"            }","lastModifiedDate":"2023-10-30"},{"lineNumber":42,"author":{"gitId":"agqy98"},"content":"","lastModifiedDate":"2023-10-30"},{"lineNumber":43,"author":{"gitId":"agqy98"},"content":"            // Now, save the tasks to the file","lastModifiedDate":"2023-10-30"},{"lineNumber":44,"author":{"gitId":"agqy98"},"content":"            try (FileWriter writer \u003d new FileWriter(FILE_PATH)) {","lastModifiedDate":"2023-10-30"},{"lineNumber":45,"author":{"gitId":"agqy98"},"content":"                for (Task task : list) {","lastModifiedDate":"2023-10-30"},{"lineNumber":46,"author":{"gitId":"agqy98"},"content":"                    writer.write(task.toFileString() + System.lineSeparator());","lastModifiedDate":"2023-10-30"},{"lineNumber":47,"author":{"gitId":"agqy98"},"content":"                }","lastModifiedDate":"2023-10-30"},{"lineNumber":48,"author":{"gitId":"agqy98"},"content":"            }","lastModifiedDate":"2023-10-30"},{"lineNumber":49,"author":{"gitId":"agqy98"},"content":"        } catch (IOException e) {","lastModifiedDate":"2023-10-30"},{"lineNumber":50,"author":{"gitId":"agqy98"},"content":"            e.printStackTrace();","lastModifiedDate":"2023-10-30"},{"lineNumber":51,"author":{"gitId":"agqy98"},"content":"        }","lastModifiedDate":"2023-10-30"},{"lineNumber":52,"author":{"gitId":"agqy98"},"content":"    }","lastModifiedDate":"2023-10-30"},{"lineNumber":53,"author":{"gitId":"agqy98"},"content":"}","lastModifiedDate":"2023-10-30"}],"authorContributionMap":{"agqy98":53}},{"path":"src/main/java/duke/task/Deadlines.java","fileType":"java","lines":[{"lineNumber":1,"author":{"gitId":"agqy98"},"content":"package duke.task;","lastModifiedDate":"2023-10-30"},{"lineNumber":2,"author":{"gitId":"agqy98"},"content":"","lastModifiedDate":"2023-10-30"},{"lineNumber":3,"author":{"gitId":"agqy98"},"content":"public class Deadlines extends Task {","lastModifiedDate":"2023-10-29"},{"lineNumber":4,"author":{"gitId":"agqy98"},"content":"    String deadline;","lastModifiedDate":"2023-10-29"},{"lineNumber":5,"author":{"gitId":"agqy98"},"content":"","lastModifiedDate":"2023-10-29"},{"lineNumber":6,"author":{"gitId":"agqy98"},"content":"    public Deadlines(String instruction) {","lastModifiedDate":"2023-10-29"},{"lineNumber":7,"author":{"gitId":"agqy98"},"content":"        super(\"\");","lastModifiedDate":"2023-10-29"},{"lineNumber":8,"author":{"gitId":"agqy98"},"content":"        String[] items \u003d derive(instruction);","lastModifiedDate":"2023-10-29"},{"lineNumber":9,"author":{"gitId":"agqy98"},"content":"        this.description \u003d items[0];","lastModifiedDate":"2023-10-29"},{"lineNumber":10,"author":{"gitId":"agqy98"},"content":"        this.deadline \u003d items[1];","lastModifiedDate":"2023-10-29"},{"lineNumber":11,"author":{"gitId":"agqy98"},"content":"    }","lastModifiedDate":"2023-10-29"},{"lineNumber":12,"author":{"gitId":"agqy98"},"content":"","lastModifiedDate":"2023-10-29"},{"lineNumber":13,"author":{"gitId":"agqy98"},"content":"    public Deadlines(String description, boolean isDone, String deadline) {","lastModifiedDate":"2023-10-30"},{"lineNumber":14,"author":{"gitId":"agqy98"},"content":"        super(\"\", false);","lastModifiedDate":"2023-10-30"},{"lineNumber":15,"author":{"gitId":"agqy98"},"content":"        this.description \u003d description;","lastModifiedDate":"2023-10-30"},{"lineNumber":16,"author":{"gitId":"agqy98"},"content":"        this.deadline \u003d deadline;","lastModifiedDate":"2023-10-30"},{"lineNumber":17,"author":{"gitId":"agqy98"},"content":"        this.isDone \u003d isDone;","lastModifiedDate":"2023-10-30"},{"lineNumber":18,"author":{"gitId":"agqy98"},"content":"    }","lastModifiedDate":"2023-10-30"},{"lineNumber":19,"author":{"gitId":"agqy98"},"content":"","lastModifiedDate":"2023-10-30"},{"lineNumber":20,"author":{"gitId":"agqy98"},"content":"    private String[] derive(String instruction) {","lastModifiedDate":"2023-10-29"},{"lineNumber":21,"author":{"gitId":"agqy98"},"content":"        String[] result \u003d instruction.split(\"/\");","lastModifiedDate":"2023-10-29"},{"lineNumber":22,"author":{"gitId":"agqy98"},"content":"        if (result.length !\u003d 2) {","lastModifiedDate":"2023-10-29"},{"lineNumber":23,"author":{"gitId":"agqy98"},"content":"            throw new IllegalArgumentException(\"Invalid format\");","lastModifiedDate":"2023-10-29"},{"lineNumber":24,"author":{"gitId":"agqy98"},"content":"        } else {","lastModifiedDate":"2023-10-29"},{"lineNumber":25,"author":{"gitId":"agqy98"},"content":"            result[0] \u003d result[0].trim();","lastModifiedDate":"2023-10-29"},{"lineNumber":26,"author":{"gitId":"agqy98"},"content":"            result[1] \u003d result[1].replaceAll(\"by\", \"\").trim();","lastModifiedDate":"2023-10-29"},{"lineNumber":27,"author":{"gitId":"agqy98"},"content":"            return result;","lastModifiedDate":"2023-10-29"},{"lineNumber":28,"author":{"gitId":"agqy98"},"content":"        }","lastModifiedDate":"2023-10-29"},{"lineNumber":29,"author":{"gitId":"agqy98"},"content":"    }","lastModifiedDate":"2023-10-29"},{"lineNumber":30,"author":{"gitId":"agqy98"},"content":"","lastModifiedDate":"2023-10-29"},{"lineNumber":31,"author":{"gitId":"agqy98"},"content":"    @Override","lastModifiedDate":"2023-10-29"},{"lineNumber":32,"author":{"gitId":"agqy98"},"content":"    public String getType() {","lastModifiedDate":"2023-10-29"},{"lineNumber":33,"author":{"gitId":"agqy98"},"content":"        return \"D\";","lastModifiedDate":"2023-10-29"},{"lineNumber":34,"author":{"gitId":"agqy98"},"content":"    }","lastModifiedDate":"2023-10-29"},{"lineNumber":35,"author":{"gitId":"agqy98"},"content":"    ","lastModifiedDate":"2023-10-29"},{"lineNumber":36,"author":{"gitId":"agqy98"},"content":"    @Override","lastModifiedDate":"2023-10-30"},{"lineNumber":37,"author":{"gitId":"agqy98"},"content":"    public String toFileString() {","lastModifiedDate":"2023-10-30"},{"lineNumber":38,"author":{"gitId":"agqy98"},"content":"        return getType() + \" | \" + (isDone ? \"1\" : \"0\") + \" | \" + description + \" | \" + deadline;","lastModifiedDate":"2023-10-30"},{"lineNumber":39,"author":{"gitId":"agqy98"},"content":"    }","lastModifiedDate":"2023-10-30"},{"lineNumber":40,"author":{"gitId":"agqy98"},"content":"","lastModifiedDate":"2023-10-30"},{"lineNumber":41,"author":{"gitId":"agqy98"},"content":"    @Override","lastModifiedDate":"2023-10-29"},{"lineNumber":42,"author":{"gitId":"agqy98"},"content":"    public String getPrintStatus() {","lastModifiedDate":"2023-10-29"},{"lineNumber":43,"author":{"gitId":"agqy98"},"content":"        return \"[\" + (isDone ? \"X\" : \" \") + \"] \" + description + \" (by: \" + deadline + \")\";","lastModifiedDate":"2023-10-29"},{"lineNumber":44,"author":{"gitId":"agqy98"},"content":"    }","lastModifiedDate":"2023-10-29"},{"lineNumber":45,"author":{"gitId":"agqy98"},"content":"}","lastModifiedDate":"2023-10-29"}],"authorContributionMap":{"agqy98":45}},{"path":"src/main/java/duke/task/Events.java","fileType":"java","lines":[{"lineNumber":1,"author":{"gitId":"agqy98"},"content":"package duke.task;","lastModifiedDate":"2023-10-30"},{"lineNumber":2,"author":{"gitId":"agqy98"},"content":"","lastModifiedDate":"2023-10-30"},{"lineNumber":3,"author":{"gitId":"agqy98"},"content":"public class Events extends Task {","lastModifiedDate":"2023-10-29"},{"lineNumber":4,"author":{"gitId":"agqy98"},"content":"    String from;","lastModifiedDate":"2023-10-29"},{"lineNumber":5,"author":{"gitId":"agqy98"},"content":"    String to;","lastModifiedDate":"2023-10-29"},{"lineNumber":6,"author":{"gitId":"agqy98"},"content":"","lastModifiedDate":"2023-10-29"},{"lineNumber":7,"author":{"gitId":"agqy98"},"content":"    public Events(String instruction) {","lastModifiedDate":"2023-10-29"},{"lineNumber":8,"author":{"gitId":"agqy98"},"content":"        super(\"\");","lastModifiedDate":"2023-10-29"},{"lineNumber":9,"author":{"gitId":"agqy98"},"content":"        String[] items \u003d derive(instruction);","lastModifiedDate":"2023-10-29"},{"lineNumber":10,"author":{"gitId":"agqy98"},"content":"        this.description \u003d items[0];","lastModifiedDate":"2023-10-29"},{"lineNumber":11,"author":{"gitId":"agqy98"},"content":"        this.from \u003d items[1];","lastModifiedDate":"2023-10-29"},{"lineNumber":12,"author":{"gitId":"agqy98"},"content":"        this.to \u003d items[2];","lastModifiedDate":"2023-10-29"},{"lineNumber":13,"author":{"gitId":"agqy98"},"content":"    }","lastModifiedDate":"2023-10-29"},{"lineNumber":14,"author":{"gitId":"agqy98"},"content":"","lastModifiedDate":"2023-10-29"},{"lineNumber":15,"author":{"gitId":"agqy98"},"content":"    public Events(String description, boolean isDone, String from, String to) {","lastModifiedDate":"2023-10-30"},{"lineNumber":16,"author":{"gitId":"agqy98"},"content":"        super(\"\", false);","lastModifiedDate":"2023-10-30"},{"lineNumber":17,"author":{"gitId":"agqy98"},"content":"        this.description \u003d description;","lastModifiedDate":"2023-10-30"},{"lineNumber":18,"author":{"gitId":"agqy98"},"content":"        this.from \u003d from;","lastModifiedDate":"2023-10-30"},{"lineNumber":19,"author":{"gitId":"agqy98"},"content":"        this.to \u003d to;","lastModifiedDate":"2023-10-30"},{"lineNumber":20,"author":{"gitId":"agqy98"},"content":"        this.isDone \u003d isDone;","lastModifiedDate":"2023-10-30"},{"lineNumber":21,"author":{"gitId":"agqy98"},"content":"    }","lastModifiedDate":"2023-10-30"},{"lineNumber":22,"author":{"gitId":"agqy98"},"content":"","lastModifiedDate":"2023-10-30"},{"lineNumber":23,"author":{"gitId":"agqy98"},"content":"    private String[] derive(String instruction) {","lastModifiedDate":"2023-10-29"},{"lineNumber":24,"author":{"gitId":"agqy98"},"content":"        String[] result \u003d instruction.split(\"/\");","lastModifiedDate":"2023-10-29"},{"lineNumber":25,"author":{"gitId":"agqy98"},"content":"        if (result.length !\u003d 3) {","lastModifiedDate":"2023-10-29"},{"lineNumber":26,"author":{"gitId":"agqy98"},"content":"            throw new IllegalArgumentException(\"Invalid format\");","lastModifiedDate":"2023-10-29"},{"lineNumber":27,"author":{"gitId":"agqy98"},"content":"        } else {","lastModifiedDate":"2023-10-29"},{"lineNumber":28,"author":{"gitId":"agqy98"},"content":"            result[0] \u003d result[0];","lastModifiedDate":"2023-10-29"},{"lineNumber":29,"author":{"gitId":"agqy98"},"content":"            // We are not handling if they put invalid dates","lastModifiedDate":"2023-10-29"},{"lineNumber":30,"author":{"gitId":"agqy98"},"content":"            // We simply take the 2nd and 3rd values and store it as from and to for now.","lastModifiedDate":"2023-10-29"},{"lineNumber":31,"author":{"gitId":"agqy98"},"content":"            result[1] \u003d result[1].replaceAll(\"from\", \"\").trim();","lastModifiedDate":"2023-10-29"},{"lineNumber":32,"author":{"gitId":"agqy98"},"content":"            result[2] \u003d result[2].replaceAll(\"to\", \"\").trim();","lastModifiedDate":"2023-10-29"},{"lineNumber":33,"author":{"gitId":"agqy98"},"content":"            return result;","lastModifiedDate":"2023-10-29"},{"lineNumber":34,"author":{"gitId":"agqy98"},"content":"        }","lastModifiedDate":"2023-10-29"},{"lineNumber":35,"author":{"gitId":"agqy98"},"content":"    }","lastModifiedDate":"2023-10-29"},{"lineNumber":36,"author":{"gitId":"agqy98"},"content":"","lastModifiedDate":"2023-10-29"},{"lineNumber":37,"author":{"gitId":"agqy98"},"content":"    @Override","lastModifiedDate":"2023-10-29"},{"lineNumber":38,"author":{"gitId":"agqy98"},"content":"    public String getType() {","lastModifiedDate":"2023-10-29"},{"lineNumber":39,"author":{"gitId":"agqy98"},"content":"        return \"E\";","lastModifiedDate":"2023-10-29"},{"lineNumber":40,"author":{"gitId":"agqy98"},"content":"    }","lastModifiedDate":"2023-10-29"},{"lineNumber":41,"author":{"gitId":"agqy98"},"content":"","lastModifiedDate":"2023-10-29"},{"lineNumber":42,"author":{"gitId":"agqy98"},"content":"    @Override","lastModifiedDate":"2023-10-30"},{"lineNumber":43,"author":{"gitId":"agqy98"},"content":"    public String toFileString() {","lastModifiedDate":"2023-10-30"},{"lineNumber":44,"author":{"gitId":"agqy98"},"content":"        return getType() + \" | \" + (isDone ? \"1\" : \"0\") + \" | \" + description + \" | \" + from + \" | \" + to;","lastModifiedDate":"2023-10-30"},{"lineNumber":45,"author":{"gitId":"agqy98"},"content":"    }","lastModifiedDate":"2023-10-30"},{"lineNumber":46,"author":{"gitId":"agqy98"},"content":"","lastModifiedDate":"2023-10-30"},{"lineNumber":47,"author":{"gitId":"agqy98"},"content":"    @Override","lastModifiedDate":"2023-10-29"},{"lineNumber":48,"author":{"gitId":"agqy98"},"content":"    public String getPrintStatus() {","lastModifiedDate":"2023-10-29"},{"lineNumber":49,"author":{"gitId":"agqy98"},"content":"        return \"[\" + (isDone ? \"X\" : \" \") + \"] \" + description + \" (from: \" + from + \" to:\" + to + \")\";","lastModifiedDate":"2023-10-29"},{"lineNumber":50,"author":{"gitId":"agqy98"},"content":"    }","lastModifiedDate":"2023-10-29"},{"lineNumber":51,"author":{"gitId":"agqy98"},"content":"}","lastModifiedDate":"2023-10-29"}],"authorContributionMap":{"agqy98":51}},{"path":"src/main/java/duke/task/Task.java","fileType":"java","lines":[{"lineNumber":1,"author":{"gitId":"agqy98"},"content":"package duke.task;","lastModifiedDate":"2023-10-30"},{"lineNumber":2,"author":{"gitId":"agqy98"},"content":"","lastModifiedDate":"2023-10-30"},{"lineNumber":3,"author":{"gitId":"agqy98"},"content":"public abstract class Task {","lastModifiedDate":"2023-10-29"},{"lineNumber":4,"author":{"gitId":"agqy98"},"content":"    public String description;","lastModifiedDate":"2023-10-30"},{"lineNumber":5,"author":{"gitId":"agqy98"},"content":"    protected boolean isDone;","lastModifiedDate":"2023-10-29"},{"lineNumber":6,"author":{"gitId":"agqy98"},"content":"","lastModifiedDate":"2023-10-29"},{"lineNumber":7,"author":{"gitId":"agqy98"},"content":"    public Task(String description) {","lastModifiedDate":"2023-10-29"},{"lineNumber":8,"author":{"gitId":"agqy98"},"content":"        this.description \u003d description;","lastModifiedDate":"2023-10-29"},{"lineNumber":9,"author":{"gitId":"agqy98"},"content":"        this.isDone \u003d false;","lastModifiedDate":"2023-10-29"},{"lineNumber":10,"author":{"gitId":"agqy98"},"content":"    }","lastModifiedDate":"2023-10-29"},{"lineNumber":11,"author":{"gitId":"agqy98"},"content":"","lastModifiedDate":"2023-10-29"},{"lineNumber":12,"author":{"gitId":"agqy98"},"content":"    public Task(String description, boolean isDone) {","lastModifiedDate":"2023-10-30"},{"lineNumber":13,"author":{"gitId":"agqy98"},"content":"        this.description \u003d description;","lastModifiedDate":"2023-10-30"},{"lineNumber":14,"author":{"gitId":"agqy98"},"content":"        this.isDone \u003d isDone;","lastModifiedDate":"2023-10-30"},{"lineNumber":15,"author":{"gitId":"agqy98"},"content":"    }","lastModifiedDate":"2023-10-30"},{"lineNumber":16,"author":{"gitId":"agqy98"},"content":"","lastModifiedDate":"2023-10-30"},{"lineNumber":17,"author":{"gitId":"agqy98"},"content":"    public void markAsDone() {","lastModifiedDate":"2023-10-29"},{"lineNumber":18,"author":{"gitId":"agqy98"},"content":"        this.isDone \u003d true;","lastModifiedDate":"2023-10-29"},{"lineNumber":19,"author":{"gitId":"agqy98"},"content":"    }","lastModifiedDate":"2023-10-29"},{"lineNumber":20,"author":{"gitId":"agqy98"},"content":"","lastModifiedDate":"2023-10-29"},{"lineNumber":21,"author":{"gitId":"agqy98"},"content":"    public abstract String getType();","lastModifiedDate":"2023-10-29"},{"lineNumber":22,"author":{"gitId":"agqy98"},"content":"","lastModifiedDate":"2023-10-29"},{"lineNumber":23,"author":{"gitId":"agqy98"},"content":"    public abstract String toFileString();","lastModifiedDate":"2023-10-30"},{"lineNumber":24,"author":{"gitId":"agqy98"},"content":"    ","lastModifiedDate":"2023-10-30"},{"lineNumber":25,"author":{"gitId":"agqy98"},"content":"    public abstract String getPrintStatus();","lastModifiedDate":"2023-10-29"},{"lineNumber":26,"author":{"gitId":"agqy98"},"content":"","lastModifiedDate":"2023-10-29"},{"lineNumber":27,"author":{"gitId":"agqy98"},"content":"    public void print() {","lastModifiedDate":"2023-10-29"},{"lineNumber":28,"author":{"gitId":"agqy98"},"content":"        System.out.println(\"[\" + getType() + \"]\" + getPrintStatus());","lastModifiedDate":"2023-10-29"},{"lineNumber":29,"author":{"gitId":"agqy98"},"content":"    }","lastModifiedDate":"2023-10-29"},{"lineNumber":30,"author":{"gitId":"agqy98"},"content":"}","lastModifiedDate":"2023-10-29"}],"authorContributionMap":{"agqy98":30}},{"path":"src/main/java/duke/task/ToDos.java","fileType":"java","lines":[{"lineNumber":1,"author":{"gitId":"agqy98"},"content":"package duke.task;","lastModifiedDate":"2023-10-30"},{"lineNumber":2,"author":{"gitId":"agqy98"},"content":"","lastModifiedDate":"2023-10-30"},{"lineNumber":3,"author":{"gitId":"agqy98"},"content":"public class ToDos extends Task {","lastModifiedDate":"2023-10-29"},{"lineNumber":4,"author":{"gitId":"agqy98"},"content":"    public ToDos(String description) {","lastModifiedDate":"2023-10-29"},{"lineNumber":5,"author":{"gitId":"agqy98"},"content":"        super(description);","lastModifiedDate":"2023-10-29"},{"lineNumber":6,"author":{"gitId":"agqy98"},"content":"    }","lastModifiedDate":"2023-10-29"},{"lineNumber":7,"author":{"gitId":"agqy98"},"content":"","lastModifiedDate":"2023-10-29"},{"lineNumber":8,"author":{"gitId":"agqy98"},"content":"    public ToDos(String description, boolean isDone) {","lastModifiedDate":"2023-10-30"},{"lineNumber":9,"author":{"gitId":"agqy98"},"content":"        super(description, isDone);","lastModifiedDate":"2023-10-30"},{"lineNumber":10,"author":{"gitId":"agqy98"},"content":"    }","lastModifiedDate":"2023-10-30"},{"lineNumber":11,"author":{"gitId":"agqy98"},"content":"","lastModifiedDate":"2023-10-30"},{"lineNumber":12,"author":{"gitId":"agqy98"},"content":"    @Override","lastModifiedDate":"2023-10-29"},{"lineNumber":13,"author":{"gitId":"agqy98"},"content":"    public String getType() {","lastModifiedDate":"2023-10-29"},{"lineNumber":14,"author":{"gitId":"agqy98"},"content":"        return \"T\";","lastModifiedDate":"2023-10-29"},{"lineNumber":15,"author":{"gitId":"agqy98"},"content":"    }","lastModifiedDate":"2023-10-29"},{"lineNumber":16,"author":{"gitId":"agqy98"},"content":"","lastModifiedDate":"2023-10-29"},{"lineNumber":17,"author":{"gitId":"agqy98"},"content":"    @Override","lastModifiedDate":"2023-10-30"},{"lineNumber":18,"author":{"gitId":"agqy98"},"content":"    public String toFileString() {","lastModifiedDate":"2023-10-30"},{"lineNumber":19,"author":{"gitId":"agqy98"},"content":"        return getType() + \" | \" + (isDone ? \"1\" : \"0\") + \" | \" + description;","lastModifiedDate":"2023-10-30"},{"lineNumber":20,"author":{"gitId":"agqy98"},"content":"    }","lastModifiedDate":"2023-10-30"},{"lineNumber":21,"author":{"gitId":"agqy98"},"content":"    ","lastModifiedDate":"2023-10-30"},{"lineNumber":22,"author":{"gitId":"agqy98"},"content":"    @Override","lastModifiedDate":"2023-10-29"},{"lineNumber":23,"author":{"gitId":"agqy98"},"content":"    public String getPrintStatus() {","lastModifiedDate":"2023-10-29"},{"lineNumber":24,"author":{"gitId":"agqy98"},"content":"        return \"[\" + (isDone ? \"X\" : \" \") + \"] \" + description;","lastModifiedDate":"2023-10-29"},{"lineNumber":25,"author":{"gitId":"agqy98"},"content":"    }","lastModifiedDate":"2023-10-29"},{"lineNumber":26,"author":{"gitId":"agqy98"},"content":"}","lastModifiedDate":"2023-10-29"}],"authorContributionMap":{"agqy98":26}},{"path":"src/main/java/duke/tasklist/TaskList.java","fileType":"java","lines":[{"lineNumber":1,"author":{"gitId":"agqy98"},"content":"package duke.tasklist;","lastModifiedDate":"2023-10-30"},{"lineNumber":2,"author":{"gitId":"agqy98"},"content":"","lastModifiedDate":"2023-10-30"},{"lineNumber":3,"author":{"gitId":"agqy98"},"content":"import java.util.ArrayList;","lastModifiedDate":"2023-10-30"},{"lineNumber":4,"author":{"gitId":"agqy98"},"content":"import java.util.List;","lastModifiedDate":"2023-10-30"},{"lineNumber":5,"author":{"gitId":"agqy98"},"content":"","lastModifiedDate":"2023-10-30"},{"lineNumber":6,"author":{"gitId":"agqy98"},"content":"import duke.task.Task;","lastModifiedDate":"2023-10-30"},{"lineNumber":7,"author":{"gitId":"agqy98"},"content":"import duke.ui.UI;","lastModifiedDate":"2023-10-30"},{"lineNumber":8,"author":{"gitId":"agqy98"},"content":"","lastModifiedDate":"2023-10-30"},{"lineNumber":9,"author":{"gitId":"agqy98"},"content":"public class TaskList { ","lastModifiedDate":"2023-10-30"},{"lineNumber":10,"author":{"gitId":"agqy98"},"content":"","lastModifiedDate":"2023-10-30"},{"lineNumber":11,"author":{"gitId":"agqy98"},"content":"    private List\u003cTask\u003e list;","lastModifiedDate":"2023-10-30"},{"lineNumber":12,"author":{"gitId":"agqy98"},"content":"","lastModifiedDate":"2023-10-30"},{"lineNumber":13,"author":{"gitId":"agqy98"},"content":"    public TaskList() {","lastModifiedDate":"2023-10-30"},{"lineNumber":14,"author":{"gitId":"agqy98"},"content":"        this.list \u003d new ArrayList\u003c\u003e();","lastModifiedDate":"2023-10-30"},{"lineNumber":15,"author":{"gitId":"agqy98"},"content":"    }","lastModifiedDate":"2023-10-30"},{"lineNumber":16,"author":{"gitId":"agqy98"},"content":"","lastModifiedDate":"2023-10-30"},{"lineNumber":17,"author":{"gitId":"agqy98"},"content":"    public TaskList(List\u003cTask\u003e list) {","lastModifiedDate":"2023-10-30"},{"lineNumber":18,"author":{"gitId":"agqy98"},"content":"        this.list \u003d list;","lastModifiedDate":"2023-10-30"},{"lineNumber":19,"author":{"gitId":"agqy98"},"content":"    }","lastModifiedDate":"2023-10-30"},{"lineNumber":20,"author":{"gitId":"agqy98"},"content":"","lastModifiedDate":"2023-10-30"},{"lineNumber":21,"author":{"gitId":"agqy98"},"content":"    public List\u003cTask\u003e getList() {","lastModifiedDate":"2023-10-30"},{"lineNumber":22,"author":{"gitId":"agqy98"},"content":"        return list;","lastModifiedDate":"2023-10-30"},{"lineNumber":23,"author":{"gitId":"agqy98"},"content":"    }","lastModifiedDate":"2023-10-30"},{"lineNumber":24,"author":{"gitId":"agqy98"},"content":"    public int getListSize() {","lastModifiedDate":"2023-10-30"},{"lineNumber":25,"author":{"gitId":"agqy98"},"content":"        return list.size();","lastModifiedDate":"2023-10-30"},{"lineNumber":26,"author":{"gitId":"agqy98"},"content":"    }","lastModifiedDate":"2023-10-30"},{"lineNumber":27,"author":{"gitId":"agqy98"},"content":"","lastModifiedDate":"2023-10-30"},{"lineNumber":28,"author":{"gitId":"agqy98"},"content":"    public void setList(List\u003cTask\u003e list) {","lastModifiedDate":"2023-10-30"},{"lineNumber":29,"author":{"gitId":"agqy98"},"content":"        this.list \u003d list;","lastModifiedDate":"2023-10-30"},{"lineNumber":30,"author":{"gitId":"agqy98"},"content":"    }","lastModifiedDate":"2023-10-30"},{"lineNumber":31,"author":{"gitId":"agqy98"},"content":"","lastModifiedDate":"2023-10-30"},{"lineNumber":32,"author":{"gitId":"agqy98"},"content":"    public void addTask(Task task) {","lastModifiedDate":"2023-10-30"},{"lineNumber":33,"author":{"gitId":"agqy98"},"content":"        list.add(task);","lastModifiedDate":"2023-10-30"},{"lineNumber":34,"author":{"gitId":"agqy98"},"content":"        UI.printSeparator();","lastModifiedDate":"2023-10-30"},{"lineNumber":35,"author":{"gitId":"agqy98"},"content":"        System.out.println(\"Got it. I\u0027ve added this task:\");","lastModifiedDate":"2023-10-30"},{"lineNumber":36,"author":{"gitId":"agqy98"},"content":"        task.print();","lastModifiedDate":"2023-10-30"},{"lineNumber":37,"author":{"gitId":"agqy98"},"content":"        System.out.println(\"Now you have \" + list.size() + \" task(s) in the list\");","lastModifiedDate":"2023-10-30"},{"lineNumber":38,"author":{"gitId":"agqy98"},"content":"        UI.printSeparator();","lastModifiedDate":"2023-10-30"},{"lineNumber":39,"author":{"gitId":"agqy98"},"content":"    }","lastModifiedDate":"2023-10-30"},{"lineNumber":40,"author":{"gitId":"agqy98"},"content":"","lastModifiedDate":"2023-10-30"},{"lineNumber":41,"author":{"gitId":"agqy98"},"content":"    public void deleteTask(int index) {","lastModifiedDate":"2023-10-30"},{"lineNumber":42,"author":{"gitId":"agqy98"},"content":"        Task existing \u003d list.get(index);","lastModifiedDate":"2023-10-30"},{"lineNumber":43,"author":{"gitId":"agqy98"},"content":"        list.remove(index);","lastModifiedDate":"2023-10-30"},{"lineNumber":44,"author":{"gitId":"agqy98"},"content":"","lastModifiedDate":"2023-10-30"},{"lineNumber":45,"author":{"gitId":"agqy98"},"content":"        for (Task l : list) {","lastModifiedDate":"2023-10-30"},{"lineNumber":46,"author":{"gitId":"agqy98"},"content":"            System.out.println(l.description);","lastModifiedDate":"2023-10-30"},{"lineNumber":47,"author":{"gitId":"agqy98"},"content":"        }","lastModifiedDate":"2023-10-30"},{"lineNumber":48,"author":{"gitId":"agqy98"},"content":"        UI.printSeparator();","lastModifiedDate":"2023-10-30"},{"lineNumber":49,"author":{"gitId":"agqy98"},"content":"        System.out.println(\"Noted. I\u0027ve removed this task:\");","lastModifiedDate":"2023-10-30"},{"lineNumber":50,"author":{"gitId":"agqy98"},"content":"        existing.print();","lastModifiedDate":"2023-10-30"},{"lineNumber":51,"author":{"gitId":"agqy98"},"content":"        System.out.println(\"Now you have \" + list.size() + \" task(s) in the list\");","lastModifiedDate":"2023-10-30"},{"lineNumber":52,"author":{"gitId":"agqy98"},"content":"        UI.printSeparator();","lastModifiedDate":"2023-10-30"},{"lineNumber":53,"author":{"gitId":"agqy98"},"content":"    }","lastModifiedDate":"2023-10-30"},{"lineNumber":54,"author":{"gitId":"agqy98"},"content":"}","lastModifiedDate":"2023-10-30"}],"authorContributionMap":{"agqy98":54}},{"path":"src/main/java/duke/ui/UI.java","fileType":"java","lines":[{"lineNumber":1,"author":{"gitId":"agqy98"},"content":"package duke.ui;","lastModifiedDate":"2023-10-30"},{"lineNumber":2,"author":{"gitId":"agqy98"},"content":"","lastModifiedDate":"2023-10-30"},{"lineNumber":3,"author":{"gitId":"agqy98"},"content":"import java.util.HashMap;","lastModifiedDate":"2023-10-30"},{"lineNumber":4,"author":{"gitId":"agqy98"},"content":"import java.util.List;","lastModifiedDate":"2023-10-30"},{"lineNumber":5,"author":{"gitId":"agqy98"},"content":"import java.util.Map;","lastModifiedDate":"2023-10-30"},{"lineNumber":6,"author":{"gitId":"agqy98"},"content":"","lastModifiedDate":"2023-10-30"},{"lineNumber":7,"author":{"gitId":"agqy98"},"content":"import duke.command.TaskType;","lastModifiedDate":"2023-10-30"},{"lineNumber":8,"author":{"gitId":"agqy98"},"content":"import duke.error.ErrorType;","lastModifiedDate":"2023-10-30"},{"lineNumber":9,"author":{"gitId":"agqy98"},"content":"import duke.task.Task;","lastModifiedDate":"2023-10-30"},{"lineNumber":10,"author":{"gitId":"agqy98"},"content":"","lastModifiedDate":"2023-10-30"},{"lineNumber":11,"author":{"gitId":"agqy98"},"content":"public class UI {","lastModifiedDate":"2023-10-30"},{"lineNumber":12,"author":{"gitId":"agqy98"},"content":"    public final Map\u003cTaskType, String\u003e TASK_KEYWORDS \u003d new HashMap\u003c\u003e();","lastModifiedDate":"2023-10-30"},{"lineNumber":13,"author":{"gitId":"agqy98"},"content":"    {","lastModifiedDate":"2023-10-30"},{"lineNumber":14,"author":{"gitId":"agqy98"},"content":"        TASK_KEYWORDS.put(TaskType.TODO, \"todo\");","lastModifiedDate":"2023-10-30"},{"lineNumber":15,"author":{"gitId":"agqy98"},"content":"        TASK_KEYWORDS.put(TaskType.DEADLINE, \"deadline\");","lastModifiedDate":"2023-10-30"},{"lineNumber":16,"author":{"gitId":"agqy98"},"content":"        TASK_KEYWORDS.put(TaskType.EVENT, \"event\");","lastModifiedDate":"2023-10-30"},{"lineNumber":17,"author":{"gitId":"agqy98"},"content":"        TASK_KEYWORDS.put(TaskType.DELETE, \"delete\");","lastModifiedDate":"2023-10-30"},{"lineNumber":18,"author":{"gitId":"agqy98"},"content":"    }","lastModifiedDate":"2023-10-30"},{"lineNumber":19,"author":{"gitId":"agqy98"},"content":"","lastModifiedDate":"2023-10-30"},{"lineNumber":20,"author":{"gitId":"agqy98"},"content":"    public void printTaskList(List\u003cTask\u003e list) {","lastModifiedDate":"2023-10-30"},{"lineNumber":21,"author":{"gitId":"agqy98"},"content":"        printSeparator();","lastModifiedDate":"2023-10-30"},{"lineNumber":22,"author":{"gitId":"agqy98"},"content":"        for (int i \u003d 0; i \u003c list.size(); i++) {","lastModifiedDate":"2023-10-30"},{"lineNumber":23,"author":{"gitId":"agqy98"},"content":"            System.out.print(i + 1 + \". \");","lastModifiedDate":"2023-10-30"},{"lineNumber":24,"author":{"gitId":"agqy98"},"content":"            list.get(i).print();","lastModifiedDate":"2023-10-30"},{"lineNumber":25,"author":{"gitId":"agqy98"},"content":"        }","lastModifiedDate":"2023-10-30"},{"lineNumber":26,"author":{"gitId":"agqy98"},"content":"        printSeparator();","lastModifiedDate":"2023-10-30"},{"lineNumber":27,"author":{"gitId":"agqy98"},"content":"    }","lastModifiedDate":"2023-10-30"},{"lineNumber":28,"author":{"gitId":"agqy98"},"content":"","lastModifiedDate":"2023-10-30"},{"lineNumber":29,"author":{"gitId":"agqy98"},"content":"    public void printWelcomeMessage() {","lastModifiedDate":"2023-10-30"},{"lineNumber":30,"author":{"gitId":"agqy98"},"content":"        printSeparator();","lastModifiedDate":"2023-10-30"},{"lineNumber":31,"author":{"gitId":"agqy98"},"content":"        System.out.println(\"Hello! I\u0027m AngelBot!\");","lastModifiedDate":"2023-10-30"},{"lineNumber":32,"author":{"gitId":"agqy98"},"content":"        System.out.println(\"What can I do for you?\");","lastModifiedDate":"2023-10-30"},{"lineNumber":33,"author":{"gitId":"agqy98"},"content":"        printSeparator();","lastModifiedDate":"2023-10-30"},{"lineNumber":34,"author":{"gitId":"agqy98"},"content":"    }","lastModifiedDate":"2023-10-30"},{"lineNumber":35,"author":{"gitId":"agqy98"},"content":"","lastModifiedDate":"2023-10-30"},{"lineNumber":36,"author":{"gitId":"agqy98"},"content":"    public void printGoodbyeMessage() {","lastModifiedDate":"2023-10-30"},{"lineNumber":37,"author":{"gitId":"agqy98"},"content":"        printSeparator();","lastModifiedDate":"2023-10-30"},{"lineNumber":38,"author":{"gitId":"agqy98"},"content":"        System.out.println(\"Bye. Hope to see you again soon!\");","lastModifiedDate":"2023-10-30"},{"lineNumber":39,"author":{"gitId":"agqy98"},"content":"        printSeparator();","lastModifiedDate":"2023-10-30"},{"lineNumber":40,"author":{"gitId":"agqy98"},"content":"    }","lastModifiedDate":"2023-10-30"},{"lineNumber":41,"author":{"gitId":"agqy98"},"content":"","lastModifiedDate":"2023-10-30"},{"lineNumber":42,"author":{"gitId":"agqy98"},"content":"    public void printErrorMessage(ErrorType e, TaskType t, int size) {","lastModifiedDate":"2023-10-30"},{"lineNumber":43,"author":{"gitId":"agqy98"},"content":"        printSeparator();","lastModifiedDate":"2023-10-30"},{"lineNumber":44,"author":{"gitId":"agqy98"},"content":"        switch (e) {","lastModifiedDate":"2023-10-30"},{"lineNumber":45,"author":{"gitId":"agqy98"},"content":"            case ERR_EMPTY_DESCRIPTION:","lastModifiedDate":"2023-10-30"},{"lineNumber":46,"author":{"gitId":"agqy98"},"content":"                System.out.println(\"OOPS!!! The description of a \" + TASK_KEYWORDS.get(t) + \" cannot be empty.\");","lastModifiedDate":"2023-10-30"},{"lineNumber":47,"author":{"gitId":"agqy98"},"content":"                break;","lastModifiedDate":"2023-10-30"},{"lineNumber":48,"author":{"gitId":"agqy98"},"content":"            case ERR_INVALID_FORMAT:","lastModifiedDate":"2023-10-30"},{"lineNumber":49,"author":{"gitId":"agqy98"},"content":"                System.out.printf(","lastModifiedDate":"2023-10-30"},{"lineNumber":50,"author":{"gitId":"agqy98"},"content":"                        \"OOPS! It seems you didn\u0027t provide a valid %s format. To create a %s task, use the following format:\",","lastModifiedDate":"2023-10-30"},{"lineNumber":51,"author":{"gitId":"agqy98"},"content":"                        TASK_KEYWORDS.get(t), TASK_KEYWORDS.get(t));","lastModifiedDate":"2023-10-30"},{"lineNumber":52,"author":{"gitId":"agqy98"},"content":"                System.out.println(\"\");","lastModifiedDate":"2023-10-30"},{"lineNumber":53,"author":{"gitId":"agqy98"},"content":"                switch (t) {","lastModifiedDate":"2023-10-30"},{"lineNumber":54,"author":{"gitId":"agqy98"},"content":"                    case DEADLINE:","lastModifiedDate":"2023-10-30"},{"lineNumber":55,"author":{"gitId":"agqy98"},"content":"                        System.out.println(\"deadline [description] /by [date]\");","lastModifiedDate":"2023-10-30"},{"lineNumber":56,"author":{"gitId":"agqy98"},"content":"                        break;","lastModifiedDate":"2023-10-30"},{"lineNumber":57,"author":{"gitId":"agqy98"},"content":"                    case EVENT:","lastModifiedDate":"2023-10-30"},{"lineNumber":58,"author":{"gitId":"agqy98"},"content":"                        System.out.println(\"event [description] /from [start time] /to [end time]\");","lastModifiedDate":"2023-10-30"},{"lineNumber":59,"author":{"gitId":"agqy98"},"content":"                        break;","lastModifiedDate":"2023-10-30"},{"lineNumber":60,"author":{"gitId":"agqy98"},"content":"                    default:","lastModifiedDate":"2023-10-30"},{"lineNumber":61,"author":{"gitId":"agqy98"},"content":"                        System.out.println(\"todo [description]\"); // Not expecting any formatting error here","lastModifiedDate":"2023-10-30"},{"lineNumber":62,"author":{"gitId":"agqy98"},"content":"                        break;","lastModifiedDate":"2023-10-30"},{"lineNumber":63,"author":{"gitId":"agqy98"},"content":"                }","lastModifiedDate":"2023-10-30"},{"lineNumber":64,"author":{"gitId":"agqy98"},"content":"                break;","lastModifiedDate":"2023-10-30"},{"lineNumber":65,"author":{"gitId":"agqy98"},"content":"            case ERR_POSSIBLE_TYPO:","lastModifiedDate":"2023-10-30"},{"lineNumber":66,"author":{"gitId":"agqy98"},"content":"                System.out.printf(\"OOPS! It appears there might be a typo. Did you mean to write \u0027%s\u0027?\",","lastModifiedDate":"2023-10-30"},{"lineNumber":67,"author":{"gitId":"agqy98"},"content":"                        TASK_KEYWORDS.get(t));","lastModifiedDate":"2023-10-30"},{"lineNumber":68,"author":{"gitId":"agqy98"},"content":"                System.out.println(\"\");","lastModifiedDate":"2023-10-30"},{"lineNumber":69,"author":{"gitId":"agqy98"},"content":"                break;","lastModifiedDate":"2023-10-30"},{"lineNumber":70,"author":{"gitId":"agqy98"},"content":"            case ERR_EXPECT_NUMBER:","lastModifiedDate":"2023-10-30"},{"lineNumber":71,"author":{"gitId":"agqy98"},"content":"                System.out.printf(\"Expect a number (1-%d) after %s\", size, TASK_KEYWORDS.get(t));","lastModifiedDate":"2023-10-30"},{"lineNumber":72,"author":{"gitId":"agqy98"},"content":"                System.out.println(\"\");","lastModifiedDate":"2023-10-30"},{"lineNumber":73,"author":{"gitId":"agqy98"},"content":"                break;","lastModifiedDate":"2023-10-30"},{"lineNumber":74,"author":{"gitId":"agqy98"},"content":"            case ERR_EXCEED_LIMIT:","lastModifiedDate":"2023-10-30"},{"lineNumber":75,"author":{"gitId":"agqy98"},"content":"                System.out.printf(\"The specified number exceeds the limit (1-%d)\", size);","lastModifiedDate":"2023-10-30"},{"lineNumber":76,"author":{"gitId":"agqy98"},"content":"                System.out.println(\"\");","lastModifiedDate":"2023-10-30"},{"lineNumber":77,"author":{"gitId":"agqy98"},"content":"                break;","lastModifiedDate":"2023-10-30"},{"lineNumber":78,"author":{"gitId":"agqy98"},"content":"            default:","lastModifiedDate":"2023-10-30"},{"lineNumber":79,"author":{"gitId":"agqy98"},"content":"                System.out.println(\"OOPS!!! I\u0027m sorry, but I don\u0027t know what that means :-(\");","lastModifiedDate":"2023-10-30"},{"lineNumber":80,"author":{"gitId":"agqy98"},"content":"        }","lastModifiedDate":"2023-10-30"},{"lineNumber":81,"author":{"gitId":"agqy98"},"content":"        printSeparator();","lastModifiedDate":"2023-10-30"},{"lineNumber":82,"author":{"gitId":"agqy98"},"content":"    }","lastModifiedDate":"2023-10-30"},{"lineNumber":83,"author":{"gitId":"agqy98"},"content":"","lastModifiedDate":"2023-10-30"},{"lineNumber":84,"author":{"gitId":"agqy98"},"content":"    public static void printSeparator() {","lastModifiedDate":"2023-10-30"},{"lineNumber":85,"author":{"gitId":"agqy98"},"content":"        System.out.println(\"____________________________________________________________\");","lastModifiedDate":"2023-10-30"},{"lineNumber":86,"author":{"gitId":"agqy98"},"content":"    }","lastModifiedDate":"2023-10-30"},{"lineNumber":87,"author":{"gitId":"agqy98"},"content":"","lastModifiedDate":"2023-10-30"},{"lineNumber":88,"author":{"gitId":"agqy98"},"content":"}","lastModifiedDate":"2023-10-30"}],"authorContributionMap":{"agqy98":88}}]
