[{"path":"src/main/java/Duke.java","fileType":"java","lines":[{"lineNumber":1,"author":{"gitId":"agqy98"},"content":"import java.util.Arrays;","lastModifiedDate":"2023-09-14"},{"lineNumber":2,"author":{"gitId":"agqy98"},"content":"import java.util.Scanner;","lastModifiedDate":"2023-09-13"},{"lineNumber":3,"author":{"gitId":"agqy98"},"content":"","lastModifiedDate":"2023-09-13"},{"lineNumber":4,"author":{"gitId":"-"},"content":"public class Duke {","lastModifiedDate":"2019-07-29"},{"lineNumber":5,"author":{"gitId":"agqy98"},"content":"    private static int count \u003d 0;","lastModifiedDate":"2023-09-14"},{"lineNumber":6,"author":{"gitId":"agqy98"},"content":"    private static String[] list \u003d new String[100];","lastModifiedDate":"2023-09-14"},{"lineNumber":7,"author":{"gitId":"agqy98"},"content":"","lastModifiedDate":"2023-09-14"},{"lineNumber":8,"author":{"gitId":"-"},"content":"    public static void main(String[] args) {","lastModifiedDate":"2019-07-29"},{"lineNumber":9,"author":{"gitId":"agqy98"},"content":"        printHelloWorld();","lastModifiedDate":"2023-09-13"},{"lineNumber":10,"author":{"gitId":"agqy98"},"content":"","lastModifiedDate":"2023-09-13"},{"lineNumber":11,"author":{"gitId":"agqy98"},"content":"        Scanner scanner \u003d new Scanner(System.in);","lastModifiedDate":"2023-09-13"},{"lineNumber":12,"author":{"gitId":"agqy98"},"content":"        System.out.print(\"\");","lastModifiedDate":"2023-09-13"},{"lineNumber":13,"author":{"gitId":"agqy98"},"content":"        String input \u003d scanner.nextLine();","lastModifiedDate":"2023-09-13"},{"lineNumber":14,"author":{"gitId":"agqy98"},"content":"        while (!input.equalsIgnoreCase(\"bye\")) {","lastModifiedDate":"2023-09-13"},{"lineNumber":15,"author":{"gitId":"agqy98"},"content":"            if (input.equalsIgnoreCase(\"list\")) {","lastModifiedDate":"2023-09-14"},{"lineNumber":16,"author":{"gitId":"agqy98"},"content":"                printList();","lastModifiedDate":"2023-09-14"},{"lineNumber":17,"author":{"gitId":"agqy98"},"content":"            } else {","lastModifiedDate":"2023-09-14"},{"lineNumber":18,"author":{"gitId":"agqy98"},"content":"                handleInput(input);","lastModifiedDate":"2023-09-14"},{"lineNumber":19,"author":{"gitId":"agqy98"},"content":"            }","lastModifiedDate":"2023-09-14"},{"lineNumber":20,"author":{"gitId":"agqy98"},"content":"            input \u003d scanner.nextLine();","lastModifiedDate":"2023-09-13"},{"lineNumber":21,"author":{"gitId":"agqy98"},"content":"        }","lastModifiedDate":"2023-09-13"},{"lineNumber":22,"author":{"gitId":"agqy98"},"content":"        printByeWorld();","lastModifiedDate":"2023-09-13"},{"lineNumber":23,"author":{"gitId":"agqy98"},"content":"        scanner.close();","lastModifiedDate":"2023-09-13"},{"lineNumber":24,"author":{"gitId":"agqy98"},"content":"    }","lastModifiedDate":"2023-09-13"},{"lineNumber":25,"author":{"gitId":"agqy98"},"content":"","lastModifiedDate":"2023-09-13"},{"lineNumber":26,"author":{"gitId":"agqy98"},"content":"    private static void formatter() {","lastModifiedDate":"2023-09-13"},{"lineNumber":27,"author":{"gitId":"agqy98"},"content":"        System.out.print(\"    \");","lastModifiedDate":"2023-09-13"},{"lineNumber":28,"author":{"gitId":"agqy98"},"content":"    }","lastModifiedDate":"2023-09-13"},{"lineNumber":29,"author":{"gitId":"agqy98"},"content":"","lastModifiedDate":"2023-09-13"},{"lineNumber":30,"author":{"gitId":"agqy98"},"content":"    private static void printList() {","lastModifiedDate":"2023-09-14"},{"lineNumber":31,"author":{"gitId":"agqy98"},"content":"        printSeparator();","lastModifiedDate":"2023-09-14"},{"lineNumber":32,"author":{"gitId":"agqy98"},"content":"        for (int i \u003d 0; i \u003c count; i++) {","lastModifiedDate":"2023-09-14"},{"lineNumber":33,"author":{"gitId":"agqy98"},"content":"            formatter();","lastModifiedDate":"2023-09-13"},{"lineNumber":34,"author":{"gitId":"agqy98"},"content":"            System.out.print(i + 1);","lastModifiedDate":"2023-09-14"},{"lineNumber":35,"author":{"gitId":"agqy98"},"content":"            System.out.print(\". \");","lastModifiedDate":"2023-09-14"},{"lineNumber":36,"author":{"gitId":"agqy98"},"content":"            System.out.println(list[i]);","lastModifiedDate":"2023-09-14"},{"lineNumber":37,"author":{"gitId":"agqy98"},"content":"        }","lastModifiedDate":"2023-09-14"},{"lineNumber":38,"author":{"gitId":"agqy98"},"content":"        printSeparator();","lastModifiedDate":"2023-09-14"},{"lineNumber":39,"author":{"gitId":"agqy98"},"content":"    }","lastModifiedDate":"2023-09-13"},{"lineNumber":40,"author":{"gitId":"agqy98"},"content":"","lastModifiedDate":"2023-09-13"},{"lineNumber":41,"author":{"gitId":"agqy98"},"content":"    private static void handleInput(String input) {","lastModifiedDate":"2023-09-14"},{"lineNumber":42,"author":{"gitId":"agqy98"},"content":"        printSeparator();","lastModifiedDate":"2023-09-13"},{"lineNumber":43,"author":{"gitId":"agqy98"},"content":"        formatter();","lastModifiedDate":"2023-09-13"},{"lineNumber":44,"author":{"gitId":"agqy98"},"content":"        list[count] \u003d input;","lastModifiedDate":"2023-09-14"},{"lineNumber":45,"author":{"gitId":"agqy98"},"content":"        count++;","lastModifiedDate":"2023-09-14"},{"lineNumber":46,"author":{"gitId":"agqy98"},"content":"        System.out.println(\"added: \" + input);","lastModifiedDate":"2023-09-14"},{"lineNumber":47,"author":{"gitId":"agqy98"},"content":"        printSeparator();","lastModifiedDate":"2023-09-13"},{"lineNumber":48,"author":{"gitId":"agqy98"},"content":"    }","lastModifiedDate":"2023-09-13"},{"lineNumber":49,"author":{"gitId":"agqy98"},"content":"","lastModifiedDate":"2023-09-13"},{"lineNumber":50,"author":{"gitId":"agqy98"},"content":"    private static void printSeparator() {","lastModifiedDate":"2023-09-14"},{"lineNumber":51,"author":{"gitId":"agqy98"},"content":"        formatter();","lastModifiedDate":"2023-09-14"},{"lineNumber":52,"author":{"gitId":"agqy98"},"content":"        System.out.println(\"____________________________________________________________\");","lastModifiedDate":"2023-09-14"},{"lineNumber":53,"author":{"gitId":"agqy98"},"content":"    }","lastModifiedDate":"2023-09-14"},{"lineNumber":54,"author":{"gitId":"agqy98"},"content":"","lastModifiedDate":"2023-09-14"},{"lineNumber":55,"author":{"gitId":"agqy98"},"content":"    private static void printHelloWorld() {","lastModifiedDate":"2023-09-13"},{"lineNumber":56,"author":{"gitId":"agqy98"},"content":"        printSeparator();","lastModifiedDate":"2023-09-13"},{"lineNumber":57,"author":{"gitId":"agqy98"},"content":"        formatter();","lastModifiedDate":"2023-09-13"},{"lineNumber":58,"author":{"gitId":"agqy98"},"content":"        System.out.println(\"Hello! I\u0027m AngelBot!\");","lastModifiedDate":"2023-09-13"},{"lineNumber":59,"author":{"gitId":"agqy98"},"content":"        formatter();","lastModifiedDate":"2023-09-13"},{"lineNumber":60,"author":{"gitId":"agqy98"},"content":"        System.out.println(\"What can I do for you?\");","lastModifiedDate":"2023-09-13"},{"lineNumber":61,"author":{"gitId":"agqy98"},"content":"        printSeparator();","lastModifiedDate":"2023-09-13"},{"lineNumber":62,"author":{"gitId":"agqy98"},"content":"    }","lastModifiedDate":"2023-09-13"},{"lineNumber":63,"author":{"gitId":"agqy98"},"content":"","lastModifiedDate":"2023-09-13"},{"lineNumber":64,"author":{"gitId":"agqy98"},"content":"    private static void printByeWorld() {","lastModifiedDate":"2023-09-13"},{"lineNumber":65,"author":{"gitId":"agqy98"},"content":"        printSeparator();","lastModifiedDate":"2023-09-13"},{"lineNumber":66,"author":{"gitId":"agqy98"},"content":"        formatter();","lastModifiedDate":"2023-09-13"},{"lineNumber":67,"author":{"gitId":"agqy98"},"content":"        System.out.println(\"Bye. Hope to see you again soon!\");","lastModifiedDate":"2023-09-13"},{"lineNumber":68,"author":{"gitId":"agqy98"},"content":"        printSeparator();","lastModifiedDate":"2023-09-13"},{"lineNumber":69,"author":{"gitId":"agqy98"},"content":"","lastModifiedDate":"2023-09-13"},{"lineNumber":70,"author":{"gitId":"-"},"content":"    }","lastModifiedDate":"2019-07-29"},{"lineNumber":71,"author":{"gitId":"-"},"content":"}","lastModifiedDate":"2019-07-29"}],"authorContributionMap":{"agqy98":67,"-":4}}]
