{"authorDailyContributionsMap":{"agqy98":[{"date":"2023-09-13","commitResults":[{"hash":"30ae5156ffd9d45ec27b0a0bfd930a82b5a6b12f","isMergeCommit":false,"messageTitle":"Level-0","messageBody":"","tags":["Level-0"],"fileTypesAndContributionMap":{"java":{"insertions":10,"deletions":6}}},{"hash":"b3a35fdf6bae87132ebed488358fed26ceb376ef","isMergeCommit":false,"messageTitle":"Level-1","messageBody":"","tags":["Level-1"],"fileTypesAndContributionMap":{"java":{"insertions":39,"deletions":3}}}]},{"date":"2023-09-14","commitResults":[{"hash":"2994bcf19bb520016cf4406e8366914dace29655","isMergeCommit":false,"messageTitle":"Level-2","messageBody":"","tags":["Level-2"],"fileTypesAndContributionMap":{"java":{"insertions":27,"deletions":6}}}]},{"date":"2023-10-29","commitResults":[{"hash":"ad8ed3eccdeecad76d158e4e999a9f792c6e98e1","isMergeCommit":false,"messageTitle":"Someone removed my files, reupload from Version 6","messageBody":"","fileTypesAndContributionMap":{"java":{"insertions":279,"deletions":35}}},{"hash":"c161fe9d59f1ebcb2cfdc10c0c9a4a85719bbb0d","isMergeCommit":true,"messageTitle":"Merge pull request #1 from agqy98/branch-Level-7","messageBody":"Someone removed my files, reupload from Version 6","fileTypesAndContributionMap":{}}]},{"date":"2023-10-30","commitResults":[{"hash":"bda7b040f93804c1438e2ca1081320560b5b902f","isMergeCommit":false,"messageTitle":"Level-7","messageBody":"","fileTypesAndContributionMap":{"txt":{"insertions":3,"deletions":0},"java":{"insertions":284,"deletions":111}}},{"hash":"f9cc6031be42578ab2d29097afcd88377e1dcac0","isMergeCommit":false,"messageTitle":"Level-7","messageBody":"","tags":["Level-7"],"fileTypesAndContributionMap":{"java":{"insertions":50,"deletions":1}}}]},{"date":"2023-11-06","commitResults":[{"hash":"2064c54a94d729a2d71545503dc356c2be8ba26d","isMergeCommit":true,"messageTitle":"Merge pull request #3 from agqy98/add-gradle-support","messageBody":"Add gradle support","fileTypesAndContributionMap":{}},{"hash":"7ff5177612342ee6566d013b1938ea9f8bc81566","isMergeCommit":true,"messageTitle":"Merge pull request #4 from agqy98/branch-Level-7","messageBody":"Branch level 7","fileTypesAndContributionMap":{}}]},{"date":"2023-11-14","commitResults":[{"hash":"968b8017c4902425c3424ebd9e37bfe32ecb5666","isMergeCommit":false,"messageTitle":"Commit Level-8 with gradle","messageBody":"","tags":["commitHash","Level-8"],"fileTypesAndContributionMap":{"gradle":{"insertions":1,"deletions":1},"txt":{"insertions":13,"deletions":3},"java":{"insertions":133,"deletions":24}}},{"hash":"e03148268363c9e824beb181d17a564671538cef","isMergeCommit":false,"messageTitle":"Level-9","messageBody":"","tags":["Level-9"],"fileTypesAndContributionMap":{"txt":{"insertions":1,"deletions":0},"java":{"insertions":79,"deletions":8}}}]},{"date":"2023-11-19","commitResults":[{"hash":"309ed781d37d4d7a1bec5ebb9b30beac41b8ef7c","isMergeCommit":false,"messageTitle":"Level-10","messageBody":"","tags":["v1.0","Level-10"],"fileTypesAndContributionMap":{"gradle":{"insertions":15,"deletions":0},"txt":{"insertions":3,"deletions":3},"java":{"insertions":485,"deletions":140}}}]}]},"authorFileTypeContributionMap":{"agqy98":{"java":1060,"md":0,"fxml":0,"sh":0,"bat":0,"gradle":16,"txt":14}},"authorContributionVariance":{"agqy98":7749.1714},"authorDisplayNameMap":{"agqy98":"GOH ..NGEL"}}
