{"authorDailyContributionsMap":{"agqy98":[{"date":"2023-09-13","commitResults":[{"hash":"30ae5156ffd9d45ec27b0a0bfd930a82b5a6b12f","isMergeCommit":false,"messageTitle":"Level-0","messageBody":"","tags":["Level-0"],"fileTypesAndContributionMap":{"java":{"insertions":10,"deletions":6}}},{"hash":"b3a35fdf6bae87132ebed488358fed26ceb376ef","isMergeCommit":false,"messageTitle":"Level-1","messageBody":"","tags":["Level-1"],"fileTypesAndContributionMap":{"java":{"insertions":39,"deletions":3}}}]},{"date":"2023-09-14","commitResults":[{"hash":"2994bcf19bb520016cf4406e8366914dace29655","isMergeCommit":false,"messageTitle":"Level-2","messageBody":"","tags":["Level-2"],"fileTypesAndContributionMap":{"java":{"insertions":27,"deletions":6}}}]}]},"authorFileTypeContributionMap":{"agqy98":{"java":67,"md":0,"fxml":0,"sh":0,"bat":0,"gradle":0,"txt":0}},"authorContributionVariance":{"agqy98":131.06934},"authorDisplayNameMap":{"agqy98":"GOH ..NGEL"}}
