[{"path":"README.md","fileType":"md","lines":[{"lineNumber":1,"author":{"gitId":"CXinCheng"},"content":"# TINA","lastModifiedDate":"2023-10-20"},{"lineNumber":2,"author":{"gitId":"-"},"content":"","lastModifiedDate":"2020-05-25"},{"lineNumber":3,"author":{"gitId":"CXinCheng"},"content":"Function Menu:","lastModifiedDate":"2023-10-20"},{"lineNumber":4,"author":{"gitId":"CXinCheng"},"content":"- bye: exit","lastModifiedDate":"2023-10-20"},{"lineNumber":5,"author":{"gitId":"CXinCheng"},"content":"- list: list out all tasks","lastModifiedDate":"2023-10-20"},{"lineNumber":6,"author":{"gitId":"CXinCheng"},"content":"- todo [task name]: create a task for todo","lastModifiedDate":"2023-10-20"},{"lineNumber":7,"author":{"gitId":"CXinCheng"},"content":"- deadline [task name] /by [date]","lastModifiedDate":"2023-10-20"},{"lineNumber":8,"author":{"gitId":"CXinCheng"},"content":"- event [task name] /from [date] /to [date]","lastModifiedDate":"2023-10-20"},{"lineNumber":9,"author":{"gitId":"CXinCheng"},"content":"- mark [task number]: mark task as done ","lastModifiedDate":"2023-10-20"},{"lineNumber":10,"author":{"gitId":"CXinCheng"},"content":"- unmark [task number]: unmark task as not done","lastModifiedDate":"2023-10-20"},{"lineNumber":11,"author":{"gitId":"CXinCheng"},"content":"- delete [task number]: delete task","lastModifiedDate":"2023-10-23"}],"authorContributionMap":{"CXinCheng":10,"-":1}},{"path":"src/main/java/Deadline.java","fileType":"java","lines":[{"lineNumber":1,"author":{"gitId":"CXinCheng"},"content":"public class Deadline extends Task {","lastModifiedDate":"2023-09-23"},{"lineNumber":2,"author":{"gitId":"CXinCheng"},"content":"    String by;","lastModifiedDate":"2023-09-23"},{"lineNumber":3,"author":{"gitId":"CXinCheng"},"content":"    public Deadline(String name, String by) {","lastModifiedDate":"2023-09-23"},{"lineNumber":4,"author":{"gitId":"CXinCheng"},"content":"        super(name);","lastModifiedDate":"2023-09-23"},{"lineNumber":5,"author":{"gitId":"CXinCheng"},"content":"        this.by \u003d by;","lastModifiedDate":"2023-09-23"},{"lineNumber":6,"author":{"gitId":"CXinCheng"},"content":"    }","lastModifiedDate":"2023-09-23"},{"lineNumber":7,"author":{"gitId":"CXinCheng"},"content":"","lastModifiedDate":"2023-09-23"},{"lineNumber":8,"author":{"gitId":"CXinCheng"},"content":"    public String toString() {","lastModifiedDate":"2023-09-23"},{"lineNumber":9,"author":{"gitId":"CXinCheng"},"content":"        return \"[D]\" + super.toString() + \" (by: \" + this.by + \")\";","lastModifiedDate":"2023-09-23"},{"lineNumber":10,"author":{"gitId":"CXinCheng"},"content":"    }","lastModifiedDate":"2023-09-23"},{"lineNumber":11,"author":{"gitId":"CXinCheng"},"content":"}","lastModifiedDate":"2023-09-23"}],"authorContributionMap":{"CXinCheng":11}},{"path":"src/main/java/Duke.java","fileType":"java","lines":[{"lineNumber":1,"author":{"gitId":"CXinCheng"},"content":"import java.util.ArrayList;","lastModifiedDate":"2023-09-19"},{"lineNumber":2,"author":{"gitId":"CXinCheng"},"content":"import java.util.Scanner;","lastModifiedDate":"2023-09-19"},{"lineNumber":3,"author":{"gitId":"CXinCheng"},"content":"","lastModifiedDate":"2023-09-19"},{"lineNumber":4,"author":{"gitId":"-"},"content":"public class Duke {","lastModifiedDate":"2019-07-29"},{"lineNumber":5,"author":{"gitId":"CXinCheng"},"content":"","lastModifiedDate":"2023-09-19"},{"lineNumber":6,"author":{"gitId":"CXinCheng"},"content":"    private static ArrayList\u003cTask\u003e taskList \u003d new ArrayList\u003c\u003e();","lastModifiedDate":"2023-09-19"},{"lineNumber":7,"author":{"gitId":"CXinCheng"},"content":"","lastModifiedDate":"2023-09-19"},{"lineNumber":8,"author":{"gitId":"CXinCheng"},"content":"    public static void main(String[] args) throws DukeException {","lastModifiedDate":"2023-10-20"},{"lineNumber":9,"author":{"gitId":"CXinCheng"},"content":"        welcome();","lastModifiedDate":"2023-09-23"},{"lineNumber":10,"author":{"gitId":"CXinCheng"},"content":"","lastModifiedDate":"2023-09-19"},{"lineNumber":11,"author":{"gitId":"CXinCheng"},"content":"        Scanner sc \u003d new Scanner(System.in);","lastModifiedDate":"2023-09-19"},{"lineNumber":12,"author":{"gitId":"CXinCheng"},"content":"        String userInput \u003d \"\";","lastModifiedDate":"2023-09-19"},{"lineNumber":13,"author":{"gitId":"CXinCheng"},"content":"        boolean isBye \u003d false;","lastModifiedDate":"2023-09-19"},{"lineNumber":14,"author":{"gitId":"CXinCheng"},"content":"","lastModifiedDate":"2023-09-19"},{"lineNumber":15,"author":{"gitId":"CXinCheng"},"content":"        while (!isBye) {","lastModifiedDate":"2023-09-19"},{"lineNumber":16,"author":{"gitId":"CXinCheng"},"content":"            userInput \u003d sc.nextLine();","lastModifiedDate":"2023-09-19"},{"lineNumber":17,"author":{"gitId":"CXinCheng"},"content":"            // start line","lastModifiedDate":"2023-09-19"},{"lineNumber":18,"author":{"gitId":"CXinCheng"},"content":"            outputln(\"**************************************************\");","lastModifiedDate":"2023-09-23"},{"lineNumber":19,"author":{"gitId":"CXinCheng"},"content":"","lastModifiedDate":"2023-09-19"},{"lineNumber":20,"author":{"gitId":"CXinCheng"},"content":"            // format user input","lastModifiedDate":"2023-09-19"},{"lineNumber":21,"author":{"gitId":"CXinCheng"},"content":"            String[] tokens \u003d userInput.split(\" \");","lastModifiedDate":"2023-09-23"},{"lineNumber":22,"author":{"gitId":"CXinCheng"},"content":"            ArrayList\u003cString\u003e funcStrList \u003d null;","lastModifiedDate":"2023-10-23"},{"lineNumber":23,"author":{"gitId":"CXinCheng"},"content":"            try {","lastModifiedDate":"2023-10-23"},{"lineNumber":24,"author":{"gitId":"CXinCheng"},"content":"                UserInput input \u003d new UserInput(tokens);","lastModifiedDate":"2023-10-23"},{"lineNumber":25,"author":{"gitId":"CXinCheng"},"content":"                funcStrList \u003d input.handleTokens();","lastModifiedDate":"2023-10-23"},{"lineNumber":26,"author":{"gitId":"CXinCheng"},"content":"            } catch (DukeException e) {","lastModifiedDate":"2023-10-23"},{"lineNumber":27,"author":{"gitId":"CXinCheng"},"content":"                outputln(e.getMessage());","lastModifiedDate":"2023-10-23"},{"lineNumber":28,"author":{"gitId":"CXinCheng"},"content":"            }","lastModifiedDate":"2023-10-23"},{"lineNumber":29,"author":{"gitId":"CXinCheng"},"content":"","lastModifiedDate":"2023-10-23"},{"lineNumber":30,"author":{"gitId":"CXinCheng"},"content":"            if (funcStrList !\u003d null) {","lastModifiedDate":"2023-10-23"},{"lineNumber":31,"author":{"gitId":"CXinCheng"},"content":"                Task curTask;","lastModifiedDate":"2023-09-19"},{"lineNumber":32,"author":{"gitId":"CXinCheng"},"content":"                String taskName;","lastModifiedDate":"2023-09-23"},{"lineNumber":33,"author":{"gitId":"CXinCheng"},"content":"                Task newTask;","lastModifiedDate":"2023-09-23"},{"lineNumber":34,"author":{"gitId":"CXinCheng"},"content":"","lastModifiedDate":"2023-09-19"},{"lineNumber":35,"author":{"gitId":"CXinCheng"},"content":"                switch (funcStrList.get(0)) {","lastModifiedDate":"2023-10-23"},{"lineNumber":36,"author":{"gitId":"CXinCheng"},"content":"                    case \"bye\":","lastModifiedDate":"2023-09-19"},{"lineNumber":37,"author":{"gitId":"CXinCheng"},"content":"                        isBye \u003d true;","lastModifiedDate":"2023-09-19"},{"lineNumber":38,"author":{"gitId":"CXinCheng"},"content":"                        outputln(\"Bye. Hope to see you again.\");","lastModifiedDate":"2023-09-23"},{"lineNumber":39,"author":{"gitId":"CXinCheng"},"content":"                        break;","lastModifiedDate":"2023-09-19"},{"lineNumber":40,"author":{"gitId":"CXinCheng"},"content":"                    case \"list\":","lastModifiedDate":"2023-09-19"},{"lineNumber":41,"author":{"gitId":"CXinCheng"},"content":"                        int count \u003d 1;","lastModifiedDate":"2023-09-19"},{"lineNumber":42,"author":{"gitId":"CXinCheng"},"content":"                        for (Task task : taskList) {","lastModifiedDate":"2023-09-19"},{"lineNumber":43,"author":{"gitId":"CXinCheng"},"content":"                            outputln(count + \".\" + task.toString());","lastModifiedDate":"2023-09-23"},{"lineNumber":44,"author":{"gitId":"CXinCheng"},"content":"                            count++;","lastModifiedDate":"2023-09-19"},{"lineNumber":45,"author":{"gitId":"CXinCheng"},"content":"                        }","lastModifiedDate":"2023-09-19"},{"lineNumber":46,"author":{"gitId":"CXinCheng"},"content":"                        break;","lastModifiedDate":"2023-09-19"},{"lineNumber":47,"author":{"gitId":"CXinCheng"},"content":"                    case \"mark\" :","lastModifiedDate":"2023-09-19"},{"lineNumber":48,"author":{"gitId":"CXinCheng"},"content":"                        try {","lastModifiedDate":"2023-10-20"},{"lineNumber":49,"author":{"gitId":"CXinCheng"},"content":"                            curTask \u003d getCurrentTask(funcStrList.get(1));","lastModifiedDate":"2023-10-23"},{"lineNumber":50,"author":{"gitId":"CXinCheng"},"content":"                            curTask.setDone(true);","lastModifiedDate":"2023-09-19"},{"lineNumber":51,"author":{"gitId":"CXinCheng"},"content":"                            outputln(\"Nice! I\u0027ve marked this task as done:\");","lastModifiedDate":"2023-09-23"},{"lineNumber":52,"author":{"gitId":"CXinCheng"},"content":"                            outputln(\"[\" + curTask.isDone() +\"]\" + curTask.getName());","lastModifiedDate":"2023-09-23"},{"lineNumber":53,"author":{"gitId":"CXinCheng"},"content":"                        } catch (DukeException e) {","lastModifiedDate":"2023-10-23"},{"lineNumber":54,"author":{"gitId":"CXinCheng"},"content":"                            outputln(e.getMessage());","lastModifiedDate":"2023-10-20"},{"lineNumber":55,"author":{"gitId":"CXinCheng"},"content":"                        }","lastModifiedDate":"2023-10-20"},{"lineNumber":56,"author":{"gitId":"CXinCheng"},"content":"                        break;","lastModifiedDate":"2023-09-19"},{"lineNumber":57,"author":{"gitId":"CXinCheng"},"content":"                    case \"unmark\" :","lastModifiedDate":"2023-09-19"},{"lineNumber":58,"author":{"gitId":"CXinCheng"},"content":"                        try {","lastModifiedDate":"2023-10-20"},{"lineNumber":59,"author":{"gitId":"CXinCheng"},"content":"                            curTask \u003d getCurrentTask(funcStrList.get(1));","lastModifiedDate":"2023-10-23"},{"lineNumber":60,"author":{"gitId":"CXinCheng"},"content":"                            curTask.setDone(false);","lastModifiedDate":"2023-09-19"},{"lineNumber":61,"author":{"gitId":"CXinCheng"},"content":"                            outputln(\"OK, I\u0027ve marked this task as not done yet:\");","lastModifiedDate":"2023-09-23"},{"lineNumber":62,"author":{"gitId":"CXinCheng"},"content":"                            outputln(\"[\" + curTask.isDone() +\"]\" + curTask.getName());","lastModifiedDate":"2023-09-23"},{"lineNumber":63,"author":{"gitId":"CXinCheng"},"content":"                        } catch (DukeException e) {","lastModifiedDate":"2023-10-20"},{"lineNumber":64,"author":{"gitId":"CXinCheng"},"content":"                            outputln(e.getMessage());","lastModifiedDate":"2023-10-20"},{"lineNumber":65,"author":{"gitId":"CXinCheng"},"content":"                        }","lastModifiedDate":"2023-10-20"},{"lineNumber":66,"author":{"gitId":"CXinCheng"},"content":"                        break;","lastModifiedDate":"2023-09-23"},{"lineNumber":67,"author":{"gitId":"CXinCheng"},"content":"                    case \"delete\":","lastModifiedDate":"2023-10-23"},{"lineNumber":68,"author":{"gitId":"CXinCheng"},"content":"                        try {","lastModifiedDate":"2023-10-23"},{"lineNumber":69,"author":{"gitId":"CXinCheng"},"content":"                            curTask \u003d getCurrentTask(funcStrList.get(1));","lastModifiedDate":"2023-10-23"},{"lineNumber":70,"author":{"gitId":"CXinCheng"},"content":"                            taskList.remove(curTask);","lastModifiedDate":"2023-10-23"},{"lineNumber":71,"author":{"gitId":"CXinCheng"},"content":"                            outputln(\"Noted. I\u0027ve removed this task:\");","lastModifiedDate":"2023-10-23"},{"lineNumber":72,"author":{"gitId":"CXinCheng"},"content":"                            outputln(\"  \" + curTask);","lastModifiedDate":"2023-10-23"},{"lineNumber":73,"author":{"gitId":"CXinCheng"},"content":"                            outputln(\"Now you have \" + taskList.size() +\" tasks in the list.\");","lastModifiedDate":"2023-10-23"},{"lineNumber":74,"author":{"gitId":"CXinCheng"},"content":"                        } catch (DukeException e) {","lastModifiedDate":"2023-10-23"},{"lineNumber":75,"author":{"gitId":"CXinCheng"},"content":"                            outputln(e.getMessage());","lastModifiedDate":"2023-10-23"},{"lineNumber":76,"author":{"gitId":"CXinCheng"},"content":"                        }","lastModifiedDate":"2023-10-23"},{"lineNumber":77,"author":{"gitId":"CXinCheng"},"content":"                        break;","lastModifiedDate":"2023-10-23"},{"lineNumber":78,"author":{"gitId":"CXinCheng"},"content":"                    case \"todo\":","lastModifiedDate":"2023-09-23"},{"lineNumber":79,"author":{"gitId":"CXinCheng"},"content":"                        newTask \u003d new Todo(funcStrList.get(1));","lastModifiedDate":"2023-10-23"},{"lineNumber":80,"author":{"gitId":"CXinCheng"},"content":"                        taskList.add(newTask);","lastModifiedDate":"2023-09-23"},{"lineNumber":81,"author":{"gitId":"CXinCheng"},"content":"                        outputln(newTask);","lastModifiedDate":"2023-09-23"},{"lineNumber":82,"author":{"gitId":"CXinCheng"},"content":"                        break;","lastModifiedDate":"2023-09-23"},{"lineNumber":83,"author":{"gitId":"CXinCheng"},"content":"                    case \"deadline\":","lastModifiedDate":"2023-09-23"},{"lineNumber":84,"author":{"gitId":"CXinCheng"},"content":"                        newTask \u003d new Deadline(funcStrList.get(1), funcStrList.get(2));","lastModifiedDate":"2023-10-23"},{"lineNumber":85,"author":{"gitId":"CXinCheng"},"content":"                        taskList.add(newTask);","lastModifiedDate":"2023-09-23"},{"lineNumber":86,"author":{"gitId":"CXinCheng"},"content":"                        outputln(newTask);","lastModifiedDate":"2023-09-23"},{"lineNumber":87,"author":{"gitId":"CXinCheng"},"content":"                        break;","lastModifiedDate":"2023-09-23"},{"lineNumber":88,"author":{"gitId":"CXinCheng"},"content":"                    case \"event\":","lastModifiedDate":"2023-09-23"},{"lineNumber":89,"author":{"gitId":"CXinCheng"},"content":"                        newTask \u003d new Event(funcStrList.get(1), funcStrList.get(2), funcStrList.get(3));","lastModifiedDate":"2023-10-23"},{"lineNumber":90,"author":{"gitId":"CXinCheng"},"content":"                        taskList.add(newTask);","lastModifiedDate":"2023-09-23"},{"lineNumber":91,"author":{"gitId":"CXinCheng"},"content":"                        outputln(newTask);","lastModifiedDate":"2023-09-23"},{"lineNumber":92,"author":{"gitId":"CXinCheng"},"content":"                        break;","lastModifiedDate":"2023-09-19"},{"lineNumber":93,"author":{"gitId":"CXinCheng"},"content":"                    default:","lastModifiedDate":"2023-09-19"},{"lineNumber":94,"author":{"gitId":"CXinCheng"},"content":"                        outputln(\"OOPS!!! I\u0027m sorry, but I don\u0027t know what that means :-(\");","lastModifiedDate":"2023-10-20"},{"lineNumber":95,"author":{"gitId":"CXinCheng"},"content":"                }","lastModifiedDate":"2023-09-19"},{"lineNumber":96,"author":{"gitId":"CXinCheng"},"content":"            }","lastModifiedDate":"2023-10-23"},{"lineNumber":97,"author":{"gitId":"CXinCheng"},"content":"","lastModifiedDate":"2023-09-19"},{"lineNumber":98,"author":{"gitId":"CXinCheng"},"content":"            // end line","lastModifiedDate":"2023-09-19"},{"lineNumber":99,"author":{"gitId":"CXinCheng"},"content":"            outputln(\"**************************************************\\n\");","lastModifiedDate":"2023-09-23"},{"lineNumber":100,"author":{"gitId":"CXinCheng"},"content":"        }","lastModifiedDate":"2023-09-23"},{"lineNumber":101,"author":{"gitId":"CXinCheng"},"content":"","lastModifiedDate":"2023-09-23"},{"lineNumber":102,"author":{"gitId":"CXinCheng"},"content":"    }","lastModifiedDate":"2023-09-19"},{"lineNumber":103,"author":{"gitId":"CXinCheng"},"content":"","lastModifiedDate":"2023-09-19"},{"lineNumber":104,"author":{"gitId":"CXinCheng"},"content":"    public static Task getCurrentTask(String taskNum) throws DukeException {","lastModifiedDate":"2023-10-23"},{"lineNumber":105,"author":{"gitId":"CXinCheng"},"content":"        try {","lastModifiedDate":"2023-10-20"},{"lineNumber":106,"author":{"gitId":"CXinCheng"},"content":"            return taskList.get(Integer.parseInt(taskNum) - 1);","lastModifiedDate":"2023-10-23"},{"lineNumber":107,"author":{"gitId":"CXinCheng"},"content":"        } catch (IndexOutOfBoundsException  e) {","lastModifiedDate":"2023-10-20"},{"lineNumber":108,"author":{"gitId":"CXinCheng"},"content":"            throw new DukeException(\"OOPS!!! It is an invalid task\");","lastModifiedDate":"2023-10-23"},{"lineNumber":109,"author":{"gitId":"CXinCheng"},"content":"        }","lastModifiedDate":"2023-10-20"},{"lineNumber":110,"author":{"gitId":"CXinCheng"},"content":"    }","lastModifiedDate":"2023-10-20"},{"lineNumber":111,"author":{"gitId":"CXinCheng"},"content":"","lastModifiedDate":"2023-10-20"},{"lineNumber":112,"author":{"gitId":"CXinCheng"},"content":"    public static void outputln(Task newTask) {","lastModifiedDate":"2023-09-23"},{"lineNumber":113,"author":{"gitId":"CXinCheng"},"content":"        outputln(\"Got it. I\u0027ve added this task:\");","lastModifiedDate":"2023-09-23"},{"lineNumber":114,"author":{"gitId":"CXinCheng"},"content":"        outputln(\"  \" + newTask.toString());","lastModifiedDate":"2023-09-23"},{"lineNumber":115,"author":{"gitId":"CXinCheng"},"content":"        outputln(\"Now you have \" + taskList.size() + \" tasks in the list.\");","lastModifiedDate":"2023-09-23"},{"lineNumber":116,"author":{"gitId":"CXinCheng"},"content":"    }","lastModifiedDate":"2023-09-19"},{"lineNumber":117,"author":{"gitId":"CXinCheng"},"content":"","lastModifiedDate":"2023-09-19"},{"lineNumber":118,"author":{"gitId":"CXinCheng"},"content":"    public static void outputln(String str) {","lastModifiedDate":"2023-09-23"},{"lineNumber":119,"author":{"gitId":"CXinCheng"},"content":"        System.out.print(\"  \");","lastModifiedDate":"2023-09-19"},{"lineNumber":120,"author":{"gitId":"CXinCheng"},"content":"        System.out.println(str);","lastModifiedDate":"2023-09-19"},{"lineNumber":121,"author":{"gitId":"-"},"content":"    }","lastModifiedDate":"2019-07-29"},{"lineNumber":122,"author":{"gitId":"CXinCheng"},"content":"","lastModifiedDate":"2023-09-23"},{"lineNumber":123,"author":{"gitId":"CXinCheng"},"content":"    public static void welcome() {","lastModifiedDate":"2023-09-23"},{"lineNumber":124,"author":{"gitId":"CXinCheng"},"content":"        String logo \u003d   \"████████ ██ ███    ██  █████  \\n\" +","lastModifiedDate":"2023-09-23"},{"lineNumber":125,"author":{"gitId":"CXinCheng"},"content":"                \"   ██    ██ ████   ██ ██   ██ \\n\" +","lastModifiedDate":"2023-09-23"},{"lineNumber":126,"author":{"gitId":"CXinCheng"},"content":"                \"   ██    ██ ██ ██  ██ ███████ \\n\" +","lastModifiedDate":"2023-09-23"},{"lineNumber":127,"author":{"gitId":"CXinCheng"},"content":"                \"   ██    ██ ██  ██ ██ ██   ██ \\n\" +","lastModifiedDate":"2023-09-23"},{"lineNumber":128,"author":{"gitId":"CXinCheng"},"content":"                \"   ██    ██ ██   ████ ██   ██\";","lastModifiedDate":"2023-09-23"},{"lineNumber":129,"author":{"gitId":"CXinCheng"},"content":"","lastModifiedDate":"2023-09-23"},{"lineNumber":130,"author":{"gitId":"CXinCheng"},"content":"        System.out.println(logo);","lastModifiedDate":"2023-09-23"},{"lineNumber":131,"author":{"gitId":"CXinCheng"},"content":"        System.out.println(\"Hello! I\u0027m TINA. \\nHow can I help you?\\n\");","lastModifiedDate":"2023-09-23"},{"lineNumber":132,"author":{"gitId":"CXinCheng"},"content":"        //System.out.println(\"Type your question below. (Type \\\"bye\\\" to exit)\");","lastModifiedDate":"2023-09-23"},{"lineNumber":133,"author":{"gitId":"CXinCheng"},"content":"        System.out.println(\"Function Menu:\");","lastModifiedDate":"2023-09-23"},{"lineNumber":134,"author":{"gitId":"CXinCheng"},"content":"        System.out.println(\"bye: exit\");","lastModifiedDate":"2023-10-23"},{"lineNumber":135,"author":{"gitId":"CXinCheng"},"content":"        System.out.println(\"list: list out all tasks\");","lastModifiedDate":"2023-10-23"},{"lineNumber":136,"author":{"gitId":"CXinCheng"},"content":"        System.out.println(\"todo [task name]: create a task for todo\");","lastModifiedDate":"2023-10-23"},{"lineNumber":137,"author":{"gitId":"CXinCheng"},"content":"        System.out.println(\"deadline [task name] /by [date]\");","lastModifiedDate":"2023-10-23"},{"lineNumber":138,"author":{"gitId":"CXinCheng"},"content":"        System.out.println(\"event [task name] /from [date] /to [date]\");","lastModifiedDate":"2023-10-23"},{"lineNumber":139,"author":{"gitId":"CXinCheng"},"content":"        System.out.println(\"mark [task number]: mark task as done\");","lastModifiedDate":"2023-10-23"},{"lineNumber":140,"author":{"gitId":"CXinCheng"},"content":"        System.out.println(\"unmark [task number]: unmark task as not done\");","lastModifiedDate":"2023-10-23"},{"lineNumber":141,"author":{"gitId":"CXinCheng"},"content":"        System.out.println(\"delete [task number]: delete task\");","lastModifiedDate":"2023-10-23"},{"lineNumber":142,"author":{"gitId":"CXinCheng"},"content":"        System.out.println(\"**************************************************\\n\");","lastModifiedDate":"2023-09-23"},{"lineNumber":143,"author":{"gitId":"-"},"content":"    }","lastModifiedDate":"2023-09-23"},{"lineNumber":144,"author":{"gitId":"-"},"content":"}","lastModifiedDate":"2019-07-29"},{"lineNumber":145,"author":{"gitId":"CXinCheng"},"content":"","lastModifiedDate":"2023-09-19"},{"lineNumber":146,"author":{"gitId":"CXinCheng"},"content":"","lastModifiedDate":"2023-09-19"},{"lineNumber":147,"author":{"gitId":"CXinCheng"},"content":"","lastModifiedDate":"2023-09-19"}],"authorContributionMap":{"CXinCheng":143,"-":4}},{"path":"src/main/java/DukeException.java","fileType":"java","lines":[{"lineNumber":1,"author":{"gitId":"CXinCheng"},"content":"public class DukeException extends Exception {","lastModifiedDate":"2023-10-20"},{"lineNumber":2,"author":{"gitId":"CXinCheng"},"content":"","lastModifiedDate":"2023-10-23"},{"lineNumber":3,"author":{"gitId":"CXinCheng"},"content":"    public DukeException() {}","lastModifiedDate":"2023-10-23"},{"lineNumber":4,"author":{"gitId":"CXinCheng"},"content":"    public DukeException(String message) {","lastModifiedDate":"2023-10-20"},{"lineNumber":5,"author":{"gitId":"CXinCheng"},"content":"        super(message);","lastModifiedDate":"2023-10-20"},{"lineNumber":6,"author":{"gitId":"CXinCheng"},"content":"    }","lastModifiedDate":"2023-10-20"},{"lineNumber":7,"author":{"gitId":"CXinCheng"},"content":"}","lastModifiedDate":"2023-10-20"}],"authorContributionMap":{"CXinCheng":7}},{"path":"src/main/java/Event.java","fileType":"java","lines":[{"lineNumber":1,"author":{"gitId":"CXinCheng"},"content":"public class Event extends Task {","lastModifiedDate":"2023-09-23"},{"lineNumber":2,"author":{"gitId":"CXinCheng"},"content":"    private String from;","lastModifiedDate":"2023-09-23"},{"lineNumber":3,"author":{"gitId":"CXinCheng"},"content":"    private String to;","lastModifiedDate":"2023-09-23"},{"lineNumber":4,"author":{"gitId":"CXinCheng"},"content":"","lastModifiedDate":"2023-09-23"},{"lineNumber":5,"author":{"gitId":"CXinCheng"},"content":"    public Event(String name, String from, String to) {","lastModifiedDate":"2023-09-23"},{"lineNumber":6,"author":{"gitId":"CXinCheng"},"content":"        super(name);","lastModifiedDate":"2023-09-23"},{"lineNumber":7,"author":{"gitId":"CXinCheng"},"content":"        this.from \u003d from;","lastModifiedDate":"2023-09-23"},{"lineNumber":8,"author":{"gitId":"CXinCheng"},"content":"        this.to \u003d to;","lastModifiedDate":"2023-09-23"},{"lineNumber":9,"author":{"gitId":"CXinCheng"},"content":"    }","lastModifiedDate":"2023-09-23"},{"lineNumber":10,"author":{"gitId":"CXinCheng"},"content":"","lastModifiedDate":"2023-09-23"},{"lineNumber":11,"author":{"gitId":"CXinCheng"},"content":"    @Override","lastModifiedDate":"2023-09-23"},{"lineNumber":12,"author":{"gitId":"CXinCheng"},"content":"    public String toString() {","lastModifiedDate":"2023-09-23"},{"lineNumber":13,"author":{"gitId":"CXinCheng"},"content":"        return \"[E]\" + super.toString() + \" (from: \" + this.from + \" to: \" + this.to + \")\";","lastModifiedDate":"2023-09-23"},{"lineNumber":14,"author":{"gitId":"CXinCheng"},"content":"    }","lastModifiedDate":"2023-09-23"},{"lineNumber":15,"author":{"gitId":"CXinCheng"},"content":"}","lastModifiedDate":"2023-09-23"}],"authorContributionMap":{"CXinCheng":15}},{"path":"src/main/java/IncorrectParameterException.java","fileType":"java","lines":[{"lineNumber":1,"author":{"gitId":"CXinCheng"},"content":"public class IncorrectParameterException extends DukeException {","lastModifiedDate":"2023-10-20"},{"lineNumber":2,"author":{"gitId":"CXinCheng"},"content":"    public IncorrectParameterException() {","lastModifiedDate":"2023-10-20"},{"lineNumber":3,"author":{"gitId":"CXinCheng"},"content":"        super(\"OPPS!!! You\u0027re giving incorrect input parameters\");","lastModifiedDate":"2023-10-20"},{"lineNumber":4,"author":{"gitId":"CXinCheng"},"content":"    }","lastModifiedDate":"2023-10-20"},{"lineNumber":5,"author":{"gitId":"CXinCheng"},"content":"","lastModifiedDate":"2023-10-20"},{"lineNumber":6,"author":{"gitId":"CXinCheng"},"content":"}","lastModifiedDate":"2023-10-20"}],"authorContributionMap":{"CXinCheng":6}},{"path":"src/main/java/MissingParameterException.java","fileType":"java","lines":[{"lineNumber":1,"author":{"gitId":"CXinCheng"},"content":"public class MissingParameterException extends DukeException {","lastModifiedDate":"2023-10-20"},{"lineNumber":2,"author":{"gitId":"CXinCheng"},"content":"    public MissingParameterException() {","lastModifiedDate":"2023-10-20"},{"lineNumber":3,"author":{"gitId":"CXinCheng"},"content":"        super(\"OPPS!!! You\u0027re missing input parameters\");","lastModifiedDate":"2023-10-20"},{"lineNumber":4,"author":{"gitId":"CXinCheng"},"content":"    }","lastModifiedDate":"2023-10-20"},{"lineNumber":5,"author":{"gitId":"CXinCheng"},"content":"","lastModifiedDate":"2023-10-20"},{"lineNumber":6,"author":{"gitId":"CXinCheng"},"content":"}","lastModifiedDate":"2023-10-20"}],"authorContributionMap":{"CXinCheng":6}},{"path":"src/main/java/Task.java","fileType":"java","lines":[{"lineNumber":1,"author":{"gitId":"CXinCheng"},"content":"public class Task {","lastModifiedDate":"2023-09-19"},{"lineNumber":2,"author":{"gitId":"CXinCheng"},"content":"    private String name;","lastModifiedDate":"2023-09-19"},{"lineNumber":3,"author":{"gitId":"CXinCheng"},"content":"    private boolean isDone \u003d false;","lastModifiedDate":"2023-09-19"},{"lineNumber":4,"author":{"gitId":"CXinCheng"},"content":"","lastModifiedDate":"2023-09-19"},{"lineNumber":5,"author":{"gitId":"CXinCheng"},"content":"    public Task(String name) {","lastModifiedDate":"2023-09-19"},{"lineNumber":6,"author":{"gitId":"CXinCheng"},"content":"        this.name \u003d name;","lastModifiedDate":"2023-09-19"},{"lineNumber":7,"author":{"gitId":"CXinCheng"},"content":"    }","lastModifiedDate":"2023-09-19"},{"lineNumber":8,"author":{"gitId":"CXinCheng"},"content":"","lastModifiedDate":"2023-09-19"},{"lineNumber":9,"author":{"gitId":"CXinCheng"},"content":"    public String isDone() {","lastModifiedDate":"2023-09-19"},{"lineNumber":10,"author":{"gitId":"CXinCheng"},"content":"        return (isDone ? \"X\" : \" \");","lastModifiedDate":"2023-09-19"},{"lineNumber":11,"author":{"gitId":"CXinCheng"},"content":"    }","lastModifiedDate":"2023-09-19"},{"lineNumber":12,"author":{"gitId":"CXinCheng"},"content":"","lastModifiedDate":"2023-09-19"},{"lineNumber":13,"author":{"gitId":"CXinCheng"},"content":"    public void setDone(boolean isDone) {","lastModifiedDate":"2023-09-19"},{"lineNumber":14,"author":{"gitId":"CXinCheng"},"content":"        this.isDone \u003d isDone;","lastModifiedDate":"2023-09-19"},{"lineNumber":15,"author":{"gitId":"CXinCheng"},"content":"    }","lastModifiedDate":"2023-09-19"},{"lineNumber":16,"author":{"gitId":"CXinCheng"},"content":"","lastModifiedDate":"2023-09-19"},{"lineNumber":17,"author":{"gitId":"CXinCheng"},"content":"    public String getName() {","lastModifiedDate":"2023-09-19"},{"lineNumber":18,"author":{"gitId":"CXinCheng"},"content":"        return name;","lastModifiedDate":"2023-09-19"},{"lineNumber":19,"author":{"gitId":"CXinCheng"},"content":"    }","lastModifiedDate":"2023-09-19"},{"lineNumber":20,"author":{"gitId":"CXinCheng"},"content":"","lastModifiedDate":"2023-09-23"},{"lineNumber":21,"author":{"gitId":"CXinCheng"},"content":"    @Override","lastModifiedDate":"2023-09-23"},{"lineNumber":22,"author":{"gitId":"CXinCheng"},"content":"    public String toString() {","lastModifiedDate":"2023-09-23"},{"lineNumber":23,"author":{"gitId":"CXinCheng"},"content":"        return \"[\" + isDone() + \"] \" + this.name;","lastModifiedDate":"2023-09-23"},{"lineNumber":24,"author":{"gitId":"CXinCheng"},"content":"    }","lastModifiedDate":"2023-09-23"},{"lineNumber":25,"author":{"gitId":"CXinCheng"},"content":"}","lastModifiedDate":"2023-09-19"}],"authorContributionMap":{"CXinCheng":25}},{"path":"src/main/java/Todo.java","fileType":"java","lines":[{"lineNumber":1,"author":{"gitId":"CXinCheng"},"content":"public class Todo extends Task {","lastModifiedDate":"2023-09-23"},{"lineNumber":2,"author":{"gitId":"CXinCheng"},"content":"","lastModifiedDate":"2023-09-23"},{"lineNumber":3,"author":{"gitId":"CXinCheng"},"content":"    public Todo(String name) {","lastModifiedDate":"2023-09-23"},{"lineNumber":4,"author":{"gitId":"CXinCheng"},"content":"        super(name);","lastModifiedDate":"2023-09-23"},{"lineNumber":5,"author":{"gitId":"CXinCheng"},"content":"    }","lastModifiedDate":"2023-09-23"},{"lineNumber":6,"author":{"gitId":"CXinCheng"},"content":"","lastModifiedDate":"2023-09-23"},{"lineNumber":7,"author":{"gitId":"CXinCheng"},"content":"    @Override","lastModifiedDate":"2023-09-23"},{"lineNumber":8,"author":{"gitId":"CXinCheng"},"content":"    public String toString() {","lastModifiedDate":"2023-09-23"},{"lineNumber":9,"author":{"gitId":"CXinCheng"},"content":"        return \"[T]\" + super.toString();","lastModifiedDate":"2023-09-23"},{"lineNumber":10,"author":{"gitId":"CXinCheng"},"content":"    }","lastModifiedDate":"2023-09-23"},{"lineNumber":11,"author":{"gitId":"CXinCheng"},"content":"}","lastModifiedDate":"2023-09-23"}],"authorContributionMap":{"CXinCheng":11}},{"path":"src/main/java/UserInput.java","fileType":"java","lines":[{"lineNumber":1,"author":{"gitId":"CXinCheng"},"content":"import java.util.ArrayList;","lastModifiedDate":"2023-10-23"},{"lineNumber":2,"author":{"gitId":"CXinCheng"},"content":"import java.util.Arrays;","lastModifiedDate":"2023-10-23"},{"lineNumber":3,"author":{"gitId":"CXinCheng"},"content":"","lastModifiedDate":"2023-10-23"},{"lineNumber":4,"author":{"gitId":"CXinCheng"},"content":"public class UserInput {","lastModifiedDate":"2023-10-23"},{"lineNumber":5,"author":{"gitId":"CXinCheng"},"content":"    private ArrayList\u003cString\u003e tokens;","lastModifiedDate":"2023-10-23"},{"lineNumber":6,"author":{"gitId":"CXinCheng"},"content":"","lastModifiedDate":"2023-10-23"},{"lineNumber":7,"author":{"gitId":"CXinCheng"},"content":"    public UserInput(String []tokens) {","lastModifiedDate":"2023-10-23"},{"lineNumber":8,"author":{"gitId":"CXinCheng"},"content":"        this.tokens \u003d new ArrayList\u003c\u003e(Arrays.asList(tokens));","lastModifiedDate":"2023-10-23"},{"lineNumber":9,"author":{"gitId":"CXinCheng"},"content":"    }","lastModifiedDate":"2023-10-23"},{"lineNumber":10,"author":{"gitId":"CXinCheng"},"content":"","lastModifiedDate":"2023-10-23"},{"lineNumber":11,"author":{"gitId":"CXinCheng"},"content":"    public ArrayList\u003cString\u003e handleTokens() throws DukeException {","lastModifiedDate":"2023-10-23"},{"lineNumber":12,"author":{"gitId":"CXinCheng"},"content":"        String func \u003d tokens.get(0).toLowerCase();","lastModifiedDate":"2023-10-23"},{"lineNumber":13,"author":{"gitId":"CXinCheng"},"content":"        ArrayList\u003cString\u003e functionStringList \u003d new ArrayList\u003c\u003e();","lastModifiedDate":"2023-10-23"},{"lineNumber":14,"author":{"gitId":"CXinCheng"},"content":"        functionStringList.add(func);","lastModifiedDate":"2023-10-23"},{"lineNumber":15,"author":{"gitId":"CXinCheng"},"content":"        switch (func) {","lastModifiedDate":"2023-10-23"},{"lineNumber":16,"author":{"gitId":"CXinCheng"},"content":"            /*case \"bye\":","lastModifiedDate":"2023-10-23"},{"lineNumber":17,"author":{"gitId":"CXinCheng"},"content":"            case \"list\":","lastModifiedDate":"2023-10-23"},{"lineNumber":18,"author":{"gitId":"CXinCheng"},"content":"                this.function \u003d func;","lastModifiedDate":"2023-10-23"},{"lineNumber":19,"author":{"gitId":"CXinCheng"},"content":"                break;*/","lastModifiedDate":"2023-10-23"},{"lineNumber":20,"author":{"gitId":"CXinCheng"},"content":"            case \"mark\":","lastModifiedDate":"2023-10-23"},{"lineNumber":21,"author":{"gitId":"CXinCheng"},"content":"            case \"unmark\":","lastModifiedDate":"2023-10-23"},{"lineNumber":22,"author":{"gitId":"CXinCheng"},"content":"            case \"delete\":","lastModifiedDate":"2023-10-23"},{"lineNumber":23,"author":{"gitId":"CXinCheng"},"content":"                try {","lastModifiedDate":"2023-10-23"},{"lineNumber":24,"author":{"gitId":"CXinCheng"},"content":"                    Integer.parseInt(tokens.get(1));","lastModifiedDate":"2023-10-23"},{"lineNumber":25,"author":{"gitId":"CXinCheng"},"content":"                    functionStringList.add(tokens.get(1));","lastModifiedDate":"2023-10-23"},{"lineNumber":26,"author":{"gitId":"CXinCheng"},"content":"                } catch (IndexOutOfBoundsException | NumberFormatException e) {","lastModifiedDate":"2023-10-23"},{"lineNumber":27,"author":{"gitId":"CXinCheng"},"content":"                    throw new DukeException(\"OOPS!!! Please use correct syntax for \" + func + \"ing: \" + func + \" [task number]\");","lastModifiedDate":"2023-10-23"},{"lineNumber":28,"author":{"gitId":"CXinCheng"},"content":"                }","lastModifiedDate":"2023-10-23"},{"lineNumber":29,"author":{"gitId":"CXinCheng"},"content":"                break;","lastModifiedDate":"2023-10-23"},{"lineNumber":30,"author":{"gitId":"CXinCheng"},"content":"            case \"todo\":","lastModifiedDate":"2023-10-23"},{"lineNumber":31,"author":{"gitId":"CXinCheng"},"content":"                if (tokens.size() \u003d\u003d 1) {","lastModifiedDate":"2023-10-23"},{"lineNumber":32,"author":{"gitId":"CXinCheng"},"content":"                    throw new DukeException(\"OOPS!!! Please use correct syntax for todo: todo [task name]\");","lastModifiedDate":"2023-10-23"},{"lineNumber":33,"author":{"gitId":"CXinCheng"},"content":"                }","lastModifiedDate":"2023-10-23"},{"lineNumber":34,"author":{"gitId":"CXinCheng"},"content":"                tokens.remove(0);","lastModifiedDate":"2023-10-23"},{"lineNumber":35,"author":{"gitId":"CXinCheng"},"content":"                functionStringList.add(String.join(\" \", tokens));","lastModifiedDate":"2023-10-23"},{"lineNumber":36,"author":{"gitId":"CXinCheng"},"content":"                break;","lastModifiedDate":"2023-10-23"},{"lineNumber":37,"author":{"gitId":"CXinCheng"},"content":"            case \"deadline\":","lastModifiedDate":"2023-10-23"},{"lineNumber":38,"author":{"gitId":"CXinCheng"},"content":"                int byIndex \u003d tokens.indexOf(\"/by\");","lastModifiedDate":"2023-10-23"},{"lineNumber":39,"author":{"gitId":"CXinCheng"},"content":"                if (tokens.size() \u003d\u003d 1 || byIndex \u003d\u003d -1 || byIndex \u003d\u003d tokens.size() - 1) {","lastModifiedDate":"2023-10-23"},{"lineNumber":40,"author":{"gitId":"CXinCheng"},"content":"                    throw new DukeException(\"OOPS!!! Please use correct syntax for todo: deadline [task name] /by [date]\");","lastModifiedDate":"2023-10-23"},{"lineNumber":41,"author":{"gitId":"CXinCheng"},"content":"                }","lastModifiedDate":"2023-10-23"},{"lineNumber":42,"author":{"gitId":"CXinCheng"},"content":"                String deadLine \u003d String.join(\" \", tokens.subList(1, byIndex));","lastModifiedDate":"2023-10-23"},{"lineNumber":43,"author":{"gitId":"CXinCheng"},"content":"                functionStringList.add(deadLine);","lastModifiedDate":"2023-10-23"},{"lineNumber":44,"author":{"gitId":"CXinCheng"},"content":"                String by \u003d String.join(\" \", tokens.subList(byIndex + 1, tokens.size()));","lastModifiedDate":"2023-10-23"},{"lineNumber":45,"author":{"gitId":"CXinCheng"},"content":"                functionStringList.add(by);","lastModifiedDate":"2023-10-23"},{"lineNumber":46,"author":{"gitId":"CXinCheng"},"content":"                break;","lastModifiedDate":"2023-10-23"},{"lineNumber":47,"author":{"gitId":"CXinCheng"},"content":"            case \"event\":","lastModifiedDate":"2023-10-23"},{"lineNumber":48,"author":{"gitId":"CXinCheng"},"content":"                int fromIndex \u003d tokens.indexOf(\"/from\");","lastModifiedDate":"2023-10-23"},{"lineNumber":49,"author":{"gitId":"CXinCheng"},"content":"                int toIndex \u003d tokens.indexOf(\"/to\");","lastModifiedDate":"2023-10-23"},{"lineNumber":50,"author":{"gitId":"CXinCheng"},"content":"                if (tokens.size() \u003d\u003d 1 || fromIndex \u003d\u003d -1 || toIndex \u003d\u003d -1 || fromIndex \u003e\u003d toIndex - 1 || toIndex \u003d\u003d tokens.size() - 1) {","lastModifiedDate":"2023-10-23"},{"lineNumber":51,"author":{"gitId":"CXinCheng"},"content":"                    throw new DukeException(\"OOPS!!! Please use correct syntax for todo: event [task name] /from [date] /to [date]\");","lastModifiedDate":"2023-10-23"},{"lineNumber":52,"author":{"gitId":"CXinCheng"},"content":"                }","lastModifiedDate":"2023-10-23"},{"lineNumber":53,"author":{"gitId":"CXinCheng"},"content":"                String event \u003d String.join(\" \", tokens.subList(1, fromIndex));","lastModifiedDate":"2023-10-23"},{"lineNumber":54,"author":{"gitId":"CXinCheng"},"content":"                functionStringList.add(event);","lastModifiedDate":"2023-10-23"},{"lineNumber":55,"author":{"gitId":"CXinCheng"},"content":"                String from \u003d String.join(\" \", tokens.subList(fromIndex + 1, toIndex));","lastModifiedDate":"2023-10-23"},{"lineNumber":56,"author":{"gitId":"CXinCheng"},"content":"                functionStringList.add(from);","lastModifiedDate":"2023-10-23"},{"lineNumber":57,"author":{"gitId":"CXinCheng"},"content":"                String to \u003d String.join(\" \", tokens.subList(toIndex + 1, tokens.size()));","lastModifiedDate":"2023-10-23"},{"lineNumber":58,"author":{"gitId":"CXinCheng"},"content":"                functionStringList.add(to);","lastModifiedDate":"2023-10-23"},{"lineNumber":59,"author":{"gitId":"CXinCheng"},"content":"                break;","lastModifiedDate":"2023-10-23"},{"lineNumber":60,"author":{"gitId":"CXinCheng"},"content":"            default:","lastModifiedDate":"2023-10-23"},{"lineNumber":61,"author":{"gitId":"CXinCheng"},"content":"        }","lastModifiedDate":"2023-10-23"},{"lineNumber":62,"author":{"gitId":"CXinCheng"},"content":"        return functionStringList;","lastModifiedDate":"2023-10-23"},{"lineNumber":63,"author":{"gitId":"CXinCheng"},"content":"    }","lastModifiedDate":"2023-10-23"},{"lineNumber":64,"author":{"gitId":"CXinCheng"},"content":"}","lastModifiedDate":"2023-10-20"}],"authorContributionMap":{"CXinCheng":64}},{"path":"text-ui-test/input.txt","fileType":"txt","lines":[{"lineNumber":1,"author":{"gitId":"CXinCheng"},"content":"todo borrow book","lastModifiedDate":"2023-09-23"},{"lineNumber":2,"author":{"gitId":"CXinCheng"},"content":"list","lastModifiedDate":"2023-09-23"},{"lineNumber":3,"author":{"gitId":"CXinCheng"},"content":"deadline return book /by Sunday","lastModifiedDate":"2023-09-23"},{"lineNumber":4,"author":{"gitId":"CXinCheng"},"content":"event project meeting /from Mon 2pm /to 4pm","lastModifiedDate":"2023-09-23"},{"lineNumber":5,"author":{"gitId":"CXinCheng"},"content":"bye","lastModifiedDate":"2023-09-19"}],"authorContributionMap":{"CXinCheng":5}},{"path":"text-ui-test/runtest.bat","fileType":"bat","lines":[{"lineNumber":1,"author":{"gitId":"-"},"content":"@ECHO OFF","lastModifiedDate":"2020-05-25"},{"lineNumber":2,"author":{"gitId":"-"},"content":"","lastModifiedDate":"2020-05-25"},{"lineNumber":3,"author":{"gitId":"-"},"content":"REM create bin directory if it doesn\u0027t exist","lastModifiedDate":"2020-05-25"},{"lineNumber":4,"author":{"gitId":"-"},"content":"if not exist ..\\bin mkdir ..\\bin","lastModifiedDate":"2020-05-25"},{"lineNumber":5,"author":{"gitId":"-"},"content":"","lastModifiedDate":"2020-05-25"},{"lineNumber":6,"author":{"gitId":"-"},"content":"REM delete output from previous run","lastModifiedDate":"2020-05-25"},{"lineNumber":7,"author":{"gitId":"-"},"content":"if exist ACTUAL.TXT del ACTUAL.TXT","lastModifiedDate":"2020-08-25"},{"lineNumber":8,"author":{"gitId":"-"},"content":"","lastModifiedDate":"2020-05-25"},{"lineNumber":9,"author":{"gitId":"-"},"content":"REM compile the code into the bin folder","lastModifiedDate":"2020-05-25"},{"lineNumber":10,"author":{"gitId":"CXinCheng"},"content":"javac -encoding UTF-8 -cp ..\\src\\main\\java -Xlint:none -d ..\\bin ..\\src\\main\\java\\Duke.java","lastModifiedDate":"2023-09-19"},{"lineNumber":11,"author":{"gitId":"-"},"content":"IF ERRORLEVEL 1 (","lastModifiedDate":"2020-05-25"},{"lineNumber":12,"author":{"gitId":"-"},"content":"    echo ********** BUILD FAILURE **********","lastModifiedDate":"2020-05-25"},{"lineNumber":13,"author":{"gitId":"-"},"content":"    exit /b 1","lastModifiedDate":"2020-05-25"},{"lineNumber":14,"author":{"gitId":"-"},"content":")","lastModifiedDate":"2020-05-25"},{"lineNumber":15,"author":{"gitId":"-"},"content":"REM no error here, errorlevel \u003d\u003d 0","lastModifiedDate":"2020-05-25"},{"lineNumber":16,"author":{"gitId":"-"},"content":"","lastModifiedDate":"2020-05-25"},{"lineNumber":17,"author":{"gitId":"-"},"content":"REM run the program, feed commands from input.txt file and redirect the output to the ACTUAL.TXT","lastModifiedDate":"2020-05-25"},{"lineNumber":18,"author":{"gitId":"-"},"content":"java -classpath ..\\bin Duke \u003c input.txt \u003e ACTUAL.TXT","lastModifiedDate":"2020-05-25"},{"lineNumber":19,"author":{"gitId":"-"},"content":"","lastModifiedDate":"2020-05-25"},{"lineNumber":20,"author":{"gitId":"-"},"content":"REM compare the output to the expected output","lastModifiedDate":"2020-05-25"},{"lineNumber":21,"author":{"gitId":"-"},"content":"FC ACTUAL.TXT EXPECTED.TXT","lastModifiedDate":"2020-05-25"}],"authorContributionMap":{"CXinCheng":1,"-":20}}]
