{"authorDailyContributionsMap":{"CXinCheng":[{"date":"2023-09-19","commitResults":[{"hash":"f6202e8fba772c8b857166871b6f2d45565a5633","isMergeCommit":false,"messageTitle":"Modify bot name to Tina and add welcome message","messageBody":"","tags":["Level-0"],"fileTypesAndContributionMap":{"java":{"insertions":12,"deletions":6}}},{"hash":"6ea127766324cba716105afe4a9d891195d8037e","isMergeCommit":false,"messageTitle":"Echo whatever user input and exit with \u0027bye\u0027","messageBody":"","tags":["Level-1"],"fileTypesAndContributionMap":{"java":{"insertions":17,"deletions":0}}},{"hash":"e9d1eba6b7ec06bf24321bddf53ae93d97904ac6","isMergeCommit":false,"messageTitle":"Add function to store text and display list","messageBody":"","tags":["Level-2"],"fileTypesAndContributionMap":{"java":{"insertions":27,"deletions":5}}},{"hash":"c4db968fe06a2aed326c91d4890f224bf3fc5a5e","isMergeCommit":false,"messageTitle":"Add function to insert indentation","messageBody":"","fileTypesAndContributionMap":{"java":{"insertions":10,"deletions":5}}},{"hash":"7b5d1595da7aca86d73d9c4b3fd17fe2312390ab","isMergeCommit":false,"messageTitle":"Add function to mark as done","messageBody":"","tags":["Level-3"],"fileTypesAndContributionMap":{"java":{"insertions":47,"deletions":9}}},{"hash":"b78c9479f42dff114639a3b3a8d59debefe8b01e","isMergeCommit":false,"messageTitle":"Update function menu","messageBody":"","fileTypesAndContributionMap":{"java":{"insertions":3,"deletions":1}}},{"hash":"a2268fdcc28fcda37ab928c7aa4cd9dfafdfba1b","isMergeCommit":false,"messageTitle":"Add text UI testing","messageBody":"","fileTypesAndContributionMap":{"txt":{"insertions":3,"deletions":0},"java":{"insertions":6,"deletions":5},"bat":{"insertions":1,"deletions":1}}}]},{"date":"2023-09-23","commitResults":[{"hash":"9ef86f5b4a301c5159b21f127eee5a5a32ba6075","isMergeCommit":false,"messageTitle":"Move welcome message and funtion menu to one method","messageBody":"","fileTypesAndContributionMap":{"java":{"insertions":19,"deletions":16}}},{"hash":"90553e71fca27074a0c47599f6ab2184dea4f9bb","isMergeCommit":false,"messageTitle":"Add Todo, Event, Deadline","messageBody":"","tags":["Level-4"],"fileTypesAndContributionMap":{"txt":{"insertions":4,"deletions":2},"java":{"insertions":85,"deletions":15}}}]}]},"authorFileTypeContributionMap":{"CXinCheng":{"java":169,"md":0,"fxml":0,"sh":0,"bat":1,"gradle":0,"txt":5}},"authorContributionVariance":{"CXinCheng":1040.5974},"authorDisplayNameMap":{"CXinCheng":"CAI ..HENG"}}
