{"authorDailyContributionsMap":{"CXinCheng":[{"date":"2023-09-19","commitResults":[{"hash":"f6202e8fba772c8b857166871b6f2d45565a5633","isMergeCommit":false,"messageTitle":"Modify bot name to Tina and add welcome message","messageBody":"","tags":["Level-0"],"fileTypesAndContributionMap":{"java":{"insertions":12,"deletions":6}}},{"hash":"6ea127766324cba716105afe4a9d891195d8037e","isMergeCommit":false,"messageTitle":"Echo whatever user input and exit with \u0027bye\u0027","messageBody":"","tags":["Level-1"],"fileTypesAndContributionMap":{"java":{"insertions":17,"deletions":0}}},{"hash":"e9d1eba6b7ec06bf24321bddf53ae93d97904ac6","isMergeCommit":false,"messageTitle":"Add function to store text and display list","messageBody":"","tags":["Level-2"],"fileTypesAndContributionMap":{"java":{"insertions":27,"deletions":5}}},{"hash":"c4db968fe06a2aed326c91d4890f224bf3fc5a5e","isMergeCommit":false,"messageTitle":"Add function to insert indentation","messageBody":"","fileTypesAndContributionMap":{"java":{"insertions":10,"deletions":5}}},{"hash":"7b5d1595da7aca86d73d9c4b3fd17fe2312390ab","isMergeCommit":false,"messageTitle":"Add function to mark as done","messageBody":"","tags":["Level-3"],"fileTypesAndContributionMap":{"java":{"insertions":47,"deletions":9}}},{"hash":"b78c9479f42dff114639a3b3a8d59debefe8b01e","isMergeCommit":false,"messageTitle":"Update function menu","messageBody":"","fileTypesAndContributionMap":{"java":{"insertions":3,"deletions":1}}},{"hash":"a2268fdcc28fcda37ab928c7aa4cd9dfafdfba1b","isMergeCommit":false,"messageTitle":"Add text UI testing","messageBody":"","fileTypesAndContributionMap":{"txt":{"insertions":3,"deletions":0},"java":{"insertions":6,"deletions":5},"bat":{"insertions":1,"deletions":1}}}]},{"date":"2023-09-23","commitResults":[{"hash":"9ef86f5b4a301c5159b21f127eee5a5a32ba6075","isMergeCommit":false,"messageTitle":"Move welcome message and funtion menu to one method","messageBody":"","fileTypesAndContributionMap":{"java":{"insertions":19,"deletions":16}}},{"hash":"90553e71fca27074a0c47599f6ab2184dea4f9bb","isMergeCommit":false,"messageTitle":"Add Todo, Event, Deadline","messageBody":"","tags":["Level-4"],"fileTypesAndContributionMap":{"txt":{"insertions":4,"deletions":2},"java":{"insertions":85,"deletions":15}}}]},{"date":"2023-10-20","commitResults":[{"hash":"b52773fb0ffbdf5cff789851c843bdfdfc095aa8","isMergeCommit":false,"messageTitle":"handle errors in mark and unmark","messageBody":"","fileTypesAndContributionMap":{"java":{"insertions":64,"deletions":14}}},{"hash":"080e5f7a9404059754b078a74cc001f4e1a6ae7e","isMergeCommit":false,"messageTitle":"update readme.md","messageBody":"","fileTypesAndContributionMap":{"java":{"insertions":2,"deletions":0},"md":{"insertions":9,"deletions":22}}}]},{"date":"2023-10-23","commitResults":[{"hash":"b43d69f7a6af9ce69db1478301bf329a2f34a56d","isMergeCommit":false,"messageTitle":"Level 5. Handle Errors","messageBody":"","tags":["Level-5"],"fileTypesAndContributionMap":{"java":{"insertions":131,"deletions":77}}},{"hash":"3e7916584f4ced600442bd262c6a102b012a571c","isMergeCommit":false,"messageTitle":"Level 6. Delete","messageBody":"","tags":["Level-6"],"fileTypesAndContributionMap":{"java":{"insertions":12,"deletions":4}}},{"hash":"9350b4a0345556fa5b7b49596f10313152c82959","isMergeCommit":false,"messageTitle":"update function menu","messageBody":"","fileTypesAndContributionMap":{"java":{"insertions":8,"deletions":4},"md":{"insertions":1,"deletions":1}}}]},{"date":"2023-10-25","commitResults":[{"hash":"cf963f91ae6c8fefef668656cbabaff82848df99","isMergeCommit":false,"messageTitle":"add packages and re-organize the structure","messageBody":"","fileTypesAndContributionMap":{"txt":{"insertions":7,"deletions":0},"java":{"insertions":621,"deletions":284},"bat":{"insertions":2,"deletions":2},"md":{"insertions":13,"deletions":9}}}]},{"date":"2023-10-27","commitResults":[{"hash":"0217c9e8cad669b90673b032a53bf9bf5bb7ced8","isMergeCommit":false,"messageTitle":"Level 7. Save","messageBody":"","tags":["level-7"],"fileTypesAndContributionMap":{"txt":{"insertions":5,"deletions":0},"java":{"insertions":219,"deletions":55}}},{"hash":"d0d19d8c44098c20ba578bfa62fa50baad68f706","isMergeCommit":false,"messageTitle":"LocalDateTime","messageBody":"","fileTypesAndContributionMap":{"txt":{"insertions":1,"deletions":5},"java":{"insertions":33,"deletions":19}}},{"hash":"ea07f14178eaff457027b3d22e307e0d2df507de","isMergeCommit":false,"messageTitle":"Level 8. Dates and Times","messageBody":"","tags":["Level-8"],"fileTypesAndContributionMap":{"txt":{"insertions":1,"deletions":0},"java":{"insertions":109,"deletions":40}}}]},{"date":"2023-10-30","commitResults":[{"hash":"d4a2ed08b5e38a487ed37105c27018a98998849e","isMergeCommit":false,"messageTitle":"add JavaDoc for all command class","messageBody":"","fileTypesAndContributionMap":{"java":{"insertions":256,"deletions":12},"md":{"insertions":0,"deletions":29}}},{"hash":"733dc5be03c8507030c658fd589ba1cd0c62fbc1","isMergeCommit":false,"messageTitle":"add JavaDoc for all exception class","messageBody":"","fileTypesAndContributionMap":{"java":{"insertions":47,"deletions":0}}},{"hash":"2aece7fe44b0ad1a9f22701294227e0eb780921d","isMergeCommit":false,"messageTitle":"create a service package","messageBody":"","fileTypesAndContributionMap":{"java":{"insertions":54,"deletions":28}}},{"hash":"a9b99add240b6b96ed1346f73e8d509373299049","isMergeCommit":false,"messageTitle":"add JavaDoc for the rest of code","messageBody":"","tags":["A-JavaDoc"],"fileTypesAndContributionMap":{"java":{"insertions":122,"deletions":18}}}]},{"date":"2023-11-02","commitResults":[{"hash":"d648eadeb30ebf620c2769b970bc8f0d0865bc54","isMergeCommit":true,"messageTitle":"Merge branch \u0027gradle\u0027","messageBody":"","fileTypesAndContributionMap":{}}]},{"date":"2023-11-07","commitResults":[{"hash":"a984aa0fa1692ef9b59de6240c0511b0b112c34f","isMergeCommit":false,"messageTitle":"modify gradle encoding to UTF-8","messageBody":"","fileTypesAndContributionMap":{"gradle":{"insertions":8,"deletions":2}}},{"hash":"479ec773c20f9dd0a9bdff73584914de8a414173","isMergeCommit":false,"messageTitle":"add archive command","messageBody":"","fileTypesAndContributionMap":{"java":{"insertions":126,"deletions":30}}}]},{"date":"2023-11-08","commitResults":[{"hash":"2699b63d44eb6b54d0e3c0c9545aa0e91e4f621b","isMergeCommit":false,"messageTitle":"update UI","messageBody":"","fileTypesAndContributionMap":{"java":{"insertions":10,"deletions":7}}},{"hash":"4ece45bb6e0590325bbdee6b8d484197d1be903b","isMergeCommit":false,"messageTitle":"C-Archive","messageBody":"","fileTypesAndContributionMap":{"java":{"insertions":24,"deletions":5}}},{"hash":"7da613cdfd449ec582d8496a9c85ceb69d6724d7","isMergeCommit":false,"messageTitle":"Level-9 Find","messageBody":"","tags":["Level-9"],"fileTypesAndContributionMap":{"java":{"insertions":47,"deletions":0}}},{"hash":"7141989a843a80b6f436f25da85d1d0df7b1790f","isMergeCommit":false,"messageTitle":"update date parser by using natty library","messageBody":"","fileTypesAndContributionMap":{"gradle":{"insertions":4,"deletions":0},"java":{"insertions":18,"deletions":2}}}]},{"date":"2023-11-09","commitResults":[{"hash":"4fdf79c4a3efe9b2b84208f7ad124dee33de4821","isMergeCommit":false,"messageTitle":"extract validation logic from Parser to Validator","messageBody":"","fileTypesAndContributionMap":{"java":{"insertions":173,"deletions":107},"bat":{"insertions":1,"deletions":1}}},{"hash":"897709b39c7f10d19fc4e66bacf20bbcd03a84e5","isMergeCommit":false,"messageTitle":"decrease length of method in Parser","messageBody":"","fileTypesAndContributionMap":{"txt":{"insertions":1,"deletions":0}}},{"hash":"499877cfcfa36ec16c6bce35233f5f39fc34a267","isMergeCommit":false,"messageTitle":"Add saved file into .gitignore","messageBody":"","fileTypesAndContributionMap":{"java":{"insertions":59,"deletions":59}}},{"hash":"f8b7132f8e73384826ff2fc51dc22a3cfad8cf00","isMergeCommit":false,"messageTitle":"init JavaFX","messageBody":"","fileTypesAndContributionMap":{"gradle":{"insertions":15,"deletions":0},"java":{"insertions":32,"deletions":3}}},{"hash":"13bff892c0bcbff56c4950c0896578f00e8e26b9","isMergeCommit":false,"messageTitle":"Add main display window","messageBody":"","fileTypesAndContributionMap":{"java":{"insertions":50,"deletions":7}}},{"hash":"73d1724625c2149ad7f7ef01115dd7475232285e","isMergeCommit":false,"messageTitle":"GUI prototype","messageBody":"","fileTypesAndContributionMap":{"gradle":{"insertions":7,"deletions":14},"fxml":{"insertions":35,"deletions":0},"java":{"insertions":156,"deletions":51},"bat":{"insertions":1,"deletions":1}}}]},{"date":"2023-11-14","commitResults":[{"hash":"6d1517f1793fbf4134f18a426de76eac8d003e39","isMergeCommit":false,"messageTitle":"GUI v1.0","messageBody":"","tags":["v1.0"],"fileTypesAndContributionMap":{"fxml":{"insertions":3,"deletions":2},"java":{"insertions":89,"deletions":202}}},{"hash":"7e2add7724838508b77313610bcf87ebb56dc60b","isMergeCommit":false,"messageTitle":"add Help command","messageBody":"","fileTypesAndContributionMap":{"java":{"insertions":82,"deletions":51}}},{"hash":"ed59fe0807124c743790026434e2b825824f8658","isMergeCommit":false,"messageTitle":"reformat code","messageBody":"","tags":["Level-10"],"fileTypesAndContributionMap":{"java":{"insertions":22,"deletions":20},"bat":{"insertions":1,"deletions":1}}}]},{"date":"2023-11-15","commitResults":[{"hash":"d0cfa0794c0718b8b07280a0cc17d66618a1c37b","isMergeCommit":false,"messageTitle":"fix text alignment issue","messageBody":"","fileTypesAndContributionMap":{"gradle":{"insertions":2,"deletions":1},"fxml":{"insertions":1,"deletions":1},"java":{"insertions":7,"deletions":0}}},{"hash":"4c3f19a1d6a47debdd0d963f7346e79c817d772d","isMergeCommit":false,"messageTitle":"A-Jar","messageBody":"","fileTypesAndContributionMap":{"gradle":{"insertions":14,"deletions":0}}},{"hash":"25b15179a3e973f582abda2cf6dd6939ecb4c7c8","isMergeCommit":false,"messageTitle":"fix save issue","messageBody":"","fileTypesAndContributionMap":{"java":{"insertions":37,"deletions":14}}},{"hash":"f850263a4860bf52767e768870ce79e2d300aa1b","isMergeCommit":false,"messageTitle":"fix parse command issue for deadline and event","messageBody":"","fileTypesAndContributionMap":{"java":{"insertions":2,"deletions":2}}},{"hash":"8aa263c33c5581d0e0af9e861bfe5adb21e6d148","isMergeCommit":false,"messageTitle":"add newline when displaying syntax","messageBody":"","fileTypesAndContributionMap":{"java":{"insertions":1,"deletions":1}}},{"hash":"c0f7b19f28f1fa0d60cd2c0f0de0a21cad6edc9e","isMergeCommit":false,"messageTitle":"optimize display when no schedule found","messageBody":"","fileTypesAndContributionMap":{"java":{"insertions":6,"deletions":1}}},{"hash":"4fd823214c0d66864de8035e357233bacb79a1af","isMergeCommit":false,"messageTitle":"optimize display when no matching tasks found","messageBody":"","fileTypesAndContributionMap":{"java":{"insertions":6,"deletions":1}}},{"hash":"f141ead399520f83c54ded8e7a219f8b2c65e991","isMergeCommit":false,"messageTitle":"Fix loading issue","messageBody":"","fileTypesAndContributionMap":{"java":{"insertions":53,"deletions":26}}},{"hash":"c38599884b042bc7b6851a110f2dc477e3145e61","isMergeCommit":false,"messageTitle":"reformat code","messageBody":"","fileTypesAndContributionMap":{"java":{"insertions":17,"deletions":31}}},{"hash":"873646245b0600b1dfe77275a477ae5a45128a54","isMergeCommit":false,"messageTitle":"Implement JavaDoc for all files","messageBody":"","tags":["v1.1"],"fileTypesAndContributionMap":{"java":{"insertions":0,"deletions":5}}},{"hash":"ae5e777c9cbdfd2f87db289d85f5cef9208b8468","isMergeCommit":false,"messageTitle":"Implement JavaDoc for all files","messageBody":"","fileTypesAndContributionMap":{"java":{"insertions":497,"deletions":256},"md":{"insertions":40,"deletions":14}}},{"hash":"7a613551dc7239d4f053278aaa14858285ed73a3","isMergeCommit":false,"messageTitle":"Set title and icon of application window","messageBody":"","fileTypesAndContributionMap":{"java":{"insertions":7,"deletions":5}}},{"hash":"6ba56651bb991d8e5b8baa6dc14a1ca144b04f6f","isMergeCommit":true,"messageTitle":"Merge branch \u0027master\u0027 of https://github.com/CXinCheng/duke","messageBody":"","fileTypesAndContributionMap":{}}]}]},"authorFileTypeContributionMap":{"CXinCheng":{"java":1937,"md":40,"fxml":36,"sh":0,"bat":2,"gradle":35,"txt":15}},"authorContributionVariance":{"CXinCheng":34282.49},"authorDisplayNameMap":{"CXinCheng":"CAI ..HENG"}}
