[{"path":"data/joshua.txt","fileType":"txt","lines":[{"lineNumber":1,"author":{"gitId":"jacqhal"},"content":"T | 1 | read book","lastModifiedDate":"2023-10-29"},{"lineNumber":2,"author":{"gitId":"jacqhal"},"content":"D | 0 | return book | June 6th","lastModifiedDate":"2023-10-29"},{"lineNumber":3,"author":{"gitId":"jacqhal"},"content":"E | 0 | project meeting | Aug 6th 2pm | Aug 6th 4pm","lastModifiedDate":"2023-10-29"},{"lineNumber":4,"author":{"gitId":"jacqhal"},"content":"T | 1 | join sports club","lastModifiedDate":"2023-10-29"},{"lineNumber":5,"author":{"gitId":"jacqhal"},"content":"T | 0 | test","lastModifiedDate":"2023-10-29"},{"lineNumber":6,"author":{"gitId":"jacqhal"},"content":"D | 0 | assignment | 19 nov","lastModifiedDate":"2023-10-29"}],"authorContributionMap":{"jacqhal":6}},{"path":"src/main/java/exceptions/IllegalStorageFormat.java","fileType":"java","lines":[{"lineNumber":1,"author":{"gitId":"jacqhal"},"content":"package exceptions;","lastModifiedDate":"2023-10-29"},{"lineNumber":2,"author":{"gitId":"jacqhal"},"content":"","lastModifiedDate":"2023-10-29"},{"lineNumber":3,"author":{"gitId":"jacqhal"},"content":"public class IllegalStorageFormat extends Exception {","lastModifiedDate":"2023-10-29"},{"lineNumber":4,"author":{"gitId":"jacqhal"},"content":"","lastModifiedDate":"2023-10-29"},{"lineNumber":5,"author":{"gitId":"jacqhal"},"content":"    public IllegalStorageFormat() { super(\"The text in joshua.txt was not formatted correctly.\"); }","lastModifiedDate":"2023-10-29"},{"lineNumber":6,"author":{"gitId":"jacqhal"},"content":"","lastModifiedDate":"2023-10-29"},{"lineNumber":7,"author":{"gitId":"jacqhal"},"content":"    public IllegalStorageFormat(String message) { super(message); }","lastModifiedDate":"2023-10-29"},{"lineNumber":8,"author":{"gitId":"jacqhal"},"content":"}","lastModifiedDate":"2023-10-29"}],"authorContributionMap":{"jacqhal":8}},{"path":"src/main/java/exceptions/InvalidCommandException.java","fileType":"java","lines":[{"lineNumber":1,"author":{"gitId":"jacqhal"},"content":"package exceptions;","lastModifiedDate":"2023-10-29"},{"lineNumber":2,"author":{"gitId":"jacqhal"},"content":"","lastModifiedDate":"2023-10-14"},{"lineNumber":3,"author":{"gitId":"jacqhal"},"content":"public class InvalidCommandException extends Exception{","lastModifiedDate":"2023-10-14"},{"lineNumber":4,"author":{"gitId":"jacqhal"},"content":"","lastModifiedDate":"2023-10-29"},{"lineNumber":5,"author":{"gitId":"jacqhal"},"content":"    public InvalidCommandException() {","lastModifiedDate":"2023-10-14"},{"lineNumber":6,"author":{"gitId":"jacqhal"},"content":"        super(\"This command is invalid.\");","lastModifiedDate":"2023-10-14"},{"lineNumber":7,"author":{"gitId":"jacqhal"},"content":"    }","lastModifiedDate":"2023-10-14"},{"lineNumber":8,"author":{"gitId":"jacqhal"},"content":"","lastModifiedDate":"2023-10-14"},{"lineNumber":9,"author":{"gitId":"jacqhal"},"content":"    public InvalidCommandException(String message) {","lastModifiedDate":"2023-10-14"},{"lineNumber":10,"author":{"gitId":"jacqhal"},"content":"        super(message);","lastModifiedDate":"2023-10-14"},{"lineNumber":11,"author":{"gitId":"jacqhal"},"content":"    }","lastModifiedDate":"2023-10-14"},{"lineNumber":12,"author":{"gitId":"jacqhal"},"content":"}","lastModifiedDate":"2023-10-14"}],"authorContributionMap":{"jacqhal":12}},{"path":"src/main/java/storage/Storage.java","fileType":"java","lines":[{"lineNumber":1,"author":{"gitId":"jacqhal"},"content":"package storage;","lastModifiedDate":"2023-10-29"},{"lineNumber":2,"author":{"gitId":"jacqhal"},"content":"","lastModifiedDate":"2023-10-29"},{"lineNumber":3,"author":{"gitId":"jacqhal"},"content":"import exceptions.IllegalStorageFormat;","lastModifiedDate":"2023-10-29"},{"lineNumber":4,"author":{"gitId":"jacqhal"},"content":"import task.*;","lastModifiedDate":"2023-10-29"},{"lineNumber":5,"author":{"gitId":"jacqhal"},"content":"import wargames.*;","lastModifiedDate":"2023-10-29"},{"lineNumber":6,"author":{"gitId":"jacqhal"},"content":"","lastModifiedDate":"2023-10-29"},{"lineNumber":7,"author":{"gitId":"jacqhal"},"content":"import java.io.File;","lastModifiedDate":"2023-10-29"},{"lineNumber":8,"author":{"gitId":"jacqhal"},"content":"import java.io.FileNotFoundException;","lastModifiedDate":"2023-10-29"},{"lineNumber":9,"author":{"gitId":"jacqhal"},"content":"import java.io.FileWriter;","lastModifiedDate":"2023-10-29"},{"lineNumber":10,"author":{"gitId":"jacqhal"},"content":"import java.io.IOException;","lastModifiedDate":"2023-10-29"},{"lineNumber":11,"author":{"gitId":"jacqhal"},"content":"import java.util.ArrayList;","lastModifiedDate":"2023-10-29"},{"lineNumber":12,"author":{"gitId":"jacqhal"},"content":"import java.util.Arrays;","lastModifiedDate":"2023-10-29"},{"lineNumber":13,"author":{"gitId":"jacqhal"},"content":"import java.util.Scanner;","lastModifiedDate":"2023-10-29"},{"lineNumber":14,"author":{"gitId":"jacqhal"},"content":"import java.util.SplittableRandom;","lastModifiedDate":"2023-10-29"},{"lineNumber":15,"author":{"gitId":"jacqhal"},"content":"","lastModifiedDate":"2023-10-29"},{"lineNumber":16,"author":{"gitId":"jacqhal"},"content":"public class Storage {","lastModifiedDate":"2023-10-29"},{"lineNumber":17,"author":{"gitId":"jacqhal"},"content":"","lastModifiedDate":"2023-10-29"},{"lineNumber":18,"author":{"gitId":"jacqhal"},"content":"    private final String FILEPATH \u003d \"data/joshua.txt\";","lastModifiedDate":"2023-10-29"},{"lineNumber":19,"author":{"gitId":"jacqhal"},"content":"","lastModifiedDate":"2023-10-29"},{"lineNumber":20,"author":{"gitId":"jacqhal"},"content":"    public Storage() {","lastModifiedDate":"2023-10-29"},{"lineNumber":21,"author":{"gitId":"jacqhal"},"content":"","lastModifiedDate":"2023-10-29"},{"lineNumber":22,"author":{"gitId":"jacqhal"},"content":"    }","lastModifiedDate":"2023-10-29"},{"lineNumber":23,"author":{"gitId":"jacqhal"},"content":"","lastModifiedDate":"2023-10-29"},{"lineNumber":24,"author":{"gitId":"jacqhal"},"content":"    /**","lastModifiedDate":"2023-10-29"},{"lineNumber":25,"author":{"gitId":"jacqhal"},"content":"     * Reads the stored task list in joshua.txt and returns it as a TaskList object","lastModifiedDate":"2023-10-29"},{"lineNumber":26,"author":{"gitId":"jacqhal"},"content":"     *","lastModifiedDate":"2023-10-29"},{"lineNumber":27,"author":{"gitId":"jacqhal"},"content":"     * @return TaskList object with all the stored Tasks loaded","lastModifiedDate":"2023-10-29"},{"lineNumber":28,"author":{"gitId":"jacqhal"},"content":"     * @throws FileNotFoundException If file cannot be found at the stated filepath","lastModifiedDate":"2023-10-29"},{"lineNumber":29,"author":{"gitId":"jacqhal"},"content":"     * @throws IllegalStorageFormat If file is not formatted correctly","lastModifiedDate":"2023-10-29"},{"lineNumber":30,"author":{"gitId":"jacqhal"},"content":"     */","lastModifiedDate":"2023-10-29"},{"lineNumber":31,"author":{"gitId":"jacqhal"},"content":"    public TaskList load() throws FileNotFoundException, IllegalStorageFormat {","lastModifiedDate":"2023-10-29"},{"lineNumber":32,"author":{"gitId":"jacqhal"},"content":"        File file \u003d new File(FILEPATH);","lastModifiedDate":"2023-10-29"},{"lineNumber":33,"author":{"gitId":"jacqhal"},"content":"        Scanner scanner \u003d new Scanner(file);","lastModifiedDate":"2023-10-29"},{"lineNumber":34,"author":{"gitId":"jacqhal"},"content":"        TaskList tasklist \u003d new TaskList();","lastModifiedDate":"2023-10-29"},{"lineNumber":35,"author":{"gitId":"jacqhal"},"content":"","lastModifiedDate":"2023-10-29"},{"lineNumber":36,"author":{"gitId":"jacqhal"},"content":"        while (scanner.hasNext()) {","lastModifiedDate":"2023-10-29"},{"lineNumber":37,"author":{"gitId":"jacqhal"},"content":"            Task task \u003d parseTaskFromTxt(scanner.nextLine());","lastModifiedDate":"2023-10-29"},{"lineNumber":38,"author":{"gitId":"jacqhal"},"content":"            tasklist.addToTaskList(task);","lastModifiedDate":"2023-10-29"},{"lineNumber":39,"author":{"gitId":"jacqhal"},"content":"        }","lastModifiedDate":"2023-10-29"},{"lineNumber":40,"author":{"gitId":"jacqhal"},"content":"","lastModifiedDate":"2023-10-29"},{"lineNumber":41,"author":{"gitId":"jacqhal"},"content":"        return tasklist;","lastModifiedDate":"2023-10-29"},{"lineNumber":42,"author":{"gitId":"jacqhal"},"content":"    }","lastModifiedDate":"2023-10-29"},{"lineNumber":43,"author":{"gitId":"jacqhal"},"content":"","lastModifiedDate":"2023-10-29"},{"lineNumber":44,"author":{"gitId":"jacqhal"},"content":"    /**","lastModifiedDate":"2023-10-29"},{"lineNumber":45,"author":{"gitId":"jacqhal"},"content":"     * Reads a line from the text file, determines the type of Task, and returns that Task (ToDo, Deadline or Event)","lastModifiedDate":"2023-10-29"},{"lineNumber":46,"author":{"gitId":"jacqhal"},"content":"     * Eg: E | 0 | project meeting | Aug 6th 2pm | Aug 6th 4pm","lastModifiedDate":"2023-10-29"},{"lineNumber":47,"author":{"gitId":"jacqhal"},"content":"     *","lastModifiedDate":"2023-10-29"},{"lineNumber":48,"author":{"gitId":"jacqhal"},"content":"     * @param txtLine a line from stored file joshua.txt","lastModifiedDate":"2023-10-29"},{"lineNumber":49,"author":{"gitId":"jacqhal"},"content":"     * @return A new task object of the specified type (Todo, Deadline, or Event)","lastModifiedDate":"2023-10-29"},{"lineNumber":50,"author":{"gitId":"jacqhal"},"content":"     * @throws IllegalStorageFormat If an unsupported task type is provided","lastModifiedDate":"2023-10-29"},{"lineNumber":51,"author":{"gitId":"jacqhal"},"content":"     */","lastModifiedDate":"2023-10-29"},{"lineNumber":52,"author":{"gitId":"jacqhal"},"content":"    private Task parseTaskFromTxt(String txtLine) throws IllegalStorageFormat {","lastModifiedDate":"2023-10-29"},{"lineNumber":53,"author":{"gitId":"jacqhal"},"content":"        ArrayList\u003cString\u003e lineArrayList \u003d textToArrayList(txtLine);","lastModifiedDate":"2023-10-29"},{"lineNumber":54,"author":{"gitId":"jacqhal"},"content":"        if (lineArrayList.size() \u003c 3) {","lastModifiedDate":"2023-10-29"},{"lineNumber":55,"author":{"gitId":"jacqhal"},"content":"            throw new IllegalStorageFormat(\"A line in joshua.txt does not meet the required format.\");","lastModifiedDate":"2023-10-29"},{"lineNumber":56,"author":{"gitId":"jacqhal"},"content":"        }","lastModifiedDate":"2023-10-29"},{"lineNumber":57,"author":{"gitId":"jacqhal"},"content":"","lastModifiedDate":"2023-10-29"},{"lineNumber":58,"author":{"gitId":"jacqhal"},"content":"        String taskType \u003d lineArrayList.get(0);","lastModifiedDate":"2023-10-29"},{"lineNumber":59,"author":{"gitId":"jacqhal"},"content":"        boolean isDone \u003d lineArrayList.get(1).equals(\"1\");","lastModifiedDate":"2023-10-29"},{"lineNumber":60,"author":{"gitId":"jacqhal"},"content":"        String desc \u003d lineArrayList.get(2);","lastModifiedDate":"2023-10-29"},{"lineNumber":61,"author":{"gitId":"jacqhal"},"content":"        String from \u003d null;","lastModifiedDate":"2023-10-29"},{"lineNumber":62,"author":{"gitId":"jacqhal"},"content":"        String to \u003d null;","lastModifiedDate":"2023-10-29"},{"lineNumber":63,"author":{"gitId":"jacqhal"},"content":"","lastModifiedDate":"2023-10-29"},{"lineNumber":64,"author":{"gitId":"jacqhal"},"content":"        switch (taskType) {","lastModifiedDate":"2023-10-29"},{"lineNumber":65,"author":{"gitId":"jacqhal"},"content":"            case \"T\":","lastModifiedDate":"2023-10-29"},{"lineNumber":66,"author":{"gitId":"jacqhal"},"content":"                taskType \u003d \"todo\";","lastModifiedDate":"2023-10-29"},{"lineNumber":67,"author":{"gitId":"jacqhal"},"content":"                break;","lastModifiedDate":"2023-10-29"},{"lineNumber":68,"author":{"gitId":"jacqhal"},"content":"            case \"D\":","lastModifiedDate":"2023-10-29"},{"lineNumber":69,"author":{"gitId":"jacqhal"},"content":"                taskType \u003d \"deadline\";","lastModifiedDate":"2023-10-29"},{"lineNumber":70,"author":{"gitId":"jacqhal"},"content":"                from \u003d lineArrayList.get(3);","lastModifiedDate":"2023-10-29"},{"lineNumber":71,"author":{"gitId":"jacqhal"},"content":"                break;","lastModifiedDate":"2023-10-29"},{"lineNumber":72,"author":{"gitId":"jacqhal"},"content":"            case \"E\":","lastModifiedDate":"2023-10-29"},{"lineNumber":73,"author":{"gitId":"jacqhal"},"content":"                taskType \u003d \"event\";","lastModifiedDate":"2023-10-29"},{"lineNumber":74,"author":{"gitId":"jacqhal"},"content":"                from \u003d lineArrayList.get(3);","lastModifiedDate":"2023-10-29"},{"lineNumber":75,"author":{"gitId":"jacqhal"},"content":"                to \u003d lineArrayList.get(4);","lastModifiedDate":"2023-10-29"},{"lineNumber":76,"author":{"gitId":"jacqhal"},"content":"                break;","lastModifiedDate":"2023-10-29"},{"lineNumber":77,"author":{"gitId":"jacqhal"},"content":"            default:","lastModifiedDate":"2023-10-29"},{"lineNumber":78,"author":{"gitId":"jacqhal"},"content":"                throw new IllegalStorageFormat(\"Could not detect task type.\");","lastModifiedDate":"2023-10-29"},{"lineNumber":79,"author":{"gitId":"jacqhal"},"content":"        }","lastModifiedDate":"2023-10-29"},{"lineNumber":80,"author":{"gitId":"jacqhal"},"content":"","lastModifiedDate":"2023-10-29"},{"lineNumber":81,"author":{"gitId":"jacqhal"},"content":"        return TaskFactory.createTask(taskType, isDone, desc, from, to);","lastModifiedDate":"2023-10-29"},{"lineNumber":82,"author":{"gitId":"jacqhal"},"content":"    }","lastModifiedDate":"2023-10-29"},{"lineNumber":83,"author":{"gitId":"jacqhal"},"content":"","lastModifiedDate":"2023-10-29"},{"lineNumber":84,"author":{"gitId":"jacqhal"},"content":"    /**","lastModifiedDate":"2023-10-29"},{"lineNumber":85,"author":{"gitId":"jacqhal"},"content":"     * Takes in a string and splits it by the \"|\" (pipe) symbol","lastModifiedDate":"2023-10-29"},{"lineNumber":86,"author":{"gitId":"jacqhal"},"content":"     *","lastModifiedDate":"2023-10-29"},{"lineNumber":87,"author":{"gitId":"jacqhal"},"content":"     * @param txtLine a line from stored file joshua.txt","lastModifiedDate":"2023-10-29"},{"lineNumber":88,"author":{"gitId":"jacqhal"},"content":"     * @return An ArrayList of the parts of the command","lastModifiedDate":"2023-10-29"},{"lineNumber":89,"author":{"gitId":"jacqhal"},"content":"     */","lastModifiedDate":"2023-10-29"},{"lineNumber":90,"author":{"gitId":"jacqhal"},"content":"    private ArrayList\u003cString\u003e textToArrayList(String txtLine) {","lastModifiedDate":"2023-10-29"},{"lineNumber":91,"author":{"gitId":"jacqhal"},"content":"        String[] items \u003d txtLine.split(\" \\\\| \"); // Split on | symbol","lastModifiedDate":"2023-10-29"},{"lineNumber":92,"author":{"gitId":"jacqhal"},"content":"        ArrayList\u003cString\u003e itemList \u003d new ArrayList\u003c\u003e(Arrays.asList(items));","lastModifiedDate":"2023-10-29"},{"lineNumber":93,"author":{"gitId":"jacqhal"},"content":"        // Remove leading and trailing spaces from each item","lastModifiedDate":"2023-10-29"},{"lineNumber":94,"author":{"gitId":"jacqhal"},"content":"        itemList.replaceAll(String::trim);","lastModifiedDate":"2023-10-29"},{"lineNumber":95,"author":{"gitId":"jacqhal"},"content":"        return itemList;","lastModifiedDate":"2023-10-29"},{"lineNumber":96,"author":{"gitId":"jacqhal"},"content":"    }","lastModifiedDate":"2023-10-29"},{"lineNumber":97,"author":{"gitId":"jacqhal"},"content":"","lastModifiedDate":"2023-10-29"},{"lineNumber":98,"author":{"gitId":"jacqhal"},"content":"    public void save(TaskList tasklist) throws IOException {","lastModifiedDate":"2023-10-29"},{"lineNumber":99,"author":{"gitId":"jacqhal"},"content":"        FileWriter fw \u003d new FileWriter(FILEPATH);","lastModifiedDate":"2023-10-29"},{"lineNumber":100,"author":{"gitId":"jacqhal"},"content":"        for (int i \u003d 0; i \u003c tasklist.listSize(); i++) {","lastModifiedDate":"2023-10-29"},{"lineNumber":101,"author":{"gitId":"jacqhal"},"content":"            Task task \u003d tasklist.getItem(i);","lastModifiedDate":"2023-10-29"},{"lineNumber":102,"author":{"gitId":"jacqhal"},"content":"            String encodedTask \u003d encodeTaskForStorage(task);","lastModifiedDate":"2023-10-29"},{"lineNumber":103,"author":{"gitId":"jacqhal"},"content":"            fw.write(encodedTask);","lastModifiedDate":"2023-10-29"},{"lineNumber":104,"author":{"gitId":"jacqhal"},"content":"        }","lastModifiedDate":"2023-10-29"},{"lineNumber":105,"author":{"gitId":"jacqhal"},"content":"        fw.close();","lastModifiedDate":"2023-10-29"},{"lineNumber":106,"author":{"gitId":"jacqhal"},"content":"    }","lastModifiedDate":"2023-10-29"},{"lineNumber":107,"author":{"gitId":"jacqhal"},"content":"","lastModifiedDate":"2023-10-29"},{"lineNumber":108,"author":{"gitId":"jacqhal"},"content":"    private String encodeTaskForStorage(Task task) {","lastModifiedDate":"2023-10-29"},{"lineNumber":109,"author":{"gitId":"jacqhal"},"content":"        final StringBuilder encodedTaskBuilder \u003d new StringBuilder();","lastModifiedDate":"2023-10-29"},{"lineNumber":110,"author":{"gitId":"jacqhal"},"content":"        String taskType \u003d encodeTaskType(task);","lastModifiedDate":"2023-10-29"},{"lineNumber":111,"author":{"gitId":"jacqhal"},"content":"","lastModifiedDate":"2023-10-29"},{"lineNumber":112,"author":{"gitId":"jacqhal"},"content":"        encodedTaskBuilder.append(taskType).append(\" | \");","lastModifiedDate":"2023-10-29"},{"lineNumber":113,"author":{"gitId":"jacqhal"},"content":"        encodedTaskBuilder.append(task.getIsDone() ? \"1\" : \"0\").append(\" | \");","lastModifiedDate":"2023-10-29"},{"lineNumber":114,"author":{"gitId":"jacqhal"},"content":"        encodedTaskBuilder.append(task.getDesc());","lastModifiedDate":"2023-10-29"},{"lineNumber":115,"author":{"gitId":"jacqhal"},"content":"","lastModifiedDate":"2023-10-29"},{"lineNumber":116,"author":{"gitId":"jacqhal"},"content":"        if (taskType.equals(\"D\")) {","lastModifiedDate":"2023-10-29"},{"lineNumber":117,"author":{"gitId":"jacqhal"},"content":"            Deadline deadline \u003d (Deadline) task;","lastModifiedDate":"2023-10-29"},{"lineNumber":118,"author":{"gitId":"jacqhal"},"content":"            encodedTaskBuilder.append(\" | \").append(deadline.getBy());","lastModifiedDate":"2023-10-29"},{"lineNumber":119,"author":{"gitId":"jacqhal"},"content":"        }","lastModifiedDate":"2023-10-29"},{"lineNumber":120,"author":{"gitId":"jacqhal"},"content":"        else if (taskType.equals(\"E\")) {","lastModifiedDate":"2023-10-29"},{"lineNumber":121,"author":{"gitId":"jacqhal"},"content":"            Event event \u003d (Event) task;","lastModifiedDate":"2023-10-29"},{"lineNumber":122,"author":{"gitId":"jacqhal"},"content":"            encodedTaskBuilder.append(\" | \").append(event.getFrom()).append(\" | \").append(event.getTo());","lastModifiedDate":"2023-10-29"},{"lineNumber":123,"author":{"gitId":"jacqhal"},"content":"        }","lastModifiedDate":"2023-10-29"},{"lineNumber":124,"author":{"gitId":"jacqhal"},"content":"","lastModifiedDate":"2023-10-29"},{"lineNumber":125,"author":{"gitId":"jacqhal"},"content":"        encodedTaskBuilder.append(\"\\n\");","lastModifiedDate":"2023-10-29"},{"lineNumber":126,"author":{"gitId":"jacqhal"},"content":"","lastModifiedDate":"2023-10-29"},{"lineNumber":127,"author":{"gitId":"jacqhal"},"content":"        return encodedTaskBuilder.toString();","lastModifiedDate":"2023-10-29"},{"lineNumber":128,"author":{"gitId":"jacqhal"},"content":"    }","lastModifiedDate":"2023-10-29"},{"lineNumber":129,"author":{"gitId":"jacqhal"},"content":"","lastModifiedDate":"2023-10-29"},{"lineNumber":130,"author":{"gitId":"jacqhal"},"content":"    private String encodeTaskType(Task task) {","lastModifiedDate":"2023-10-29"},{"lineNumber":131,"author":{"gitId":"jacqhal"},"content":"        String taskType \u003d \"\";","lastModifiedDate":"2023-10-29"},{"lineNumber":132,"author":{"gitId":"jacqhal"},"content":"        if (task.getClass().equals(ToDo.class)) {","lastModifiedDate":"2023-10-29"},{"lineNumber":133,"author":{"gitId":"jacqhal"},"content":"            taskType \u003d \"T\";","lastModifiedDate":"2023-10-29"},{"lineNumber":134,"author":{"gitId":"jacqhal"},"content":"        }","lastModifiedDate":"2023-10-29"},{"lineNumber":135,"author":{"gitId":"jacqhal"},"content":"        else if (task.getClass().equals(Deadline.class)) {","lastModifiedDate":"2023-10-29"},{"lineNumber":136,"author":{"gitId":"jacqhal"},"content":"            taskType \u003d \"D\";","lastModifiedDate":"2023-10-29"},{"lineNumber":137,"author":{"gitId":"jacqhal"},"content":"        }","lastModifiedDate":"2023-10-29"},{"lineNumber":138,"author":{"gitId":"jacqhal"},"content":"        else if (task.getClass().equals(Event.class)) {","lastModifiedDate":"2023-10-29"},{"lineNumber":139,"author":{"gitId":"jacqhal"},"content":"            taskType \u003d \"E\";","lastModifiedDate":"2023-10-29"},{"lineNumber":140,"author":{"gitId":"jacqhal"},"content":"        }","lastModifiedDate":"2023-10-29"},{"lineNumber":141,"author":{"gitId":"jacqhal"},"content":"        return taskType;","lastModifiedDate":"2023-10-29"},{"lineNumber":142,"author":{"gitId":"jacqhal"},"content":"    }","lastModifiedDate":"2023-10-29"},{"lineNumber":143,"author":{"gitId":"jacqhal"},"content":"}","lastModifiedDate":"2023-10-29"}],"authorContributionMap":{"jacqhal":143}},{"path":"src/main/java/task/Deadline.java","fileType":"java","lines":[{"lineNumber":1,"author":{"gitId":"jacqhal"},"content":"package task;","lastModifiedDate":"2023-10-29"},{"lineNumber":2,"author":{"gitId":"jacqhal"},"content":"","lastModifiedDate":"2023-10-08"},{"lineNumber":3,"author":{"gitId":"jacqhal"},"content":"public class Deadline extends Task{","lastModifiedDate":"2023-10-08"},{"lineNumber":4,"author":{"gitId":"jacqhal"},"content":"    private String by;","lastModifiedDate":"2023-10-08"},{"lineNumber":5,"author":{"gitId":"jacqhal"},"content":"","lastModifiedDate":"2023-10-08"},{"lineNumber":6,"author":{"gitId":"jacqhal"},"content":"    public Deadline(String desc, String by) {","lastModifiedDate":"2023-10-08"},{"lineNumber":7,"author":{"gitId":"jacqhal"},"content":"        super(desc);","lastModifiedDate":"2023-10-08"},{"lineNumber":8,"author":{"gitId":"jacqhal"},"content":"        this.by \u003d by;","lastModifiedDate":"2023-10-08"},{"lineNumber":9,"author":{"gitId":"jacqhal"},"content":"    }","lastModifiedDate":"2023-10-08"},{"lineNumber":10,"author":{"gitId":"jacqhal"},"content":"","lastModifiedDate":"2023-10-08"},{"lineNumber":11,"author":{"gitId":"jacqhal"},"content":"    public Deadline(String desc, boolean isDone, String by) {","lastModifiedDate":"2023-10-29"},{"lineNumber":12,"author":{"gitId":"jacqhal"},"content":"        super(desc, isDone);","lastModifiedDate":"2023-10-29"},{"lineNumber":13,"author":{"gitId":"jacqhal"},"content":"        this.by \u003d by;","lastModifiedDate":"2023-10-29"},{"lineNumber":14,"author":{"gitId":"jacqhal"},"content":"    }","lastModifiedDate":"2023-10-29"},{"lineNumber":15,"author":{"gitId":"jacqhal"},"content":"","lastModifiedDate":"2023-10-29"},{"lineNumber":16,"author":{"gitId":"jacqhal"},"content":"    public String getBy() {","lastModifiedDate":"2023-10-29"},{"lineNumber":17,"author":{"gitId":"jacqhal"},"content":"        return by;","lastModifiedDate":"2023-10-29"},{"lineNumber":18,"author":{"gitId":"jacqhal"},"content":"    }","lastModifiedDate":"2023-10-29"},{"lineNumber":19,"author":{"gitId":"jacqhal"},"content":"","lastModifiedDate":"2023-10-29"},{"lineNumber":20,"author":{"gitId":"jacqhal"},"content":"    @Override","lastModifiedDate":"2023-10-08"},{"lineNumber":21,"author":{"gitId":"jacqhal"},"content":"    public String toString() {","lastModifiedDate":"2023-10-08"},{"lineNumber":22,"author":{"gitId":"jacqhal"},"content":"        return \"[D] \" + super.toString() + \" (by: \" + by + \")\";","lastModifiedDate":"2023-10-08"},{"lineNumber":23,"author":{"gitId":"jacqhal"},"content":"    }","lastModifiedDate":"2023-10-08"},{"lineNumber":24,"author":{"gitId":"jacqhal"},"content":"}","lastModifiedDate":"2023-10-08"}],"authorContributionMap":{"jacqhal":24}},{"path":"src/main/java/task/Event.java","fileType":"java","lines":[{"lineNumber":1,"author":{"gitId":"jacqhal"},"content":"package task;","lastModifiedDate":"2023-10-29"},{"lineNumber":2,"author":{"gitId":"jacqhal"},"content":"","lastModifiedDate":"2023-10-08"},{"lineNumber":3,"author":{"gitId":"jacqhal"},"content":"public class Event extends Task {","lastModifiedDate":"2023-10-08"},{"lineNumber":4,"author":{"gitId":"jacqhal"},"content":"    private String from;","lastModifiedDate":"2023-10-08"},{"lineNumber":5,"author":{"gitId":"jacqhal"},"content":"    private String to;","lastModifiedDate":"2023-10-08"},{"lineNumber":6,"author":{"gitId":"jacqhal"},"content":"","lastModifiedDate":"2023-10-08"},{"lineNumber":7,"author":{"gitId":"jacqhal"},"content":"    public Event(String desc, String from, String to) {","lastModifiedDate":"2023-10-08"},{"lineNumber":8,"author":{"gitId":"jacqhal"},"content":"        super(desc);","lastModifiedDate":"2023-10-08"},{"lineNumber":9,"author":{"gitId":"jacqhal"},"content":"        this.from \u003d from;","lastModifiedDate":"2023-10-08"},{"lineNumber":10,"author":{"gitId":"jacqhal"},"content":"        this.to \u003d to;","lastModifiedDate":"2023-10-08"},{"lineNumber":11,"author":{"gitId":"jacqhal"},"content":"    }","lastModifiedDate":"2023-10-08"},{"lineNumber":12,"author":{"gitId":"jacqhal"},"content":"","lastModifiedDate":"2023-10-08"},{"lineNumber":13,"author":{"gitId":"jacqhal"},"content":"    public Event(String desc, boolean isDone, String from, String to) {","lastModifiedDate":"2023-10-29"},{"lineNumber":14,"author":{"gitId":"jacqhal"},"content":"        super(desc, isDone);","lastModifiedDate":"2023-10-29"},{"lineNumber":15,"author":{"gitId":"jacqhal"},"content":"        this.from \u003d from;","lastModifiedDate":"2023-10-29"},{"lineNumber":16,"author":{"gitId":"jacqhal"},"content":"        this.to \u003d to;","lastModifiedDate":"2023-10-29"},{"lineNumber":17,"author":{"gitId":"jacqhal"},"content":"    }","lastModifiedDate":"2023-10-29"},{"lineNumber":18,"author":{"gitId":"jacqhal"},"content":"","lastModifiedDate":"2023-10-29"},{"lineNumber":19,"author":{"gitId":"jacqhal"},"content":"    public String getFrom() {","lastModifiedDate":"2023-10-29"},{"lineNumber":20,"author":{"gitId":"jacqhal"},"content":"        return from;","lastModifiedDate":"2023-10-29"},{"lineNumber":21,"author":{"gitId":"jacqhal"},"content":"    }","lastModifiedDate":"2023-10-29"},{"lineNumber":22,"author":{"gitId":"jacqhal"},"content":"","lastModifiedDate":"2023-10-29"},{"lineNumber":23,"author":{"gitId":"jacqhal"},"content":"    public String getTo() {","lastModifiedDate":"2023-10-29"},{"lineNumber":24,"author":{"gitId":"jacqhal"},"content":"        return to;","lastModifiedDate":"2023-10-29"},{"lineNumber":25,"author":{"gitId":"jacqhal"},"content":"    }","lastModifiedDate":"2023-10-29"},{"lineNumber":26,"author":{"gitId":"jacqhal"},"content":"","lastModifiedDate":"2023-10-29"},{"lineNumber":27,"author":{"gitId":"jacqhal"},"content":"    @Override","lastModifiedDate":"2023-10-08"},{"lineNumber":28,"author":{"gitId":"jacqhal"},"content":"    public String toString() {","lastModifiedDate":"2023-10-08"},{"lineNumber":29,"author":{"gitId":"jacqhal"},"content":"        return \"[E] \" + super.toString() + \" (from: \" + from + \", to: \" + to + \")\";","lastModifiedDate":"2023-10-08"},{"lineNumber":30,"author":{"gitId":"jacqhal"},"content":"    }","lastModifiedDate":"2023-10-08"},{"lineNumber":31,"author":{"gitId":"jacqhal"},"content":"}","lastModifiedDate":"2023-10-08"}],"authorContributionMap":{"jacqhal":31}},{"path":"src/main/java/task/Task.java","fileType":"java","lines":[{"lineNumber":1,"author":{"gitId":"jacqhal"},"content":"package task;","lastModifiedDate":"2023-10-29"},{"lineNumber":2,"author":{"gitId":"jacqhal"},"content":"","lastModifiedDate":"2023-09-13"},{"lineNumber":3,"author":{"gitId":"jacqhal"},"content":"public class Task {","lastModifiedDate":"2023-09-13"},{"lineNumber":4,"author":{"gitId":"jacqhal"},"content":"    private String desc;","lastModifiedDate":"2023-09-13"},{"lineNumber":5,"author":{"gitId":"jacqhal"},"content":"    private boolean isDone;","lastModifiedDate":"2023-09-13"},{"lineNumber":6,"author":{"gitId":"jacqhal"},"content":"","lastModifiedDate":"2023-09-13"},{"lineNumber":7,"author":{"gitId":"jacqhal"},"content":"    public Task(String desc){","lastModifiedDate":"2023-09-13"},{"lineNumber":8,"author":{"gitId":"jacqhal"},"content":"        this.desc \u003d desc;","lastModifiedDate":"2023-09-13"},{"lineNumber":9,"author":{"gitId":"jacqhal"},"content":"        this.isDone \u003d false;","lastModifiedDate":"2023-09-13"},{"lineNumber":10,"author":{"gitId":"jacqhal"},"content":"    }","lastModifiedDate":"2023-09-13"},{"lineNumber":11,"author":{"gitId":"jacqhal"},"content":"","lastModifiedDate":"2023-09-13"},{"lineNumber":12,"author":{"gitId":"jacqhal"},"content":"    public Task(String desc, boolean isDone){","lastModifiedDate":"2023-10-29"},{"lineNumber":13,"author":{"gitId":"jacqhal"},"content":"        this.desc \u003d desc;","lastModifiedDate":"2023-10-29"},{"lineNumber":14,"author":{"gitId":"jacqhal"},"content":"        this.isDone \u003d isDone;","lastModifiedDate":"2023-10-29"},{"lineNumber":15,"author":{"gitId":"jacqhal"},"content":"    }","lastModifiedDate":"2023-10-29"},{"lineNumber":16,"author":{"gitId":"jacqhal"},"content":"","lastModifiedDate":"2023-10-29"},{"lineNumber":17,"author":{"gitId":"jacqhal"},"content":"    public String getDesc() {","lastModifiedDate":"2023-09-13"},{"lineNumber":18,"author":{"gitId":"jacqhal"},"content":"        return desc;","lastModifiedDate":"2023-09-13"},{"lineNumber":19,"author":{"gitId":"jacqhal"},"content":"    }","lastModifiedDate":"2023-09-13"},{"lineNumber":20,"author":{"gitId":"jacqhal"},"content":"","lastModifiedDate":"2023-09-13"},{"lineNumber":21,"author":{"gitId":"jacqhal"},"content":"    public void setDesc(String desc) {","lastModifiedDate":"2023-09-13"},{"lineNumber":22,"author":{"gitId":"jacqhal"},"content":"        this.desc \u003d desc;","lastModifiedDate":"2023-09-13"},{"lineNumber":23,"author":{"gitId":"jacqhal"},"content":"    }","lastModifiedDate":"2023-09-13"},{"lineNumber":24,"author":{"gitId":"jacqhal"},"content":"","lastModifiedDate":"2023-09-13"},{"lineNumber":25,"author":{"gitId":"jacqhal"},"content":"    public boolean getIsDone(){","lastModifiedDate":"2023-09-13"},{"lineNumber":26,"author":{"gitId":"jacqhal"},"content":"        return isDone;","lastModifiedDate":"2023-09-13"},{"lineNumber":27,"author":{"gitId":"jacqhal"},"content":"    }","lastModifiedDate":"2023-09-13"},{"lineNumber":28,"author":{"gitId":"jacqhal"},"content":"","lastModifiedDate":"2023-09-13"},{"lineNumber":29,"author":{"gitId":"jacqhal"},"content":"    public void setIsDone(boolean isDone){","lastModifiedDate":"2023-09-13"},{"lineNumber":30,"author":{"gitId":"jacqhal"},"content":"        this.isDone \u003d isDone;","lastModifiedDate":"2023-09-13"},{"lineNumber":31,"author":{"gitId":"jacqhal"},"content":"    }","lastModifiedDate":"2023-09-13"},{"lineNumber":32,"author":{"gitId":"jacqhal"},"content":"","lastModifiedDate":"2023-09-13"},{"lineNumber":33,"author":{"gitId":"jacqhal"},"content":"    @Override","lastModifiedDate":"2023-09-13"},{"lineNumber":34,"author":{"gitId":"jacqhal"},"content":"    public String toString() {","lastModifiedDate":"2023-09-13"},{"lineNumber":35,"author":{"gitId":"jacqhal"},"content":"        String doneMarker \u003d \" \";","lastModifiedDate":"2023-09-13"},{"lineNumber":36,"author":{"gitId":"jacqhal"},"content":"        if (isDone) {","lastModifiedDate":"2023-09-13"},{"lineNumber":37,"author":{"gitId":"jacqhal"},"content":"            doneMarker \u003d \"X\";","lastModifiedDate":"2023-09-13"},{"lineNumber":38,"author":{"gitId":"jacqhal"},"content":"        }","lastModifiedDate":"2023-09-13"},{"lineNumber":39,"author":{"gitId":"jacqhal"},"content":"        return \"[\" + doneMarker + \"] \" + desc;","lastModifiedDate":"2023-09-13"},{"lineNumber":40,"author":{"gitId":"jacqhal"},"content":"    }","lastModifiedDate":"2023-09-13"},{"lineNumber":41,"author":{"gitId":"jacqhal"},"content":"}","lastModifiedDate":"2023-09-13"}],"authorContributionMap":{"jacqhal":41}},{"path":"src/main/java/task/TaskFactory.java","fileType":"java","lines":[{"lineNumber":1,"author":{"gitId":"jacqhal"},"content":"package task;","lastModifiedDate":"2023-10-29"},{"lineNumber":2,"author":{"gitId":"jacqhal"},"content":"","lastModifiedDate":"2023-10-29"},{"lineNumber":3,"author":{"gitId":"jacqhal"},"content":"public class TaskFactory {","lastModifiedDate":"2023-10-29"},{"lineNumber":4,"author":{"gitId":"jacqhal"},"content":"","lastModifiedDate":"2023-10-29"},{"lineNumber":5,"author":{"gitId":"jacqhal"},"content":"    public static Task createTask(String taskType, boolean isDone, String description, String fromDate, String toDate) {","lastModifiedDate":"2023-10-29"},{"lineNumber":6,"author":{"gitId":"jacqhal"},"content":"        if (\"todo\".equalsIgnoreCase(taskType)) {","lastModifiedDate":"2023-10-29"},{"lineNumber":7,"author":{"gitId":"jacqhal"},"content":"            return new ToDo(description, isDone);","lastModifiedDate":"2023-10-29"},{"lineNumber":8,"author":{"gitId":"jacqhal"},"content":"        } else if (\"Deadline\".equalsIgnoreCase(taskType)) {","lastModifiedDate":"2023-10-29"},{"lineNumber":9,"author":{"gitId":"jacqhal"},"content":"            return new Deadline(description, isDone, fromDate);","lastModifiedDate":"2023-10-29"},{"lineNumber":10,"author":{"gitId":"jacqhal"},"content":"        } else if (\"Event\".equalsIgnoreCase(taskType)) {","lastModifiedDate":"2023-10-29"},{"lineNumber":11,"author":{"gitId":"jacqhal"},"content":"            return new Event(description, isDone, fromDate, toDate);","lastModifiedDate":"2023-10-29"},{"lineNumber":12,"author":{"gitId":"jacqhal"},"content":"        } else {","lastModifiedDate":"2023-10-29"},{"lineNumber":13,"author":{"gitId":"jacqhal"},"content":"            throw new IllegalArgumentException(\"Unsupported task type: \" + taskType);","lastModifiedDate":"2023-10-29"},{"lineNumber":14,"author":{"gitId":"jacqhal"},"content":"        }","lastModifiedDate":"2023-10-29"},{"lineNumber":15,"author":{"gitId":"jacqhal"},"content":"    }","lastModifiedDate":"2023-10-29"},{"lineNumber":16,"author":{"gitId":"jacqhal"},"content":"}","lastModifiedDate":"2023-10-29"}],"authorContributionMap":{"jacqhal":16}},{"path":"src/main/java/task/ToDo.java","fileType":"java","lines":[{"lineNumber":1,"author":{"gitId":"jacqhal"},"content":"package task;","lastModifiedDate":"2023-10-29"},{"lineNumber":2,"author":{"gitId":"jacqhal"},"content":"","lastModifiedDate":"2023-10-08"},{"lineNumber":3,"author":{"gitId":"jacqhal"},"content":"public class ToDo extends Task {","lastModifiedDate":"2023-10-08"},{"lineNumber":4,"author":{"gitId":"jacqhal"},"content":"","lastModifiedDate":"2023-10-08"},{"lineNumber":5,"author":{"gitId":"jacqhal"},"content":"    public ToDo(String desc) {","lastModifiedDate":"2023-10-08"},{"lineNumber":6,"author":{"gitId":"jacqhal"},"content":"        super(desc);","lastModifiedDate":"2023-10-08"},{"lineNumber":7,"author":{"gitId":"jacqhal"},"content":"    }","lastModifiedDate":"2023-10-08"},{"lineNumber":8,"author":{"gitId":"jacqhal"},"content":"    public ToDo(String desc, boolean isDone) {","lastModifiedDate":"2023-10-29"},{"lineNumber":9,"author":{"gitId":"jacqhal"},"content":"        super(desc, isDone);","lastModifiedDate":"2023-10-29"},{"lineNumber":10,"author":{"gitId":"jacqhal"},"content":"    }","lastModifiedDate":"2023-10-29"},{"lineNumber":11,"author":{"gitId":"jacqhal"},"content":"","lastModifiedDate":"2023-10-08"},{"lineNumber":12,"author":{"gitId":"jacqhal"},"content":"    @Override","lastModifiedDate":"2023-10-08"},{"lineNumber":13,"author":{"gitId":"jacqhal"},"content":"    public String toString() {","lastModifiedDate":"2023-10-08"},{"lineNumber":14,"author":{"gitId":"jacqhal"},"content":"        return \"[T] \" + super.toString();","lastModifiedDate":"2023-10-08"},{"lineNumber":15,"author":{"gitId":"jacqhal"},"content":"    }","lastModifiedDate":"2023-10-08"},{"lineNumber":16,"author":{"gitId":"jacqhal"},"content":"}","lastModifiedDate":"2023-10-08"}],"authorContributionMap":{"jacqhal":16}},{"path":"src/main/java/wargames/Duke.java","fileType":"java","lines":[{"lineNumber":1,"author":{"gitId":"jacqhal"},"content":"package wargames;","lastModifiedDate":"2023-09-12"},{"lineNumber":2,"author":{"gitId":"jacqhal"},"content":"import exceptions.IllegalStorageFormat;","lastModifiedDate":"2023-10-29"},{"lineNumber":3,"author":{"gitId":"jacqhal"},"content":"import exceptions.InvalidCommandException;","lastModifiedDate":"2023-10-29"},{"lineNumber":4,"author":{"gitId":"jacqhal"},"content":"import task.Task;","lastModifiedDate":"2023-10-29"},{"lineNumber":5,"author":{"gitId":"jacqhal"},"content":"import storage.Storage;","lastModifiedDate":"2023-10-29"},{"lineNumber":6,"author":{"gitId":"jacqhal"},"content":"","lastModifiedDate":"2023-10-29"},{"lineNumber":7,"author":{"gitId":"jacqhal"},"content":"import java.io.FileNotFoundException;","lastModifiedDate":"2023-10-29"},{"lineNumber":8,"author":{"gitId":"jacqhal"},"content":"import java.io.IOException;","lastModifiedDate":"2023-10-29"},{"lineNumber":9,"author":{"gitId":"jacqhal"},"content":"import java.util.Scanner;","lastModifiedDate":"2023-09-08"},{"lineNumber":10,"author":{"gitId":"jacqhal"},"content":"","lastModifiedDate":"2023-09-08"},{"lineNumber":11,"author":{"gitId":"-"},"content":"public class Duke {","lastModifiedDate":"2019-07-29"},{"lineNumber":12,"author":{"gitId":"jacqhal"},"content":"","lastModifiedDate":"2023-10-29"},{"lineNumber":13,"author":{"gitId":"-"},"content":"    public static void main(String[] args) {","lastModifiedDate":"2019-07-29"},{"lineNumber":14,"author":{"gitId":"jacqhal"},"content":"        JoshuaUi.printGreetings();","lastModifiedDate":"2023-10-21"},{"lineNumber":15,"author":{"gitId":"jacqhal"},"content":"","lastModifiedDate":"2023-09-08"},{"lineNumber":16,"author":{"gitId":"jacqhal"},"content":"        String input;","lastModifiedDate":"2023-09-08"},{"lineNumber":17,"author":{"gitId":"jacqhal"},"content":"        Scanner in \u003d new Scanner(System.in);","lastModifiedDate":"2023-09-13"},{"lineNumber":18,"author":{"gitId":"jacqhal"},"content":"        JoshuaParser JParser \u003d new JoshuaParser();","lastModifiedDate":"2023-10-14"},{"lineNumber":19,"author":{"gitId":"jacqhal"},"content":"        TaskList taskList;","lastModifiedDate":"2023-10-29"},{"lineNumber":20,"author":{"gitId":"jacqhal"},"content":"        Storage storage \u003d new Storage();","lastModifiedDate":"2023-10-29"},{"lineNumber":21,"author":{"gitId":"jacqhal"},"content":"        try {","lastModifiedDate":"2023-10-29"},{"lineNumber":22,"author":{"gitId":"jacqhal"},"content":"            taskList \u003d storage.load();","lastModifiedDate":"2023-10-29"},{"lineNumber":23,"author":{"gitId":"jacqhal"},"content":"        }","lastModifiedDate":"2023-10-29"},{"lineNumber":24,"author":{"gitId":"jacqhal"},"content":"        catch (FileNotFoundException | IllegalStorageFormat e) {","lastModifiedDate":"2023-10-29"},{"lineNumber":25,"author":{"gitId":"jacqhal"},"content":"            JoshuaUi.printLoadingError();","lastModifiedDate":"2023-10-29"},{"lineNumber":26,"author":{"gitId":"jacqhal"},"content":"            taskList \u003d new TaskList();","lastModifiedDate":"2023-10-29"},{"lineNumber":27,"author":{"gitId":"jacqhal"},"content":"        }","lastModifiedDate":"2023-10-29"},{"lineNumber":28,"author":{"gitId":"jacqhal"},"content":"","lastModifiedDate":"2023-09-12"},{"lineNumber":29,"author":{"gitId":"jacqhal"},"content":"        do {","lastModifiedDate":"2023-09-08"},{"lineNumber":30,"author":{"gitId":"jacqhal"},"content":"            System.out.print(\"\u003e\u003e \");","lastModifiedDate":"2023-09-08"},{"lineNumber":31,"author":{"gitId":"jacqhal"},"content":"            input \u003d in.nextLine();","lastModifiedDate":"2023-09-13"},{"lineNumber":32,"author":{"gitId":"jacqhal"},"content":"            input \u003d input.toLowerCase();","lastModifiedDate":"2023-09-13"},{"lineNumber":33,"author":{"gitId":"jacqhal"},"content":"","lastModifiedDate":"2023-09-12"},{"lineNumber":34,"author":{"gitId":"jacqhal"},"content":"            if (JParser.isByeCommand(input)) {","lastModifiedDate":"2023-10-14"},{"lineNumber":35,"author":{"gitId":"jacqhal"},"content":"","lastModifiedDate":"2023-09-13"},{"lineNumber":36,"author":{"gitId":"jacqhal"},"content":"            }","lastModifiedDate":"2023-09-13"},{"lineNumber":37,"author":{"gitId":"jacqhal"},"content":"            else if (JParser.isListCommand(input)) {","lastModifiedDate":"2023-10-14"},{"lineNumber":38,"author":{"gitId":"jacqhal"},"content":"                JoshuaUi.joshuaSays(\"Your list has \" + taskList.listSize() + \" item(s):\");","lastModifiedDate":"2023-10-29"},{"lineNumber":39,"author":{"gitId":"jacqhal"},"content":"                JoshuaUi.joshuaSays(taskList.toString());","lastModifiedDate":"2023-10-21"},{"lineNumber":40,"author":{"gitId":"jacqhal"},"content":"            }","lastModifiedDate":"2023-09-12"},{"lineNumber":41,"author":{"gitId":"jacqhal"},"content":"            else if (JParser.isMarkCommand(input)) {","lastModifiedDate":"2023-10-14"},{"lineNumber":42,"author":{"gitId":"jacqhal"},"content":"                int taskNum \u003d JParser.parseTaskNum(input);","lastModifiedDate":"2023-10-14"},{"lineNumber":43,"author":{"gitId":"jacqhal"},"content":"                taskList.markTaskAsDone(taskNum);","lastModifiedDate":"2023-10-18"},{"lineNumber":44,"author":{"gitId":"jacqhal"},"content":"            }","lastModifiedDate":"2023-10-14"},{"lineNumber":45,"author":{"gitId":"jacqhal"},"content":"            else if (JParser.isUnmarkCommand(input)) {","lastModifiedDate":"2023-10-14"},{"lineNumber":46,"author":{"gitId":"jacqhal"},"content":"                int taskNum \u003d JParser.parseTaskNum(input);","lastModifiedDate":"2023-10-14"},{"lineNumber":47,"author":{"gitId":"jacqhal"},"content":"                taskList.markTaskAsNotDone(taskNum);","lastModifiedDate":"2023-10-18"},{"lineNumber":48,"author":{"gitId":"jacqhal"},"content":"            }","lastModifiedDate":"2023-10-14"},{"lineNumber":49,"author":{"gitId":"jacqhal"},"content":"            else if (JParser.isDeleteCommand(input)) {","lastModifiedDate":"2023-10-18"},{"lineNumber":50,"author":{"gitId":"jacqhal"},"content":"                int taskIdx \u003d JParser.parseTaskNum(input) - 1;","lastModifiedDate":"2023-10-18"},{"lineNumber":51,"author":{"gitId":"jacqhal"},"content":"                Task task \u003d taskList.getItem(taskIdx);","lastModifiedDate":"2023-10-18"},{"lineNumber":52,"author":{"gitId":"jacqhal"},"content":"                JoshuaUi.joshuaSays(\"The following task will be deleted:\\n\\t\" + task.toString());","lastModifiedDate":"2023-10-21"},{"lineNumber":53,"author":{"gitId":"jacqhal"},"content":"                taskList.deleteFromTaskList(task);","lastModifiedDate":"2023-10-18"},{"lineNumber":54,"author":{"gitId":"jacqhal"},"content":"                JoshuaUi.joshuaSays(\"You now have \" + taskList.listSize() + \" item(s) in your list.\");","lastModifiedDate":"2023-10-21"},{"lineNumber":55,"author":{"gitId":"jacqhal"},"content":"            }","lastModifiedDate":"2023-10-18"},{"lineNumber":56,"author":{"gitId":"jacqhal"},"content":"            else if (JParser.isToDoCommand(input)) {","lastModifiedDate":"2023-10-14"},{"lineNumber":57,"author":{"gitId":"jacqhal"},"content":"                try {","lastModifiedDate":"2023-09-13"},{"lineNumber":58,"author":{"gitId":"jacqhal"},"content":"                    Task todo \u003d JParser.createToDo(input);","lastModifiedDate":"2023-10-14"},{"lineNumber":59,"author":{"gitId":"jacqhal"},"content":"                    taskList.addToTaskList(todo);","lastModifiedDate":"2023-10-18"},{"lineNumber":60,"author":{"gitId":"jacqhal"},"content":"                    JoshuaUi.joshuaSays(\"ADDED TASK: \" + todo);","lastModifiedDate":"2023-10-21"},{"lineNumber":61,"author":{"gitId":"jacqhal"},"content":"                }","lastModifiedDate":"2023-10-14"},{"lineNumber":62,"author":{"gitId":"jacqhal"},"content":"                catch (InvalidCommandException e) {","lastModifiedDate":"2023-10-14"},{"lineNumber":63,"author":{"gitId":"jacqhal"},"content":"                    JoshuaUi.joshuaSays(e.getMessage());","lastModifiedDate":"2023-10-21"},{"lineNumber":64,"author":{"gitId":"jacqhal"},"content":"                }","lastModifiedDate":"2023-09-13"},{"lineNumber":65,"author":{"gitId":"jacqhal"},"content":"            }","lastModifiedDate":"2023-09-13"},{"lineNumber":66,"author":{"gitId":"jacqhal"},"content":"            else if (JParser.isDeadlineCommand(input)) {","lastModifiedDate":"2023-10-14"},{"lineNumber":67,"author":{"gitId":"jacqhal"},"content":"                try {","lastModifiedDate":"2023-09-13"},{"lineNumber":68,"author":{"gitId":"jacqhal"},"content":"                    Task deadline \u003d JParser.createDeadline(input);","lastModifiedDate":"2023-10-14"},{"lineNumber":69,"author":{"gitId":"jacqhal"},"content":"                    taskList.addToTaskList(deadline);","lastModifiedDate":"2023-10-18"},{"lineNumber":70,"author":{"gitId":"jacqhal"},"content":"                    JoshuaUi.joshuaSays(\"ADDED TASK: \" + deadline);","lastModifiedDate":"2023-10-21"},{"lineNumber":71,"author":{"gitId":"jacqhal"},"content":"                }","lastModifiedDate":"2023-10-14"},{"lineNumber":72,"author":{"gitId":"jacqhal"},"content":"                catch (InvalidCommandException e) {","lastModifiedDate":"2023-10-14"},{"lineNumber":73,"author":{"gitId":"jacqhal"},"content":"                    JoshuaUi.joshuaSays(e.getMessage());","lastModifiedDate":"2023-10-21"},{"lineNumber":74,"author":{"gitId":"jacqhal"},"content":"                }","lastModifiedDate":"2023-10-14"},{"lineNumber":75,"author":{"gitId":"jacqhal"},"content":"            }","lastModifiedDate":"2023-10-14"},{"lineNumber":76,"author":{"gitId":"jacqhal"},"content":"            else if (JParser.isEventCommand(input)) {","lastModifiedDate":"2023-10-14"},{"lineNumber":77,"author":{"gitId":"jacqhal"},"content":"                try {","lastModifiedDate":"2023-10-14"},{"lineNumber":78,"author":{"gitId":"jacqhal"},"content":"                    Task event \u003d JParser.createEvent(input);","lastModifiedDate":"2023-10-14"},{"lineNumber":79,"author":{"gitId":"jacqhal"},"content":"                    taskList.addToTaskList(event);","lastModifiedDate":"2023-10-18"},{"lineNumber":80,"author":{"gitId":"jacqhal"},"content":"                    JoshuaUi.joshuaSays(\"ADDED TASK: \" + event);","lastModifiedDate":"2023-10-21"},{"lineNumber":81,"author":{"gitId":"jacqhal"},"content":"                }","lastModifiedDate":"2023-10-14"},{"lineNumber":82,"author":{"gitId":"jacqhal"},"content":"                catch (InvalidCommandException e) {","lastModifiedDate":"2023-10-14"},{"lineNumber":83,"author":{"gitId":"jacqhal"},"content":"                    JoshuaUi.joshuaSays(e.getMessage());","lastModifiedDate":"2023-10-21"},{"lineNumber":84,"author":{"gitId":"jacqhal"},"content":"                }","lastModifiedDate":"2023-10-14"},{"lineNumber":85,"author":{"gitId":"jacqhal"},"content":"            }","lastModifiedDate":"2023-10-08"},{"lineNumber":86,"author":{"gitId":"jacqhal"},"content":"            else {","lastModifiedDate":"2023-09-12"},{"lineNumber":87,"author":{"gitId":"jacqhal"},"content":"                JoshuaUi.joshuaSays(\"Please be more articulate, Professor Falken.\");","lastModifiedDate":"2023-10-21"},{"lineNumber":88,"author":{"gitId":"jacqhal"},"content":"            }","lastModifiedDate":"2023-09-12"},{"lineNumber":89,"author":{"gitId":"jacqhal"},"content":"        } while (!input.equals(\"bye\"));","lastModifiedDate":"2023-09-08"},{"lineNumber":90,"author":{"gitId":"jacqhal"},"content":"","lastModifiedDate":"2023-09-08"},{"lineNumber":91,"author":{"gitId":"jacqhal"},"content":"        try {","lastModifiedDate":"2023-10-29"},{"lineNumber":92,"author":{"gitId":"jacqhal"},"content":"            storage.save(taskList);","lastModifiedDate":"2023-10-29"},{"lineNumber":93,"author":{"gitId":"jacqhal"},"content":"            JoshuaUi.printSaveMessage();","lastModifiedDate":"2023-10-29"},{"lineNumber":94,"author":{"gitId":"jacqhal"},"content":"        }","lastModifiedDate":"2023-10-29"},{"lineNumber":95,"author":{"gitId":"jacqhal"},"content":"        catch (IOException e) {","lastModifiedDate":"2023-10-29"},{"lineNumber":96,"author":{"gitId":"jacqhal"},"content":"            JoshuaUi.joshuaSays(e.getMessage());","lastModifiedDate":"2023-10-29"},{"lineNumber":97,"author":{"gitId":"jacqhal"},"content":"        }","lastModifiedDate":"2023-10-29"},{"lineNumber":98,"author":{"gitId":"jacqhal"},"content":"        JoshuaUi.printExitMessage();","lastModifiedDate":"2023-10-29"},{"lineNumber":99,"author":{"gitId":"jacqhal"},"content":"    }","lastModifiedDate":"2023-09-08"},{"lineNumber":100,"author":{"gitId":"jacqhal"},"content":"","lastModifiedDate":"2023-09-08"},{"lineNumber":101,"author":{"gitId":"jacqhal"},"content":"    public static int parseTaskNumber(String input, int beginIndex) {","lastModifiedDate":"2023-09-13"},{"lineNumber":102,"author":{"gitId":"jacqhal"},"content":"        int taskNum \u003d -1;","lastModifiedDate":"2023-09-13"},{"lineNumber":103,"author":{"gitId":"jacqhal"},"content":"        try {","lastModifiedDate":"2023-09-13"},{"lineNumber":104,"author":{"gitId":"jacqhal"},"content":"            taskNum \u003d Integer.parseInt(input.substring(beginIndex));","lastModifiedDate":"2023-09-13"},{"lineNumber":105,"author":{"gitId":"jacqhal"},"content":"        } catch (NumberFormatException e) {","lastModifiedDate":"2023-09-13"},{"lineNumber":106,"author":{"gitId":"jacqhal"},"content":"            // Did not find a valid integer","lastModifiedDate":"2023-09-13"},{"lineNumber":107,"author":{"gitId":"jacqhal"},"content":"            JoshuaUi.joshuaSays(\"Enter a valid task number.\");","lastModifiedDate":"2023-10-21"},{"lineNumber":108,"author":{"gitId":"jacqhal"},"content":"        }","lastModifiedDate":"2023-09-13"},{"lineNumber":109,"author":{"gitId":"jacqhal"},"content":"        return taskNum;","lastModifiedDate":"2023-09-13"},{"lineNumber":110,"author":{"gitId":"jacqhal"},"content":"    }","lastModifiedDate":"2023-09-08"},{"lineNumber":111,"author":{"gitId":"jacqhal"},"content":"","lastModifiedDate":"2023-09-08"},{"lineNumber":112,"author":{"gitId":"-"},"content":"}","lastModifiedDate":"2019-07-29"}],"authorContributionMap":{"jacqhal":109,"-":3}},{"path":"src/main/java/wargames/JoshuaParser.java","fileType":"java","lines":[{"lineNumber":1,"author":{"gitId":"jacqhal"},"content":"package wargames;","lastModifiedDate":"2023-10-14"},{"lineNumber":2,"author":{"gitId":"jacqhal"},"content":"","lastModifiedDate":"2023-10-14"},{"lineNumber":3,"author":{"gitId":"jacqhal"},"content":"import exceptions.InvalidCommandException;","lastModifiedDate":"2023-10-29"},{"lineNumber":4,"author":{"gitId":"jacqhal"},"content":"import task.*;","lastModifiedDate":"2023-10-29"},{"lineNumber":5,"author":{"gitId":"jacqhal"},"content":"","lastModifiedDate":"2023-10-29"},{"lineNumber":6,"author":{"gitId":"jacqhal"},"content":"import java.util.ArrayList;","lastModifiedDate":"2023-10-14"},{"lineNumber":7,"author":{"gitId":"jacqhal"},"content":"import java.util.Arrays;","lastModifiedDate":"2023-10-14"},{"lineNumber":8,"author":{"gitId":"jacqhal"},"content":"import java.util.List;","lastModifiedDate":"2023-10-14"},{"lineNumber":9,"author":{"gitId":"jacqhal"},"content":"","lastModifiedDate":"2023-10-14"},{"lineNumber":10,"author":{"gitId":"jacqhal"},"content":"public class JoshuaParser {","lastModifiedDate":"2023-10-14"},{"lineNumber":11,"author":{"gitId":"jacqhal"},"content":"","lastModifiedDate":"2023-10-14"},{"lineNumber":12,"author":{"gitId":"jacqhal"},"content":"    public JoshuaParser() {","lastModifiedDate":"2023-10-14"},{"lineNumber":13,"author":{"gitId":"jacqhal"},"content":"","lastModifiedDate":"2023-10-14"},{"lineNumber":14,"author":{"gitId":"jacqhal"},"content":"    }","lastModifiedDate":"2023-10-14"},{"lineNumber":15,"author":{"gitId":"jacqhal"},"content":"    public boolean isByeCommand(String command) {","lastModifiedDate":"2023-10-14"},{"lineNumber":16,"author":{"gitId":"jacqhal"},"content":"        return command.equals(\"bye\");","lastModifiedDate":"2023-10-14"},{"lineNumber":17,"author":{"gitId":"jacqhal"},"content":"    }","lastModifiedDate":"2023-10-14"},{"lineNumber":18,"author":{"gitId":"jacqhal"},"content":"","lastModifiedDate":"2023-10-14"},{"lineNumber":19,"author":{"gitId":"jacqhal"},"content":"    public boolean isListCommand(String command) {","lastModifiedDate":"2023-10-14"},{"lineNumber":20,"author":{"gitId":"jacqhal"},"content":"        return command.equals(\"list\");","lastModifiedDate":"2023-10-14"},{"lineNumber":21,"author":{"gitId":"jacqhal"},"content":"    }","lastModifiedDate":"2023-10-14"},{"lineNumber":22,"author":{"gitId":"jacqhal"},"content":"","lastModifiedDate":"2023-10-14"},{"lineNumber":23,"author":{"gitId":"jacqhal"},"content":"    public boolean isMarkCommand(String command) {","lastModifiedDate":"2023-10-14"},{"lineNumber":24,"author":{"gitId":"jacqhal"},"content":"        return command.startsWith(\"mark \");","lastModifiedDate":"2023-10-14"},{"lineNumber":25,"author":{"gitId":"jacqhal"},"content":"    }","lastModifiedDate":"2023-10-14"},{"lineNumber":26,"author":{"gitId":"jacqhal"},"content":"","lastModifiedDate":"2023-10-14"},{"lineNumber":27,"author":{"gitId":"jacqhal"},"content":"    public boolean isUnmarkCommand(String command) {","lastModifiedDate":"2023-10-14"},{"lineNumber":28,"author":{"gitId":"jacqhal"},"content":"        return command.startsWith(\"unmark \");","lastModifiedDate":"2023-10-14"},{"lineNumber":29,"author":{"gitId":"jacqhal"},"content":"    }","lastModifiedDate":"2023-10-14"},{"lineNumber":30,"author":{"gitId":"jacqhal"},"content":"","lastModifiedDate":"2023-10-14"},{"lineNumber":31,"author":{"gitId":"jacqhal"},"content":"    public boolean isToDoCommand(String command) {","lastModifiedDate":"2023-10-14"},{"lineNumber":32,"author":{"gitId":"jacqhal"},"content":"        return command.startsWith(\"todo \");","lastModifiedDate":"2023-10-14"},{"lineNumber":33,"author":{"gitId":"jacqhal"},"content":"    }","lastModifiedDate":"2023-10-14"},{"lineNumber":34,"author":{"gitId":"jacqhal"},"content":"","lastModifiedDate":"2023-10-14"},{"lineNumber":35,"author":{"gitId":"jacqhal"},"content":"    public boolean isDeadlineCommand(String command) {","lastModifiedDate":"2023-10-14"},{"lineNumber":36,"author":{"gitId":"jacqhal"},"content":"        return command.startsWith(\"deadline \");","lastModifiedDate":"2023-10-14"},{"lineNumber":37,"author":{"gitId":"jacqhal"},"content":"    }","lastModifiedDate":"2023-10-14"},{"lineNumber":38,"author":{"gitId":"jacqhal"},"content":"","lastModifiedDate":"2023-10-18"},{"lineNumber":39,"author":{"gitId":"jacqhal"},"content":"    public boolean isEventCommand(String command) {","lastModifiedDate":"2023-10-14"},{"lineNumber":40,"author":{"gitId":"jacqhal"},"content":"        return command.startsWith(\"event \");","lastModifiedDate":"2023-10-14"},{"lineNumber":41,"author":{"gitId":"jacqhal"},"content":"    }","lastModifiedDate":"2023-10-14"},{"lineNumber":42,"author":{"gitId":"jacqhal"},"content":"","lastModifiedDate":"2023-10-14"},{"lineNumber":43,"author":{"gitId":"jacqhal"},"content":"    public boolean isDeleteCommand(String command) { return command.startsWith(\"delete \"); }","lastModifiedDate":"2023-10-18"},{"lineNumber":44,"author":{"gitId":"jacqhal"},"content":"","lastModifiedDate":"2023-10-18"},{"lineNumber":45,"author":{"gitId":"jacqhal"},"content":"    public int parseTaskNum(String command) {","lastModifiedDate":"2023-10-14"},{"lineNumber":46,"author":{"gitId":"jacqhal"},"content":"        List\u003cString\u003e cmdArrayList \u003d stringToArrayList(command);","lastModifiedDate":"2023-10-14"},{"lineNumber":47,"author":{"gitId":"jacqhal"},"content":"","lastModifiedDate":"2023-10-14"},{"lineNumber":48,"author":{"gitId":"jacqhal"},"content":"        if (cmdArrayList.size() \u003d\u003d 2) {","lastModifiedDate":"2023-10-14"},{"lineNumber":49,"author":{"gitId":"jacqhal"},"content":"            try {","lastModifiedDate":"2023-10-14"},{"lineNumber":50,"author":{"gitId":"jacqhal"},"content":"                String taskNumStr \u003d cmdArrayList.get(1);","lastModifiedDate":"2023-10-14"},{"lineNumber":51,"author":{"gitId":"jacqhal"},"content":"                return Integer.parseInt(taskNumStr);","lastModifiedDate":"2023-10-14"},{"lineNumber":52,"author":{"gitId":"jacqhal"},"content":"            }","lastModifiedDate":"2023-10-14"},{"lineNumber":53,"author":{"gitId":"jacqhal"},"content":"            catch (NumberFormatException e) {","lastModifiedDate":"2023-10-14"},{"lineNumber":54,"author":{"gitId":"jacqhal"},"content":"                return -1;","lastModifiedDate":"2023-10-14"},{"lineNumber":55,"author":{"gitId":"jacqhal"},"content":"            }","lastModifiedDate":"2023-10-14"},{"lineNumber":56,"author":{"gitId":"jacqhal"},"content":"        }","lastModifiedDate":"2023-10-14"},{"lineNumber":57,"author":{"gitId":"jacqhal"},"content":"        else {","lastModifiedDate":"2023-10-14"},{"lineNumber":58,"author":{"gitId":"jacqhal"},"content":"            return -1;","lastModifiedDate":"2023-10-14"},{"lineNumber":59,"author":{"gitId":"jacqhal"},"content":"        }","lastModifiedDate":"2023-10-14"},{"lineNumber":60,"author":{"gitId":"jacqhal"},"content":"    }","lastModifiedDate":"2023-10-14"},{"lineNumber":61,"author":{"gitId":"jacqhal"},"content":"","lastModifiedDate":"2023-10-14"},{"lineNumber":62,"author":{"gitId":"jacqhal"},"content":"    public Task createToDo(String command) throws InvalidCommandException {","lastModifiedDate":"2023-10-29"},{"lineNumber":63,"author":{"gitId":"jacqhal"},"content":"        List\u003cString\u003e inputArrayList \u003d stringToArrayList(command);","lastModifiedDate":"2023-10-14"},{"lineNumber":64,"author":{"gitId":"jacqhal"},"content":"        List\u003cString\u003e descArrayList \u003d inputArrayList.subList(1, inputArrayList.size());","lastModifiedDate":"2023-10-14"},{"lineNumber":65,"author":{"gitId":"jacqhal"},"content":"","lastModifiedDate":"2023-10-14"},{"lineNumber":66,"author":{"gitId":"jacqhal"},"content":"        if (descArrayList.isEmpty()) {","lastModifiedDate":"2023-10-14"},{"lineNumber":67,"author":{"gitId":"jacqhal"},"content":"            throw new InvalidCommandException(\"Enter a description for your todo.\");","lastModifiedDate":"2023-10-14"},{"lineNumber":68,"author":{"gitId":"jacqhal"},"content":"        }","lastModifiedDate":"2023-10-14"},{"lineNumber":69,"author":{"gitId":"jacqhal"},"content":"","lastModifiedDate":"2023-10-14"},{"lineNumber":70,"author":{"gitId":"jacqhal"},"content":"        String desc \u003d String.join(\" \", descArrayList);","lastModifiedDate":"2023-10-14"},{"lineNumber":71,"author":{"gitId":"jacqhal"},"content":"","lastModifiedDate":"2023-10-14"},{"lineNumber":72,"author":{"gitId":"jacqhal"},"content":"        return TaskFactory.createTask(\"todo\", false, desc, null, null);","lastModifiedDate":"2023-10-29"},{"lineNumber":73,"author":{"gitId":"jacqhal"},"content":"    }","lastModifiedDate":"2023-10-14"},{"lineNumber":74,"author":{"gitId":"jacqhal"},"content":"","lastModifiedDate":"2023-10-14"},{"lineNumber":75,"author":{"gitId":"jacqhal"},"content":"    public Task createDeadline(String command) throws InvalidCommandException {","lastModifiedDate":"2023-10-29"},{"lineNumber":76,"author":{"gitId":"jacqhal"},"content":"        // Get \"desc\" and \"by\" from input","lastModifiedDate":"2023-10-14"},{"lineNumber":77,"author":{"gitId":"jacqhal"},"content":"        List\u003cString\u003e inputArrayList \u003d stringToArrayList(command);","lastModifiedDate":"2023-10-14"},{"lineNumber":78,"author":{"gitId":"jacqhal"},"content":"        int byMarker \u003d inputArrayList.indexOf(\"/by\");","lastModifiedDate":"2023-10-14"},{"lineNumber":79,"author":{"gitId":"jacqhal"},"content":"","lastModifiedDate":"2023-10-14"},{"lineNumber":80,"author":{"gitId":"jacqhal"},"content":"        if (inputArrayList.size() \u003d\u003d 1 || byMarker \u003d\u003d 1) {","lastModifiedDate":"2023-10-14"},{"lineNumber":81,"author":{"gitId":"jacqhal"},"content":"            throw new InvalidCommandException(\"Enter a description for your deadline\");","lastModifiedDate":"2023-10-14"},{"lineNumber":82,"author":{"gitId":"jacqhal"},"content":"        }","lastModifiedDate":"2023-10-14"},{"lineNumber":83,"author":{"gitId":"jacqhal"},"content":"        else if (byMarker \u003c 0 || byMarker+1 \u003d\u003d inputArrayList.size()) {","lastModifiedDate":"2023-10-14"},{"lineNumber":84,"author":{"gitId":"jacqhal"},"content":"            throw new InvalidCommandException(\"Enter the /by parameter for your deadline.\");","lastModifiedDate":"2023-10-14"},{"lineNumber":85,"author":{"gitId":"jacqhal"},"content":"        }","lastModifiedDate":"2023-10-14"},{"lineNumber":86,"author":{"gitId":"jacqhal"},"content":"","lastModifiedDate":"2023-10-14"},{"lineNumber":87,"author":{"gitId":"jacqhal"},"content":"        List\u003cString\u003e descArrayList \u003d inputArrayList.subList(1, byMarker);","lastModifiedDate":"2023-10-14"},{"lineNumber":88,"author":{"gitId":"jacqhal"},"content":"        String desc \u003d String.join(\" \", descArrayList);","lastModifiedDate":"2023-10-14"},{"lineNumber":89,"author":{"gitId":"jacqhal"},"content":"","lastModifiedDate":"2023-10-14"},{"lineNumber":90,"author":{"gitId":"jacqhal"},"content":"        List\u003cString\u003e byArrayList \u003d inputArrayList.subList(byMarker+1, inputArrayList.size());","lastModifiedDate":"2023-10-14"},{"lineNumber":91,"author":{"gitId":"jacqhal"},"content":"        String by \u003d String.join(\" \", byArrayList);","lastModifiedDate":"2023-10-14"},{"lineNumber":92,"author":{"gitId":"jacqhal"},"content":"","lastModifiedDate":"2023-10-14"},{"lineNumber":93,"author":{"gitId":"jacqhal"},"content":"        return TaskFactory.createTask(\"deadline\", false, desc, by, null);","lastModifiedDate":"2023-10-29"},{"lineNumber":94,"author":{"gitId":"jacqhal"},"content":"    }","lastModifiedDate":"2023-10-14"},{"lineNumber":95,"author":{"gitId":"jacqhal"},"content":"","lastModifiedDate":"2023-10-14"},{"lineNumber":96,"author":{"gitId":"jacqhal"},"content":"    public Task createEvent(String command) throws InvalidCommandException {","lastModifiedDate":"2023-10-29"},{"lineNumber":97,"author":{"gitId":"jacqhal"},"content":"        // TODO: currently only supports /from /to in that order.","lastModifiedDate":"2023-10-14"},{"lineNumber":98,"author":{"gitId":"jacqhal"},"content":"        // Get \"from\" and \"to\" from the input","lastModifiedDate":"2023-10-14"},{"lineNumber":99,"author":{"gitId":"jacqhal"},"content":"        List\u003cString\u003e inputArrayList \u003d stringToArrayList(command);","lastModifiedDate":"2023-10-14"},{"lineNumber":100,"author":{"gitId":"jacqhal"},"content":"        int fromMarker \u003d inputArrayList.indexOf(\"/from\");","lastModifiedDate":"2023-10-14"},{"lineNumber":101,"author":{"gitId":"jacqhal"},"content":"        int toMarker \u003d inputArrayList.indexOf(\"/to\");","lastModifiedDate":"2023-10-14"},{"lineNumber":102,"author":{"gitId":"jacqhal"},"content":"","lastModifiedDate":"2023-10-14"},{"lineNumber":103,"author":{"gitId":"jacqhal"},"content":"        if (inputArrayList.size() \u003d\u003d 1 || fromMarker \u003d\u003d 1) {","lastModifiedDate":"2023-10-14"},{"lineNumber":104,"author":{"gitId":"jacqhal"},"content":"            throw new InvalidCommandException(\"Enter a description for your event.\");","lastModifiedDate":"2023-10-14"},{"lineNumber":105,"author":{"gitId":"jacqhal"},"content":"        }","lastModifiedDate":"2023-10-14"},{"lineNumber":106,"author":{"gitId":"jacqhal"},"content":"        else if (fromMarker \u003c 0 || fromMarker+1 \u003d\u003d toMarker) {","lastModifiedDate":"2023-10-14"},{"lineNumber":107,"author":{"gitId":"jacqhal"},"content":"            throw new InvalidCommandException(\"Enter the /from parameter for your event.\");","lastModifiedDate":"2023-10-14"},{"lineNumber":108,"author":{"gitId":"jacqhal"},"content":"        }","lastModifiedDate":"2023-10-14"},{"lineNumber":109,"author":{"gitId":"jacqhal"},"content":"        else if (toMarker \u003c 0 || toMarker+1 \u003d\u003d inputArrayList.size()) {","lastModifiedDate":"2023-10-14"},{"lineNumber":110,"author":{"gitId":"jacqhal"},"content":"            throw new InvalidCommandException(\"Enter the /to parameter for your event.\");","lastModifiedDate":"2023-10-14"},{"lineNumber":111,"author":{"gitId":"jacqhal"},"content":"        }","lastModifiedDate":"2023-10-14"},{"lineNumber":112,"author":{"gitId":"jacqhal"},"content":"","lastModifiedDate":"2023-10-14"},{"lineNumber":113,"author":{"gitId":"jacqhal"},"content":"        List\u003cString\u003e descArrayList \u003d inputArrayList.subList(1, fromMarker);","lastModifiedDate":"2023-10-14"},{"lineNumber":114,"author":{"gitId":"jacqhal"},"content":"        String desc \u003d String.join(\" \", descArrayList);","lastModifiedDate":"2023-10-14"},{"lineNumber":115,"author":{"gitId":"jacqhal"},"content":"","lastModifiedDate":"2023-10-14"},{"lineNumber":116,"author":{"gitId":"jacqhal"},"content":"        List\u003cString\u003e fromArrayList \u003d inputArrayList.subList(fromMarker + 1, toMarker);","lastModifiedDate":"2023-10-14"},{"lineNumber":117,"author":{"gitId":"jacqhal"},"content":"        String from \u003d String.join(\" \", fromArrayList);","lastModifiedDate":"2023-10-14"},{"lineNumber":118,"author":{"gitId":"jacqhal"},"content":"","lastModifiedDate":"2023-10-14"},{"lineNumber":119,"author":{"gitId":"jacqhal"},"content":"        List\u003cString\u003e toArrayList \u003d inputArrayList.subList(toMarker + 1, inputArrayList.size());","lastModifiedDate":"2023-10-14"},{"lineNumber":120,"author":{"gitId":"jacqhal"},"content":"        String to \u003d String.join(\" \", toArrayList);","lastModifiedDate":"2023-10-14"},{"lineNumber":121,"author":{"gitId":"jacqhal"},"content":"","lastModifiedDate":"2023-10-14"},{"lineNumber":122,"author":{"gitId":"jacqhal"},"content":"        return TaskFactory.createTask(\"event\", false, desc, from, to);","lastModifiedDate":"2023-10-29"},{"lineNumber":123,"author":{"gitId":"jacqhal"},"content":"    }","lastModifiedDate":"2023-10-14"},{"lineNumber":124,"author":{"gitId":"jacqhal"},"content":"","lastModifiedDate":"2023-10-14"},{"lineNumber":125,"author":{"gitId":"jacqhal"},"content":"    private static ArrayList\u003cString\u003e stringToArrayList(String str) {","lastModifiedDate":"2023-10-29"},{"lineNumber":126,"author":{"gitId":"jacqhal"},"content":"        String[] strArray \u003d str.split(\"\\\\s+\"); // Split on any number of whitespaces","lastModifiedDate":"2023-10-14"},{"lineNumber":127,"author":{"gitId":"jacqhal"},"content":"        List\u003cString\u003e strList \u003d new ArrayList\u003c\u003e(Arrays.asList(strArray));","lastModifiedDate":"2023-10-14"},{"lineNumber":128,"author":{"gitId":"jacqhal"},"content":"        return new ArrayList\u003c\u003e(strList);","lastModifiedDate":"2023-10-14"},{"lineNumber":129,"author":{"gitId":"jacqhal"},"content":"    }","lastModifiedDate":"2023-10-14"},{"lineNumber":130,"author":{"gitId":"jacqhal"},"content":"}","lastModifiedDate":"2023-10-14"}],"authorContributionMap":{"jacqhal":130}},{"path":"src/main/java/wargames/JoshuaUi.java","fileType":"java","lines":[{"lineNumber":1,"author":{"gitId":"jacqhal"},"content":"// JoshuaUi.java handles chatbot-related logic","lastModifiedDate":"2023-10-21"},{"lineNumber":2,"author":{"gitId":"jacqhal"},"content":"","lastModifiedDate":"2023-09-12"},{"lineNumber":3,"author":{"gitId":"jacqhal"},"content":"package wargames;","lastModifiedDate":"2023-09-12"},{"lineNumber":4,"author":{"gitId":"jacqhal"},"content":"","lastModifiedDate":"2023-09-12"},{"lineNumber":5,"author":{"gitId":"jacqhal"},"content":"public class JoshuaUi {","lastModifiedDate":"2023-10-21"},{"lineNumber":6,"author":{"gitId":"jacqhal"},"content":"","lastModifiedDate":"2023-09-12"},{"lineNumber":7,"author":{"gitId":"jacqhal"},"content":"    public JoshuaUi(){","lastModifiedDate":"2023-10-21"},{"lineNumber":8,"author":{"gitId":"jacqhal"},"content":"","lastModifiedDate":"2023-09-12"},{"lineNumber":9,"author":{"gitId":"jacqhal"},"content":"    }","lastModifiedDate":"2023-09-12"},{"lineNumber":10,"author":{"gitId":"jacqhal"},"content":"","lastModifiedDate":"2023-09-12"},{"lineNumber":11,"author":{"gitId":"jacqhal"},"content":"    public static void joshuaSays(String str) {","lastModifiedDate":"2023-09-12"},{"lineNumber":12,"author":{"gitId":"jacqhal"},"content":"        str \u003d str.toUpperCase();","lastModifiedDate":"2023-09-12"},{"lineNumber":13,"author":{"gitId":"jacqhal"},"content":"        System.out.println(str + \"\\n\");","lastModifiedDate":"2023-09-12"},{"lineNumber":14,"author":{"gitId":"jacqhal"},"content":"    }","lastModifiedDate":"2023-09-12"},{"lineNumber":15,"author":{"gitId":"jacqhal"},"content":"","lastModifiedDate":"2023-09-12"},{"lineNumber":16,"author":{"gitId":"jacqhal"},"content":"    public static void printGreetings() {","lastModifiedDate":"2023-09-12"},{"lineNumber":17,"author":{"gitId":"jacqhal"},"content":"        joshuaSays(\"GREETINGS PROFESSOR FALKEN.\\n\\n\"","lastModifiedDate":"2023-09-12"},{"lineNumber":18,"author":{"gitId":"jacqhal"},"content":"                     + \"SHALL WE PLAY A GAME?\");","lastModifiedDate":"2023-09-12"},{"lineNumber":19,"author":{"gitId":"jacqhal"},"content":"    }","lastModifiedDate":"2023-09-12"},{"lineNumber":20,"author":{"gitId":"jacqhal"},"content":"","lastModifiedDate":"2023-09-12"},{"lineNumber":21,"author":{"gitId":"jacqhal"},"content":"    public static void printExitMessage() {","lastModifiedDate":"2023-10-29"},{"lineNumber":22,"author":{"gitId":"jacqhal"},"content":"        joshuaSays(\"GOODBYE.\");","lastModifiedDate":"2023-10-29"},{"lineNumber":23,"author":{"gitId":"jacqhal"},"content":"    }","lastModifiedDate":"2023-10-29"},{"lineNumber":24,"author":{"gitId":"jacqhal"},"content":"","lastModifiedDate":"2023-10-29"},{"lineNumber":25,"author":{"gitId":"jacqhal"},"content":"    public static void printSaveMessage() {","lastModifiedDate":"2023-10-29"},{"lineNumber":26,"author":{"gitId":"jacqhal"},"content":"        joshuaSays(\"SAVING TASK LIST IN JOSHUA.TXT...\");","lastModifiedDate":"2023-10-29"},{"lineNumber":27,"author":{"gitId":"jacqhal"},"content":"    }","lastModifiedDate":"2023-10-29"},{"lineNumber":28,"author":{"gitId":"jacqhal"},"content":"","lastModifiedDate":"2023-10-29"},{"lineNumber":29,"author":{"gitId":"jacqhal"},"content":"    public static void printLoadingError() {","lastModifiedDate":"2023-10-29"},{"lineNumber":30,"author":{"gitId":"jacqhal"},"content":"        joshuaSays(\"UNABLE TO LOAD TASK LIST FROM STORAGE.\");","lastModifiedDate":"2023-10-29"},{"lineNumber":31,"author":{"gitId":"jacqhal"},"content":"        joshuaSays(\"I HAVE CREATED AN EMPTY TASK LIST FOR YOU INSTEAD, PROFESSOR FALKEN.\");","lastModifiedDate":"2023-10-29"},{"lineNumber":32,"author":{"gitId":"jacqhal"},"content":"    }","lastModifiedDate":"2023-10-29"},{"lineNumber":33,"author":{"gitId":"jacqhal"},"content":"","lastModifiedDate":"2023-10-29"},{"lineNumber":34,"author":{"gitId":"jacqhal"},"content":"}","lastModifiedDate":"2023-09-12"}],"authorContributionMap":{"jacqhal":34}},{"path":"src/main/java/wargames/TaskList.java","fileType":"java","lines":[{"lineNumber":1,"author":{"gitId":"jacqhal"},"content":"// MyList.java manages the list of tasks","lastModifiedDate":"2023-09-12"},{"lineNumber":2,"author":{"gitId":"jacqhal"},"content":"","lastModifiedDate":"2023-09-12"},{"lineNumber":3,"author":{"gitId":"jacqhal"},"content":"package wargames;","lastModifiedDate":"2023-09-08"},{"lineNumber":4,"author":{"gitId":"jacqhal"},"content":"import task.Task;","lastModifiedDate":"2023-10-29"},{"lineNumber":5,"author":{"gitId":"jacqhal"},"content":"","lastModifiedDate":"2023-10-29"},{"lineNumber":6,"author":{"gitId":"jacqhal"},"content":"import java.util.ArrayList;","lastModifiedDate":"2023-10-08"},{"lineNumber":7,"author":{"gitId":"jacqhal"},"content":"import java.util.Arrays;","lastModifiedDate":"2023-09-08"},{"lineNumber":8,"author":{"gitId":"jacqhal"},"content":"","lastModifiedDate":"2023-09-08"},{"lineNumber":9,"author":{"gitId":"jacqhal"},"content":"public class TaskList {","lastModifiedDate":"2023-10-18"},{"lineNumber":10,"author":{"gitId":"jacqhal"},"content":"    private ArrayList\u003cTask\u003e tasklist \u003d new ArrayList\u003c\u003e();","lastModifiedDate":"2023-10-08"},{"lineNumber":11,"author":{"gitId":"jacqhal"},"content":"","lastModifiedDate":"2023-09-08"},{"lineNumber":12,"author":{"gitId":"jacqhal"},"content":"    public TaskList(){","lastModifiedDate":"2023-10-18"},{"lineNumber":13,"author":{"gitId":"jacqhal"},"content":"","lastModifiedDate":"2023-09-08"},{"lineNumber":14,"author":{"gitId":"jacqhal"},"content":"    }","lastModifiedDate":"2023-09-08"},{"lineNumber":15,"author":{"gitId":"jacqhal"},"content":"","lastModifiedDate":"2023-09-08"},{"lineNumber":16,"author":{"gitId":"jacqhal"},"content":"    public Task getItem(int index){","lastModifiedDate":"2023-09-13"},{"lineNumber":17,"author":{"gitId":"jacqhal"},"content":"        return tasklist.get(index);","lastModifiedDate":"2023-10-08"},{"lineNumber":18,"author":{"gitId":"jacqhal"},"content":"    }","lastModifiedDate":"2023-09-13"},{"lineNumber":19,"author":{"gitId":"jacqhal"},"content":"","lastModifiedDate":"2023-09-13"},{"lineNumber":20,"author":{"gitId":"jacqhal"},"content":"    public int listSize() {","lastModifiedDate":"2023-10-18"},{"lineNumber":21,"author":{"gitId":"jacqhal"},"content":"        return tasklist.size();","lastModifiedDate":"2023-10-18"},{"lineNumber":22,"author":{"gitId":"jacqhal"},"content":"    }","lastModifiedDate":"2023-09-08"},{"lineNumber":23,"author":{"gitId":"jacqhal"},"content":"","lastModifiedDate":"2023-09-12"},{"lineNumber":24,"author":{"gitId":"jacqhal"},"content":"    public void markTaskAsDone(int taskNum){","lastModifiedDate":"2023-10-14"},{"lineNumber":25,"author":{"gitId":"jacqhal"},"content":"        int taskIdx \u003d taskNum - 1;","lastModifiedDate":"2023-10-14"},{"lineNumber":26,"author":{"gitId":"jacqhal"},"content":"        try {","lastModifiedDate":"2023-10-14"},{"lineNumber":27,"author":{"gitId":"jacqhal"},"content":"            Task task \u003d getItem(taskIdx);","lastModifiedDate":"2023-10-14"},{"lineNumber":28,"author":{"gitId":"jacqhal"},"content":"            task.setIsDone(true);","lastModifiedDate":"2023-10-14"},{"lineNumber":29,"author":{"gitId":"jacqhal"},"content":"            JoshuaUi.joshuaSays(\"Marked task: \" + task);","lastModifiedDate":"2023-10-21"},{"lineNumber":30,"author":{"gitId":"jacqhal"},"content":"        } catch (IndexOutOfBoundsException e) {","lastModifiedDate":"2023-10-14"},{"lineNumber":31,"author":{"gitId":"jacqhal"},"content":"            JoshuaUi.joshuaSays(\"Enter a number from the task list.\");","lastModifiedDate":"2023-10-21"},{"lineNumber":32,"author":{"gitId":"jacqhal"},"content":"        }","lastModifiedDate":"2023-10-14"},{"lineNumber":33,"author":{"gitId":"jacqhal"},"content":"    }","lastModifiedDate":"2023-10-14"},{"lineNumber":34,"author":{"gitId":"jacqhal"},"content":"","lastModifiedDate":"2023-10-14"},{"lineNumber":35,"author":{"gitId":"jacqhal"},"content":"    public void markTaskAsNotDone(int taskNum){","lastModifiedDate":"2023-10-14"},{"lineNumber":36,"author":{"gitId":"jacqhal"},"content":"        int taskIdx \u003d taskNum - 1;","lastModifiedDate":"2023-10-14"},{"lineNumber":37,"author":{"gitId":"jacqhal"},"content":"        try {","lastModifiedDate":"2023-10-14"},{"lineNumber":38,"author":{"gitId":"jacqhal"},"content":"            Task task \u003d getItem(taskIdx);","lastModifiedDate":"2023-10-14"},{"lineNumber":39,"author":{"gitId":"jacqhal"},"content":"            task.setIsDone(false);","lastModifiedDate":"2023-10-14"},{"lineNumber":40,"author":{"gitId":"jacqhal"},"content":"            JoshuaUi.joshuaSays(\"Unmarked task: \" + task);","lastModifiedDate":"2023-10-21"},{"lineNumber":41,"author":{"gitId":"jacqhal"},"content":"        } catch (IndexOutOfBoundsException e) {","lastModifiedDate":"2023-10-14"},{"lineNumber":42,"author":{"gitId":"jacqhal"},"content":"            JoshuaUi.joshuaSays(\"Enter a number from the task list.\");","lastModifiedDate":"2023-10-21"},{"lineNumber":43,"author":{"gitId":"jacqhal"},"content":"        }","lastModifiedDate":"2023-10-14"},{"lineNumber":44,"author":{"gitId":"jacqhal"},"content":"    }","lastModifiedDate":"2023-10-14"},{"lineNumber":45,"author":{"gitId":"jacqhal"},"content":"","lastModifiedDate":"2023-10-14"},{"lineNumber":46,"author":{"gitId":"jacqhal"},"content":"    public void addToTaskList(Task task) {","lastModifiedDate":"2023-10-14"},{"lineNumber":47,"author":{"gitId":"jacqhal"},"content":"        tasklist.add(task);","lastModifiedDate":"2023-10-14"},{"lineNumber":48,"author":{"gitId":"jacqhal"},"content":"    }","lastModifiedDate":"2023-10-14"},{"lineNumber":49,"author":{"gitId":"jacqhal"},"content":"","lastModifiedDate":"2023-10-14"},{"lineNumber":50,"author":{"gitId":"jacqhal"},"content":"    public void addToTaskList(Task[] arr){","lastModifiedDate":"2023-10-18"},{"lineNumber":51,"author":{"gitId":"jacqhal"},"content":"        tasklist.addAll(Arrays.asList(arr));","lastModifiedDate":"2023-10-14"},{"lineNumber":52,"author":{"gitId":"jacqhal"},"content":"    }","lastModifiedDate":"2023-10-14"},{"lineNumber":53,"author":{"gitId":"jacqhal"},"content":"","lastModifiedDate":"2023-10-14"},{"lineNumber":54,"author":{"gitId":"jacqhal"},"content":"    public void deleteFromTaskList(Task task) {","lastModifiedDate":"2023-10-18"},{"lineNumber":55,"author":{"gitId":"jacqhal"},"content":"        tasklist.remove(task);","lastModifiedDate":"2023-10-18"},{"lineNumber":56,"author":{"gitId":"jacqhal"},"content":"    }","lastModifiedDate":"2023-10-18"},{"lineNumber":57,"author":{"gitId":"jacqhal"},"content":"","lastModifiedDate":"2023-10-18"},{"lineNumber":58,"author":{"gitId":"jacqhal"},"content":"    @Override","lastModifiedDate":"2023-09-12"},{"lineNumber":59,"author":{"gitId":"jacqhal"},"content":"    public String toString() {","lastModifiedDate":"2023-09-12"},{"lineNumber":60,"author":{"gitId":"jacqhal"},"content":"        StringBuilder str \u003d new StringBuilder();","lastModifiedDate":"2023-09-13"},{"lineNumber":61,"author":{"gitId":"jacqhal"},"content":"        for (int i \u003d 0; i \u003c tasklist.size(); i++) {","lastModifiedDate":"2023-10-08"},{"lineNumber":62,"author":{"gitId":"jacqhal"},"content":"            int count \u003d i + 1;","lastModifiedDate":"2023-09-12"},{"lineNumber":63,"author":{"gitId":"jacqhal"},"content":"            str.append(count).append(\". \").append(tasklist.get(i)).append(\"\\n\");","lastModifiedDate":"2023-10-08"},{"lineNumber":64,"author":{"gitId":"jacqhal"},"content":"        }","lastModifiedDate":"2023-09-12"},{"lineNumber":65,"author":{"gitId":"jacqhal"},"content":"        return str.toString();","lastModifiedDate":"2023-09-13"},{"lineNumber":66,"author":{"gitId":"jacqhal"},"content":"    }","lastModifiedDate":"2023-09-12"},{"lineNumber":67,"author":{"gitId":"jacqhal"},"content":"}","lastModifiedDate":"2023-09-08"}],"authorContributionMap":{"jacqhal":67}},{"path":"text-ui-test/input.txt","fileType":"txt","lines":[{"lineNumber":1,"author":{"gitId":"jacqhal"},"content":"event hi","lastModifiedDate":"2023-10-18"},{"lineNumber":2,"author":{"gitId":"jacqhal"},"content":"event /from me /to you","lastModifiedDate":"2023-10-18"},{"lineNumber":3,"author":{"gitId":"jacqhal"},"content":"event hi /from /to you","lastModifiedDate":"2023-10-18"},{"lineNumber":4,"author":{"gitId":"jacqhal"},"content":"event hi /from me /to","lastModifiedDate":"2023-10-18"},{"lineNumber":5,"author":{"gitId":"jacqhal"},"content":"event hi /from me /to you","lastModifiedDate":"2023-10-18"}],"authorContributionMap":{"jacqhal":5}},{"path":"text-ui-test/runtest.sh","fileType":"sh","lines":[{"lineNumber":1,"author":{"gitId":"-"},"content":"#!/usr/bin/env bash","lastModifiedDate":"2020-05-25"},{"lineNumber":2,"author":{"gitId":"-"},"content":"","lastModifiedDate":"2020-05-25"},{"lineNumber":3,"author":{"gitId":"-"},"content":"# create bin directory if it doesn\u0027t exist","lastModifiedDate":"2020-05-25"},{"lineNumber":4,"author":{"gitId":"-"},"content":"if [ ! -d \"../bin\" ]","lastModifiedDate":"2020-05-25"},{"lineNumber":5,"author":{"gitId":"-"},"content":"then","lastModifiedDate":"2020-05-25"},{"lineNumber":6,"author":{"gitId":"-"},"content":"    mkdir ../bin","lastModifiedDate":"2020-05-25"},{"lineNumber":7,"author":{"gitId":"-"},"content":"fi","lastModifiedDate":"2020-05-25"},{"lineNumber":8,"author":{"gitId":"-"},"content":"","lastModifiedDate":"2020-05-25"},{"lineNumber":9,"author":{"gitId":"-"},"content":"# delete output from previous run","lastModifiedDate":"2020-05-25"},{"lineNumber":10,"author":{"gitId":"-"},"content":"if [ -e \"./ACTUAL.TXT\" ]","lastModifiedDate":"2020-05-25"},{"lineNumber":11,"author":{"gitId":"-"},"content":"then","lastModifiedDate":"2020-05-25"},{"lineNumber":12,"author":{"gitId":"-"},"content":"    rm ACTUAL.TXT","lastModifiedDate":"2020-05-25"},{"lineNumber":13,"author":{"gitId":"-"},"content":"fi","lastModifiedDate":"2020-05-25"},{"lineNumber":14,"author":{"gitId":"-"},"content":"","lastModifiedDate":"2020-05-25"},{"lineNumber":15,"author":{"gitId":"-"},"content":"# compile the code into the bin folder, terminates if error occurred","lastModifiedDate":"2020-05-25"},{"lineNumber":16,"author":{"gitId":"jacqhal"},"content":"if ! javac -cp ../src/main/java/wargames -Xlint:none -d ../bin ../src/main/java/wargames/*.java","lastModifiedDate":"2023-10-18"},{"lineNumber":17,"author":{"gitId":"-"},"content":"then","lastModifiedDate":"2020-05-25"},{"lineNumber":18,"author":{"gitId":"-"},"content":"    echo \"********** BUILD FAILURE **********\"","lastModifiedDate":"2020-05-25"},{"lineNumber":19,"author":{"gitId":"-"},"content":"    exit 1","lastModifiedDate":"2020-05-25"},{"lineNumber":20,"author":{"gitId":"-"},"content":"fi","lastModifiedDate":"2020-05-25"},{"lineNumber":21,"author":{"gitId":"-"},"content":"","lastModifiedDate":"2020-05-25"},{"lineNumber":22,"author":{"gitId":"-"},"content":"# run the program, feed commands from input.txt file and redirect the output to the ACTUAL.TXT","lastModifiedDate":"2020-05-25"},{"lineNumber":23,"author":{"gitId":"-"},"content":"java -classpath ../bin Duke \u003c input.txt \u003e ACTUAL.TXT","lastModifiedDate":"2020-05-25"},{"lineNumber":24,"author":{"gitId":"-"},"content":"","lastModifiedDate":"2020-05-25"},{"lineNumber":25,"author":{"gitId":"-"},"content":"# convert to UNIX format","lastModifiedDate":"2020-05-25"},{"lineNumber":26,"author":{"gitId":"-"},"content":"cp EXPECTED.TXT EXPECTED-UNIX.TXT","lastModifiedDate":"2020-05-25"},{"lineNumber":27,"author":{"gitId":"-"},"content":"dos2unix ACTUAL.TXT EXPECTED-UNIX.TXT","lastModifiedDate":"2020-05-25"},{"lineNumber":28,"author":{"gitId":"-"},"content":"","lastModifiedDate":"2020-05-25"},{"lineNumber":29,"author":{"gitId":"-"},"content":"# compare the output to the expected output","lastModifiedDate":"2020-05-25"},{"lineNumber":30,"author":{"gitId":"-"},"content":"diff ACTUAL.TXT EXPECTED-UNIX.TXT","lastModifiedDate":"2020-05-25"},{"lineNumber":31,"author":{"gitId":"-"},"content":"if [ $? -eq 0 ]","lastModifiedDate":"2020-05-25"},{"lineNumber":32,"author":{"gitId":"-"},"content":"then","lastModifiedDate":"2020-05-25"},{"lineNumber":33,"author":{"gitId":"-"},"content":"    echo \"Test result: PASSED\"","lastModifiedDate":"2020-05-25"},{"lineNumber":34,"author":{"gitId":"-"},"content":"    exit 0","lastModifiedDate":"2020-05-25"},{"lineNumber":35,"author":{"gitId":"-"},"content":"else","lastModifiedDate":"2020-05-25"},{"lineNumber":36,"author":{"gitId":"-"},"content":"    echo \"Test result: FAILED\"","lastModifiedDate":"2020-05-25"},{"lineNumber":37,"author":{"gitId":"-"},"content":"    exit 1","lastModifiedDate":"2020-05-25"},{"lineNumber":38,"author":{"gitId":"-"},"content":"fi","lastModifiedDate":"2020-05-25"}],"authorContributionMap":{"jacqhal":1,"-":37}}]
