[{"path":"src/main/java/wargames/Deadline.java","fileType":"java","lines":[{"lineNumber":1,"author":{"gitId":"jacqhal"},"content":"package wargames;","lastModifiedDate":"2023-10-08"},{"lineNumber":2,"author":{"gitId":"jacqhal"},"content":"","lastModifiedDate":"2023-10-08"},{"lineNumber":3,"author":{"gitId":"jacqhal"},"content":"public class Deadline extends Task{","lastModifiedDate":"2023-10-08"},{"lineNumber":4,"author":{"gitId":"jacqhal"},"content":"    private String by;","lastModifiedDate":"2023-10-08"},{"lineNumber":5,"author":{"gitId":"jacqhal"},"content":"","lastModifiedDate":"2023-10-08"},{"lineNumber":6,"author":{"gitId":"jacqhal"},"content":"    public Deadline(String desc, String by) {","lastModifiedDate":"2023-10-08"},{"lineNumber":7,"author":{"gitId":"jacqhal"},"content":"        super(desc);","lastModifiedDate":"2023-10-08"},{"lineNumber":8,"author":{"gitId":"jacqhal"},"content":"        this.by \u003d by;","lastModifiedDate":"2023-10-08"},{"lineNumber":9,"author":{"gitId":"jacqhal"},"content":"    }","lastModifiedDate":"2023-10-08"},{"lineNumber":10,"author":{"gitId":"jacqhal"},"content":"","lastModifiedDate":"2023-10-08"},{"lineNumber":11,"author":{"gitId":"jacqhal"},"content":"    @Override","lastModifiedDate":"2023-10-08"},{"lineNumber":12,"author":{"gitId":"jacqhal"},"content":"    public String toString() {","lastModifiedDate":"2023-10-08"},{"lineNumber":13,"author":{"gitId":"jacqhal"},"content":"        return \"[D] \" + super.toString() + \" (by: \" + by + \")\";","lastModifiedDate":"2023-10-08"},{"lineNumber":14,"author":{"gitId":"jacqhal"},"content":"    }","lastModifiedDate":"2023-10-08"},{"lineNumber":15,"author":{"gitId":"jacqhal"},"content":"}","lastModifiedDate":"2023-10-08"}],"authorContributionMap":{"jacqhal":15}},{"path":"src/main/java/wargames/Duke.java","fileType":"java","lines":[{"lineNumber":1,"author":{"gitId":"jacqhal"},"content":"package wargames;","lastModifiedDate":"2023-09-12"},{"lineNumber":2,"author":{"gitId":"jacqhal"},"content":"import java.util.ArrayList;","lastModifiedDate":"2023-10-08"},{"lineNumber":3,"author":{"gitId":"jacqhal"},"content":"import java.util.Arrays;","lastModifiedDate":"2023-10-08"},{"lineNumber":4,"author":{"gitId":"jacqhal"},"content":"import java.util.List;","lastModifiedDate":"2023-10-08"},{"lineNumber":5,"author":{"gitId":"jacqhal"},"content":"import java.util.Scanner;","lastModifiedDate":"2023-09-08"},{"lineNumber":6,"author":{"gitId":"jacqhal"},"content":"","lastModifiedDate":"2023-09-08"},{"lineNumber":7,"author":{"gitId":"-"},"content":"public class Duke {","lastModifiedDate":"2019-07-29"},{"lineNumber":8,"author":{"gitId":"-"},"content":"    public static void main(String[] args) {","lastModifiedDate":"2019-07-29"},{"lineNumber":9,"author":{"gitId":"jacqhal"},"content":"        Joshua.printGreetings();","lastModifiedDate":"2023-09-12"},{"lineNumber":10,"author":{"gitId":"jacqhal"},"content":"","lastModifiedDate":"2023-09-08"},{"lineNumber":11,"author":{"gitId":"jacqhal"},"content":"        String input;","lastModifiedDate":"2023-09-08"},{"lineNumber":12,"author":{"gitId":"jacqhal"},"content":"        Scanner in \u003d new Scanner(System.in);","lastModifiedDate":"2023-09-13"},{"lineNumber":13,"author":{"gitId":"jacqhal"},"content":"        JoshuaParser JParser \u003d new JoshuaParser();","lastModifiedDate":"2023-10-14"},{"lineNumber":14,"author":{"gitId":"jacqhal"},"content":"        MyList myList \u003d new MyList();","lastModifiedDate":"2023-10-14"},{"lineNumber":15,"author":{"gitId":"jacqhal"},"content":"","lastModifiedDate":"2023-09-12"},{"lineNumber":16,"author":{"gitId":"jacqhal"},"content":"        do {","lastModifiedDate":"2023-09-08"},{"lineNumber":17,"author":{"gitId":"jacqhal"},"content":"            System.out.print(\"\u003e\u003e \");","lastModifiedDate":"2023-09-08"},{"lineNumber":18,"author":{"gitId":"jacqhal"},"content":"            input \u003d in.nextLine();","lastModifiedDate":"2023-09-13"},{"lineNumber":19,"author":{"gitId":"jacqhal"},"content":"            input \u003d input.toLowerCase();","lastModifiedDate":"2023-09-13"},{"lineNumber":20,"author":{"gitId":"jacqhal"},"content":"","lastModifiedDate":"2023-09-12"},{"lineNumber":21,"author":{"gitId":"jacqhal"},"content":"            if (JParser.isByeCommand(input)) {","lastModifiedDate":"2023-10-14"},{"lineNumber":22,"author":{"gitId":"jacqhal"},"content":"","lastModifiedDate":"2023-09-13"},{"lineNumber":23,"author":{"gitId":"jacqhal"},"content":"            }","lastModifiedDate":"2023-09-13"},{"lineNumber":24,"author":{"gitId":"jacqhal"},"content":"            else if (JParser.isListCommand(input)) {","lastModifiedDate":"2023-10-14"},{"lineNumber":25,"author":{"gitId":"jacqhal"},"content":"                Joshua.joshuaSays(\"Here is your current list:\");","lastModifiedDate":"2023-10-14"},{"lineNumber":26,"author":{"gitId":"jacqhal"},"content":"                Joshua.joshuaSays(myList.toString());","lastModifiedDate":"2023-10-14"},{"lineNumber":27,"author":{"gitId":"jacqhal"},"content":"            }","lastModifiedDate":"2023-09-12"},{"lineNumber":28,"author":{"gitId":"jacqhal"},"content":"            else if (JParser.isMarkCommand(input)) {","lastModifiedDate":"2023-10-14"},{"lineNumber":29,"author":{"gitId":"jacqhal"},"content":"                int taskNum \u003d JParser.parseTaskNum(input);","lastModifiedDate":"2023-10-14"},{"lineNumber":30,"author":{"gitId":"jacqhal"},"content":"                myList.markTaskAsDone(taskNum);","lastModifiedDate":"2023-10-14"},{"lineNumber":31,"author":{"gitId":"jacqhal"},"content":"            }","lastModifiedDate":"2023-10-14"},{"lineNumber":32,"author":{"gitId":"jacqhal"},"content":"            else if (JParser.isUnmarkCommand(input)) {","lastModifiedDate":"2023-10-14"},{"lineNumber":33,"author":{"gitId":"jacqhal"},"content":"                int taskNum \u003d JParser.parseTaskNum(input);","lastModifiedDate":"2023-10-14"},{"lineNumber":34,"author":{"gitId":"jacqhal"},"content":"                myList.markTaskAsNotDone(taskNum);","lastModifiedDate":"2023-10-14"},{"lineNumber":35,"author":{"gitId":"jacqhal"},"content":"            }","lastModifiedDate":"2023-10-14"},{"lineNumber":36,"author":{"gitId":"jacqhal"},"content":"            else if (JParser.isToDoCommand(input)) {","lastModifiedDate":"2023-10-14"},{"lineNumber":37,"author":{"gitId":"jacqhal"},"content":"                try {","lastModifiedDate":"2023-09-13"},{"lineNumber":38,"author":{"gitId":"jacqhal"},"content":"                    Task todo \u003d JParser.createToDo(input);","lastModifiedDate":"2023-10-14"},{"lineNumber":39,"author":{"gitId":"jacqhal"},"content":"                    myList.addToTaskList(todo);","lastModifiedDate":"2023-10-14"},{"lineNumber":40,"author":{"gitId":"jacqhal"},"content":"                    Joshua.joshuaSays(\"ADDED TASK: \" + todo);","lastModifiedDate":"2023-10-14"},{"lineNumber":41,"author":{"gitId":"jacqhal"},"content":"                }","lastModifiedDate":"2023-10-14"},{"lineNumber":42,"author":{"gitId":"jacqhal"},"content":"                catch (InvalidCommandException e) {","lastModifiedDate":"2023-10-14"},{"lineNumber":43,"author":{"gitId":"jacqhal"},"content":"                    Joshua.joshuaSays(e.getMessage());","lastModifiedDate":"2023-10-14"},{"lineNumber":44,"author":{"gitId":"jacqhal"},"content":"                }","lastModifiedDate":"2023-09-13"},{"lineNumber":45,"author":{"gitId":"jacqhal"},"content":"            }","lastModifiedDate":"2023-09-13"},{"lineNumber":46,"author":{"gitId":"jacqhal"},"content":"            else if (JParser.isDeadlineCommand(input)) {","lastModifiedDate":"2023-10-14"},{"lineNumber":47,"author":{"gitId":"jacqhal"},"content":"                try {","lastModifiedDate":"2023-09-13"},{"lineNumber":48,"author":{"gitId":"jacqhal"},"content":"                    Task deadline \u003d JParser.createDeadline(input);","lastModifiedDate":"2023-10-14"},{"lineNumber":49,"author":{"gitId":"jacqhal"},"content":"                    myList.addToTaskList(deadline);","lastModifiedDate":"2023-10-14"},{"lineNumber":50,"author":{"gitId":"jacqhal"},"content":"                    Joshua.joshuaSays(\"ADDED TASK: \" + deadline);","lastModifiedDate":"2023-10-14"},{"lineNumber":51,"author":{"gitId":"jacqhal"},"content":"                }","lastModifiedDate":"2023-10-14"},{"lineNumber":52,"author":{"gitId":"jacqhal"},"content":"                catch (InvalidCommandException e) {","lastModifiedDate":"2023-10-14"},{"lineNumber":53,"author":{"gitId":"jacqhal"},"content":"                    Joshua.joshuaSays(e.getMessage());","lastModifiedDate":"2023-10-14"},{"lineNumber":54,"author":{"gitId":"jacqhal"},"content":"                }","lastModifiedDate":"2023-10-14"},{"lineNumber":55,"author":{"gitId":"jacqhal"},"content":"            }","lastModifiedDate":"2023-10-14"},{"lineNumber":56,"author":{"gitId":"jacqhal"},"content":"            else if (JParser.isEventCommand(input)) {","lastModifiedDate":"2023-10-14"},{"lineNumber":57,"author":{"gitId":"jacqhal"},"content":"                try {","lastModifiedDate":"2023-10-14"},{"lineNumber":58,"author":{"gitId":"jacqhal"},"content":"                    Task event \u003d JParser.createEvent(input);","lastModifiedDate":"2023-10-14"},{"lineNumber":59,"author":{"gitId":"jacqhal"},"content":"                    myList.addToTaskList(event);","lastModifiedDate":"2023-10-14"},{"lineNumber":60,"author":{"gitId":"jacqhal"},"content":"                    Joshua.joshuaSays(\"ADDED TASK: \" + event);","lastModifiedDate":"2023-10-14"},{"lineNumber":61,"author":{"gitId":"jacqhal"},"content":"                }","lastModifiedDate":"2023-10-14"},{"lineNumber":62,"author":{"gitId":"jacqhal"},"content":"                catch (InvalidCommandException e) {","lastModifiedDate":"2023-10-14"},{"lineNumber":63,"author":{"gitId":"jacqhal"},"content":"                    Joshua.joshuaSays(e.getMessage());","lastModifiedDate":"2023-10-14"},{"lineNumber":64,"author":{"gitId":"jacqhal"},"content":"                }","lastModifiedDate":"2023-10-14"},{"lineNumber":65,"author":{"gitId":"jacqhal"},"content":"            }","lastModifiedDate":"2023-10-08"},{"lineNumber":66,"author":{"gitId":"jacqhal"},"content":"            else {","lastModifiedDate":"2023-09-12"},{"lineNumber":67,"author":{"gitId":"jacqhal"},"content":"                Joshua.joshuaSays(\"Please be more articulate, Professor Falken.\");","lastModifiedDate":"2023-10-14"},{"lineNumber":68,"author":{"gitId":"jacqhal"},"content":"            }","lastModifiedDate":"2023-09-12"},{"lineNumber":69,"author":{"gitId":"jacqhal"},"content":"        } while (!input.equals(\"bye\"));","lastModifiedDate":"2023-09-08"},{"lineNumber":70,"author":{"gitId":"jacqhal"},"content":"","lastModifiedDate":"2023-09-08"},{"lineNumber":71,"author":{"gitId":"jacqhal"},"content":"        Joshua.joshuaSays(\"\\nGOODBYE.\");","lastModifiedDate":"2023-09-12"},{"lineNumber":72,"author":{"gitId":"jacqhal"},"content":"    }","lastModifiedDate":"2023-09-08"},{"lineNumber":73,"author":{"gitId":"jacqhal"},"content":"","lastModifiedDate":"2023-09-08"},{"lineNumber":74,"author":{"gitId":"jacqhal"},"content":"    public static int parseTaskNumber(String input, int beginIndex) {","lastModifiedDate":"2023-09-13"},{"lineNumber":75,"author":{"gitId":"jacqhal"},"content":"        int taskNum \u003d -1;","lastModifiedDate":"2023-09-13"},{"lineNumber":76,"author":{"gitId":"jacqhal"},"content":"        try {","lastModifiedDate":"2023-09-13"},{"lineNumber":77,"author":{"gitId":"jacqhal"},"content":"            taskNum \u003d Integer.parseInt(input.substring(beginIndex));","lastModifiedDate":"2023-09-13"},{"lineNumber":78,"author":{"gitId":"jacqhal"},"content":"        } catch (NumberFormatException e) {","lastModifiedDate":"2023-09-13"},{"lineNumber":79,"author":{"gitId":"jacqhal"},"content":"            // Did not find a valid integer","lastModifiedDate":"2023-09-13"},{"lineNumber":80,"author":{"gitId":"jacqhal"},"content":"            Joshua.joshuaSays(\"Enter a valid task number.\");","lastModifiedDate":"2023-09-13"},{"lineNumber":81,"author":{"gitId":"jacqhal"},"content":"        }","lastModifiedDate":"2023-09-13"},{"lineNumber":82,"author":{"gitId":"jacqhal"},"content":"        return taskNum;","lastModifiedDate":"2023-09-13"},{"lineNumber":83,"author":{"gitId":"jacqhal"},"content":"    }","lastModifiedDate":"2023-09-08"},{"lineNumber":84,"author":{"gitId":"jacqhal"},"content":"","lastModifiedDate":"2023-09-08"},{"lineNumber":85,"author":{"gitId":"-"},"content":"}","lastModifiedDate":"2019-07-29"}],"authorContributionMap":{"jacqhal":82,"-":3}},{"path":"src/main/java/wargames/Event.java","fileType":"java","lines":[{"lineNumber":1,"author":{"gitId":"jacqhal"},"content":"package wargames;","lastModifiedDate":"2023-10-08"},{"lineNumber":2,"author":{"gitId":"jacqhal"},"content":"","lastModifiedDate":"2023-10-08"},{"lineNumber":3,"author":{"gitId":"jacqhal"},"content":"public class Event extends Task {","lastModifiedDate":"2023-10-08"},{"lineNumber":4,"author":{"gitId":"jacqhal"},"content":"    private String from;","lastModifiedDate":"2023-10-08"},{"lineNumber":5,"author":{"gitId":"jacqhal"},"content":"    private String to;","lastModifiedDate":"2023-10-08"},{"lineNumber":6,"author":{"gitId":"jacqhal"},"content":"","lastModifiedDate":"2023-10-08"},{"lineNumber":7,"author":{"gitId":"jacqhal"},"content":"    public Event(String desc, String from, String to) {","lastModifiedDate":"2023-10-08"},{"lineNumber":8,"author":{"gitId":"jacqhal"},"content":"        super(desc);","lastModifiedDate":"2023-10-08"},{"lineNumber":9,"author":{"gitId":"jacqhal"},"content":"        this.from \u003d from;","lastModifiedDate":"2023-10-08"},{"lineNumber":10,"author":{"gitId":"jacqhal"},"content":"        this.to \u003d to;","lastModifiedDate":"2023-10-08"},{"lineNumber":11,"author":{"gitId":"jacqhal"},"content":"    }","lastModifiedDate":"2023-10-08"},{"lineNumber":12,"author":{"gitId":"jacqhal"},"content":"","lastModifiedDate":"2023-10-08"},{"lineNumber":13,"author":{"gitId":"jacqhal"},"content":"    @Override","lastModifiedDate":"2023-10-08"},{"lineNumber":14,"author":{"gitId":"jacqhal"},"content":"    public String toString() {","lastModifiedDate":"2023-10-08"},{"lineNumber":15,"author":{"gitId":"jacqhal"},"content":"        return \"[E] \" + super.toString() + \" (from: \" + from + \", to: \" + to + \")\";","lastModifiedDate":"2023-10-08"},{"lineNumber":16,"author":{"gitId":"jacqhal"},"content":"    }","lastModifiedDate":"2023-10-08"},{"lineNumber":17,"author":{"gitId":"jacqhal"},"content":"}","lastModifiedDate":"2023-10-08"}],"authorContributionMap":{"jacqhal":17}},{"path":"src/main/java/wargames/InvalidCommandException.java","fileType":"java","lines":[{"lineNumber":1,"author":{"gitId":"jacqhal"},"content":"package wargames;","lastModifiedDate":"2023-10-14"},{"lineNumber":2,"author":{"gitId":"jacqhal"},"content":"","lastModifiedDate":"2023-10-14"},{"lineNumber":3,"author":{"gitId":"jacqhal"},"content":"public class InvalidCommandException extends Exception{","lastModifiedDate":"2023-10-14"},{"lineNumber":4,"author":{"gitId":"jacqhal"},"content":"    public InvalidCommandException() {","lastModifiedDate":"2023-10-14"},{"lineNumber":5,"author":{"gitId":"jacqhal"},"content":"        super(\"This command is invalid.\");","lastModifiedDate":"2023-10-14"},{"lineNumber":6,"author":{"gitId":"jacqhal"},"content":"    }","lastModifiedDate":"2023-10-14"},{"lineNumber":7,"author":{"gitId":"jacqhal"},"content":"","lastModifiedDate":"2023-10-14"},{"lineNumber":8,"author":{"gitId":"jacqhal"},"content":"    public InvalidCommandException(String message) {","lastModifiedDate":"2023-10-14"},{"lineNumber":9,"author":{"gitId":"jacqhal"},"content":"        super(message);","lastModifiedDate":"2023-10-14"},{"lineNumber":10,"author":{"gitId":"jacqhal"},"content":"    }","lastModifiedDate":"2023-10-14"},{"lineNumber":11,"author":{"gitId":"jacqhal"},"content":"}","lastModifiedDate":"2023-10-14"}],"authorContributionMap":{"jacqhal":11}},{"path":"src/main/java/wargames/Joshua.java","fileType":"java","lines":[{"lineNumber":1,"author":{"gitId":"jacqhal"},"content":"// Joshua.java handles chatbot-related logic","lastModifiedDate":"2023-09-12"},{"lineNumber":2,"author":{"gitId":"jacqhal"},"content":"","lastModifiedDate":"2023-09-12"},{"lineNumber":3,"author":{"gitId":"jacqhal"},"content":"package wargames;","lastModifiedDate":"2023-09-12"},{"lineNumber":4,"author":{"gitId":"jacqhal"},"content":"","lastModifiedDate":"2023-09-12"},{"lineNumber":5,"author":{"gitId":"jacqhal"},"content":"public class Joshua {","lastModifiedDate":"2023-09-12"},{"lineNumber":6,"author":{"gitId":"jacqhal"},"content":"","lastModifiedDate":"2023-09-12"},{"lineNumber":7,"author":{"gitId":"jacqhal"},"content":"    public Joshua(){","lastModifiedDate":"2023-09-12"},{"lineNumber":8,"author":{"gitId":"jacqhal"},"content":"","lastModifiedDate":"2023-09-12"},{"lineNumber":9,"author":{"gitId":"jacqhal"},"content":"    }","lastModifiedDate":"2023-09-12"},{"lineNumber":10,"author":{"gitId":"jacqhal"},"content":"","lastModifiedDate":"2023-09-12"},{"lineNumber":11,"author":{"gitId":"jacqhal"},"content":"    public static void joshuaSays(String str){","lastModifiedDate":"2023-09-12"},{"lineNumber":12,"author":{"gitId":"jacqhal"},"content":"        str \u003d str.toUpperCase();","lastModifiedDate":"2023-09-12"},{"lineNumber":13,"author":{"gitId":"jacqhal"},"content":"        System.out.println(str + \"\\n\");","lastModifiedDate":"2023-09-12"},{"lineNumber":14,"author":{"gitId":"jacqhal"},"content":"    }","lastModifiedDate":"2023-09-12"},{"lineNumber":15,"author":{"gitId":"jacqhal"},"content":"","lastModifiedDate":"2023-09-12"},{"lineNumber":16,"author":{"gitId":"jacqhal"},"content":"    public static void printGreetings(){","lastModifiedDate":"2023-09-12"},{"lineNumber":17,"author":{"gitId":"jacqhal"},"content":"        joshuaSays(\"GREETINGS PROFESSOR FALKEN.\\n\\n\"","lastModifiedDate":"2023-09-12"},{"lineNumber":18,"author":{"gitId":"jacqhal"},"content":"                     + \"SHALL WE PLAY A GAME?\");","lastModifiedDate":"2023-09-12"},{"lineNumber":19,"author":{"gitId":"jacqhal"},"content":"    }","lastModifiedDate":"2023-09-12"},{"lineNumber":20,"author":{"gitId":"jacqhal"},"content":"","lastModifiedDate":"2023-09-12"},{"lineNumber":21,"author":{"gitId":"jacqhal"},"content":"}","lastModifiedDate":"2023-09-12"}],"authorContributionMap":{"jacqhal":21}},{"path":"src/main/java/wargames/JoshuaParser.java","fileType":"java","lines":[{"lineNumber":1,"author":{"gitId":"jacqhal"},"content":"package wargames;","lastModifiedDate":"2023-10-14"},{"lineNumber":2,"author":{"gitId":"jacqhal"},"content":"","lastModifiedDate":"2023-10-14"},{"lineNumber":3,"author":{"gitId":"jacqhal"},"content":"import java.util.ArrayList;","lastModifiedDate":"2023-10-14"},{"lineNumber":4,"author":{"gitId":"jacqhal"},"content":"import java.util.Arrays;","lastModifiedDate":"2023-10-14"},{"lineNumber":5,"author":{"gitId":"jacqhal"},"content":"import java.util.List;","lastModifiedDate":"2023-10-14"},{"lineNumber":6,"author":{"gitId":"jacqhal"},"content":"","lastModifiedDate":"2023-10-14"},{"lineNumber":7,"author":{"gitId":"jacqhal"},"content":"public class JoshuaParser {","lastModifiedDate":"2023-10-14"},{"lineNumber":8,"author":{"gitId":"jacqhal"},"content":"","lastModifiedDate":"2023-10-14"},{"lineNumber":9,"author":{"gitId":"jacqhal"},"content":"    public JoshuaParser() {","lastModifiedDate":"2023-10-14"},{"lineNumber":10,"author":{"gitId":"jacqhal"},"content":"","lastModifiedDate":"2023-10-14"},{"lineNumber":11,"author":{"gitId":"jacqhal"},"content":"    }","lastModifiedDate":"2023-10-14"},{"lineNumber":12,"author":{"gitId":"jacqhal"},"content":"    public boolean isByeCommand(String command) {","lastModifiedDate":"2023-10-14"},{"lineNumber":13,"author":{"gitId":"jacqhal"},"content":"        return command.equals(\"bye\");","lastModifiedDate":"2023-10-14"},{"lineNumber":14,"author":{"gitId":"jacqhal"},"content":"    }","lastModifiedDate":"2023-10-14"},{"lineNumber":15,"author":{"gitId":"jacqhal"},"content":"","lastModifiedDate":"2023-10-14"},{"lineNumber":16,"author":{"gitId":"jacqhal"},"content":"    public boolean isListCommand(String command) {","lastModifiedDate":"2023-10-14"},{"lineNumber":17,"author":{"gitId":"jacqhal"},"content":"        return command.equals(\"list\");","lastModifiedDate":"2023-10-14"},{"lineNumber":18,"author":{"gitId":"jacqhal"},"content":"    }","lastModifiedDate":"2023-10-14"},{"lineNumber":19,"author":{"gitId":"jacqhal"},"content":"","lastModifiedDate":"2023-10-14"},{"lineNumber":20,"author":{"gitId":"jacqhal"},"content":"    public boolean isMarkCommand(String command) {","lastModifiedDate":"2023-10-14"},{"lineNumber":21,"author":{"gitId":"jacqhal"},"content":"        return command.startsWith(\"mark \");","lastModifiedDate":"2023-10-14"},{"lineNumber":22,"author":{"gitId":"jacqhal"},"content":"    }","lastModifiedDate":"2023-10-14"},{"lineNumber":23,"author":{"gitId":"jacqhal"},"content":"","lastModifiedDate":"2023-10-14"},{"lineNumber":24,"author":{"gitId":"jacqhal"},"content":"    public boolean isUnmarkCommand(String command) {","lastModifiedDate":"2023-10-14"},{"lineNumber":25,"author":{"gitId":"jacqhal"},"content":"        return command.startsWith(\"unmark \");","lastModifiedDate":"2023-10-14"},{"lineNumber":26,"author":{"gitId":"jacqhal"},"content":"    }","lastModifiedDate":"2023-10-14"},{"lineNumber":27,"author":{"gitId":"jacqhal"},"content":"","lastModifiedDate":"2023-10-14"},{"lineNumber":28,"author":{"gitId":"jacqhal"},"content":"    public boolean isToDoCommand(String command) {","lastModifiedDate":"2023-10-14"},{"lineNumber":29,"author":{"gitId":"jacqhal"},"content":"        return command.startsWith(\"todo \");","lastModifiedDate":"2023-10-14"},{"lineNumber":30,"author":{"gitId":"jacqhal"},"content":"    }","lastModifiedDate":"2023-10-14"},{"lineNumber":31,"author":{"gitId":"jacqhal"},"content":"","lastModifiedDate":"2023-10-14"},{"lineNumber":32,"author":{"gitId":"jacqhal"},"content":"    public boolean isDeadlineCommand(String command) {","lastModifiedDate":"2023-10-14"},{"lineNumber":33,"author":{"gitId":"jacqhal"},"content":"        return command.startsWith(\"deadline \");","lastModifiedDate":"2023-10-14"},{"lineNumber":34,"author":{"gitId":"jacqhal"},"content":"    }","lastModifiedDate":"2023-10-14"},{"lineNumber":35,"author":{"gitId":"jacqhal"},"content":"    public boolean isEventCommand(String command) {","lastModifiedDate":"2023-10-14"},{"lineNumber":36,"author":{"gitId":"jacqhal"},"content":"        return command.startsWith(\"event \");","lastModifiedDate":"2023-10-14"},{"lineNumber":37,"author":{"gitId":"jacqhal"},"content":"    }","lastModifiedDate":"2023-10-14"},{"lineNumber":38,"author":{"gitId":"jacqhal"},"content":"","lastModifiedDate":"2023-10-14"},{"lineNumber":39,"author":{"gitId":"jacqhal"},"content":"    public int parseTaskNum(String command) {","lastModifiedDate":"2023-10-14"},{"lineNumber":40,"author":{"gitId":"jacqhal"},"content":"        List\u003cString\u003e cmdArrayList \u003d stringToArrayList(command);","lastModifiedDate":"2023-10-14"},{"lineNumber":41,"author":{"gitId":"jacqhal"},"content":"","lastModifiedDate":"2023-10-14"},{"lineNumber":42,"author":{"gitId":"jacqhal"},"content":"        if (cmdArrayList.size() \u003d\u003d 2) {","lastModifiedDate":"2023-10-14"},{"lineNumber":43,"author":{"gitId":"jacqhal"},"content":"            try {","lastModifiedDate":"2023-10-14"},{"lineNumber":44,"author":{"gitId":"jacqhal"},"content":"                String taskNumStr \u003d cmdArrayList.get(1);","lastModifiedDate":"2023-10-14"},{"lineNumber":45,"author":{"gitId":"jacqhal"},"content":"                return Integer.parseInt(taskNumStr);","lastModifiedDate":"2023-10-14"},{"lineNumber":46,"author":{"gitId":"jacqhal"},"content":"            }","lastModifiedDate":"2023-10-14"},{"lineNumber":47,"author":{"gitId":"jacqhal"},"content":"            catch (NumberFormatException e) {","lastModifiedDate":"2023-10-14"},{"lineNumber":48,"author":{"gitId":"jacqhal"},"content":"                return -1;","lastModifiedDate":"2023-10-14"},{"lineNumber":49,"author":{"gitId":"jacqhal"},"content":"            }","lastModifiedDate":"2023-10-14"},{"lineNumber":50,"author":{"gitId":"jacqhal"},"content":"        }","lastModifiedDate":"2023-10-14"},{"lineNumber":51,"author":{"gitId":"jacqhal"},"content":"        else {","lastModifiedDate":"2023-10-14"},{"lineNumber":52,"author":{"gitId":"jacqhal"},"content":"            return -1;","lastModifiedDate":"2023-10-14"},{"lineNumber":53,"author":{"gitId":"jacqhal"},"content":"        }","lastModifiedDate":"2023-10-14"},{"lineNumber":54,"author":{"gitId":"jacqhal"},"content":"    }","lastModifiedDate":"2023-10-14"},{"lineNumber":55,"author":{"gitId":"jacqhal"},"content":"","lastModifiedDate":"2023-10-14"},{"lineNumber":56,"author":{"gitId":"jacqhal"},"content":"    public ToDo createToDo(String command) throws InvalidCommandException {","lastModifiedDate":"2023-10-14"},{"lineNumber":57,"author":{"gitId":"jacqhal"},"content":"        List\u003cString\u003e inputArrayList \u003d stringToArrayList(command);","lastModifiedDate":"2023-10-14"},{"lineNumber":58,"author":{"gitId":"jacqhal"},"content":"        List\u003cString\u003e descArrayList \u003d inputArrayList.subList(1, inputArrayList.size());","lastModifiedDate":"2023-10-14"},{"lineNumber":59,"author":{"gitId":"jacqhal"},"content":"","lastModifiedDate":"2023-10-14"},{"lineNumber":60,"author":{"gitId":"jacqhal"},"content":"        if (descArrayList.isEmpty()) {","lastModifiedDate":"2023-10-14"},{"lineNumber":61,"author":{"gitId":"jacqhal"},"content":"            throw new InvalidCommandException(\"Enter a description for your todo.\");","lastModifiedDate":"2023-10-14"},{"lineNumber":62,"author":{"gitId":"jacqhal"},"content":"        }","lastModifiedDate":"2023-10-14"},{"lineNumber":63,"author":{"gitId":"jacqhal"},"content":"","lastModifiedDate":"2023-10-14"},{"lineNumber":64,"author":{"gitId":"jacqhal"},"content":"        String desc \u003d String.join(\" \", descArrayList);","lastModifiedDate":"2023-10-14"},{"lineNumber":65,"author":{"gitId":"jacqhal"},"content":"","lastModifiedDate":"2023-10-14"},{"lineNumber":66,"author":{"gitId":"jacqhal"},"content":"        return new ToDo(desc);","lastModifiedDate":"2023-10-14"},{"lineNumber":67,"author":{"gitId":"jacqhal"},"content":"    }","lastModifiedDate":"2023-10-14"},{"lineNumber":68,"author":{"gitId":"jacqhal"},"content":"","lastModifiedDate":"2023-10-14"},{"lineNumber":69,"author":{"gitId":"jacqhal"},"content":"    public Deadline createDeadline(String command) throws InvalidCommandException {","lastModifiedDate":"2023-10-14"},{"lineNumber":70,"author":{"gitId":"jacqhal"},"content":"        // Get \"desc\" and \"by\" from input","lastModifiedDate":"2023-10-14"},{"lineNumber":71,"author":{"gitId":"jacqhal"},"content":"        List\u003cString\u003e inputArrayList \u003d stringToArrayList(command);","lastModifiedDate":"2023-10-14"},{"lineNumber":72,"author":{"gitId":"jacqhal"},"content":"        int byMarker \u003d inputArrayList.indexOf(\"/by\");","lastModifiedDate":"2023-10-14"},{"lineNumber":73,"author":{"gitId":"jacqhal"},"content":"","lastModifiedDate":"2023-10-14"},{"lineNumber":74,"author":{"gitId":"jacqhal"},"content":"        if (inputArrayList.size() \u003d\u003d 1 || byMarker \u003d\u003d 1) {","lastModifiedDate":"2023-10-14"},{"lineNumber":75,"author":{"gitId":"jacqhal"},"content":"            throw new InvalidCommandException(\"Enter a description for your deadline\");","lastModifiedDate":"2023-10-14"},{"lineNumber":76,"author":{"gitId":"jacqhal"},"content":"        }","lastModifiedDate":"2023-10-14"},{"lineNumber":77,"author":{"gitId":"jacqhal"},"content":"        else if (byMarker \u003c 0 || byMarker+1 \u003d\u003d inputArrayList.size()) {","lastModifiedDate":"2023-10-14"},{"lineNumber":78,"author":{"gitId":"jacqhal"},"content":"            throw new InvalidCommandException(\"Enter the /by parameter for your deadline.\");","lastModifiedDate":"2023-10-14"},{"lineNumber":79,"author":{"gitId":"jacqhal"},"content":"        }","lastModifiedDate":"2023-10-14"},{"lineNumber":80,"author":{"gitId":"jacqhal"},"content":"","lastModifiedDate":"2023-10-14"},{"lineNumber":81,"author":{"gitId":"jacqhal"},"content":"        List\u003cString\u003e descArrayList \u003d inputArrayList.subList(1, byMarker);","lastModifiedDate":"2023-10-14"},{"lineNumber":82,"author":{"gitId":"jacqhal"},"content":"        String desc \u003d String.join(\" \", descArrayList);","lastModifiedDate":"2023-10-14"},{"lineNumber":83,"author":{"gitId":"jacqhal"},"content":"","lastModifiedDate":"2023-10-14"},{"lineNumber":84,"author":{"gitId":"jacqhal"},"content":"        List\u003cString\u003e byArrayList \u003d inputArrayList.subList(byMarker+1, inputArrayList.size());","lastModifiedDate":"2023-10-14"},{"lineNumber":85,"author":{"gitId":"jacqhal"},"content":"        String by \u003d String.join(\" \", byArrayList);","lastModifiedDate":"2023-10-14"},{"lineNumber":86,"author":{"gitId":"jacqhal"},"content":"","lastModifiedDate":"2023-10-14"},{"lineNumber":87,"author":{"gitId":"jacqhal"},"content":"        return new Deadline(desc, by);","lastModifiedDate":"2023-10-14"},{"lineNumber":88,"author":{"gitId":"jacqhal"},"content":"    }","lastModifiedDate":"2023-10-14"},{"lineNumber":89,"author":{"gitId":"jacqhal"},"content":"","lastModifiedDate":"2023-10-14"},{"lineNumber":90,"author":{"gitId":"jacqhal"},"content":"    public Event createEvent(String command) throws InvalidCommandException {","lastModifiedDate":"2023-10-14"},{"lineNumber":91,"author":{"gitId":"jacqhal"},"content":"        // TODO: currently only supports /from /to in that order.","lastModifiedDate":"2023-10-14"},{"lineNumber":92,"author":{"gitId":"jacqhal"},"content":"        // Get \"from\" and \"to\" from the input","lastModifiedDate":"2023-10-14"},{"lineNumber":93,"author":{"gitId":"jacqhal"},"content":"        List\u003cString\u003e inputArrayList \u003d stringToArrayList(command);","lastModifiedDate":"2023-10-14"},{"lineNumber":94,"author":{"gitId":"jacqhal"},"content":"        int fromMarker \u003d inputArrayList.indexOf(\"/from\");","lastModifiedDate":"2023-10-14"},{"lineNumber":95,"author":{"gitId":"jacqhal"},"content":"        int toMarker \u003d inputArrayList.indexOf(\"/to\");","lastModifiedDate":"2023-10-14"},{"lineNumber":96,"author":{"gitId":"jacqhal"},"content":"","lastModifiedDate":"2023-10-14"},{"lineNumber":97,"author":{"gitId":"jacqhal"},"content":"        if (inputArrayList.size() \u003d\u003d 1 || fromMarker \u003d\u003d 1) {","lastModifiedDate":"2023-10-14"},{"lineNumber":98,"author":{"gitId":"jacqhal"},"content":"            throw new InvalidCommandException(\"Enter a description for your event.\");","lastModifiedDate":"2023-10-14"},{"lineNumber":99,"author":{"gitId":"jacqhal"},"content":"        }","lastModifiedDate":"2023-10-14"},{"lineNumber":100,"author":{"gitId":"jacqhal"},"content":"        else if (fromMarker \u003c 0 || fromMarker+1 \u003d\u003d toMarker) {","lastModifiedDate":"2023-10-14"},{"lineNumber":101,"author":{"gitId":"jacqhal"},"content":"            throw new InvalidCommandException(\"Enter the /from parameter for your event.\");","lastModifiedDate":"2023-10-14"},{"lineNumber":102,"author":{"gitId":"jacqhal"},"content":"        }","lastModifiedDate":"2023-10-14"},{"lineNumber":103,"author":{"gitId":"jacqhal"},"content":"        else if (toMarker \u003c 0 || toMarker+1 \u003d\u003d inputArrayList.size()) {","lastModifiedDate":"2023-10-14"},{"lineNumber":104,"author":{"gitId":"jacqhal"},"content":"            throw new InvalidCommandException(\"Enter the /to parameter for your event.\");","lastModifiedDate":"2023-10-14"},{"lineNumber":105,"author":{"gitId":"jacqhal"},"content":"        }","lastModifiedDate":"2023-10-14"},{"lineNumber":106,"author":{"gitId":"jacqhal"},"content":"","lastModifiedDate":"2023-10-14"},{"lineNumber":107,"author":{"gitId":"jacqhal"},"content":"        List\u003cString\u003e descArrayList \u003d inputArrayList.subList(1, fromMarker);","lastModifiedDate":"2023-10-14"},{"lineNumber":108,"author":{"gitId":"jacqhal"},"content":"        String desc \u003d String.join(\" \", descArrayList);","lastModifiedDate":"2023-10-14"},{"lineNumber":109,"author":{"gitId":"jacqhal"},"content":"","lastModifiedDate":"2023-10-14"},{"lineNumber":110,"author":{"gitId":"jacqhal"},"content":"        List\u003cString\u003e fromArrayList \u003d inputArrayList.subList(fromMarker + 1, toMarker);","lastModifiedDate":"2023-10-14"},{"lineNumber":111,"author":{"gitId":"jacqhal"},"content":"        String from \u003d String.join(\" \", fromArrayList);","lastModifiedDate":"2023-10-14"},{"lineNumber":112,"author":{"gitId":"jacqhal"},"content":"","lastModifiedDate":"2023-10-14"},{"lineNumber":113,"author":{"gitId":"jacqhal"},"content":"        List\u003cString\u003e toArrayList \u003d inputArrayList.subList(toMarker + 1, inputArrayList.size());","lastModifiedDate":"2023-10-14"},{"lineNumber":114,"author":{"gitId":"jacqhal"},"content":"        String to \u003d String.join(\" \", toArrayList);","lastModifiedDate":"2023-10-14"},{"lineNumber":115,"author":{"gitId":"jacqhal"},"content":"","lastModifiedDate":"2023-10-14"},{"lineNumber":116,"author":{"gitId":"jacqhal"},"content":"        return new Event(desc, from, to);","lastModifiedDate":"2023-10-14"},{"lineNumber":117,"author":{"gitId":"jacqhal"},"content":"    }","lastModifiedDate":"2023-10-14"},{"lineNumber":118,"author":{"gitId":"jacqhal"},"content":"","lastModifiedDate":"2023-10-14"},{"lineNumber":119,"author":{"gitId":"jacqhal"},"content":"    public static ArrayList\u003cString\u003e stringToArrayList(String str) {","lastModifiedDate":"2023-10-14"},{"lineNumber":120,"author":{"gitId":"jacqhal"},"content":"        String[] strArray \u003d str.split(\"\\\\s+\"); // Split on any number of whitespaces","lastModifiedDate":"2023-10-14"},{"lineNumber":121,"author":{"gitId":"jacqhal"},"content":"        List\u003cString\u003e strList \u003d new ArrayList\u003c\u003e(Arrays.asList(strArray));","lastModifiedDate":"2023-10-14"},{"lineNumber":122,"author":{"gitId":"jacqhal"},"content":"        return new ArrayList\u003c\u003e(strList);","lastModifiedDate":"2023-10-14"},{"lineNumber":123,"author":{"gitId":"jacqhal"},"content":"    }","lastModifiedDate":"2023-10-14"},{"lineNumber":124,"author":{"gitId":"jacqhal"},"content":"}","lastModifiedDate":"2023-10-14"}],"authorContributionMap":{"jacqhal":124}},{"path":"src/main/java/wargames/MyList.java","fileType":"java","lines":[{"lineNumber":1,"author":{"gitId":"jacqhal"},"content":"// MyList.java manages the list of tasks","lastModifiedDate":"2023-09-12"},{"lineNumber":2,"author":{"gitId":"jacqhal"},"content":"","lastModifiedDate":"2023-09-12"},{"lineNumber":3,"author":{"gitId":"jacqhal"},"content":"package wargames;","lastModifiedDate":"2023-09-08"},{"lineNumber":4,"author":{"gitId":"jacqhal"},"content":"import java.util.ArrayList;","lastModifiedDate":"2023-10-08"},{"lineNumber":5,"author":{"gitId":"jacqhal"},"content":"import java.util.Arrays;","lastModifiedDate":"2023-09-08"},{"lineNumber":6,"author":{"gitId":"jacqhal"},"content":"","lastModifiedDate":"2023-09-08"},{"lineNumber":7,"author":{"gitId":"jacqhal"},"content":"public class MyList {","lastModifiedDate":"2023-09-08"},{"lineNumber":8,"author":{"gitId":"jacqhal"},"content":"    private ArrayList\u003cTask\u003e tasklist \u003d new ArrayList\u003c\u003e();","lastModifiedDate":"2023-10-08"},{"lineNumber":9,"author":{"gitId":"jacqhal"},"content":"","lastModifiedDate":"2023-09-08"},{"lineNumber":10,"author":{"gitId":"jacqhal"},"content":"    public MyList(){","lastModifiedDate":"2023-09-08"},{"lineNumber":11,"author":{"gitId":"jacqhal"},"content":"","lastModifiedDate":"2023-09-08"},{"lineNumber":12,"author":{"gitId":"jacqhal"},"content":"    }","lastModifiedDate":"2023-09-08"},{"lineNumber":13,"author":{"gitId":"jacqhal"},"content":"","lastModifiedDate":"2023-09-08"},{"lineNumber":14,"author":{"gitId":"jacqhal"},"content":"    public Task getItem(int index){","lastModifiedDate":"2023-09-13"},{"lineNumber":15,"author":{"gitId":"jacqhal"},"content":"        return tasklist.get(index);","lastModifiedDate":"2023-10-08"},{"lineNumber":16,"author":{"gitId":"jacqhal"},"content":"    }","lastModifiedDate":"2023-09-13"},{"lineNumber":17,"author":{"gitId":"jacqhal"},"content":"","lastModifiedDate":"2023-09-13"},{"lineNumber":18,"author":{"gitId":"jacqhal"},"content":"    public ArrayList\u003cTask\u003e getList(){","lastModifiedDate":"2023-10-08"},{"lineNumber":19,"author":{"gitId":"jacqhal"},"content":"        return tasklist;","lastModifiedDate":"2023-10-08"},{"lineNumber":20,"author":{"gitId":"jacqhal"},"content":"    }","lastModifiedDate":"2023-09-08"},{"lineNumber":21,"author":{"gitId":"jacqhal"},"content":"","lastModifiedDate":"2023-09-12"},{"lineNumber":22,"author":{"gitId":"jacqhal"},"content":"    public void markTaskAsDone(int taskNum){","lastModifiedDate":"2023-10-14"},{"lineNumber":23,"author":{"gitId":"jacqhal"},"content":"        int taskIdx \u003d taskNum - 1;","lastModifiedDate":"2023-10-14"},{"lineNumber":24,"author":{"gitId":"jacqhal"},"content":"        try {","lastModifiedDate":"2023-10-14"},{"lineNumber":25,"author":{"gitId":"jacqhal"},"content":"            Task task \u003d getItem(taskIdx);","lastModifiedDate":"2023-10-14"},{"lineNumber":26,"author":{"gitId":"jacqhal"},"content":"            task.setIsDone(true);","lastModifiedDate":"2023-10-14"},{"lineNumber":27,"author":{"gitId":"jacqhal"},"content":"            Joshua.joshuaSays(\"Marked task: \" + task);","lastModifiedDate":"2023-10-14"},{"lineNumber":28,"author":{"gitId":"jacqhal"},"content":"        } catch (IndexOutOfBoundsException e) {","lastModifiedDate":"2023-10-14"},{"lineNumber":29,"author":{"gitId":"jacqhal"},"content":"            Joshua.joshuaSays(\"Enter a number from the task list.\");","lastModifiedDate":"2023-10-14"},{"lineNumber":30,"author":{"gitId":"jacqhal"},"content":"        }","lastModifiedDate":"2023-10-14"},{"lineNumber":31,"author":{"gitId":"jacqhal"},"content":"    }","lastModifiedDate":"2023-10-14"},{"lineNumber":32,"author":{"gitId":"jacqhal"},"content":"","lastModifiedDate":"2023-10-14"},{"lineNumber":33,"author":{"gitId":"jacqhal"},"content":"    public void markTaskAsNotDone(int taskNum){","lastModifiedDate":"2023-10-14"},{"lineNumber":34,"author":{"gitId":"jacqhal"},"content":"        int taskIdx \u003d taskNum - 1;","lastModifiedDate":"2023-10-14"},{"lineNumber":35,"author":{"gitId":"jacqhal"},"content":"        try {","lastModifiedDate":"2023-10-14"},{"lineNumber":36,"author":{"gitId":"jacqhal"},"content":"            Task task \u003d getItem(taskIdx);","lastModifiedDate":"2023-10-14"},{"lineNumber":37,"author":{"gitId":"jacqhal"},"content":"            task.setIsDone(false);","lastModifiedDate":"2023-10-14"},{"lineNumber":38,"author":{"gitId":"jacqhal"},"content":"            Joshua.joshuaSays(\"Unmarked task: \" + task);","lastModifiedDate":"2023-10-14"},{"lineNumber":39,"author":{"gitId":"jacqhal"},"content":"        } catch (IndexOutOfBoundsException e) {","lastModifiedDate":"2023-10-14"},{"lineNumber":40,"author":{"gitId":"jacqhal"},"content":"            Joshua.joshuaSays(\"Enter a number from the task list.\");","lastModifiedDate":"2023-10-14"},{"lineNumber":41,"author":{"gitId":"jacqhal"},"content":"        }","lastModifiedDate":"2023-10-14"},{"lineNumber":42,"author":{"gitId":"jacqhal"},"content":"    }","lastModifiedDate":"2023-10-14"},{"lineNumber":43,"author":{"gitId":"jacqhal"},"content":"","lastModifiedDate":"2023-10-14"},{"lineNumber":44,"author":{"gitId":"jacqhal"},"content":"    public void addToTaskList(Task task){","lastModifiedDate":"2023-10-14"},{"lineNumber":45,"author":{"gitId":"jacqhal"},"content":"        tasklist.add(task);","lastModifiedDate":"2023-10-14"},{"lineNumber":46,"author":{"gitId":"jacqhal"},"content":"    }","lastModifiedDate":"2023-10-14"},{"lineNumber":47,"author":{"gitId":"jacqhal"},"content":"","lastModifiedDate":"2023-10-14"},{"lineNumber":48,"author":{"gitId":"jacqhal"},"content":"    public void addToList(Task[] arr){","lastModifiedDate":"2023-10-14"},{"lineNumber":49,"author":{"gitId":"jacqhal"},"content":"        tasklist.addAll(Arrays.asList(arr));","lastModifiedDate":"2023-10-14"},{"lineNumber":50,"author":{"gitId":"jacqhal"},"content":"    }","lastModifiedDate":"2023-10-14"},{"lineNumber":51,"author":{"gitId":"jacqhal"},"content":"","lastModifiedDate":"2023-10-14"},{"lineNumber":52,"author":{"gitId":"jacqhal"},"content":"    @Override","lastModifiedDate":"2023-09-12"},{"lineNumber":53,"author":{"gitId":"jacqhal"},"content":"    public String toString() {","lastModifiedDate":"2023-09-12"},{"lineNumber":54,"author":{"gitId":"jacqhal"},"content":"        StringBuilder str \u003d new StringBuilder();","lastModifiedDate":"2023-09-13"},{"lineNumber":55,"author":{"gitId":"jacqhal"},"content":"        for (int i \u003d 0; i \u003c tasklist.size(); i++) {","lastModifiedDate":"2023-10-08"},{"lineNumber":56,"author":{"gitId":"jacqhal"},"content":"            int count \u003d i + 1;","lastModifiedDate":"2023-09-12"},{"lineNumber":57,"author":{"gitId":"jacqhal"},"content":"            str.append(count).append(\". \").append(tasklist.get(i)).append(\"\\n\");","lastModifiedDate":"2023-10-08"},{"lineNumber":58,"author":{"gitId":"jacqhal"},"content":"        }","lastModifiedDate":"2023-09-12"},{"lineNumber":59,"author":{"gitId":"jacqhal"},"content":"        return str.toString();","lastModifiedDate":"2023-09-13"},{"lineNumber":60,"author":{"gitId":"jacqhal"},"content":"    }","lastModifiedDate":"2023-09-12"},{"lineNumber":61,"author":{"gitId":"jacqhal"},"content":"}","lastModifiedDate":"2023-09-08"}],"authorContributionMap":{"jacqhal":61}},{"path":"src/main/java/wargames/Task.java","fileType":"java","lines":[{"lineNumber":1,"author":{"gitId":"jacqhal"},"content":"package wargames;","lastModifiedDate":"2023-09-13"},{"lineNumber":2,"author":{"gitId":"jacqhal"},"content":"","lastModifiedDate":"2023-09-13"},{"lineNumber":3,"author":{"gitId":"jacqhal"},"content":"public class Task {","lastModifiedDate":"2023-09-13"},{"lineNumber":4,"author":{"gitId":"jacqhal"},"content":"    private String desc;","lastModifiedDate":"2023-09-13"},{"lineNumber":5,"author":{"gitId":"jacqhal"},"content":"    private boolean isDone;","lastModifiedDate":"2023-09-13"},{"lineNumber":6,"author":{"gitId":"jacqhal"},"content":"","lastModifiedDate":"2023-09-13"},{"lineNumber":7,"author":{"gitId":"jacqhal"},"content":"    public Task(String desc){","lastModifiedDate":"2023-09-13"},{"lineNumber":8,"author":{"gitId":"jacqhal"},"content":"        this.desc \u003d desc;","lastModifiedDate":"2023-09-13"},{"lineNumber":9,"author":{"gitId":"jacqhal"},"content":"        this.isDone \u003d false;","lastModifiedDate":"2023-09-13"},{"lineNumber":10,"author":{"gitId":"jacqhal"},"content":"    }","lastModifiedDate":"2023-09-13"},{"lineNumber":11,"author":{"gitId":"jacqhal"},"content":"","lastModifiedDate":"2023-09-13"},{"lineNumber":12,"author":{"gitId":"jacqhal"},"content":"    public String getDesc() {","lastModifiedDate":"2023-09-13"},{"lineNumber":13,"author":{"gitId":"jacqhal"},"content":"        return desc;","lastModifiedDate":"2023-09-13"},{"lineNumber":14,"author":{"gitId":"jacqhal"},"content":"    }","lastModifiedDate":"2023-09-13"},{"lineNumber":15,"author":{"gitId":"jacqhal"},"content":"","lastModifiedDate":"2023-09-13"},{"lineNumber":16,"author":{"gitId":"jacqhal"},"content":"    public void setDesc(String desc) {","lastModifiedDate":"2023-09-13"},{"lineNumber":17,"author":{"gitId":"jacqhal"},"content":"        this.desc \u003d desc;","lastModifiedDate":"2023-09-13"},{"lineNumber":18,"author":{"gitId":"jacqhal"},"content":"    }","lastModifiedDate":"2023-09-13"},{"lineNumber":19,"author":{"gitId":"jacqhal"},"content":"","lastModifiedDate":"2023-09-13"},{"lineNumber":20,"author":{"gitId":"jacqhal"},"content":"    public boolean getIsDone(){","lastModifiedDate":"2023-09-13"},{"lineNumber":21,"author":{"gitId":"jacqhal"},"content":"        return isDone;","lastModifiedDate":"2023-09-13"},{"lineNumber":22,"author":{"gitId":"jacqhal"},"content":"    }","lastModifiedDate":"2023-09-13"},{"lineNumber":23,"author":{"gitId":"jacqhal"},"content":"","lastModifiedDate":"2023-09-13"},{"lineNumber":24,"author":{"gitId":"jacqhal"},"content":"    public void setIsDone(boolean isDone){","lastModifiedDate":"2023-09-13"},{"lineNumber":25,"author":{"gitId":"jacqhal"},"content":"        this.isDone \u003d isDone;","lastModifiedDate":"2023-09-13"},{"lineNumber":26,"author":{"gitId":"jacqhal"},"content":"    }","lastModifiedDate":"2023-09-13"},{"lineNumber":27,"author":{"gitId":"jacqhal"},"content":"","lastModifiedDate":"2023-09-13"},{"lineNumber":28,"author":{"gitId":"jacqhal"},"content":"    @Override","lastModifiedDate":"2023-09-13"},{"lineNumber":29,"author":{"gitId":"jacqhal"},"content":"    public String toString() {","lastModifiedDate":"2023-09-13"},{"lineNumber":30,"author":{"gitId":"jacqhal"},"content":"        String doneMarker \u003d \" \";","lastModifiedDate":"2023-09-13"},{"lineNumber":31,"author":{"gitId":"jacqhal"},"content":"        if (isDone) {","lastModifiedDate":"2023-09-13"},{"lineNumber":32,"author":{"gitId":"jacqhal"},"content":"            doneMarker \u003d \"X\";","lastModifiedDate":"2023-09-13"},{"lineNumber":33,"author":{"gitId":"jacqhal"},"content":"        }","lastModifiedDate":"2023-09-13"},{"lineNumber":34,"author":{"gitId":"jacqhal"},"content":"        return \"[\" + doneMarker + \"] \" + desc;","lastModifiedDate":"2023-09-13"},{"lineNumber":35,"author":{"gitId":"jacqhal"},"content":"    }","lastModifiedDate":"2023-09-13"},{"lineNumber":36,"author":{"gitId":"jacqhal"},"content":"}","lastModifiedDate":"2023-09-13"}],"authorContributionMap":{"jacqhal":36}},{"path":"src/main/java/wargames/ToDo.java","fileType":"java","lines":[{"lineNumber":1,"author":{"gitId":"jacqhal"},"content":"package wargames;","lastModifiedDate":"2023-10-08"},{"lineNumber":2,"author":{"gitId":"jacqhal"},"content":"","lastModifiedDate":"2023-10-08"},{"lineNumber":3,"author":{"gitId":"jacqhal"},"content":"public class ToDo extends Task {","lastModifiedDate":"2023-10-08"},{"lineNumber":4,"author":{"gitId":"jacqhal"},"content":"","lastModifiedDate":"2023-10-08"},{"lineNumber":5,"author":{"gitId":"jacqhal"},"content":"    public ToDo(String desc) {","lastModifiedDate":"2023-10-08"},{"lineNumber":6,"author":{"gitId":"jacqhal"},"content":"        super(desc);","lastModifiedDate":"2023-10-08"},{"lineNumber":7,"author":{"gitId":"jacqhal"},"content":"    }","lastModifiedDate":"2023-10-08"},{"lineNumber":8,"author":{"gitId":"jacqhal"},"content":"","lastModifiedDate":"2023-10-08"},{"lineNumber":9,"author":{"gitId":"jacqhal"},"content":"    @Override","lastModifiedDate":"2023-10-08"},{"lineNumber":10,"author":{"gitId":"jacqhal"},"content":"    public String toString() {","lastModifiedDate":"2023-10-08"},{"lineNumber":11,"author":{"gitId":"jacqhal"},"content":"        return \"[T] \" + super.toString();","lastModifiedDate":"2023-10-08"},{"lineNumber":12,"author":{"gitId":"jacqhal"},"content":"    }","lastModifiedDate":"2023-10-08"},{"lineNumber":13,"author":{"gitId":"jacqhal"},"content":"}","lastModifiedDate":"2023-10-08"}],"authorContributionMap":{"jacqhal":13}}]
