[{"path":"src/main/java/wargames/Duke.java","fileType":"java","lines":[{"lineNumber":1,"author":{"gitId":"jacqhal"},"content":"package wargames;","lastModifiedDate":"2023-09-12"},{"lineNumber":2,"author":{"gitId":"jacqhal"},"content":"import java.util.Scanner;","lastModifiedDate":"2023-09-08"},{"lineNumber":3,"author":{"gitId":"jacqhal"},"content":"","lastModifiedDate":"2023-09-08"},{"lineNumber":4,"author":{"gitId":"-"},"content":"public class Duke {","lastModifiedDate":"2019-07-29"},{"lineNumber":5,"author":{"gitId":"-"},"content":"    public static void main(String[] args) {","lastModifiedDate":"2019-07-29"},{"lineNumber":6,"author":{"gitId":"jacqhal"},"content":"        Joshua.printGreetings();","lastModifiedDate":"2023-09-12"},{"lineNumber":7,"author":{"gitId":"jacqhal"},"content":"","lastModifiedDate":"2023-09-08"},{"lineNumber":8,"author":{"gitId":"jacqhal"},"content":"        String input;","lastModifiedDate":"2023-09-08"},{"lineNumber":9,"author":{"gitId":"jacqhal"},"content":"        Scanner in \u003d new Scanner(System.in);","lastModifiedDate":"2023-09-13"},{"lineNumber":10,"author":{"gitId":"jacqhal"},"content":"","lastModifiedDate":"2023-09-12"},{"lineNumber":11,"author":{"gitId":"jacqhal"},"content":"        do {","lastModifiedDate":"2023-09-08"},{"lineNumber":12,"author":{"gitId":"jacqhal"},"content":"            System.out.print(\"\u003e\u003e \");","lastModifiedDate":"2023-09-08"},{"lineNumber":13,"author":{"gitId":"jacqhal"},"content":"            input \u003d in.nextLine();","lastModifiedDate":"2023-09-13"},{"lineNumber":14,"author":{"gitId":"jacqhal"},"content":"            input \u003d input.toLowerCase();","lastModifiedDate":"2023-09-13"},{"lineNumber":15,"author":{"gitId":"jacqhal"},"content":"","lastModifiedDate":"2023-09-12"},{"lineNumber":16,"author":{"gitId":"jacqhal"},"content":"            if (input.equals(\"bye\")) {","lastModifiedDate":"2023-09-13"},{"lineNumber":17,"author":{"gitId":"jacqhal"},"content":"","lastModifiedDate":"2023-09-13"},{"lineNumber":18,"author":{"gitId":"jacqhal"},"content":"            }","lastModifiedDate":"2023-09-13"},{"lineNumber":19,"author":{"gitId":"jacqhal"},"content":"            else if (input.equals(\"list\")) {","lastModifiedDate":"2023-09-13"},{"lineNumber":20,"author":{"gitId":"jacqhal"},"content":"                Joshua.printMyList();","lastModifiedDate":"2023-09-12"},{"lineNumber":21,"author":{"gitId":"jacqhal"},"content":"            }","lastModifiedDate":"2023-09-12"},{"lineNumber":22,"author":{"gitId":"jacqhal"},"content":"            else if (input.startsWith(\"mark \")) {","lastModifiedDate":"2023-09-13"},{"lineNumber":23,"author":{"gitId":"jacqhal"},"content":"                try {","lastModifiedDate":"2023-09-13"},{"lineNumber":24,"author":{"gitId":"jacqhal"},"content":"                    int taskNum \u003d parseTaskNumber(input, 5);","lastModifiedDate":"2023-09-13"},{"lineNumber":25,"author":{"gitId":"jacqhal"},"content":"                    Joshua.markTaskAsDone(taskNum);","lastModifiedDate":"2023-09-13"},{"lineNumber":26,"author":{"gitId":"jacqhal"},"content":"                } catch (ArrayIndexOutOfBoundsException e) {","lastModifiedDate":"2023-09-13"},{"lineNumber":27,"author":{"gitId":"jacqhal"},"content":"                    Joshua.joshuaSays(\"Enter a number from the task list.\");","lastModifiedDate":"2023-09-13"},{"lineNumber":28,"author":{"gitId":"jacqhal"},"content":"                }","lastModifiedDate":"2023-09-13"},{"lineNumber":29,"author":{"gitId":"jacqhal"},"content":"            }","lastModifiedDate":"2023-09-13"},{"lineNumber":30,"author":{"gitId":"jacqhal"},"content":"            else if (input.startsWith(\"unmark \")) {","lastModifiedDate":"2023-09-13"},{"lineNumber":31,"author":{"gitId":"jacqhal"},"content":"                try {","lastModifiedDate":"2023-09-13"},{"lineNumber":32,"author":{"gitId":"jacqhal"},"content":"                    int taskNum \u003d parseTaskNumber(input, 7);","lastModifiedDate":"2023-09-13"},{"lineNumber":33,"author":{"gitId":"jacqhal"},"content":"                    Joshua.markTaskAsNotDone(taskNum);","lastModifiedDate":"2023-09-13"},{"lineNumber":34,"author":{"gitId":"jacqhal"},"content":"                } catch (ArrayIndexOutOfBoundsException e) {","lastModifiedDate":"2023-09-13"},{"lineNumber":35,"author":{"gitId":"jacqhal"},"content":"                    Joshua.joshuaSays(\"Enter a number from the task list.\");","lastModifiedDate":"2023-09-13"},{"lineNumber":36,"author":{"gitId":"jacqhal"},"content":"                }","lastModifiedDate":"2023-09-13"},{"lineNumber":37,"author":{"gitId":"jacqhal"},"content":"            }","lastModifiedDate":"2023-09-13"},{"lineNumber":38,"author":{"gitId":"jacqhal"},"content":"            else {","lastModifiedDate":"2023-09-12"},{"lineNumber":39,"author":{"gitId":"jacqhal"},"content":"                Task task \u003d new Task(input);","lastModifiedDate":"2023-09-13"},{"lineNumber":40,"author":{"gitId":"jacqhal"},"content":"                Joshua.addTaskToList(task);","lastModifiedDate":"2023-09-13"},{"lineNumber":41,"author":{"gitId":"jacqhal"},"content":"            }","lastModifiedDate":"2023-09-12"},{"lineNumber":42,"author":{"gitId":"jacqhal"},"content":"        } while (!input.equals(\"bye\"));","lastModifiedDate":"2023-09-08"},{"lineNumber":43,"author":{"gitId":"jacqhal"},"content":"","lastModifiedDate":"2023-09-08"},{"lineNumber":44,"author":{"gitId":"jacqhal"},"content":"        Joshua.joshuaSays(\"\\nGOODBYE.\");","lastModifiedDate":"2023-09-12"},{"lineNumber":45,"author":{"gitId":"jacqhal"},"content":"    }","lastModifiedDate":"2023-09-08"},{"lineNumber":46,"author":{"gitId":"jacqhal"},"content":"","lastModifiedDate":"2023-09-08"},{"lineNumber":47,"author":{"gitId":"jacqhal"},"content":"    public static int parseTaskNumber(String input, int beginIndex) {","lastModifiedDate":"2023-09-13"},{"lineNumber":48,"author":{"gitId":"jacqhal"},"content":"        int taskNum \u003d -1;","lastModifiedDate":"2023-09-13"},{"lineNumber":49,"author":{"gitId":"jacqhal"},"content":"        try {","lastModifiedDate":"2023-09-13"},{"lineNumber":50,"author":{"gitId":"jacqhal"},"content":"            taskNum \u003d Integer.parseInt(input.substring(beginIndex));","lastModifiedDate":"2023-09-13"},{"lineNumber":51,"author":{"gitId":"jacqhal"},"content":"        } catch (NumberFormatException e) {","lastModifiedDate":"2023-09-13"},{"lineNumber":52,"author":{"gitId":"jacqhal"},"content":"            // Did not find a valid integer","lastModifiedDate":"2023-09-13"},{"lineNumber":53,"author":{"gitId":"jacqhal"},"content":"            Joshua.joshuaSays(\"Enter a valid task number.\");","lastModifiedDate":"2023-09-13"},{"lineNumber":54,"author":{"gitId":"jacqhal"},"content":"        }","lastModifiedDate":"2023-09-13"},{"lineNumber":55,"author":{"gitId":"jacqhal"},"content":"        return taskNum;","lastModifiedDate":"2023-09-13"},{"lineNumber":56,"author":{"gitId":"jacqhal"},"content":"    }","lastModifiedDate":"2023-09-08"},{"lineNumber":57,"author":{"gitId":"jacqhal"},"content":"","lastModifiedDate":"2023-09-08"},{"lineNumber":58,"author":{"gitId":"-"},"content":"}","lastModifiedDate":"2019-07-29"}],"authorContributionMap":{"jacqhal":55,"-":3}},{"path":"src/main/java/wargames/Joshua.java","fileType":"java","lines":[{"lineNumber":1,"author":{"gitId":"jacqhal"},"content":"// Joshua.java handles chatbot-related logic","lastModifiedDate":"2023-09-12"},{"lineNumber":2,"author":{"gitId":"jacqhal"},"content":"","lastModifiedDate":"2023-09-12"},{"lineNumber":3,"author":{"gitId":"jacqhal"},"content":"package wargames;","lastModifiedDate":"2023-09-12"},{"lineNumber":4,"author":{"gitId":"jacqhal"},"content":"","lastModifiedDate":"2023-09-12"},{"lineNumber":5,"author":{"gitId":"jacqhal"},"content":"public class Joshua {","lastModifiedDate":"2023-09-12"},{"lineNumber":6,"author":{"gitId":"jacqhal"},"content":"    private static final MyList myList \u003d new MyList();","lastModifiedDate":"2023-09-13"},{"lineNumber":7,"author":{"gitId":"jacqhal"},"content":"","lastModifiedDate":"2023-09-12"},{"lineNumber":8,"author":{"gitId":"jacqhal"},"content":"    public Joshua(){","lastModifiedDate":"2023-09-12"},{"lineNumber":9,"author":{"gitId":"jacqhal"},"content":"","lastModifiedDate":"2023-09-12"},{"lineNumber":10,"author":{"gitId":"jacqhal"},"content":"    }","lastModifiedDate":"2023-09-12"},{"lineNumber":11,"author":{"gitId":"jacqhal"},"content":"","lastModifiedDate":"2023-09-12"},{"lineNumber":12,"author":{"gitId":"jacqhal"},"content":"    public static void joshuaSays(String str){","lastModifiedDate":"2023-09-12"},{"lineNumber":13,"author":{"gitId":"jacqhal"},"content":"        str \u003d str.toUpperCase();","lastModifiedDate":"2023-09-12"},{"lineNumber":14,"author":{"gitId":"jacqhal"},"content":"        System.out.println(str + \"\\n\");","lastModifiedDate":"2023-09-12"},{"lineNumber":15,"author":{"gitId":"jacqhal"},"content":"    }","lastModifiedDate":"2023-09-12"},{"lineNumber":16,"author":{"gitId":"jacqhal"},"content":"","lastModifiedDate":"2023-09-12"},{"lineNumber":17,"author":{"gitId":"jacqhal"},"content":"    public static void printGreetings(){","lastModifiedDate":"2023-09-12"},{"lineNumber":18,"author":{"gitId":"jacqhal"},"content":"        joshuaSays(\"GREETINGS PROFESSOR FALKEN.\\n\\n\"","lastModifiedDate":"2023-09-12"},{"lineNumber":19,"author":{"gitId":"jacqhal"},"content":"                     + \"SHALL WE PLAY A GAME?\");","lastModifiedDate":"2023-09-12"},{"lineNumber":20,"author":{"gitId":"jacqhal"},"content":"    }","lastModifiedDate":"2023-09-12"},{"lineNumber":21,"author":{"gitId":"jacqhal"},"content":"","lastModifiedDate":"2023-09-12"},{"lineNumber":22,"author":{"gitId":"jacqhal"},"content":"    public static void printMyList(){","lastModifiedDate":"2023-09-12"},{"lineNumber":23,"author":{"gitId":"jacqhal"},"content":"        joshuaSays(\"Here is your current list:\");","lastModifiedDate":"2023-09-12"},{"lineNumber":24,"author":{"gitId":"jacqhal"},"content":"        joshuaSays(myList.toString());","lastModifiedDate":"2023-09-12"},{"lineNumber":25,"author":{"gitId":"jacqhal"},"content":"    }","lastModifiedDate":"2023-09-12"},{"lineNumber":26,"author":{"gitId":"jacqhal"},"content":"","lastModifiedDate":"2023-09-12"},{"lineNumber":27,"author":{"gitId":"jacqhal"},"content":"    public static void addTaskToList(Task task){","lastModifiedDate":"2023-09-13"},{"lineNumber":28,"author":{"gitId":"jacqhal"},"content":"        myList.addToList(task);","lastModifiedDate":"2023-09-12"},{"lineNumber":29,"author":{"gitId":"jacqhal"},"content":"        Joshua.joshuaSays(\"ADDED TASK: \" + task);","lastModifiedDate":"2023-09-13"},{"lineNumber":30,"author":{"gitId":"jacqhal"},"content":"    }","lastModifiedDate":"2023-09-12"},{"lineNumber":31,"author":{"gitId":"jacqhal"},"content":"","lastModifiedDate":"2023-09-12"},{"lineNumber":32,"author":{"gitId":"jacqhal"},"content":"    public static void addTaskToList(Task[] taskArr){","lastModifiedDate":"2023-09-13"},{"lineNumber":33,"author":{"gitId":"jacqhal"},"content":"        myList.addToList(taskArr);","lastModifiedDate":"2023-09-12"},{"lineNumber":34,"author":{"gitId":"jacqhal"},"content":"    }","lastModifiedDate":"2023-09-12"},{"lineNumber":35,"author":{"gitId":"jacqhal"},"content":"","lastModifiedDate":"2023-09-13"},{"lineNumber":36,"author":{"gitId":"jacqhal"},"content":"    public static void markTaskAsDone(int taskNum){","lastModifiedDate":"2023-09-13"},{"lineNumber":37,"author":{"gitId":"jacqhal"},"content":"        int taskIdx \u003d taskNum - 1;","lastModifiedDate":"2023-09-13"},{"lineNumber":38,"author":{"gitId":"jacqhal"},"content":"        Task task \u003d myList.getItem(taskIdx);","lastModifiedDate":"2023-09-13"},{"lineNumber":39,"author":{"gitId":"jacqhal"},"content":"        task.setIsDone(true);","lastModifiedDate":"2023-09-13"},{"lineNumber":40,"author":{"gitId":"jacqhal"},"content":"        Joshua.joshuaSays(\"Marked task: \" + task);","lastModifiedDate":"2023-09-13"},{"lineNumber":41,"author":{"gitId":"jacqhal"},"content":"    }","lastModifiedDate":"2023-09-13"},{"lineNumber":42,"author":{"gitId":"jacqhal"},"content":"","lastModifiedDate":"2023-09-13"},{"lineNumber":43,"author":{"gitId":"jacqhal"},"content":"    public static void markTaskAsNotDone(int taskNum){","lastModifiedDate":"2023-09-13"},{"lineNumber":44,"author":{"gitId":"jacqhal"},"content":"        int taskIdx \u003d taskNum - 1;","lastModifiedDate":"2023-09-13"},{"lineNumber":45,"author":{"gitId":"jacqhal"},"content":"        Task task \u003d myList.getItem(taskIdx);","lastModifiedDate":"2023-09-13"},{"lineNumber":46,"author":{"gitId":"jacqhal"},"content":"        task.setIsDone(false);","lastModifiedDate":"2023-09-13"},{"lineNumber":47,"author":{"gitId":"jacqhal"},"content":"        Joshua.joshuaSays(\"Unmarked task: \" + task);","lastModifiedDate":"2023-09-13"},{"lineNumber":48,"author":{"gitId":"jacqhal"},"content":"    }","lastModifiedDate":"2023-09-13"},{"lineNumber":49,"author":{"gitId":"jacqhal"},"content":"}","lastModifiedDate":"2023-09-12"}],"authorContributionMap":{"jacqhal":49}},{"path":"src/main/java/wargames/MyList.java","fileType":"java","lines":[{"lineNumber":1,"author":{"gitId":"jacqhal"},"content":"// MyList.java manages the list of tasks","lastModifiedDate":"2023-09-12"},{"lineNumber":2,"author":{"gitId":"jacqhal"},"content":"","lastModifiedDate":"2023-09-12"},{"lineNumber":3,"author":{"gitId":"jacqhal"},"content":"package wargames;","lastModifiedDate":"2023-09-08"},{"lineNumber":4,"author":{"gitId":"jacqhal"},"content":"import java.util.Arrays;","lastModifiedDate":"2023-09-08"},{"lineNumber":5,"author":{"gitId":"jacqhal"},"content":"","lastModifiedDate":"2023-09-08"},{"lineNumber":6,"author":{"gitId":"jacqhal"},"content":"public class MyList {","lastModifiedDate":"2023-09-08"},{"lineNumber":7,"author":{"gitId":"jacqhal"},"content":"    private Task[] list \u003d new Task[0];","lastModifiedDate":"2023-09-13"},{"lineNumber":8,"author":{"gitId":"jacqhal"},"content":"","lastModifiedDate":"2023-09-08"},{"lineNumber":9,"author":{"gitId":"jacqhal"},"content":"    public MyList(){","lastModifiedDate":"2023-09-08"},{"lineNumber":10,"author":{"gitId":"jacqhal"},"content":"","lastModifiedDate":"2023-09-08"},{"lineNumber":11,"author":{"gitId":"jacqhal"},"content":"    }","lastModifiedDate":"2023-09-08"},{"lineNumber":12,"author":{"gitId":"jacqhal"},"content":"","lastModifiedDate":"2023-09-08"},{"lineNumber":13,"author":{"gitId":"jacqhal"},"content":"    public void addToList(Task task){","lastModifiedDate":"2023-09-13"},{"lineNumber":14,"author":{"gitId":"jacqhal"},"content":"        list \u003d Arrays.copyOf(list, list.length + 1);","lastModifiedDate":"2023-09-08"},{"lineNumber":15,"author":{"gitId":"jacqhal"},"content":"        list[list.length - 1] \u003d task;","lastModifiedDate":"2023-09-13"},{"lineNumber":16,"author":{"gitId":"jacqhal"},"content":"    }","lastModifiedDate":"2023-09-08"},{"lineNumber":17,"author":{"gitId":"jacqhal"},"content":"","lastModifiedDate":"2023-09-08"},{"lineNumber":18,"author":{"gitId":"jacqhal"},"content":"    public void addToList(Task[] arr){","lastModifiedDate":"2023-09-13"},{"lineNumber":19,"author":{"gitId":"jacqhal"},"content":"        for (Task task : arr){","lastModifiedDate":"2023-09-13"},{"lineNumber":20,"author":{"gitId":"jacqhal"},"content":"            list \u003d Arrays.copyOf(list, list.length + 1);","lastModifiedDate":"2023-09-08"},{"lineNumber":21,"author":{"gitId":"jacqhal"},"content":"            list[list.length - 1] \u003d task;","lastModifiedDate":"2023-09-13"},{"lineNumber":22,"author":{"gitId":"jacqhal"},"content":"        }","lastModifiedDate":"2023-09-08"},{"lineNumber":23,"author":{"gitId":"jacqhal"},"content":"    }","lastModifiedDate":"2023-09-08"},{"lineNumber":24,"author":{"gitId":"jacqhal"},"content":"","lastModifiedDate":"2023-09-08"},{"lineNumber":25,"author":{"gitId":"jacqhal"},"content":"    public Task getItem(int index){","lastModifiedDate":"2023-09-13"},{"lineNumber":26,"author":{"gitId":"jacqhal"},"content":"        return list[index];","lastModifiedDate":"2023-09-13"},{"lineNumber":27,"author":{"gitId":"jacqhal"},"content":"    }","lastModifiedDate":"2023-09-13"},{"lineNumber":28,"author":{"gitId":"jacqhal"},"content":"","lastModifiedDate":"2023-09-13"},{"lineNumber":29,"author":{"gitId":"jacqhal"},"content":"    public Task[] getList(){","lastModifiedDate":"2023-09-13"},{"lineNumber":30,"author":{"gitId":"jacqhal"},"content":"        return list;","lastModifiedDate":"2023-09-08"},{"lineNumber":31,"author":{"gitId":"jacqhal"},"content":"    }","lastModifiedDate":"2023-09-08"},{"lineNumber":32,"author":{"gitId":"jacqhal"},"content":"","lastModifiedDate":"2023-09-12"},{"lineNumber":33,"author":{"gitId":"jacqhal"},"content":"    @Override","lastModifiedDate":"2023-09-12"},{"lineNumber":34,"author":{"gitId":"jacqhal"},"content":"    public String toString() {","lastModifiedDate":"2023-09-12"},{"lineNumber":35,"author":{"gitId":"jacqhal"},"content":"        StringBuilder str \u003d new StringBuilder();","lastModifiedDate":"2023-09-13"},{"lineNumber":36,"author":{"gitId":"jacqhal"},"content":"        for (int i \u003d 0; i \u003c list.length; i++) {","lastModifiedDate":"2023-09-12"},{"lineNumber":37,"author":{"gitId":"jacqhal"},"content":"            int count \u003d i + 1;","lastModifiedDate":"2023-09-12"},{"lineNumber":38,"author":{"gitId":"jacqhal"},"content":"            str.append(count).append(\". \").append(list[i]).append(\"\\n\");","lastModifiedDate":"2023-09-13"},{"lineNumber":39,"author":{"gitId":"jacqhal"},"content":"        }","lastModifiedDate":"2023-09-12"},{"lineNumber":40,"author":{"gitId":"jacqhal"},"content":"        return str.toString();","lastModifiedDate":"2023-09-13"},{"lineNumber":41,"author":{"gitId":"jacqhal"},"content":"    }","lastModifiedDate":"2023-09-12"},{"lineNumber":42,"author":{"gitId":"jacqhal"},"content":"}","lastModifiedDate":"2023-09-08"}],"authorContributionMap":{"jacqhal":42}},{"path":"src/main/java/wargames/Task.java","fileType":"java","lines":[{"lineNumber":1,"author":{"gitId":"jacqhal"},"content":"package wargames;","lastModifiedDate":"2023-09-13"},{"lineNumber":2,"author":{"gitId":"jacqhal"},"content":"","lastModifiedDate":"2023-09-13"},{"lineNumber":3,"author":{"gitId":"jacqhal"},"content":"public class Task {","lastModifiedDate":"2023-09-13"},{"lineNumber":4,"author":{"gitId":"jacqhal"},"content":"    private String desc;","lastModifiedDate":"2023-09-13"},{"lineNumber":5,"author":{"gitId":"jacqhal"},"content":"    private boolean isDone;","lastModifiedDate":"2023-09-13"},{"lineNumber":6,"author":{"gitId":"jacqhal"},"content":"","lastModifiedDate":"2023-09-13"},{"lineNumber":7,"author":{"gitId":"jacqhal"},"content":"    public Task(String desc){","lastModifiedDate":"2023-09-13"},{"lineNumber":8,"author":{"gitId":"jacqhal"},"content":"        this.desc \u003d desc;","lastModifiedDate":"2023-09-13"},{"lineNumber":9,"author":{"gitId":"jacqhal"},"content":"        this.isDone \u003d false;","lastModifiedDate":"2023-09-13"},{"lineNumber":10,"author":{"gitId":"jacqhal"},"content":"    }","lastModifiedDate":"2023-09-13"},{"lineNumber":11,"author":{"gitId":"jacqhal"},"content":"","lastModifiedDate":"2023-09-13"},{"lineNumber":12,"author":{"gitId":"jacqhal"},"content":"    public String getDesc() {","lastModifiedDate":"2023-09-13"},{"lineNumber":13,"author":{"gitId":"jacqhal"},"content":"        return desc;","lastModifiedDate":"2023-09-13"},{"lineNumber":14,"author":{"gitId":"jacqhal"},"content":"    }","lastModifiedDate":"2023-09-13"},{"lineNumber":15,"author":{"gitId":"jacqhal"},"content":"","lastModifiedDate":"2023-09-13"},{"lineNumber":16,"author":{"gitId":"jacqhal"},"content":"    public void setDesc(String desc) {","lastModifiedDate":"2023-09-13"},{"lineNumber":17,"author":{"gitId":"jacqhal"},"content":"        this.desc \u003d desc;","lastModifiedDate":"2023-09-13"},{"lineNumber":18,"author":{"gitId":"jacqhal"},"content":"    }","lastModifiedDate":"2023-09-13"},{"lineNumber":19,"author":{"gitId":"jacqhal"},"content":"","lastModifiedDate":"2023-09-13"},{"lineNumber":20,"author":{"gitId":"jacqhal"},"content":"    public boolean getIsDone(){","lastModifiedDate":"2023-09-13"},{"lineNumber":21,"author":{"gitId":"jacqhal"},"content":"        return isDone;","lastModifiedDate":"2023-09-13"},{"lineNumber":22,"author":{"gitId":"jacqhal"},"content":"    }","lastModifiedDate":"2023-09-13"},{"lineNumber":23,"author":{"gitId":"jacqhal"},"content":"","lastModifiedDate":"2023-09-13"},{"lineNumber":24,"author":{"gitId":"jacqhal"},"content":"    public void setIsDone(boolean isDone){","lastModifiedDate":"2023-09-13"},{"lineNumber":25,"author":{"gitId":"jacqhal"},"content":"        this.isDone \u003d isDone;","lastModifiedDate":"2023-09-13"},{"lineNumber":26,"author":{"gitId":"jacqhal"},"content":"    }","lastModifiedDate":"2023-09-13"},{"lineNumber":27,"author":{"gitId":"jacqhal"},"content":"","lastModifiedDate":"2023-09-13"},{"lineNumber":28,"author":{"gitId":"jacqhal"},"content":"    @Override","lastModifiedDate":"2023-09-13"},{"lineNumber":29,"author":{"gitId":"jacqhal"},"content":"    public String toString() {","lastModifiedDate":"2023-09-13"},{"lineNumber":30,"author":{"gitId":"jacqhal"},"content":"        String doneMarker \u003d \" \";","lastModifiedDate":"2023-09-13"},{"lineNumber":31,"author":{"gitId":"jacqhal"},"content":"        if (isDone) {","lastModifiedDate":"2023-09-13"},{"lineNumber":32,"author":{"gitId":"jacqhal"},"content":"            doneMarker \u003d \"X\";","lastModifiedDate":"2023-09-13"},{"lineNumber":33,"author":{"gitId":"jacqhal"},"content":"        }","lastModifiedDate":"2023-09-13"},{"lineNumber":34,"author":{"gitId":"jacqhal"},"content":"        return \"[\" + doneMarker + \"] \" + desc;","lastModifiedDate":"2023-09-13"},{"lineNumber":35,"author":{"gitId":"jacqhal"},"content":"    }","lastModifiedDate":"2023-09-13"},{"lineNumber":36,"author":{"gitId":"jacqhal"},"content":"}","lastModifiedDate":"2023-09-13"}],"authorContributionMap":{"jacqhal":36}}]
