[{"path":"src/main/java/wargames/Deadline.java","fileType":"java","lines":[{"lineNumber":1,"author":{"gitId":"jacqhal"},"content":"package wargames;","lastModifiedDate":"2023-10-08"},{"lineNumber":2,"author":{"gitId":"jacqhal"},"content":"","lastModifiedDate":"2023-10-08"},{"lineNumber":3,"author":{"gitId":"jacqhal"},"content":"public class Deadline extends Task{","lastModifiedDate":"2023-10-08"},{"lineNumber":4,"author":{"gitId":"jacqhal"},"content":"    private String by;","lastModifiedDate":"2023-10-08"},{"lineNumber":5,"author":{"gitId":"jacqhal"},"content":"","lastModifiedDate":"2023-10-08"},{"lineNumber":6,"author":{"gitId":"jacqhal"},"content":"    public Deadline(String desc, String by) {","lastModifiedDate":"2023-10-08"},{"lineNumber":7,"author":{"gitId":"jacqhal"},"content":"        super(desc);","lastModifiedDate":"2023-10-08"},{"lineNumber":8,"author":{"gitId":"jacqhal"},"content":"        this.by \u003d by;","lastModifiedDate":"2023-10-08"},{"lineNumber":9,"author":{"gitId":"jacqhal"},"content":"    }","lastModifiedDate":"2023-10-08"},{"lineNumber":10,"author":{"gitId":"jacqhal"},"content":"","lastModifiedDate":"2023-10-08"},{"lineNumber":11,"author":{"gitId":"jacqhal"},"content":"    @Override","lastModifiedDate":"2023-10-08"},{"lineNumber":12,"author":{"gitId":"jacqhal"},"content":"    public String toString() {","lastModifiedDate":"2023-10-08"},{"lineNumber":13,"author":{"gitId":"jacqhal"},"content":"        return \"[D] \" + super.toString() + \" (by: \" + by + \")\";","lastModifiedDate":"2023-10-08"},{"lineNumber":14,"author":{"gitId":"jacqhal"},"content":"    }","lastModifiedDate":"2023-10-08"},{"lineNumber":15,"author":{"gitId":"jacqhal"},"content":"}","lastModifiedDate":"2023-10-08"}],"authorContributionMap":{"jacqhal":15}},{"path":"src/main/java/wargames/Duke.java","fileType":"java","lines":[{"lineNumber":1,"author":{"gitId":"jacqhal"},"content":"package wargames;","lastModifiedDate":"2023-09-12"},{"lineNumber":2,"author":{"gitId":"jacqhal"},"content":"import java.util.ArrayList;","lastModifiedDate":"2023-10-08"},{"lineNumber":3,"author":{"gitId":"jacqhal"},"content":"import java.util.Arrays;","lastModifiedDate":"2023-10-08"},{"lineNumber":4,"author":{"gitId":"jacqhal"},"content":"import java.util.List;","lastModifiedDate":"2023-10-08"},{"lineNumber":5,"author":{"gitId":"jacqhal"},"content":"import java.util.Scanner;","lastModifiedDate":"2023-09-08"},{"lineNumber":6,"author":{"gitId":"jacqhal"},"content":"","lastModifiedDate":"2023-09-08"},{"lineNumber":7,"author":{"gitId":"-"},"content":"public class Duke {","lastModifiedDate":"2019-07-29"},{"lineNumber":8,"author":{"gitId":"-"},"content":"    public static void main(String[] args) {","lastModifiedDate":"2019-07-29"},{"lineNumber":9,"author":{"gitId":"jacqhal"},"content":"        Joshua.printGreetings();","lastModifiedDate":"2023-09-12"},{"lineNumber":10,"author":{"gitId":"jacqhal"},"content":"","lastModifiedDate":"2023-09-08"},{"lineNumber":11,"author":{"gitId":"jacqhal"},"content":"        String input;","lastModifiedDate":"2023-09-08"},{"lineNumber":12,"author":{"gitId":"jacqhal"},"content":"        Scanner in \u003d new Scanner(System.in);","lastModifiedDate":"2023-09-13"},{"lineNumber":13,"author":{"gitId":"jacqhal"},"content":"","lastModifiedDate":"2023-09-12"},{"lineNumber":14,"author":{"gitId":"jacqhal"},"content":"        do {","lastModifiedDate":"2023-09-08"},{"lineNumber":15,"author":{"gitId":"jacqhal"},"content":"            System.out.print(\"\u003e\u003e \");","lastModifiedDate":"2023-09-08"},{"lineNumber":16,"author":{"gitId":"jacqhal"},"content":"            input \u003d in.nextLine();","lastModifiedDate":"2023-09-13"},{"lineNumber":17,"author":{"gitId":"jacqhal"},"content":"            input \u003d input.toLowerCase();","lastModifiedDate":"2023-09-13"},{"lineNumber":18,"author":{"gitId":"jacqhal"},"content":"","lastModifiedDate":"2023-09-12"},{"lineNumber":19,"author":{"gitId":"jacqhal"},"content":"            if (input.equals(\"bye\")) {","lastModifiedDate":"2023-09-13"},{"lineNumber":20,"author":{"gitId":"jacqhal"},"content":"","lastModifiedDate":"2023-09-13"},{"lineNumber":21,"author":{"gitId":"jacqhal"},"content":"            }","lastModifiedDate":"2023-09-13"},{"lineNumber":22,"author":{"gitId":"jacqhal"},"content":"            else if (input.equals(\"list\")) {","lastModifiedDate":"2023-09-13"},{"lineNumber":23,"author":{"gitId":"jacqhal"},"content":"                Joshua.printMyList();","lastModifiedDate":"2023-09-12"},{"lineNumber":24,"author":{"gitId":"jacqhal"},"content":"            }","lastModifiedDate":"2023-09-12"},{"lineNumber":25,"author":{"gitId":"jacqhal"},"content":"            else if (input.startsWith(\"mark \")) {","lastModifiedDate":"2023-09-13"},{"lineNumber":26,"author":{"gitId":"jacqhal"},"content":"                // TODO: Handle the case where mark is empty; no number is given","lastModifiedDate":"2023-10-10"},{"lineNumber":27,"author":{"gitId":"jacqhal"},"content":"                try {","lastModifiedDate":"2023-09-13"},{"lineNumber":28,"author":{"gitId":"jacqhal"},"content":"                    int taskNum \u003d parseTaskNumber(input, 5);","lastModifiedDate":"2023-09-13"},{"lineNumber":29,"author":{"gitId":"jacqhal"},"content":"                    Joshua.markTaskAsDone(taskNum);","lastModifiedDate":"2023-09-13"},{"lineNumber":30,"author":{"gitId":"jacqhal"},"content":"                } catch (ArrayIndexOutOfBoundsException e) {","lastModifiedDate":"2023-09-13"},{"lineNumber":31,"author":{"gitId":"jacqhal"},"content":"                    Joshua.joshuaSays(\"Enter a number from the task list.\");","lastModifiedDate":"2023-09-13"},{"lineNumber":32,"author":{"gitId":"jacqhal"},"content":"                }","lastModifiedDate":"2023-09-13"},{"lineNumber":33,"author":{"gitId":"jacqhal"},"content":"            }","lastModifiedDate":"2023-09-13"},{"lineNumber":34,"author":{"gitId":"jacqhal"},"content":"            else if (input.startsWith(\"unmark \")) {","lastModifiedDate":"2023-09-13"},{"lineNumber":35,"author":{"gitId":"jacqhal"},"content":"                try {","lastModifiedDate":"2023-09-13"},{"lineNumber":36,"author":{"gitId":"jacqhal"},"content":"                    int taskNum \u003d parseTaskNumber(input, 7);","lastModifiedDate":"2023-09-13"},{"lineNumber":37,"author":{"gitId":"jacqhal"},"content":"                    Joshua.markTaskAsNotDone(taskNum);","lastModifiedDate":"2023-09-13"},{"lineNumber":38,"author":{"gitId":"jacqhal"},"content":"                } catch (ArrayIndexOutOfBoundsException e) {","lastModifiedDate":"2023-09-13"},{"lineNumber":39,"author":{"gitId":"jacqhal"},"content":"                    Joshua.joshuaSays(\"Enter a number from the task list.\");","lastModifiedDate":"2023-09-13"},{"lineNumber":40,"author":{"gitId":"jacqhal"},"content":"                }","lastModifiedDate":"2023-09-13"},{"lineNumber":41,"author":{"gitId":"jacqhal"},"content":"            }","lastModifiedDate":"2023-09-13"},{"lineNumber":42,"author":{"gitId":"jacqhal"},"content":"            else if (input.startsWith(\"todo \")) {","lastModifiedDate":"2023-10-08"},{"lineNumber":43,"author":{"gitId":"jacqhal"},"content":"                List\u003cString\u003e inputArrayList \u003d stringToArrayList(input);","lastModifiedDate":"2023-10-10"},{"lineNumber":44,"author":{"gitId":"jacqhal"},"content":"                List\u003cString\u003e descArrayList \u003d inputArrayList.subList(1, inputArrayList.size());","lastModifiedDate":"2023-10-10"},{"lineNumber":45,"author":{"gitId":"jacqhal"},"content":"                String desc \u003d String.join(\" \", descArrayList);","lastModifiedDate":"2023-10-10"},{"lineNumber":46,"author":{"gitId":"jacqhal"},"content":"                Task todo \u003d new ToDo(desc);","lastModifiedDate":"2023-10-10"},{"lineNumber":47,"author":{"gitId":"jacqhal"},"content":"                Joshua.addTaskToList(todo);","lastModifiedDate":"2023-10-08"},{"lineNumber":48,"author":{"gitId":"jacqhal"},"content":"            }","lastModifiedDate":"2023-10-08"},{"lineNumber":49,"author":{"gitId":"jacqhal"},"content":"            else if (input.startsWith(\"deadline \")) {","lastModifiedDate":"2023-10-08"},{"lineNumber":50,"author":{"gitId":"jacqhal"},"content":"                // TODO: Check that the input contains /by first, handle the case where it doesn\u0027t","lastModifiedDate":"2023-10-08"},{"lineNumber":51,"author":{"gitId":"jacqhal"},"content":"                // Get \"desc\" and \"by\" from input","lastModifiedDate":"2023-10-10"},{"lineNumber":52,"author":{"gitId":"jacqhal"},"content":"                List\u003cString\u003e inputArrayList \u003d stringToArrayList(input);","lastModifiedDate":"2023-10-08"},{"lineNumber":53,"author":{"gitId":"jacqhal"},"content":"                int byMarker \u003d inputArrayList.indexOf(\"/by\");","lastModifiedDate":"2023-10-08"},{"lineNumber":54,"author":{"gitId":"jacqhal"},"content":"                List\u003cString\u003e descArrayList \u003d inputArrayList.subList(1, byMarker);","lastModifiedDate":"2023-10-10"},{"lineNumber":55,"author":{"gitId":"jacqhal"},"content":"                String desc \u003d String.join(\" \", descArrayList);","lastModifiedDate":"2023-10-10"},{"lineNumber":56,"author":{"gitId":"jacqhal"},"content":"                List\u003cString\u003e byArrayList \u003d inputArrayList.subList(byMarker+1, inputArrayList.size());","lastModifiedDate":"2023-10-10"},{"lineNumber":57,"author":{"gitId":"jacqhal"},"content":"                String by \u003d String.join(\" \", byArrayList);","lastModifiedDate":"2023-10-08"},{"lineNumber":58,"author":{"gitId":"jacqhal"},"content":"                // Create Deadline and add to list","lastModifiedDate":"2023-10-08"},{"lineNumber":59,"author":{"gitId":"jacqhal"},"content":"                Task deadline \u003d new Deadline(desc, by);","lastModifiedDate":"2023-10-10"},{"lineNumber":60,"author":{"gitId":"jacqhal"},"content":"                Joshua.addTaskToList(deadline);","lastModifiedDate":"2023-10-08"},{"lineNumber":61,"author":{"gitId":"jacqhal"},"content":"            }","lastModifiedDate":"2023-10-08"},{"lineNumber":62,"author":{"gitId":"jacqhal"},"content":"            else if (input.startsWith(\"event \")) {","lastModifiedDate":"2023-10-08"},{"lineNumber":63,"author":{"gitId":"jacqhal"},"content":"                // Get \"from\" and \"to\" from the input","lastModifiedDate":"2023-10-08"},{"lineNumber":64,"author":{"gitId":"jacqhal"},"content":"                List\u003cString\u003e inputArrayList \u003d stringToArrayList(input);","lastModifiedDate":"2023-10-08"},{"lineNumber":65,"author":{"gitId":"jacqhal"},"content":"                int fromMarker \u003d inputArrayList.indexOf(\"/from\");","lastModifiedDate":"2023-10-08"},{"lineNumber":66,"author":{"gitId":"jacqhal"},"content":"                int toMarker \u003d inputArrayList.indexOf(\"/to\");","lastModifiedDate":"2023-10-08"},{"lineNumber":67,"author":{"gitId":"jacqhal"},"content":"                List\u003cString\u003e descArrayList \u003d inputArrayList.subList(1, fromMarker);","lastModifiedDate":"2023-10-10"},{"lineNumber":68,"author":{"gitId":"jacqhal"},"content":"                String desc \u003d String.join(\" \", descArrayList);","lastModifiedDate":"2023-10-10"},{"lineNumber":69,"author":{"gitId":"jacqhal"},"content":"                List\u003cString\u003e fromArrayList \u003d inputArrayList.subList(fromMarker+1, toMarker);","lastModifiedDate":"2023-10-10"},{"lineNumber":70,"author":{"gitId":"jacqhal"},"content":"                String from \u003d String.join(\" \", fromArrayList);","lastModifiedDate":"2023-10-08"},{"lineNumber":71,"author":{"gitId":"jacqhal"},"content":"                List\u003cString\u003e toArrayList \u003d inputArrayList.subList(toMarker+1, inputArrayList.size());","lastModifiedDate":"2023-10-10"},{"lineNumber":72,"author":{"gitId":"jacqhal"},"content":"                String to \u003d String.join(\" \", toArrayList);","lastModifiedDate":"2023-10-08"},{"lineNumber":73,"author":{"gitId":"jacqhal"},"content":"                // Create Event and add to list","lastModifiedDate":"2023-10-08"},{"lineNumber":74,"author":{"gitId":"jacqhal"},"content":"                Task event \u003d new Event(desc, from, to);","lastModifiedDate":"2023-10-10"},{"lineNumber":75,"author":{"gitId":"jacqhal"},"content":"                Joshua.addTaskToList(event);","lastModifiedDate":"2023-10-08"},{"lineNumber":76,"author":{"gitId":"jacqhal"},"content":"            }","lastModifiedDate":"2023-10-08"},{"lineNumber":77,"author":{"gitId":"jacqhal"},"content":"            else {","lastModifiedDate":"2023-09-12"},{"lineNumber":78,"author":{"gitId":"jacqhal"},"content":"                Task task \u003d new Task(input);","lastModifiedDate":"2023-09-13"},{"lineNumber":79,"author":{"gitId":"jacqhal"},"content":"                Joshua.addTaskToList(task);","lastModifiedDate":"2023-09-13"},{"lineNumber":80,"author":{"gitId":"jacqhal"},"content":"            }","lastModifiedDate":"2023-09-12"},{"lineNumber":81,"author":{"gitId":"jacqhal"},"content":"        } while (!input.equals(\"bye\"));","lastModifiedDate":"2023-09-08"},{"lineNumber":82,"author":{"gitId":"jacqhal"},"content":"","lastModifiedDate":"2023-09-08"},{"lineNumber":83,"author":{"gitId":"jacqhal"},"content":"        Joshua.joshuaSays(\"\\nGOODBYE.\");","lastModifiedDate":"2023-09-12"},{"lineNumber":84,"author":{"gitId":"jacqhal"},"content":"    }","lastModifiedDate":"2023-09-08"},{"lineNumber":85,"author":{"gitId":"jacqhal"},"content":"","lastModifiedDate":"2023-09-08"},{"lineNumber":86,"author":{"gitId":"jacqhal"},"content":"    public static int parseTaskNumber(String input, int beginIndex) {","lastModifiedDate":"2023-09-13"},{"lineNumber":87,"author":{"gitId":"jacqhal"},"content":"        int taskNum \u003d -1;","lastModifiedDate":"2023-09-13"},{"lineNumber":88,"author":{"gitId":"jacqhal"},"content":"        try {","lastModifiedDate":"2023-09-13"},{"lineNumber":89,"author":{"gitId":"jacqhal"},"content":"            taskNum \u003d Integer.parseInt(input.substring(beginIndex));","lastModifiedDate":"2023-09-13"},{"lineNumber":90,"author":{"gitId":"jacqhal"},"content":"        } catch (NumberFormatException e) {","lastModifiedDate":"2023-09-13"},{"lineNumber":91,"author":{"gitId":"jacqhal"},"content":"            // Did not find a valid integer","lastModifiedDate":"2023-09-13"},{"lineNumber":92,"author":{"gitId":"jacqhal"},"content":"            Joshua.joshuaSays(\"Enter a valid task number.\");","lastModifiedDate":"2023-09-13"},{"lineNumber":93,"author":{"gitId":"jacqhal"},"content":"        }","lastModifiedDate":"2023-09-13"},{"lineNumber":94,"author":{"gitId":"jacqhal"},"content":"        return taskNum;","lastModifiedDate":"2023-09-13"},{"lineNumber":95,"author":{"gitId":"jacqhal"},"content":"    }","lastModifiedDate":"2023-09-08"},{"lineNumber":96,"author":{"gitId":"jacqhal"},"content":"","lastModifiedDate":"2023-09-08"},{"lineNumber":97,"author":{"gitId":"jacqhal"},"content":"    public static ArrayList\u003cString\u003e stringToArrayList(String str) {","lastModifiedDate":"2023-10-08"},{"lineNumber":98,"author":{"gitId":"jacqhal"},"content":"        String[] strArray \u003d str.split(\"\\\\s+\"); // Split on any number of whitespaces","lastModifiedDate":"2023-10-08"},{"lineNumber":99,"author":{"gitId":"jacqhal"},"content":"        List\u003cString\u003e strList \u003d new ArrayList\u003c\u003e(Arrays.asList(strArray));","lastModifiedDate":"2023-10-08"},{"lineNumber":100,"author":{"gitId":"jacqhal"},"content":"        return new ArrayList\u003c\u003e(strList);","lastModifiedDate":"2023-10-08"},{"lineNumber":101,"author":{"gitId":"jacqhal"},"content":"    }","lastModifiedDate":"2023-10-08"},{"lineNumber":102,"author":{"gitId":"jacqhal"},"content":"","lastModifiedDate":"2023-10-08"},{"lineNumber":103,"author":{"gitId":"-"},"content":"}","lastModifiedDate":"2019-07-29"}],"authorContributionMap":{"jacqhal":100,"-":3}},{"path":"src/main/java/wargames/Event.java","fileType":"java","lines":[{"lineNumber":1,"author":{"gitId":"jacqhal"},"content":"package wargames;","lastModifiedDate":"2023-10-08"},{"lineNumber":2,"author":{"gitId":"jacqhal"},"content":"","lastModifiedDate":"2023-10-08"},{"lineNumber":3,"author":{"gitId":"jacqhal"},"content":"public class Event extends Task {","lastModifiedDate":"2023-10-08"},{"lineNumber":4,"author":{"gitId":"jacqhal"},"content":"    private String from;","lastModifiedDate":"2023-10-08"},{"lineNumber":5,"author":{"gitId":"jacqhal"},"content":"    private String to;","lastModifiedDate":"2023-10-08"},{"lineNumber":6,"author":{"gitId":"jacqhal"},"content":"","lastModifiedDate":"2023-10-08"},{"lineNumber":7,"author":{"gitId":"jacqhal"},"content":"    public Event(String desc, String from, String to) {","lastModifiedDate":"2023-10-08"},{"lineNumber":8,"author":{"gitId":"jacqhal"},"content":"        super(desc);","lastModifiedDate":"2023-10-08"},{"lineNumber":9,"author":{"gitId":"jacqhal"},"content":"        this.from \u003d from;","lastModifiedDate":"2023-10-08"},{"lineNumber":10,"author":{"gitId":"jacqhal"},"content":"        this.to \u003d to;","lastModifiedDate":"2023-10-08"},{"lineNumber":11,"author":{"gitId":"jacqhal"},"content":"    }","lastModifiedDate":"2023-10-08"},{"lineNumber":12,"author":{"gitId":"jacqhal"},"content":"","lastModifiedDate":"2023-10-08"},{"lineNumber":13,"author":{"gitId":"jacqhal"},"content":"    @Override","lastModifiedDate":"2023-10-08"},{"lineNumber":14,"author":{"gitId":"jacqhal"},"content":"    public String toString() {","lastModifiedDate":"2023-10-08"},{"lineNumber":15,"author":{"gitId":"jacqhal"},"content":"        return \"[E] \" + super.toString() + \" (from: \" + from + \", to: \" + to + \")\";","lastModifiedDate":"2023-10-08"},{"lineNumber":16,"author":{"gitId":"jacqhal"},"content":"    }","lastModifiedDate":"2023-10-08"},{"lineNumber":17,"author":{"gitId":"jacqhal"},"content":"}","lastModifiedDate":"2023-10-08"}],"authorContributionMap":{"jacqhal":17}},{"path":"src/main/java/wargames/Joshua.java","fileType":"java","lines":[{"lineNumber":1,"author":{"gitId":"jacqhal"},"content":"// Joshua.java handles chatbot-related logic","lastModifiedDate":"2023-09-12"},{"lineNumber":2,"author":{"gitId":"jacqhal"},"content":"","lastModifiedDate":"2023-09-12"},{"lineNumber":3,"author":{"gitId":"jacqhal"},"content":"package wargames;","lastModifiedDate":"2023-09-12"},{"lineNumber":4,"author":{"gitId":"jacqhal"},"content":"","lastModifiedDate":"2023-09-12"},{"lineNumber":5,"author":{"gitId":"jacqhal"},"content":"public class Joshua {","lastModifiedDate":"2023-09-12"},{"lineNumber":6,"author":{"gitId":"jacqhal"},"content":"    private static final MyList myList \u003d new MyList();","lastModifiedDate":"2023-09-13"},{"lineNumber":7,"author":{"gitId":"jacqhal"},"content":"","lastModifiedDate":"2023-09-12"},{"lineNumber":8,"author":{"gitId":"jacqhal"},"content":"    public Joshua(){","lastModifiedDate":"2023-09-12"},{"lineNumber":9,"author":{"gitId":"jacqhal"},"content":"","lastModifiedDate":"2023-09-12"},{"lineNumber":10,"author":{"gitId":"jacqhal"},"content":"    }","lastModifiedDate":"2023-09-12"},{"lineNumber":11,"author":{"gitId":"jacqhal"},"content":"","lastModifiedDate":"2023-09-12"},{"lineNumber":12,"author":{"gitId":"jacqhal"},"content":"    public static void joshuaSays(String str){","lastModifiedDate":"2023-09-12"},{"lineNumber":13,"author":{"gitId":"jacqhal"},"content":"        str \u003d str.toUpperCase();","lastModifiedDate":"2023-09-12"},{"lineNumber":14,"author":{"gitId":"jacqhal"},"content":"        System.out.println(str + \"\\n\");","lastModifiedDate":"2023-09-12"},{"lineNumber":15,"author":{"gitId":"jacqhal"},"content":"    }","lastModifiedDate":"2023-09-12"},{"lineNumber":16,"author":{"gitId":"jacqhal"},"content":"","lastModifiedDate":"2023-09-12"},{"lineNumber":17,"author":{"gitId":"jacqhal"},"content":"    public static void printGreetings(){","lastModifiedDate":"2023-09-12"},{"lineNumber":18,"author":{"gitId":"jacqhal"},"content":"        joshuaSays(\"GREETINGS PROFESSOR FALKEN.\\n\\n\"","lastModifiedDate":"2023-09-12"},{"lineNumber":19,"author":{"gitId":"jacqhal"},"content":"                     + \"SHALL WE PLAY A GAME?\");","lastModifiedDate":"2023-09-12"},{"lineNumber":20,"author":{"gitId":"jacqhal"},"content":"    }","lastModifiedDate":"2023-09-12"},{"lineNumber":21,"author":{"gitId":"jacqhal"},"content":"","lastModifiedDate":"2023-09-12"},{"lineNumber":22,"author":{"gitId":"jacqhal"},"content":"    public static void printMyList(){","lastModifiedDate":"2023-09-12"},{"lineNumber":23,"author":{"gitId":"jacqhal"},"content":"        joshuaSays(\"Here is your current list:\");","lastModifiedDate":"2023-09-12"},{"lineNumber":24,"author":{"gitId":"jacqhal"},"content":"        joshuaSays(myList.toString());","lastModifiedDate":"2023-09-12"},{"lineNumber":25,"author":{"gitId":"jacqhal"},"content":"    }","lastModifiedDate":"2023-09-12"},{"lineNumber":26,"author":{"gitId":"jacqhal"},"content":"","lastModifiedDate":"2023-09-12"},{"lineNumber":27,"author":{"gitId":"jacqhal"},"content":"    public static void addTaskToList(Task task){","lastModifiedDate":"2023-09-13"},{"lineNumber":28,"author":{"gitId":"jacqhal"},"content":"        myList.addToTaskList(task);","lastModifiedDate":"2023-10-08"},{"lineNumber":29,"author":{"gitId":"jacqhal"},"content":"        Joshua.joshuaSays(\"ADDED TASK: \" + task);","lastModifiedDate":"2023-09-13"},{"lineNumber":30,"author":{"gitId":"jacqhal"},"content":"    }","lastModifiedDate":"2023-09-12"},{"lineNumber":31,"author":{"gitId":"jacqhal"},"content":"","lastModifiedDate":"2023-09-12"},{"lineNumber":32,"author":{"gitId":"jacqhal"},"content":"    public static void addTaskToList(Task[] taskArr){","lastModifiedDate":"2023-09-13"},{"lineNumber":33,"author":{"gitId":"jacqhal"},"content":"        myList.addToList(taskArr);","lastModifiedDate":"2023-09-12"},{"lineNumber":34,"author":{"gitId":"jacqhal"},"content":"    }","lastModifiedDate":"2023-09-12"},{"lineNumber":35,"author":{"gitId":"jacqhal"},"content":"","lastModifiedDate":"2023-09-13"},{"lineNumber":36,"author":{"gitId":"jacqhal"},"content":"    public static void markTaskAsDone(int taskNum){","lastModifiedDate":"2023-09-13"},{"lineNumber":37,"author":{"gitId":"jacqhal"},"content":"        int taskIdx \u003d taskNum - 1;","lastModifiedDate":"2023-09-13"},{"lineNumber":38,"author":{"gitId":"jacqhal"},"content":"        Task task \u003d myList.getItem(taskIdx);","lastModifiedDate":"2023-09-13"},{"lineNumber":39,"author":{"gitId":"jacqhal"},"content":"        task.setIsDone(true);","lastModifiedDate":"2023-09-13"},{"lineNumber":40,"author":{"gitId":"jacqhal"},"content":"        Joshua.joshuaSays(\"Marked task: \" + task);","lastModifiedDate":"2023-09-13"},{"lineNumber":41,"author":{"gitId":"jacqhal"},"content":"    }","lastModifiedDate":"2023-09-13"},{"lineNumber":42,"author":{"gitId":"jacqhal"},"content":"","lastModifiedDate":"2023-09-13"},{"lineNumber":43,"author":{"gitId":"jacqhal"},"content":"    public static void markTaskAsNotDone(int taskNum){","lastModifiedDate":"2023-09-13"},{"lineNumber":44,"author":{"gitId":"jacqhal"},"content":"        int taskIdx \u003d taskNum - 1;","lastModifiedDate":"2023-09-13"},{"lineNumber":45,"author":{"gitId":"jacqhal"},"content":"        Task task \u003d myList.getItem(taskIdx);","lastModifiedDate":"2023-09-13"},{"lineNumber":46,"author":{"gitId":"jacqhal"},"content":"        task.setIsDone(false);","lastModifiedDate":"2023-09-13"},{"lineNumber":47,"author":{"gitId":"jacqhal"},"content":"        Joshua.joshuaSays(\"Unmarked task: \" + task);","lastModifiedDate":"2023-09-13"},{"lineNumber":48,"author":{"gitId":"jacqhal"},"content":"    }","lastModifiedDate":"2023-09-13"},{"lineNumber":49,"author":{"gitId":"jacqhal"},"content":"}","lastModifiedDate":"2023-09-12"}],"authorContributionMap":{"jacqhal":49}},{"path":"src/main/java/wargames/MyList.java","fileType":"java","lines":[{"lineNumber":1,"author":{"gitId":"jacqhal"},"content":"// MyList.java manages the list of tasks","lastModifiedDate":"2023-09-12"},{"lineNumber":2,"author":{"gitId":"jacqhal"},"content":"","lastModifiedDate":"2023-09-12"},{"lineNumber":3,"author":{"gitId":"jacqhal"},"content":"package wargames;","lastModifiedDate":"2023-09-08"},{"lineNumber":4,"author":{"gitId":"jacqhal"},"content":"import java.util.ArrayList;","lastModifiedDate":"2023-10-08"},{"lineNumber":5,"author":{"gitId":"jacqhal"},"content":"import java.util.Arrays;","lastModifiedDate":"2023-09-08"},{"lineNumber":6,"author":{"gitId":"jacqhal"},"content":"","lastModifiedDate":"2023-09-08"},{"lineNumber":7,"author":{"gitId":"jacqhal"},"content":"public class MyList {","lastModifiedDate":"2023-09-08"},{"lineNumber":8,"author":{"gitId":"jacqhal"},"content":"    private ArrayList\u003cTask\u003e tasklist \u003d new ArrayList\u003c\u003e();","lastModifiedDate":"2023-10-08"},{"lineNumber":9,"author":{"gitId":"jacqhal"},"content":"","lastModifiedDate":"2023-09-08"},{"lineNumber":10,"author":{"gitId":"jacqhal"},"content":"    public MyList(){","lastModifiedDate":"2023-09-08"},{"lineNumber":11,"author":{"gitId":"jacqhal"},"content":"","lastModifiedDate":"2023-09-08"},{"lineNumber":12,"author":{"gitId":"jacqhal"},"content":"    }","lastModifiedDate":"2023-09-08"},{"lineNumber":13,"author":{"gitId":"jacqhal"},"content":"","lastModifiedDate":"2023-09-08"},{"lineNumber":14,"author":{"gitId":"jacqhal"},"content":"    public void addToTaskList(Task task){","lastModifiedDate":"2023-10-08"},{"lineNumber":15,"author":{"gitId":"jacqhal"},"content":"        tasklist.add(task);","lastModifiedDate":"2023-10-08"},{"lineNumber":16,"author":{"gitId":"jacqhal"},"content":"    }","lastModifiedDate":"2023-09-08"},{"lineNumber":17,"author":{"gitId":"jacqhal"},"content":"","lastModifiedDate":"2023-09-08"},{"lineNumber":18,"author":{"gitId":"jacqhal"},"content":"    public void addToList(Task[] arr){","lastModifiedDate":"2023-09-13"},{"lineNumber":19,"author":{"gitId":"jacqhal"},"content":"        tasklist.addAll(Arrays.asList(arr));","lastModifiedDate":"2023-10-08"},{"lineNumber":20,"author":{"gitId":"jacqhal"},"content":"    }","lastModifiedDate":"2023-09-08"},{"lineNumber":21,"author":{"gitId":"jacqhal"},"content":"","lastModifiedDate":"2023-09-08"},{"lineNumber":22,"author":{"gitId":"jacqhal"},"content":"    public Task getItem(int index){","lastModifiedDate":"2023-09-13"},{"lineNumber":23,"author":{"gitId":"jacqhal"},"content":"        return tasklist.get(index);","lastModifiedDate":"2023-10-08"},{"lineNumber":24,"author":{"gitId":"jacqhal"},"content":"    }","lastModifiedDate":"2023-09-13"},{"lineNumber":25,"author":{"gitId":"jacqhal"},"content":"","lastModifiedDate":"2023-09-13"},{"lineNumber":26,"author":{"gitId":"jacqhal"},"content":"    public ArrayList\u003cTask\u003e getList(){","lastModifiedDate":"2023-10-08"},{"lineNumber":27,"author":{"gitId":"jacqhal"},"content":"        return tasklist;","lastModifiedDate":"2023-10-08"},{"lineNumber":28,"author":{"gitId":"jacqhal"},"content":"    }","lastModifiedDate":"2023-09-08"},{"lineNumber":29,"author":{"gitId":"jacqhal"},"content":"","lastModifiedDate":"2023-09-12"},{"lineNumber":30,"author":{"gitId":"jacqhal"},"content":"    @Override","lastModifiedDate":"2023-09-12"},{"lineNumber":31,"author":{"gitId":"jacqhal"},"content":"    public String toString() {","lastModifiedDate":"2023-09-12"},{"lineNumber":32,"author":{"gitId":"jacqhal"},"content":"        StringBuilder str \u003d new StringBuilder();","lastModifiedDate":"2023-09-13"},{"lineNumber":33,"author":{"gitId":"jacqhal"},"content":"        for (int i \u003d 0; i \u003c tasklist.size(); i++) {","lastModifiedDate":"2023-10-08"},{"lineNumber":34,"author":{"gitId":"jacqhal"},"content":"            int count \u003d i + 1;","lastModifiedDate":"2023-09-12"},{"lineNumber":35,"author":{"gitId":"jacqhal"},"content":"            str.append(count).append(\". \").append(tasklist.get(i)).append(\"\\n\");","lastModifiedDate":"2023-10-08"},{"lineNumber":36,"author":{"gitId":"jacqhal"},"content":"        }","lastModifiedDate":"2023-09-12"},{"lineNumber":37,"author":{"gitId":"jacqhal"},"content":"        return str.toString();","lastModifiedDate":"2023-09-13"},{"lineNumber":38,"author":{"gitId":"jacqhal"},"content":"    }","lastModifiedDate":"2023-09-12"},{"lineNumber":39,"author":{"gitId":"jacqhal"},"content":"}","lastModifiedDate":"2023-09-08"}],"authorContributionMap":{"jacqhal":39}},{"path":"src/main/java/wargames/Task.java","fileType":"java","lines":[{"lineNumber":1,"author":{"gitId":"jacqhal"},"content":"package wargames;","lastModifiedDate":"2023-09-13"},{"lineNumber":2,"author":{"gitId":"jacqhal"},"content":"","lastModifiedDate":"2023-09-13"},{"lineNumber":3,"author":{"gitId":"jacqhal"},"content":"public class Task {","lastModifiedDate":"2023-09-13"},{"lineNumber":4,"author":{"gitId":"jacqhal"},"content":"    private String desc;","lastModifiedDate":"2023-09-13"},{"lineNumber":5,"author":{"gitId":"jacqhal"},"content":"    private boolean isDone;","lastModifiedDate":"2023-09-13"},{"lineNumber":6,"author":{"gitId":"jacqhal"},"content":"","lastModifiedDate":"2023-09-13"},{"lineNumber":7,"author":{"gitId":"jacqhal"},"content":"    public Task(String desc){","lastModifiedDate":"2023-09-13"},{"lineNumber":8,"author":{"gitId":"jacqhal"},"content":"        this.desc \u003d desc;","lastModifiedDate":"2023-09-13"},{"lineNumber":9,"author":{"gitId":"jacqhal"},"content":"        this.isDone \u003d false;","lastModifiedDate":"2023-09-13"},{"lineNumber":10,"author":{"gitId":"jacqhal"},"content":"    }","lastModifiedDate":"2023-09-13"},{"lineNumber":11,"author":{"gitId":"jacqhal"},"content":"","lastModifiedDate":"2023-09-13"},{"lineNumber":12,"author":{"gitId":"jacqhal"},"content":"    public String getDesc() {","lastModifiedDate":"2023-09-13"},{"lineNumber":13,"author":{"gitId":"jacqhal"},"content":"        return desc;","lastModifiedDate":"2023-09-13"},{"lineNumber":14,"author":{"gitId":"jacqhal"},"content":"    }","lastModifiedDate":"2023-09-13"},{"lineNumber":15,"author":{"gitId":"jacqhal"},"content":"","lastModifiedDate":"2023-09-13"},{"lineNumber":16,"author":{"gitId":"jacqhal"},"content":"    public void setDesc(String desc) {","lastModifiedDate":"2023-09-13"},{"lineNumber":17,"author":{"gitId":"jacqhal"},"content":"        this.desc \u003d desc;","lastModifiedDate":"2023-09-13"},{"lineNumber":18,"author":{"gitId":"jacqhal"},"content":"    }","lastModifiedDate":"2023-09-13"},{"lineNumber":19,"author":{"gitId":"jacqhal"},"content":"","lastModifiedDate":"2023-09-13"},{"lineNumber":20,"author":{"gitId":"jacqhal"},"content":"    public boolean getIsDone(){","lastModifiedDate":"2023-09-13"},{"lineNumber":21,"author":{"gitId":"jacqhal"},"content":"        return isDone;","lastModifiedDate":"2023-09-13"},{"lineNumber":22,"author":{"gitId":"jacqhal"},"content":"    }","lastModifiedDate":"2023-09-13"},{"lineNumber":23,"author":{"gitId":"jacqhal"},"content":"","lastModifiedDate":"2023-09-13"},{"lineNumber":24,"author":{"gitId":"jacqhal"},"content":"    public void setIsDone(boolean isDone){","lastModifiedDate":"2023-09-13"},{"lineNumber":25,"author":{"gitId":"jacqhal"},"content":"        this.isDone \u003d isDone;","lastModifiedDate":"2023-09-13"},{"lineNumber":26,"author":{"gitId":"jacqhal"},"content":"    }","lastModifiedDate":"2023-09-13"},{"lineNumber":27,"author":{"gitId":"jacqhal"},"content":"","lastModifiedDate":"2023-09-13"},{"lineNumber":28,"author":{"gitId":"jacqhal"},"content":"    @Override","lastModifiedDate":"2023-09-13"},{"lineNumber":29,"author":{"gitId":"jacqhal"},"content":"    public String toString() {","lastModifiedDate":"2023-09-13"},{"lineNumber":30,"author":{"gitId":"jacqhal"},"content":"        String doneMarker \u003d \" \";","lastModifiedDate":"2023-09-13"},{"lineNumber":31,"author":{"gitId":"jacqhal"},"content":"        if (isDone) {","lastModifiedDate":"2023-09-13"},{"lineNumber":32,"author":{"gitId":"jacqhal"},"content":"            doneMarker \u003d \"X\";","lastModifiedDate":"2023-09-13"},{"lineNumber":33,"author":{"gitId":"jacqhal"},"content":"        }","lastModifiedDate":"2023-09-13"},{"lineNumber":34,"author":{"gitId":"jacqhal"},"content":"        return \"[\" + doneMarker + \"] \" + desc;","lastModifiedDate":"2023-09-13"},{"lineNumber":35,"author":{"gitId":"jacqhal"},"content":"    }","lastModifiedDate":"2023-09-13"},{"lineNumber":36,"author":{"gitId":"jacqhal"},"content":"}","lastModifiedDate":"2023-09-13"}],"authorContributionMap":{"jacqhal":36}},{"path":"src/main/java/wargames/ToDo.java","fileType":"java","lines":[{"lineNumber":1,"author":{"gitId":"jacqhal"},"content":"package wargames;","lastModifiedDate":"2023-10-08"},{"lineNumber":2,"author":{"gitId":"jacqhal"},"content":"","lastModifiedDate":"2023-10-08"},{"lineNumber":3,"author":{"gitId":"jacqhal"},"content":"public class ToDo extends Task {","lastModifiedDate":"2023-10-08"},{"lineNumber":4,"author":{"gitId":"jacqhal"},"content":"","lastModifiedDate":"2023-10-08"},{"lineNumber":5,"author":{"gitId":"jacqhal"},"content":"    public ToDo(String desc) {","lastModifiedDate":"2023-10-08"},{"lineNumber":6,"author":{"gitId":"jacqhal"},"content":"        super(desc);","lastModifiedDate":"2023-10-08"},{"lineNumber":7,"author":{"gitId":"jacqhal"},"content":"    }","lastModifiedDate":"2023-10-08"},{"lineNumber":8,"author":{"gitId":"jacqhal"},"content":"","lastModifiedDate":"2023-10-08"},{"lineNumber":9,"author":{"gitId":"jacqhal"},"content":"    @Override","lastModifiedDate":"2023-10-08"},{"lineNumber":10,"author":{"gitId":"jacqhal"},"content":"    public String toString() {","lastModifiedDate":"2023-10-08"},{"lineNumber":11,"author":{"gitId":"jacqhal"},"content":"        return \"[T] \" + super.toString();","lastModifiedDate":"2023-10-08"},{"lineNumber":12,"author":{"gitId":"jacqhal"},"content":"    }","lastModifiedDate":"2023-10-08"},{"lineNumber":13,"author":{"gitId":"jacqhal"},"content":"}","lastModifiedDate":"2023-10-08"}],"authorContributionMap":{"jacqhal":13}}]
