{"authorDailyContributionsMap":{"jacqhal":[{"date":"2023-09-08","commitResults":[{"hash":"b2f524ae2ecbab9a1ac7ff3cf2cc68ac50f1fdde","isMergeCommit":false,"messageTitle":"changed greeting message","messageBody":"","tags":["Level-0"],"fileTypesAndContributionMap":{"java":{"insertions":4,"deletions":6}}},{"hash":"2a476bd1bb5fe7d44abb1f8df9e292f2c3cb00bd","isMergeCommit":false,"messageTitle":"echo commands and exits on \u0027bye\u0027","messageBody":"","tags":["Level-1"],"fileTypesAndContributionMap":{"java":{"insertions":23,"deletions":2}}},{"hash":"626fe6c7003f28d4a95bfff542ca85486e9e4797","isMergeCommit":false,"messageTitle":"minor edit: change sout to joshuaSays","messageBody":"","tags":["Level-1.1"],"fileTypesAndContributionMap":{"java":{"insertions":3,"deletions":3}}},{"hash":"912d55b9bd06b938ec94e42ab56b2698667583cd","isMergeCommit":false,"messageTitle":"added MyList class and instantiated mylist in main()","messageBody":"","tags":["Level-2.1"],"fileTypesAndContributionMap":{"java":{"insertions":31,"deletions":1}}}]},{"date":"2023-09-12","commitResults":[{"hash":"a6e3bf3980b32d37fc1e6f0c11c305c1a2d3d172","isMergeCommit":false,"messageTitle":"created Joshua class to handle chatbot actions, user inputs are added to a list and displayed on request","messageBody":"","tags":["Level-2.2"],"fileTypesAndContributionMap":{"java":{"insertions":58,"deletions":12}}}]},{"date":"2023-09-13","commitResults":[{"hash":"4a9b320694a089a7e7e5dfb049efafd1ab0cbc71","isMergeCommit":false,"messageTitle":"Level-3.1: Mark as Done - added Task class and edited MyList to hold an array of Task objects rather than strings","messageBody":"","tags":["Level-3.1"],"fileTypesAndContributionMap":{"java":{"insertions":38,"deletions":9}}},{"hash":"0b49dcd36a21fb64028adc9696c55850e262a4db","isMergeCommit":false,"messageTitle":"Level-3.2: Mark as Done - can mark and unmark tasks as done","messageBody":"","tags":["Level-3.2"],"fileTypesAndContributionMap":{"java":{"insertions":59,"deletions":13}}},{"hash":"0bc720028d3a8951c5ed253dfe2e950bce83da81","isMergeCommit":false,"messageTitle":"Level-3.3: Mark as Done - Joshua now acknowledges actions made to the list, eg: added task, marked task","messageBody":"","tags":["Level-3.3"],"fileTypesAndContributionMap":{"java":{"insertions":7,"deletions":2}}}]},{"date":"2023-10-08","commitResults":[{"hash":"2c4d84408c0ac1e894fe3dd9793c525055a86539","isMergeCommit":false,"messageTitle":"Level-4.1: created classes for ToDos, Events, Deadlines","messageBody":"","tags":["Level-4.1"],"fileTypesAndContributionMap":{"java":{"insertions":45,"deletions":0}}},{"hash":"87c444e691c4a85c55b9406f010da29d02925345","isMergeCommit":false,"messageTitle":"Level-4.2: changed MyList class to use arraylist instead of array, added support for todo, deadline and event commands in Joshua chatbot","messageBody":"","tags":["Level-4.2"],"fileTypesAndContributionMap":{"java":{"insertions":48,"deletions":14}}},{"hash":"8c0234f2d8e648197e84d2cbdd985fad77986336","isMergeCommit":false,"messageTitle":"Level-4.3: cleaned up string output of todo, deadline, event to exclude command related syntax such as /by, /from, /to","messageBody":"","tags":["Level-4.3"],"fileTypesAndContributionMap":{"java":{"insertions":15,"deletions":9}}}]}]},"authorFileTypeContributionMap":{"jacqhal":{"java":267,"md":0,"fxml":0,"sh":0,"bat":0,"gradle":0,"txt":0}},"authorContributionVariance":{"jacqhal":730.14636},"authorDisplayNameMap":{"jacqhal":"JACQ.. LIN"}}
