[{"path":"src/main/java/Duke.java","fileType":"java","lines":[{"lineNumber":1,"author":{"gitId":"amber-le"},"content":"","lastModifiedDate":"2023-09-12"},{"lineNumber":2,"author":{"gitId":"amber-le"},"content":"import task.Craby;","lastModifiedDate":"2023-09-12"},{"lineNumber":3,"author":{"gitId":"amber-le"},"content":"","lastModifiedDate":"2023-08-28"},{"lineNumber":4,"author":{"gitId":"-"},"content":"public class Duke {","lastModifiedDate":"2019-07-29"},{"lineNumber":5,"author":{"gitId":"amber-le"},"content":"","lastModifiedDate":"2023-08-28"},{"lineNumber":6,"author":{"gitId":"-"},"content":"    public static void main(String[] args) {","lastModifiedDate":"2019-07-29"},{"lineNumber":7,"author":{"gitId":"amber-le"},"content":"        Craby.crabySysterm();","lastModifiedDate":"2023-09-12"},{"lineNumber":8,"author":{"gitId":"-"},"content":"    }","lastModifiedDate":"2023-09-12"},{"lineNumber":9,"author":{"gitId":"-"},"content":"}","lastModifiedDate":"2019-07-29"}],"authorContributionMap":{"amber-le":5,"-":4}},{"path":"src/main/java/command/AddTaskCommand.java","fileType":"java","lines":[{"lineNumber":1,"author":{"gitId":"amber-le"},"content":"package command;","lastModifiedDate":"2023-09-12"},{"lineNumber":2,"author":{"gitId":"amber-le"},"content":"","lastModifiedDate":"2023-09-12"},{"lineNumber":3,"author":{"gitId":"amber-le"},"content":"import task.Deadline;","lastModifiedDate":"2023-09-12"},{"lineNumber":4,"author":{"gitId":"amber-le"},"content":"import task.Event;","lastModifiedDate":"2023-09-12"},{"lineNumber":5,"author":{"gitId":"amber-le"},"content":"import task.Task;","lastModifiedDate":"2023-09-12"},{"lineNumber":6,"author":{"gitId":"amber-le"},"content":"import task.Todo;","lastModifiedDate":"2023-09-12"},{"lineNumber":7,"author":{"gitId":"amber-le"},"content":"","lastModifiedDate":"2023-09-12"},{"lineNumber":8,"author":{"gitId":"amber-le"},"content":"import java.util.List;","lastModifiedDate":"2023-09-12"},{"lineNumber":9,"author":{"gitId":"amber-le"},"content":"","lastModifiedDate":"2023-09-12"},{"lineNumber":10,"author":{"gitId":"amber-le"},"content":"public class AddTaskCommand extends CrabyMessage {","lastModifiedDate":"2023-09-12"},{"lineNumber":11,"author":{"gitId":"amber-le"},"content":"    public void addTaskCommand(String input, List\u003cTask\u003e tasks) {","lastModifiedDate":"2023-09-12"},{"lineNumber":12,"author":{"gitId":"amber-le"},"content":"        input \u003d removeKeyWords(input);","lastModifiedDate":"2023-09-18"},{"lineNumber":13,"author":{"gitId":"amber-le"},"content":"        if (input.contains(\"/by\")) {","lastModifiedDate":"2023-09-12"},{"lineNumber":14,"author":{"gitId":"amber-le"},"content":"            String[] formatDeadline \u003d input.split(\"/by\");","lastModifiedDate":"2023-09-12"},{"lineNumber":15,"author":{"gitId":"amber-le"},"content":"            if (formatDeadline.length \u003e 1) {","lastModifiedDate":"2023-09-12"},{"lineNumber":16,"author":{"gitId":"amber-le"},"content":"                tasks.add(new Deadline(formatDeadline[0].trim(), formatDeadline[1]));","lastModifiedDate":"2023-09-12"},{"lineNumber":17,"author":{"gitId":"amber-le"},"content":"                printAddMessage(input, tasks);","lastModifiedDate":"2023-09-12"},{"lineNumber":18,"author":{"gitId":"amber-le"},"content":"            } else {","lastModifiedDate":"2023-09-12"},{"lineNumber":19,"author":{"gitId":"amber-le"},"content":"                System.out.println(blank + \"Oops!!! Looks like you used the wrong format.\");","lastModifiedDate":"2023-09-18"},{"lineNumber":20,"author":{"gitId":"amber-le"},"content":"                System.out.println(blank + \"Please give more information after use /by\");","lastModifiedDate":"2023-09-19"},{"lineNumber":21,"author":{"gitId":"amber-le"},"content":"                System.out.println(line);","lastModifiedDate":"2023-09-19"},{"lineNumber":22,"author":{"gitId":"amber-le"},"content":"            }","lastModifiedDate":"2023-09-12"},{"lineNumber":23,"author":{"gitId":"amber-le"},"content":"            return;","lastModifiedDate":"2023-09-12"},{"lineNumber":24,"author":{"gitId":"amber-le"},"content":"        }","lastModifiedDate":"2023-09-12"},{"lineNumber":25,"author":{"gitId":"amber-le"},"content":"        if (input.contains(\"/from\")) {","lastModifiedDate":"2023-09-12"},{"lineNumber":26,"author":{"gitId":"amber-le"},"content":"            String[] formatEvent \u003d input.split(\"/from\");","lastModifiedDate":"2023-09-12"},{"lineNumber":27,"author":{"gitId":"amber-le"},"content":"            if (formatEvent.length \u003e 1) {","lastModifiedDate":"2023-09-12"},{"lineNumber":28,"author":{"gitId":"amber-le"},"content":"                if (formatEvent[1].contains((\"/to\"))) {","lastModifiedDate":"2023-09-12"},{"lineNumber":29,"author":{"gitId":"amber-le"},"content":"                    String[] timeEvent \u003d formatEvent[1].split(\"/to\");","lastModifiedDate":"2023-09-12"},{"lineNumber":30,"author":{"gitId":"amber-le"},"content":"                    tasks.add(new Event(formatEvent[0].trim(), timeEvent[0], timeEvent[1]));","lastModifiedDate":"2023-09-12"},{"lineNumber":31,"author":{"gitId":"amber-le"},"content":"                } else {","lastModifiedDate":"2023-09-12"},{"lineNumber":32,"author":{"gitId":"amber-le"},"content":"                    tasks.add(new Event(formatEvent[0].trim(), formatEvent[1]));","lastModifiedDate":"2023-09-12"},{"lineNumber":33,"author":{"gitId":"amber-le"},"content":"                }","lastModifiedDate":"2023-09-12"},{"lineNumber":34,"author":{"gitId":"amber-le"},"content":"                printAddMessage(input, tasks);","lastModifiedDate":"2023-09-12"},{"lineNumber":35,"author":{"gitId":"amber-le"},"content":"            } else {","lastModifiedDate":"2023-09-12"},{"lineNumber":36,"author":{"gitId":"amber-le"},"content":"                System.out.println(blank + \"Oops!!! Looks like you used the wrong format.\");","lastModifiedDate":"2023-09-18"},{"lineNumber":37,"author":{"gitId":"amber-le"},"content":"                System.out.println(blank + \"Please give more information after use /from\");","lastModifiedDate":"2023-09-19"},{"lineNumber":38,"author":{"gitId":"amber-le"},"content":"                System.out.println(line);","lastModifiedDate":"2023-09-19"},{"lineNumber":39,"author":{"gitId":"amber-le"},"content":"","lastModifiedDate":"2023-09-19"},{"lineNumber":40,"author":{"gitId":"amber-le"},"content":"            }","lastModifiedDate":"2023-09-12"},{"lineNumber":41,"author":{"gitId":"amber-le"},"content":"            return;","lastModifiedDate":"2023-09-12"},{"lineNumber":42,"author":{"gitId":"amber-le"},"content":"        }","lastModifiedDate":"2023-09-12"},{"lineNumber":43,"author":{"gitId":"amber-le"},"content":"        tasks.add(new Todo(input));","lastModifiedDate":"2023-09-12"},{"lineNumber":44,"author":{"gitId":"amber-le"},"content":"        printAddMessage(input, tasks);","lastModifiedDate":"2023-09-12"},{"lineNumber":45,"author":{"gitId":"amber-le"},"content":"    }","lastModifiedDate":"2023-09-12"},{"lineNumber":46,"author":{"gitId":"amber-le"},"content":"","lastModifiedDate":"2023-09-12"},{"lineNumber":47,"author":{"gitId":"amber-le"},"content":"    private static String removeKeyWords(String input) {","lastModifiedDate":"2023-09-18"},{"lineNumber":48,"author":{"gitId":"amber-le"},"content":"        input \u003d input","lastModifiedDate":"2023-09-18"},{"lineNumber":49,"author":{"gitId":"amber-le"},"content":"                .replace(\"Deadline\", \"\")","lastModifiedDate":"2023-09-18"},{"lineNumber":50,"author":{"gitId":"amber-le"},"content":"                .replace(\"Todo\", \"\")","lastModifiedDate":"2023-09-18"},{"lineNumber":51,"author":{"gitId":"amber-le"},"content":"                .replace(\"Event\", \"\")","lastModifiedDate":"2023-09-18"},{"lineNumber":52,"author":{"gitId":"amber-le"},"content":"                .replace(\"deadline\", \"\")","lastModifiedDate":"2023-09-18"},{"lineNumber":53,"author":{"gitId":"amber-le"},"content":"                .replace(\"todo\", \"\")","lastModifiedDate":"2023-09-18"},{"lineNumber":54,"author":{"gitId":"amber-le"},"content":"                .replace(\"event\", \"\")","lastModifiedDate":"2023-09-18"},{"lineNumber":55,"author":{"gitId":"amber-le"},"content":"                .replace(\"add\", \"\")","lastModifiedDate":"2023-09-18"},{"lineNumber":56,"author":{"gitId":"amber-le"},"content":"                .replace(\"Add\", \"\");","lastModifiedDate":"2023-09-18"},{"lineNumber":57,"author":{"gitId":"amber-le"},"content":"        return input;","lastModifiedDate":"2023-09-18"},{"lineNumber":58,"author":{"gitId":"amber-le"},"content":"    }","lastModifiedDate":"2023-09-18"},{"lineNumber":59,"author":{"gitId":"amber-le"},"content":"","lastModifiedDate":"2023-09-18"},{"lineNumber":60,"author":{"gitId":"amber-le"},"content":"    private static void printAddMessage(String input, List\u003cTask\u003e tasks) {","lastModifiedDate":"2023-09-12"},{"lineNumber":61,"author":{"gitId":"amber-le"},"content":"        System.out.println(blank + \"✎ added:\");","lastModifiedDate":"2023-09-18"},{"lineNumber":62,"author":{"gitId":"amber-le"},"content":"        System.out.println(blank + \"╰┈➤ \" + input + \" - to your list\");","lastModifiedDate":"2023-09-18"},{"lineNumber":63,"author":{"gitId":"amber-le"},"content":"        System.out.println(blank + \"Now you have \" + tasks.size() + \" tasks in your list \\uD83D\\uDDCE.\");","lastModifiedDate":"2023-09-19"},{"lineNumber":64,"author":{"gitId":"amber-le"},"content":"        System.out.println(line);","lastModifiedDate":"2023-09-19"},{"lineNumber":65,"author":{"gitId":"amber-le"},"content":"    }","lastModifiedDate":"2023-09-12"},{"lineNumber":66,"author":{"gitId":"amber-le"},"content":"}","lastModifiedDate":"2023-09-12"}],"authorContributionMap":{"amber-le":66}},{"path":"src/main/java/command/BlahCommand.java","fileType":"java","lines":[{"lineNumber":1,"author":{"gitId":"amber-le"},"content":"package command;","lastModifiedDate":"2023-09-12"},{"lineNumber":2,"author":{"gitId":"amber-le"},"content":"","lastModifiedDate":"2023-09-12"},{"lineNumber":3,"author":{"gitId":"amber-le"},"content":"public class BlahCommand extends CrabyMessage {","lastModifiedDate":"2023-09-12"},{"lineNumber":4,"author":{"gitId":"amber-le"},"content":"    public void handleBlahCommand() {","lastModifiedDate":"2023-09-12"},{"lineNumber":5,"author":{"gitId":"amber-le"},"content":"        System.out.println(blank + \"Oops!!! I\u0027m sorry, but I don\u0027t know what that means ☘\");","lastModifiedDate":"2023-09-19"},{"lineNumber":6,"author":{"gitId":"amber-le"},"content":"        System.out.println(line);","lastModifiedDate":"2023-09-19"},{"lineNumber":7,"author":{"gitId":"amber-le"},"content":"    }","lastModifiedDate":"2023-09-12"},{"lineNumber":8,"author":{"gitId":"amber-le"},"content":"}","lastModifiedDate":"2023-09-12"}],"authorContributionMap":{"amber-le":8}},{"path":"src/main/java/command/ByeCommand.java","fileType":"java","lines":[{"lineNumber":1,"author":{"gitId":"amber-le"},"content":"package command;","lastModifiedDate":"2023-09-12"},{"lineNumber":2,"author":{"gitId":"amber-le"},"content":"","lastModifiedDate":"2023-09-12"},{"lineNumber":3,"author":{"gitId":"amber-le"},"content":"public class ByeCommand extends CrabyMessage {","lastModifiedDate":"2023-09-12"},{"lineNumber":4,"author":{"gitId":"amber-le"},"content":"    public void handleByeCommand(String answerName) {","lastModifiedDate":"2023-09-12"},{"lineNumber":5,"author":{"gitId":"amber-le"},"content":"        System.out.println(blank + \"Bye \" + answerName + \" ♡, hope to see you again soon!\");","lastModifiedDate":"2023-09-18"},{"lineNumber":6,"author":{"gitId":"amber-le"},"content":"        System.out.println(line + System.lineSeparator() +  crab);","lastModifiedDate":"2023-09-19"},{"lineNumber":7,"author":{"gitId":"amber-le"},"content":"    }","lastModifiedDate":"2023-09-12"},{"lineNumber":8,"author":{"gitId":"amber-le"},"content":"}","lastModifiedDate":"2023-09-12"}],"authorContributionMap":{"amber-le":8}},{"path":"src/main/java/command/CrabyMessage.java","fileType":"java","lines":[{"lineNumber":1,"author":{"gitId":"amber-le"},"content":"package command;","lastModifiedDate":"2023-09-12"},{"lineNumber":2,"author":{"gitId":"amber-le"},"content":"","lastModifiedDate":"2023-09-12"},{"lineNumber":3,"author":{"gitId":"amber-le"},"content":"public class CrabyMessage {","lastModifiedDate":"2023-09-12"},{"lineNumber":4,"author":{"gitId":"amber-le"},"content":"    public static final String logo \u003d","lastModifiedDate":"2023-09-12"},{"lineNumber":5,"author":{"gitId":"amber-le"},"content":"            \"   ____                  _      __   __\" + System.lineSeparator() +","lastModifiedDate":"2023-09-19"},{"lineNumber":6,"author":{"gitId":"amber-le"},"content":"            \"  / ___|  _ __    __ _  | |__   \\\\ \\\\ / /\" + System.lineSeparator() +","lastModifiedDate":"2023-09-19"},{"lineNumber":7,"author":{"gitId":"amber-le"},"content":"            \" | |     | \u0027__|  / _` | | \u0027_ \\\\   \\\\ V /\" + System.lineSeparator() +","lastModifiedDate":"2023-09-19"},{"lineNumber":8,"author":{"gitId":"amber-le"},"content":"            \" | |___  | |    | (_| | | |_) |   | |\" + System.lineSeparator() +","lastModifiedDate":"2023-09-19"},{"lineNumber":9,"author":{"gitId":"amber-le"},"content":"            \"  \\\\____| |_|     \\\\__,_| |_.__/    |_|\" + System.lineSeparator() +","lastModifiedDate":"2023-09-19"},{"lineNumber":10,"author":{"gitId":"amber-le"},"content":"                    System.lineSeparator();","lastModifiedDate":"2023-09-19"},{"lineNumber":11,"author":{"gitId":"amber-le"},"content":"    public static final String hello \u003d \"   Hello! I\u0027m CrabY 🦀\"+ System.lineSeparator() + \"   What is your name? ˃ᴗ˂\";","lastModifiedDate":"2023-09-19"},{"lineNumber":12,"author":{"gitId":"amber-le"},"content":"    public static final String line \u003d \"  ┈┈┈┈┈┈┈┈┈┈┈┈┈┈┈┈◦•✩•◦┈┈┈┈┈┈┈┈┈┈┈┈┈┈┈┈\";","lastModifiedDate":"2023-09-12"},{"lineNumber":13,"author":{"gitId":"amber-le"},"content":"    public static final String blank \u003d \"   \";","lastModifiedDate":"2023-09-18"},{"lineNumber":14,"author":{"gitId":"amber-le"},"content":"    public static final String crab \u003d","lastModifiedDate":"2023-09-12"},{"lineNumber":15,"author":{"gitId":"amber-le"},"content":"            \"               __   ♡   __\" + System.lineSeparator() +","lastModifiedDate":"2023-09-19"},{"lineNumber":16,"author":{"gitId":"amber-le"},"content":"            \"              /           \\\\\" + System.lineSeparator() +","lastModifiedDate":"2023-09-19"},{"lineNumber":17,"author":{"gitId":"amber-le"},"content":"            \"             (  / @   @ \\\\  )\" + System.lineSeparator() +","lastModifiedDate":"2023-09-19"},{"lineNumber":18,"author":{"gitId":"amber-le"},"content":"            \"              \\\\(_ _\\\\_/_ _)/\" + System.lineSeparator() +","lastModifiedDate":"2023-09-19"},{"lineNumber":19,"author":{"gitId":"amber-le"},"content":"            \"            (\\\\ `-/     \\\\-\u0027 /)\" + System.lineSeparator() +","lastModifiedDate":"2023-09-19"},{"lineNumber":20,"author":{"gitId":"amber-le"},"content":"            \"             \\\"\u003d\u003d\u003d\\\\     /\u003d\u003d\u003d\\\"\" + System.lineSeparator() +","lastModifiedDate":"2023-09-19"},{"lineNumber":21,"author":{"gitId":"amber-le"},"content":"            \"              .\u003d\u003d\u0027)___(`\u003d\u003d.\" + System.lineSeparator() +","lastModifiedDate":"2023-09-19"},{"lineNumber":22,"author":{"gitId":"amber-le"},"content":"            \"               .\u003d\u0027     `\u003d.\";","lastModifiedDate":"2023-09-12"},{"lineNumber":23,"author":{"gitId":"amber-le"},"content":"","lastModifiedDate":"2023-09-12"},{"lineNumber":24,"author":{"gitId":"amber-le"},"content":"}","lastModifiedDate":"2023-09-12"},{"lineNumber":25,"author":{"gitId":"amber-le"},"content":"","lastModifiedDate":"2023-09-12"}],"authorContributionMap":{"amber-le":25}},{"path":"src/main/java/command/DeleteCommand.java","fileType":"java","lines":[{"lineNumber":1,"author":{"gitId":"amber-le"},"content":"package command;","lastModifiedDate":"2023-09-12"},{"lineNumber":2,"author":{"gitId":"amber-le"},"content":"","lastModifiedDate":"2023-09-12"},{"lineNumber":3,"author":{"gitId":"amber-le"},"content":"import task.Task;","lastModifiedDate":"2023-09-12"},{"lineNumber":4,"author":{"gitId":"amber-le"},"content":"","lastModifiedDate":"2023-09-12"},{"lineNumber":5,"author":{"gitId":"amber-le"},"content":"import java.util.List;","lastModifiedDate":"2023-09-12"},{"lineNumber":6,"author":{"gitId":"amber-le"},"content":"","lastModifiedDate":"2023-09-12"},{"lineNumber":7,"author":{"gitId":"amber-le"},"content":"public class DeleteCommand extends CrabyMessage {","lastModifiedDate":"2023-09-12"},{"lineNumber":8,"author":{"gitId":"amber-le"},"content":"    public void handleDeleteCommand(String input, List\u003cTask\u003e tasks) {","lastModifiedDate":"2023-09-12"},{"lineNumber":9,"author":{"gitId":"amber-le"},"content":"        try {","lastModifiedDate":"2023-09-12"},{"lineNumber":10,"author":{"gitId":"amber-le"},"content":"            int tmp \u003d input.indexOf(\"t\");","lastModifiedDate":"2023-09-12"},{"lineNumber":11,"author":{"gitId":"amber-le"},"content":"            String checkDelete \u003d input.substring(tmp + 2).trim();","lastModifiedDate":"2023-09-12"},{"lineNumber":12,"author":{"gitId":"amber-le"},"content":"            int checkNum \u003d (Integer.parseInt(checkDelete)) - 1;","lastModifiedDate":"2023-09-12"},{"lineNumber":13,"author":{"gitId":"amber-le"},"content":"            if (checkNum \u003e\u003d tasks.size() || checkNum \u003c 0) {","lastModifiedDate":"2023-09-12"},{"lineNumber":14,"author":{"gitId":"amber-le"},"content":"                System.out.print(blank + \"Oops!!! Something wrong! Your list only have 1 ➞ \");","lastModifiedDate":"2023-09-18"},{"lineNumber":15,"author":{"gitId":"amber-le"},"content":"                System.out.println(tasks.size() + \" tasks.\");","lastModifiedDate":"2023-09-12"},{"lineNumber":16,"author":{"gitId":"amber-le"},"content":"                System.out.println(blank + \"Please try again!\");","lastModifiedDate":"2023-09-19"},{"lineNumber":17,"author":{"gitId":"amber-le"},"content":"                System.out.println(line);","lastModifiedDate":"2023-09-19"},{"lineNumber":18,"author":{"gitId":"amber-le"},"content":"                return;","lastModifiedDate":"2023-09-12"},{"lineNumber":19,"author":{"gitId":"amber-le"},"content":"            }","lastModifiedDate":"2023-09-12"},{"lineNumber":20,"author":{"gitId":"amber-le"},"content":"            System.out.println(blank + \"✂ Removed:\");","lastModifiedDate":"2023-09-18"},{"lineNumber":21,"author":{"gitId":"amber-le"},"content":"            System.out.println(blank + \"╰┈➤ \" + tasks.get(checkNum) + \" in your list\");","lastModifiedDate":"2023-09-18"},{"lineNumber":22,"author":{"gitId":"amber-le"},"content":"            tasks.remove(checkNum);","lastModifiedDate":"2023-09-12"},{"lineNumber":23,"author":{"gitId":"amber-le"},"content":"            System.out.println(blank + \"Now you have: \" + tasks.size() + \" tasks your the list \\uD83D\\uDDCE.\");","lastModifiedDate":"2023-09-19"},{"lineNumber":24,"author":{"gitId":"amber-le"},"content":"            System.out.println(line);","lastModifiedDate":"2023-09-19"},{"lineNumber":25,"author":{"gitId":"amber-le"},"content":"        } catch (NumberFormatException nfe) {","lastModifiedDate":"2023-09-12"},{"lineNumber":26,"author":{"gitId":"amber-le"},"content":"            System.out.println(blank + \"Oops!!! Looks like you used the wrong format.\");","lastModifiedDate":"2023-09-18"},{"lineNumber":27,"author":{"gitId":"amber-le"},"content":"            System.out.println(blank + \"Try with: delete [integer] e.g: unmark 1\");","lastModifiedDate":"2023-09-19"},{"lineNumber":28,"author":{"gitId":"amber-le"},"content":"            System.out.println(line);","lastModifiedDate":"2023-09-19"},{"lineNumber":29,"author":{"gitId":"amber-le"},"content":"        }","lastModifiedDate":"2023-09-12"},{"lineNumber":30,"author":{"gitId":"amber-le"},"content":"    }","lastModifiedDate":"2023-09-12"},{"lineNumber":31,"author":{"gitId":"amber-le"},"content":"}","lastModifiedDate":"2023-09-12"}],"authorContributionMap":{"amber-le":31}},{"path":"src/main/java/command/ListCommand.java","fileType":"java","lines":[{"lineNumber":1,"author":{"gitId":"amber-le"},"content":"package command;","lastModifiedDate":"2023-09-12"},{"lineNumber":2,"author":{"gitId":"amber-le"},"content":"","lastModifiedDate":"2023-09-12"},{"lineNumber":3,"author":{"gitId":"amber-le"},"content":"import task.Task;","lastModifiedDate":"2023-09-12"},{"lineNumber":4,"author":{"gitId":"amber-le"},"content":"","lastModifiedDate":"2023-09-12"},{"lineNumber":5,"author":{"gitId":"amber-le"},"content":"import java.util.List;","lastModifiedDate":"2023-09-12"},{"lineNumber":6,"author":{"gitId":"amber-le"},"content":"","lastModifiedDate":"2023-09-12"},{"lineNumber":7,"author":{"gitId":"amber-le"},"content":"public class ListCommand extends CrabyMessage {","lastModifiedDate":"2023-09-12"},{"lineNumber":8,"author":{"gitId":"amber-le"},"content":"    public void handleListCommand(List\u003cTask\u003e tasks) {","lastModifiedDate":"2023-09-12"},{"lineNumber":9,"author":{"gitId":"amber-le"},"content":"        if (tasks.isEmpty()) {","lastModifiedDate":"2023-09-12"},{"lineNumber":10,"author":{"gitId":"amber-le"},"content":"            printStartOfList();","lastModifiedDate":"2023-09-19"},{"lineNumber":11,"author":{"gitId":"amber-le"},"content":"            System.out.println(blank + \"    ░░░░ Your list is empty! ░░░░\");","lastModifiedDate":"2023-09-18"},{"lineNumber":12,"author":{"gitId":"amber-le"},"content":"            printEndOfList();","lastModifiedDate":"2023-09-19"},{"lineNumber":13,"author":{"gitId":"amber-le"},"content":"            return;","lastModifiedDate":"2023-09-12"},{"lineNumber":14,"author":{"gitId":"amber-le"},"content":"        }","lastModifiedDate":"2023-09-12"},{"lineNumber":15,"author":{"gitId":"amber-le"},"content":"        int i \u003d 0;","lastModifiedDate":"2023-09-12"},{"lineNumber":16,"author":{"gitId":"amber-le"},"content":"        printStartOfList();","lastModifiedDate":"2023-09-19"},{"lineNumber":17,"author":{"gitId":"amber-le"},"content":"        System.out.println(blank + \"  Here are the tasks in your list:\");","lastModifiedDate":"2023-09-18"},{"lineNumber":18,"author":{"gitId":"amber-le"},"content":"        for (Task s : tasks) {","lastModifiedDate":"2023-09-12"},{"lineNumber":19,"author":{"gitId":"amber-le"},"content":"            i++;","lastModifiedDate":"2023-09-12"},{"lineNumber":20,"author":{"gitId":"amber-le"},"content":"            if (i \u003c\u003d 9) {","lastModifiedDate":"2023-09-12"},{"lineNumber":21,"author":{"gitId":"amber-le"},"content":"                System.out.println(\"   \" + i + \".  \" + s);","lastModifiedDate":"2023-09-12"},{"lineNumber":22,"author":{"gitId":"amber-le"},"content":"            } else if (i \u003e 99) {","lastModifiedDate":"2023-09-18"},{"lineNumber":23,"author":{"gitId":"amber-le"},"content":"                System.out.println(\"   \" + i + \" \" + s);","lastModifiedDate":"2023-09-18"},{"lineNumber":24,"author":{"gitId":"amber-le"},"content":"","lastModifiedDate":"2023-09-18"},{"lineNumber":25,"author":{"gitId":"amber-le"},"content":"            } else {","lastModifiedDate":"2023-09-12"},{"lineNumber":26,"author":{"gitId":"amber-le"},"content":"                System.out.println(\"   \" + i + \". \" + s);","lastModifiedDate":"2023-09-12"},{"lineNumber":27,"author":{"gitId":"amber-le"},"content":"            }","lastModifiedDate":"2023-09-12"},{"lineNumber":28,"author":{"gitId":"amber-le"},"content":"        }","lastModifiedDate":"2023-09-12"},{"lineNumber":29,"author":{"gitId":"amber-le"},"content":"        printEndOfList();","lastModifiedDate":"2023-09-19"},{"lineNumber":30,"author":{"gitId":"amber-le"},"content":"    }","lastModifiedDate":"2023-09-19"},{"lineNumber":31,"author":{"gitId":"amber-le"},"content":"","lastModifiedDate":"2023-09-19"},{"lineNumber":32,"author":{"gitId":"amber-le"},"content":"    private static void printStartOfList() {","lastModifiedDate":"2023-09-19"},{"lineNumber":33,"author":{"gitId":"amber-le"},"content":"        System.out.println(blank + \" ╭─────────────────────────────────╮\");","lastModifiedDate":"2023-09-19"},{"lineNumber":34,"author":{"gitId":"amber-le"},"content":"    }","lastModifiedDate":"2023-09-19"},{"lineNumber":35,"author":{"gitId":"amber-le"},"content":"","lastModifiedDate":"2023-09-19"},{"lineNumber":36,"author":{"gitId":"amber-le"},"content":"    private static void printEndOfList() {","lastModifiedDate":"2023-09-19"},{"lineNumber":37,"author":{"gitId":"amber-le"},"content":"        System.out.println(blank + \" ꒦꒷꒦꒷꒦꒷꒦꒷꒦꒷꒦꒷꒦꒷꒦꒷꒦꒷꒦꒷꒦꒷꒦꒷꒦꒷꒦꒷꒦꒷꒦꒷꒦꒷꒦꒷꒦\");","lastModifiedDate":"2023-09-18"},{"lineNumber":38,"author":{"gitId":"amber-le"},"content":"        System.out.println(line);","lastModifiedDate":"2023-09-12"},{"lineNumber":39,"author":{"gitId":"amber-le"},"content":"    }","lastModifiedDate":"2023-09-12"},{"lineNumber":40,"author":{"gitId":"amber-le"},"content":"}","lastModifiedDate":"2023-09-12"}],"authorContributionMap":{"amber-le":40}},{"path":"src/main/java/command/MarkCommand.java","fileType":"java","lines":[{"lineNumber":1,"author":{"gitId":"amber-le"},"content":"package command;","lastModifiedDate":"2023-09-12"},{"lineNumber":2,"author":{"gitId":"amber-le"},"content":"","lastModifiedDate":"2023-09-12"},{"lineNumber":3,"author":{"gitId":"amber-le"},"content":"import task.Task;","lastModifiedDate":"2023-09-12"},{"lineNumber":4,"author":{"gitId":"amber-le"},"content":"","lastModifiedDate":"2023-09-12"},{"lineNumber":5,"author":{"gitId":"amber-le"},"content":"import java.util.List;","lastModifiedDate":"2023-09-12"},{"lineNumber":6,"author":{"gitId":"amber-le"},"content":"","lastModifiedDate":"2023-09-12"},{"lineNumber":7,"author":{"gitId":"amber-le"},"content":"public class MarkCommand extends CrabyMessage {","lastModifiedDate":"2023-09-12"},{"lineNumber":8,"author":{"gitId":"amber-le"},"content":"    public void handleMarkCommand(String input, List\u003cTask\u003e tasks) {","lastModifiedDate":"2023-09-12"},{"lineNumber":9,"author":{"gitId":"amber-le"},"content":"        try {","lastModifiedDate":"2023-09-12"},{"lineNumber":10,"author":{"gitId":"amber-le"},"content":"            int tmp \u003d input.indexOf(\"k\");","lastModifiedDate":"2023-09-12"},{"lineNumber":11,"author":{"gitId":"amber-le"},"content":"            String checkMark \u003d input.substring(tmp + 1).trim();","lastModifiedDate":"2023-09-12"},{"lineNumber":12,"author":{"gitId":"amber-le"},"content":"            int checkNum \u003d (Integer.parseInt(checkMark)) - 1;","lastModifiedDate":"2023-09-12"},{"lineNumber":13,"author":{"gitId":"amber-le"},"content":"            if (checkNum \u003e\u003d tasks.size() || checkNum \u003c 0) {","lastModifiedDate":"2023-09-12"},{"lineNumber":14,"author":{"gitId":"amber-le"},"content":"                System.out.print(blank + \"Oops, something wrong! Your list only have 1 to \");","lastModifiedDate":"2023-09-18"},{"lineNumber":15,"author":{"gitId":"amber-le"},"content":"                System.out.println(tasks.size() + \" tasks.\");","lastModifiedDate":"2023-09-12"},{"lineNumber":16,"author":{"gitId":"amber-le"},"content":"                System.out.println(blank + \"Please try again!\");","lastModifiedDate":"2023-09-19"},{"lineNumber":17,"author":{"gitId":"amber-le"},"content":"                System.out.println(line);","lastModifiedDate":"2023-09-19"},{"lineNumber":18,"author":{"gitId":"amber-le"},"content":"                return;","lastModifiedDate":"2023-09-12"},{"lineNumber":19,"author":{"gitId":"amber-le"},"content":"            }","lastModifiedDate":"2023-09-12"},{"lineNumber":20,"author":{"gitId":"amber-le"},"content":"            tasks.get(checkNum).setDone(true);","lastModifiedDate":"2023-09-12"},{"lineNumber":21,"author":{"gitId":"amber-le"},"content":"            System.out.println(blank + \"Nice! I\u0027ve marked this task as DONE ツ:\");","lastModifiedDate":"2023-09-18"},{"lineNumber":22,"author":{"gitId":"amber-le"},"content":"            System.out.println(blank + \"╰┈➤ \" + tasks.get(checkNum) );","lastModifiedDate":"2023-09-19"},{"lineNumber":23,"author":{"gitId":"amber-le"},"content":"            System.out.println(line);","lastModifiedDate":"2023-09-19"},{"lineNumber":24,"author":{"gitId":"amber-le"},"content":"        } catch (NumberFormatException e) {","lastModifiedDate":"2023-09-12"},{"lineNumber":25,"author":{"gitId":"amber-le"},"content":"            System.out.println(blank + \"Oops!!! Looks like you used the wrong format.\");","lastModifiedDate":"2023-09-18"},{"lineNumber":26,"author":{"gitId":"amber-le"},"content":"            System.out.println(blank + \"Try with: mark [integer] e.g: mark 1\");","lastModifiedDate":"2023-09-19"},{"lineNumber":27,"author":{"gitId":"amber-le"},"content":"            System.out.println(line);","lastModifiedDate":"2023-09-19"},{"lineNumber":28,"author":{"gitId":"amber-le"},"content":"","lastModifiedDate":"2023-09-12"},{"lineNumber":29,"author":{"gitId":"amber-le"},"content":"        }","lastModifiedDate":"2023-09-12"},{"lineNumber":30,"author":{"gitId":"amber-le"},"content":"    }","lastModifiedDate":"2023-09-12"},{"lineNumber":31,"author":{"gitId":"amber-le"},"content":"}","lastModifiedDate":"2023-09-12"}],"authorContributionMap":{"amber-le":31}},{"path":"src/main/java/command/UnmarkCommand.java","fileType":"java","lines":[{"lineNumber":1,"author":{"gitId":"amber-le"},"content":"package command;","lastModifiedDate":"2023-09-12"},{"lineNumber":2,"author":{"gitId":"amber-le"},"content":"","lastModifiedDate":"2023-09-12"},{"lineNumber":3,"author":{"gitId":"amber-le"},"content":"import task.Task;","lastModifiedDate":"2023-09-12"},{"lineNumber":4,"author":{"gitId":"amber-le"},"content":"","lastModifiedDate":"2023-09-12"},{"lineNumber":5,"author":{"gitId":"amber-le"},"content":"import java.util.List;","lastModifiedDate":"2023-09-12"},{"lineNumber":6,"author":{"gitId":"amber-le"},"content":"","lastModifiedDate":"2023-09-12"},{"lineNumber":7,"author":{"gitId":"amber-le"},"content":"public class UnmarkCommand extends CrabyMessage {","lastModifiedDate":"2023-09-12"},{"lineNumber":8,"author":{"gitId":"amber-le"},"content":"    public void handleUnmarkCommand(String input, List\u003cTask\u003e tasks) {","lastModifiedDate":"2023-09-12"},{"lineNumber":9,"author":{"gitId":"amber-le"},"content":"        try {","lastModifiedDate":"2023-09-12"},{"lineNumber":10,"author":{"gitId":"amber-le"},"content":"            int tmp \u003d input.indexOf(\"k\");","lastModifiedDate":"2023-09-12"},{"lineNumber":11,"author":{"gitId":"amber-le"},"content":"            String checkMark \u003d input.substring(tmp + 1).trim();","lastModifiedDate":"2023-09-12"},{"lineNumber":12,"author":{"gitId":"amber-le"},"content":"            int checkNum \u003d (Integer.parseInt(checkMark)) - 1;","lastModifiedDate":"2023-09-12"},{"lineNumber":13,"author":{"gitId":"amber-le"},"content":"            if (checkNum \u003e\u003d tasks.size() || checkNum \u003c 0) {","lastModifiedDate":"2023-09-12"},{"lineNumber":14,"author":{"gitId":"amber-le"},"content":"                System.out.print(blank + \"Oops, something wrong! Your list only have 1 to \");","lastModifiedDate":"2023-09-18"},{"lineNumber":15,"author":{"gitId":"amber-le"},"content":"                System.out.println(tasks.size() + \"tasks.\");","lastModifiedDate":"2023-09-12"},{"lineNumber":16,"author":{"gitId":"amber-le"},"content":"                System.out.println(blank + \"Please try again!\");","lastModifiedDate":"2023-09-19"},{"lineNumber":17,"author":{"gitId":"amber-le"},"content":"                System.out.println(line);","lastModifiedDate":"2023-09-19"},{"lineNumber":18,"author":{"gitId":"amber-le"},"content":"                return;","lastModifiedDate":"2023-09-12"},{"lineNumber":19,"author":{"gitId":"amber-le"},"content":"            }","lastModifiedDate":"2023-09-12"},{"lineNumber":20,"author":{"gitId":"amber-le"},"content":"            tasks.get(checkNum).setDone(false);","lastModifiedDate":"2023-09-12"},{"lineNumber":21,"author":{"gitId":"amber-le"},"content":"            System.out.println(blank + \"OK, I\u0027ve marked this task as ☉⌓☉ NOT DONE yet:\");","lastModifiedDate":"2023-09-18"},{"lineNumber":22,"author":{"gitId":"amber-le"},"content":"            System.out.println(blank + \"╰┈➤ \" + tasks.get(checkNum));","lastModifiedDate":"2023-09-19"},{"lineNumber":23,"author":{"gitId":"amber-le"},"content":"            System.out.println(line);","lastModifiedDate":"2023-09-19"},{"lineNumber":24,"author":{"gitId":"amber-le"},"content":"        } catch (NumberFormatException e) {","lastModifiedDate":"2023-09-12"},{"lineNumber":25,"author":{"gitId":"amber-le"},"content":"            System.out.println(blank + \"Oops!!! Looks like you used the wrong format.\");","lastModifiedDate":"2023-09-18"},{"lineNumber":26,"author":{"gitId":"amber-le"},"content":"            System.out.println(blank + \"Try with: unmark [integer] e.g: unmark 1\");","lastModifiedDate":"2023-09-19"},{"lineNumber":27,"author":{"gitId":"amber-le"},"content":"            System.out.println(line);","lastModifiedDate":"2023-09-19"},{"lineNumber":28,"author":{"gitId":"amber-le"},"content":"        }","lastModifiedDate":"2023-09-12"},{"lineNumber":29,"author":{"gitId":"amber-le"},"content":"    }","lastModifiedDate":"2023-09-12"},{"lineNumber":30,"author":{"gitId":"amber-le"},"content":"}","lastModifiedDate":"2023-09-12"}],"authorContributionMap":{"amber-le":30}},{"path":"src/main/java/exceptions/InputBlankException.java","fileType":"java","lines":[{"lineNumber":1,"author":{"gitId":"amber-le"},"content":"package exceptions;","lastModifiedDate":"2023-09-12"},{"lineNumber":2,"author":{"gitId":"amber-le"},"content":"","lastModifiedDate":"2023-09-12"},{"lineNumber":3,"author":{"gitId":"amber-le"},"content":"public class InputBlankException extends Exception {","lastModifiedDate":"2023-09-12"},{"lineNumber":4,"author":{"gitId":"amber-le"},"content":"}","lastModifiedDate":"2023-09-12"}],"authorContributionMap":{"amber-le":4}},{"path":"src/main/java/task/Craby.java","fileType":"java","lines":[{"lineNumber":1,"author":{"gitId":"amber-le"},"content":"package task;","lastModifiedDate":"2023-09-12"},{"lineNumber":2,"author":{"gitId":"amber-le"},"content":"","lastModifiedDate":"2023-09-12"},{"lineNumber":3,"author":{"gitId":"amber-le"},"content":"import command.*;","lastModifiedDate":"2023-09-12"},{"lineNumber":4,"author":{"gitId":"amber-le"},"content":"import exceptions.InputBlankException;","lastModifiedDate":"2023-09-12"},{"lineNumber":5,"author":{"gitId":"amber-le"},"content":"","lastModifiedDate":"2023-09-12"},{"lineNumber":6,"author":{"gitId":"amber-le"},"content":"import java.util.ArrayList;","lastModifiedDate":"2023-09-12"},{"lineNumber":7,"author":{"gitId":"amber-le"},"content":"import java.util.List;","lastModifiedDate":"2023-09-12"},{"lineNumber":8,"author":{"gitId":"amber-le"},"content":"import java.util.Scanner;","lastModifiedDate":"2023-09-12"},{"lineNumber":9,"author":{"gitId":"amber-le"},"content":"","lastModifiedDate":"2023-09-12"},{"lineNumber":10,"author":{"gitId":"amber-le"},"content":"public class Craby extends CrabyMessage {","lastModifiedDate":"2023-09-12"},{"lineNumber":11,"author":{"gitId":"amber-le"},"content":"    public static void crabySysterm() {","lastModifiedDate":"2023-09-12"},{"lineNumber":12,"author":{"gitId":"amber-le"},"content":"        System.out.println(line + System.lineSeparator() + logo + line);","lastModifiedDate":"2023-09-19"},{"lineNumber":13,"author":{"gitId":"amber-le"},"content":"        System.out.println(hello + System.lineSeparator() + line);","lastModifiedDate":"2023-09-19"},{"lineNumber":14,"author":{"gitId":"amber-le"},"content":"        Scanner scanner \u003d new Scanner(System.in);","lastModifiedDate":"2023-09-12"},{"lineNumber":15,"author":{"gitId":"amber-le"},"content":"        String answerName \u003d scanner.nextLine();","lastModifiedDate":"2023-09-12"},{"lineNumber":16,"author":{"gitId":"amber-le"},"content":"        System.out.print(\"   Hi \" + answerName);","lastModifiedDate":"2023-09-12"},{"lineNumber":17,"author":{"gitId":"amber-le"},"content":"        System.out.println(\" ♡, How can I help you today?\" + System.lineSeparator() + line);","lastModifiedDate":"2023-09-19"},{"lineNumber":18,"author":{"gitId":"amber-le"},"content":"        List\u003cTask\u003e tasks \u003d new ArrayList\u003c\u003e();","lastModifiedDate":"2023-09-12"},{"lineNumber":19,"author":{"gitId":"amber-le"},"content":"        while (true) {","lastModifiedDate":"2023-09-12"},{"lineNumber":20,"author":{"gitId":"amber-le"},"content":"            String input \u003d scanner.nextLine();","lastModifiedDate":"2023-09-12"},{"lineNumber":21,"author":{"gitId":"amber-le"},"content":"            input \u003d input.trim();","lastModifiedDate":"2023-09-12"},{"lineNumber":22,"author":{"gitId":"amber-le"},"content":"            boolean exit \u003d false;","lastModifiedDate":"2023-09-12"},{"lineNumber":23,"author":{"gitId":"amber-le"},"content":"            try {","lastModifiedDate":"2023-09-12"},{"lineNumber":24,"author":{"gitId":"amber-le"},"content":"                exit \u003d handleInput(input, tasks, answerName);","lastModifiedDate":"2023-09-12"},{"lineNumber":25,"author":{"gitId":"amber-le"},"content":"            } catch (InputBlankException e) {","lastModifiedDate":"2023-09-12"},{"lineNumber":26,"author":{"gitId":"amber-le"},"content":"                System.out.println(\"   Oops!!! The description cannot be empty.\");","lastModifiedDate":"2023-09-12"},{"lineNumber":27,"author":{"gitId":"amber-le"},"content":"                System.out.println(\"   Please try again!\" + System.lineSeparator() + line);","lastModifiedDate":"2023-09-19"},{"lineNumber":28,"author":{"gitId":"amber-le"},"content":"            }","lastModifiedDate":"2023-09-12"},{"lineNumber":29,"author":{"gitId":"amber-le"},"content":"            if (exit) {","lastModifiedDate":"2023-09-12"},{"lineNumber":30,"author":{"gitId":"amber-le"},"content":"                break;","lastModifiedDate":"2023-09-12"},{"lineNumber":31,"author":{"gitId":"amber-le"},"content":"            }","lastModifiedDate":"2023-09-12"},{"lineNumber":32,"author":{"gitId":"amber-le"},"content":"        }","lastModifiedDate":"2023-09-12"},{"lineNumber":33,"author":{"gitId":"amber-le"},"content":"    }","lastModifiedDate":"2023-09-12"},{"lineNumber":34,"author":{"gitId":"amber-le"},"content":"","lastModifiedDate":"2023-09-12"},{"lineNumber":35,"author":{"gitId":"amber-le"},"content":"    private static boolean handleInput(String input, List\u003cTask\u003e tasks, String answerName) throws InputBlankException {","lastModifiedDate":"2023-09-12"},{"lineNumber":36,"author":{"gitId":"amber-le"},"content":"        if (input.isBlank()) throw new InputBlankException();","lastModifiedDate":"2023-09-12"},{"lineNumber":37,"author":{"gitId":"amber-le"},"content":"        boolean exit \u003d false;","lastModifiedDate":"2023-09-12"},{"lineNumber":38,"author":{"gitId":"amber-le"},"content":"        String checkInput;","lastModifiedDate":"2023-09-12"},{"lineNumber":39,"author":{"gitId":"amber-le"},"content":"        try {","lastModifiedDate":"2023-09-12"},{"lineNumber":40,"author":{"gitId":"amber-le"},"content":"            checkInput \u003d input.split(\" \")[0];","lastModifiedDate":"2023-09-12"},{"lineNumber":41,"author":{"gitId":"amber-le"},"content":"        } catch (ArrayIndexOutOfBoundsException ai) {","lastModifiedDate":"2023-09-12"},{"lineNumber":42,"author":{"gitId":"amber-le"},"content":"            throw new InputBlankException();","lastModifiedDate":"2023-09-12"},{"lineNumber":43,"author":{"gitId":"amber-le"},"content":"        }","lastModifiedDate":"2023-09-12"},{"lineNumber":44,"author":{"gitId":"amber-le"},"content":"        checkInput \u003d checkInput.toLowerCase().trim();","lastModifiedDate":"2023-09-12"},{"lineNumber":45,"author":{"gitId":"amber-le"},"content":"        switch (checkInput) {","lastModifiedDate":"2023-09-12"},{"lineNumber":46,"author":{"gitId":"amber-le"},"content":"            case \"list\":","lastModifiedDate":"2023-09-12"},{"lineNumber":47,"author":{"gitId":"amber-le"},"content":"                handleListCommand(tasks);","lastModifiedDate":"2023-09-12"},{"lineNumber":48,"author":{"gitId":"amber-le"},"content":"                break;","lastModifiedDate":"2023-09-12"},{"lineNumber":49,"author":{"gitId":"amber-le"},"content":"            case \"blah\":","lastModifiedDate":"2023-09-12"},{"lineNumber":50,"author":{"gitId":"amber-le"},"content":"                handleBlahCommand();","lastModifiedDate":"2023-09-12"},{"lineNumber":51,"author":{"gitId":"amber-le"},"content":"                break;","lastModifiedDate":"2023-09-12"},{"lineNumber":52,"author":{"gitId":"amber-le"},"content":"            case \"bye\":","lastModifiedDate":"2023-09-12"},{"lineNumber":53,"author":{"gitId":"amber-le"},"content":"                exit \u003d handleByeCommand(answerName);","lastModifiedDate":"2023-09-12"},{"lineNumber":54,"author":{"gitId":"amber-le"},"content":"                break;","lastModifiedDate":"2023-09-12"},{"lineNumber":55,"author":{"gitId":"amber-le"},"content":"            case \"mark\":","lastModifiedDate":"2023-09-12"},{"lineNumber":56,"author":{"gitId":"amber-le"},"content":"                handleMarkCommand(input, tasks);","lastModifiedDate":"2023-09-12"},{"lineNumber":57,"author":{"gitId":"amber-le"},"content":"                break;","lastModifiedDate":"2023-09-12"},{"lineNumber":58,"author":{"gitId":"amber-le"},"content":"            case \"unmark\":","lastModifiedDate":"2023-09-12"},{"lineNumber":59,"author":{"gitId":"amber-le"},"content":"                handleUnmarkCommand(input, tasks);","lastModifiedDate":"2023-09-12"},{"lineNumber":60,"author":{"gitId":"amber-le"},"content":"                break;","lastModifiedDate":"2023-09-12"},{"lineNumber":61,"author":{"gitId":"amber-le"},"content":"            case \"delete\":","lastModifiedDate":"2023-09-12"},{"lineNumber":62,"author":{"gitId":"amber-le"},"content":"                handleDeleteCommand(input,tasks);","lastModifiedDate":"2023-09-12"},{"lineNumber":63,"author":{"gitId":"amber-le"},"content":"                break;","lastModifiedDate":"2023-09-12"},{"lineNumber":64,"author":{"gitId":"amber-le"},"content":"            default:","lastModifiedDate":"2023-09-12"},{"lineNumber":65,"author":{"gitId":"amber-le"},"content":"                addTaskCommand(input, tasks);","lastModifiedDate":"2023-09-12"},{"lineNumber":66,"author":{"gitId":"amber-le"},"content":"        }","lastModifiedDate":"2023-09-12"},{"lineNumber":67,"author":{"gitId":"amber-le"},"content":"        return exit;","lastModifiedDate":"2023-09-12"},{"lineNumber":68,"author":{"gitId":"amber-le"},"content":"    }","lastModifiedDate":"2023-09-12"},{"lineNumber":69,"author":{"gitId":"amber-le"},"content":"","lastModifiedDate":"2023-09-12"},{"lineNumber":70,"author":{"gitId":"amber-le"},"content":"    private static void addTaskCommand(String input, List\u003cTask\u003e tasks) {","lastModifiedDate":"2023-09-12"},{"lineNumber":71,"author":{"gitId":"amber-le"},"content":"        new AddTaskCommand().addTaskCommand(input, tasks);","lastModifiedDate":"2023-09-12"},{"lineNumber":72,"author":{"gitId":"amber-le"},"content":"    }","lastModifiedDate":"2023-09-12"},{"lineNumber":73,"author":{"gitId":"amber-le"},"content":"","lastModifiedDate":"2023-09-12"},{"lineNumber":74,"author":{"gitId":"amber-le"},"content":"    private static void handleUnmarkCommand(String input, List\u003cTask\u003e tasks) {","lastModifiedDate":"2023-09-12"},{"lineNumber":75,"author":{"gitId":"amber-le"},"content":"        new UnmarkCommand().handleUnmarkCommand(input, tasks);","lastModifiedDate":"2023-09-12"},{"lineNumber":76,"author":{"gitId":"amber-le"},"content":"    }","lastModifiedDate":"2023-09-12"},{"lineNumber":77,"author":{"gitId":"amber-le"},"content":"","lastModifiedDate":"2023-09-12"},{"lineNumber":78,"author":{"gitId":"amber-le"},"content":"    private static void handleMarkCommand(String input, List\u003cTask\u003e tasks) {","lastModifiedDate":"2023-09-12"},{"lineNumber":79,"author":{"gitId":"amber-le"},"content":"        new MarkCommand().handleMarkCommand(input, tasks);","lastModifiedDate":"2023-09-12"},{"lineNumber":80,"author":{"gitId":"amber-le"},"content":"    }","lastModifiedDate":"2023-09-12"},{"lineNumber":81,"author":{"gitId":"amber-le"},"content":"    private static void handleDeleteCommand(String input, List\u003cTask\u003e tasks) {","lastModifiedDate":"2023-09-12"},{"lineNumber":82,"author":{"gitId":"amber-le"},"content":"        new DeleteCommand().handleDeleteCommand(input, tasks);","lastModifiedDate":"2023-09-12"},{"lineNumber":83,"author":{"gitId":"amber-le"},"content":"    }","lastModifiedDate":"2023-09-12"},{"lineNumber":84,"author":{"gitId":"amber-le"},"content":"    private static void handleBlahCommand() {","lastModifiedDate":"2023-09-12"},{"lineNumber":85,"author":{"gitId":"amber-le"},"content":"        new BlahCommand().handleBlahCommand();","lastModifiedDate":"2023-09-12"},{"lineNumber":86,"author":{"gitId":"amber-le"},"content":"    }","lastModifiedDate":"2023-09-12"},{"lineNumber":87,"author":{"gitId":"amber-le"},"content":"","lastModifiedDate":"2023-09-12"},{"lineNumber":88,"author":{"gitId":"amber-le"},"content":"    private static void handleListCommand(List\u003cTask\u003e tasks) {","lastModifiedDate":"2023-09-12"},{"lineNumber":89,"author":{"gitId":"amber-le"},"content":"        new ListCommand().handleListCommand(tasks);","lastModifiedDate":"2023-09-12"},{"lineNumber":90,"author":{"gitId":"amber-le"},"content":"    }","lastModifiedDate":"2023-09-12"},{"lineNumber":91,"author":{"gitId":"amber-le"},"content":"","lastModifiedDate":"2023-09-12"},{"lineNumber":92,"author":{"gitId":"amber-le"},"content":"    private static boolean handleByeCommand(String answerName) {","lastModifiedDate":"2023-09-12"},{"lineNumber":93,"author":{"gitId":"amber-le"},"content":"        new ByeCommand().handleByeCommand(answerName);","lastModifiedDate":"2023-09-12"},{"lineNumber":94,"author":{"gitId":"amber-le"},"content":"        return true;","lastModifiedDate":"2023-09-12"},{"lineNumber":95,"author":{"gitId":"amber-le"},"content":"    }","lastModifiedDate":"2023-09-12"},{"lineNumber":96,"author":{"gitId":"amber-le"},"content":"}","lastModifiedDate":"2023-09-12"}],"authorContributionMap":{"amber-le":96}},{"path":"src/main/java/task/Deadline.java","fileType":"java","lines":[{"lineNumber":1,"author":{"gitId":"amber-le"},"content":"package task;","lastModifiedDate":"2023-09-12"},{"lineNumber":2,"author":{"gitId":"amber-le"},"content":"","lastModifiedDate":"2023-09-12"},{"lineNumber":3,"author":{"gitId":"amber-le"},"content":"public class Deadline extends Task {","lastModifiedDate":"2023-09-09"},{"lineNumber":4,"author":{"gitId":"amber-le"},"content":"    protected String time;","lastModifiedDate":"2023-09-09"},{"lineNumber":5,"author":{"gitId":"amber-le"},"content":"    // private final String by;","lastModifiedDate":"2023-09-09"},{"lineNumber":6,"author":{"gitId":"amber-le"},"content":"","lastModifiedDate":"2023-09-09"},{"lineNumber":7,"author":{"gitId":"amber-le"},"content":"    public Deadline(String description, String time) {","lastModifiedDate":"2023-09-09"},{"lineNumber":8,"author":{"gitId":"amber-le"},"content":"        super(description);","lastModifiedDate":"2023-09-09"},{"lineNumber":9,"author":{"gitId":"amber-le"},"content":"        this.time \u003d time;","lastModifiedDate":"2023-09-09"},{"lineNumber":10,"author":{"gitId":"amber-le"},"content":"    }","lastModifiedDate":"2023-09-09"},{"lineNumber":11,"author":{"gitId":"amber-le"},"content":"","lastModifiedDate":"2023-09-09"},{"lineNumber":12,"author":{"gitId":"amber-le"},"content":"    @Override","lastModifiedDate":"2023-09-09"},{"lineNumber":13,"author":{"gitId":"amber-le"},"content":"    public String toString() {","lastModifiedDate":"2023-09-09"},{"lineNumber":14,"author":{"gitId":"amber-le"},"content":"        return \"[D]\" + super.toString()","lastModifiedDate":"2023-09-12"},{"lineNumber":15,"author":{"gitId":"amber-le"},"content":"                + \" (by: \" + time.trim() + \")\";","lastModifiedDate":"2023-09-12"},{"lineNumber":16,"author":{"gitId":"amber-le"},"content":"    }","lastModifiedDate":"2023-09-09"},{"lineNumber":17,"author":{"gitId":"amber-le"},"content":"","lastModifiedDate":"2023-09-09"},{"lineNumber":18,"author":{"gitId":"amber-le"},"content":"}","lastModifiedDate":"2023-09-09"}],"authorContributionMap":{"amber-le":18}},{"path":"src/main/java/task/Event.java","fileType":"java","lines":[{"lineNumber":1,"author":{"gitId":"amber-le"},"content":"package task;","lastModifiedDate":"2023-09-12"},{"lineNumber":2,"author":{"gitId":"amber-le"},"content":"","lastModifiedDate":"2023-09-12"},{"lineNumber":3,"author":{"gitId":"amber-le"},"content":"public class Event extends Task {","lastModifiedDate":"2023-09-09"},{"lineNumber":4,"author":{"gitId":"amber-le"},"content":"    protected String time;","lastModifiedDate":"2023-09-09"},{"lineNumber":5,"author":{"gitId":"amber-le"},"content":"    protected String time1;","lastModifiedDate":"2023-09-09"},{"lineNumber":6,"author":{"gitId":"amber-le"},"content":"","lastModifiedDate":"2023-09-09"},{"lineNumber":7,"author":{"gitId":"amber-le"},"content":"    public Event(String description, String time) {","lastModifiedDate":"2023-09-09"},{"lineNumber":8,"author":{"gitId":"amber-le"},"content":"        super(description);","lastModifiedDate":"2023-09-09"},{"lineNumber":9,"author":{"gitId":"amber-le"},"content":"        this.time \u003d time;","lastModifiedDate":"2023-09-09"},{"lineNumber":10,"author":{"gitId":"amber-le"},"content":"    }","lastModifiedDate":"2023-09-09"},{"lineNumber":11,"author":{"gitId":"amber-le"},"content":"","lastModifiedDate":"2023-09-09"},{"lineNumber":12,"author":{"gitId":"amber-le"},"content":"    public Event(String description, String time, String time1) {","lastModifiedDate":"2023-09-09"},{"lineNumber":13,"author":{"gitId":"amber-le"},"content":"        super(description);","lastModifiedDate":"2023-09-09"},{"lineNumber":14,"author":{"gitId":"amber-le"},"content":"        this.time \u003d time;","lastModifiedDate":"2023-09-09"},{"lineNumber":15,"author":{"gitId":"amber-le"},"content":"        this.time1 \u003d time1;","lastModifiedDate":"2023-09-09"},{"lineNumber":16,"author":{"gitId":"amber-le"},"content":"    }","lastModifiedDate":"2023-09-09"},{"lineNumber":17,"author":{"gitId":"amber-le"},"content":"","lastModifiedDate":"2023-09-09"},{"lineNumber":18,"author":{"gitId":"amber-le"},"content":"    @Override","lastModifiedDate":"2023-09-09"},{"lineNumber":19,"author":{"gitId":"amber-le"},"content":"    public String toString() {","lastModifiedDate":"2023-09-09"},{"lineNumber":20,"author":{"gitId":"amber-le"},"content":"        if (time1 \u003d\u003d null) {","lastModifiedDate":"2023-09-10"},{"lineNumber":21,"author":{"gitId":"amber-le"},"content":"            return \"[E]\" + super.toString()","lastModifiedDate":"2023-09-12"},{"lineNumber":22,"author":{"gitId":"amber-le"},"content":"                    + \" (from:\" + time + \")\";","lastModifiedDate":"2023-09-12"},{"lineNumber":23,"author":{"gitId":"amber-le"},"content":"        }","lastModifiedDate":"2023-09-10"},{"lineNumber":24,"author":{"gitId":"amber-le"},"content":"        return \"[E]\" + super.toString()","lastModifiedDate":"2023-09-12"},{"lineNumber":25,"author":{"gitId":"amber-le"},"content":"                + \" (from:\" + time + \"➞ to:\" + time1 + \")\";","lastModifiedDate":"2023-09-12"},{"lineNumber":26,"author":{"gitId":"amber-le"},"content":"    }","lastModifiedDate":"2023-09-09"},{"lineNumber":27,"author":{"gitId":"amber-le"},"content":"}","lastModifiedDate":"2023-09-09"}],"authorContributionMap":{"amber-le":27}},{"path":"src/main/java/task/Task.java","fileType":"java","lines":[{"lineNumber":1,"author":{"gitId":"amber-le"},"content":"package task;","lastModifiedDate":"2023-09-12"},{"lineNumber":2,"author":{"gitId":"amber-le"},"content":"","lastModifiedDate":"2023-09-12"},{"lineNumber":3,"author":{"gitId":"amber-le"},"content":"public class Task {","lastModifiedDate":"2023-09-01"},{"lineNumber":4,"author":{"gitId":"amber-le"},"content":"    protected String description;","lastModifiedDate":"2023-09-01"},{"lineNumber":5,"author":{"gitId":"amber-le"},"content":"    protected boolean isDone \u003d false;","lastModifiedDate":"2023-09-01"},{"lineNumber":6,"author":{"gitId":"amber-le"},"content":"","lastModifiedDate":"2023-09-01"},{"lineNumber":7,"author":{"gitId":"amber-le"},"content":"    public Task(String description) {","lastModifiedDate":"2023-09-01"},{"lineNumber":8,"author":{"gitId":"amber-le"},"content":"        this.description \u003d description;","lastModifiedDate":"2023-09-01"},{"lineNumber":9,"author":{"gitId":"amber-le"},"content":"        this.isDone \u003d false;","lastModifiedDate":"2023-09-01"},{"lineNumber":10,"author":{"gitId":"amber-le"},"content":"    }","lastModifiedDate":"2023-09-01"},{"lineNumber":11,"author":{"gitId":"amber-le"},"content":"","lastModifiedDate":"2023-09-01"},{"lineNumber":12,"author":{"gitId":"amber-le"},"content":"    public String getStatusIcon() {","lastModifiedDate":"2023-09-01"},{"lineNumber":13,"author":{"gitId":"amber-le"},"content":"        return (isDone ? \" ✓ \" : \"҉҉҉\");","lastModifiedDate":"2023-09-12"},{"lineNumber":14,"author":{"gitId":"amber-le"},"content":"    }","lastModifiedDate":"2023-09-01"},{"lineNumber":15,"author":{"gitId":"amber-le"},"content":"","lastModifiedDate":"2023-09-01"},{"lineNumber":16,"author":{"gitId":"amber-le"},"content":"    public void setDone(boolean done) {","lastModifiedDate":"2023-09-01"},{"lineNumber":17,"author":{"gitId":"amber-le"},"content":"        isDone \u003d done;","lastModifiedDate":"2023-09-01"},{"lineNumber":18,"author":{"gitId":"amber-le"},"content":"    }","lastModifiedDate":"2023-09-01"},{"lineNumber":19,"author":{"gitId":"amber-le"},"content":"","lastModifiedDate":"2023-09-12"},{"lineNumber":20,"author":{"gitId":"amber-le"},"content":"    public boolean isDone() {","lastModifiedDate":"2023-09-01"},{"lineNumber":21,"author":{"gitId":"amber-le"},"content":"        return isDone;","lastModifiedDate":"2023-09-01"},{"lineNumber":22,"author":{"gitId":"amber-le"},"content":"    }","lastModifiedDate":"2023-09-01"},{"lineNumber":23,"author":{"gitId":"amber-le"},"content":"","lastModifiedDate":"2023-09-01"},{"lineNumber":24,"author":{"gitId":"amber-le"},"content":"    @Override","lastModifiedDate":"2023-09-01"},{"lineNumber":25,"author":{"gitId":"amber-le"},"content":"    public String toString() {","lastModifiedDate":"2023-09-01"},{"lineNumber":26,"author":{"gitId":"amber-le"},"content":"        return \"[\" + this.getStatusIcon() + \"] \" + this.description;","lastModifiedDate":"2023-09-01"},{"lineNumber":27,"author":{"gitId":"amber-le"},"content":"    }","lastModifiedDate":"2023-09-01"},{"lineNumber":28,"author":{"gitId":"amber-le"},"content":"","lastModifiedDate":"2023-09-01"},{"lineNumber":29,"author":{"gitId":"amber-le"},"content":"}","lastModifiedDate":"2023-09-01"}],"authorContributionMap":{"amber-le":29}},{"path":"src/main/java/task/Todo.java","fileType":"java","lines":[{"lineNumber":1,"author":{"gitId":"amber-le"},"content":"package task;","lastModifiedDate":"2023-09-12"},{"lineNumber":2,"author":{"gitId":"amber-le"},"content":"","lastModifiedDate":"2023-09-12"},{"lineNumber":3,"author":{"gitId":"amber-le"},"content":"public class Todo extends Task {","lastModifiedDate":"2023-09-09"},{"lineNumber":4,"author":{"gitId":"amber-le"},"content":"","lastModifiedDate":"2023-09-09"},{"lineNumber":5,"author":{"gitId":"amber-le"},"content":"    public Todo(String description) {","lastModifiedDate":"2023-09-09"},{"lineNumber":6,"author":{"gitId":"amber-le"},"content":"        super(description);","lastModifiedDate":"2023-09-09"},{"lineNumber":7,"author":{"gitId":"amber-le"},"content":"    }","lastModifiedDate":"2023-09-09"},{"lineNumber":8,"author":{"gitId":"amber-le"},"content":"","lastModifiedDate":"2023-09-12"},{"lineNumber":9,"author":{"gitId":"amber-le"},"content":"    @Override","lastModifiedDate":"2023-09-09"},{"lineNumber":10,"author":{"gitId":"amber-le"},"content":"    public String toString() {","lastModifiedDate":"2023-09-09"},{"lineNumber":11,"author":{"gitId":"amber-le"},"content":"        return \"[T]\" + super.toString();","lastModifiedDate":"2023-09-09"},{"lineNumber":12,"author":{"gitId":"amber-le"},"content":"    }","lastModifiedDate":"2023-09-09"},{"lineNumber":13,"author":{"gitId":"amber-le"},"content":"}","lastModifiedDate":"2023-09-09"}],"authorContributionMap":{"amber-le":13}},{"path":"text-ui-test/input.txt","fileType":"txt","lines":[{"lineNumber":1,"author":{"gitId":"amber-le"},"content":"Amber","lastModifiedDate":"2023-09-01"},{"lineNumber":2,"author":{"gitId":"amber-le"},"content":"  list","lastModifiedDate":"2023-09-10"},{"lineNumber":3,"author":{"gitId":"amber-le"},"content":"Task 1","lastModifiedDate":"2023-09-01"},{"lineNumber":4,"author":{"gitId":"amber-le"},"content":"Task 2 /by                    Sunday","lastModifiedDate":"2023-09-09"},{"lineNumber":5,"author":{"gitId":"amber-le"},"content":"   deadline return book /by Sunday","lastModifiedDate":"2023-09-09"},{"lineNumber":6,"author":{"gitId":"amber-le"},"content":"event project meeting /from Mon 2pm /to 4pm","lastModifiedDate":"2023-09-09"},{"lineNumber":7,"author":{"gitId":"amber-le"},"content":" event hangout /from Sat 2pm","lastModifiedDate":"2023-09-10"},{"lineNumber":8,"author":{"gitId":"amber-le"},"content":"task 3 /by","lastModifiedDate":"2023-09-10"},{"lineNumber":9,"author":{"gitId":"amber-le"},"content":"task 4 /from","lastModifiedDate":"2023-09-10"},{"lineNumber":10,"author":{"gitId":"amber-le"},"content":"                      Task 6","lastModifiedDate":"2023-09-10"},{"lineNumber":11,"author":{"gitId":"amber-le"},"content":"Task 7","lastModifiedDate":"2023-09-12"},{"lineNumber":12,"author":{"gitId":"amber-le"},"content":"","lastModifiedDate":"2023-09-12"},{"lineNumber":13,"author":{"gitId":"amber-le"},"content":"List","lastModifiedDate":"2023-09-01"},{"lineNumber":14,"author":{"gitId":"amber-le"},"content":"mark 1","lastModifiedDate":"2023-09-01"},{"lineNumber":15,"author":{"gitId":"amber-le"},"content":"mark 40","lastModifiedDate":"2023-09-10"},{"lineNumber":16,"author":{"gitId":"amber-le"},"content":"mark 3","lastModifiedDate":"2023-09-10"},{"lineNumber":17,"author":{"gitId":"amber-le"},"content":"mark","lastModifiedDate":"2023-09-12"},{"lineNumber":18,"author":{"gitId":"amber-le"},"content":"mark           5","lastModifiedDate":"2023-09-10"},{"lineNumber":19,"author":{"gitId":"amber-le"},"content":"          mark 7","lastModifiedDate":"2023-09-12"},{"lineNumber":20,"author":{"gitId":"amber-le"},"content":"list","lastModifiedDate":"2023-09-12"},{"lineNumber":21,"author":{"gitId":"amber-le"},"content":"unmark 1*","lastModifiedDate":"2023-09-09"},{"lineNumber":22,"author":{"gitId":"amber-le"},"content":"          unmark 3","lastModifiedDate":"2023-09-01"},{"lineNumber":23,"author":{"gitId":"amber-le"},"content":"unmark         5","lastModifiedDate":"2023-09-12"},{"lineNumber":24,"author":{"gitId":"amber-le"},"content":"        blah","lastModifiedDate":"2023-09-10"},{"lineNumber":25,"author":{"gitId":"amber-le"},"content":"list","lastModifiedDate":"2023-09-01"},{"lineNumber":26,"author":{"gitId":"amber-le"},"content":"delete 7","lastModifiedDate":"2023-09-12"},{"lineNumber":27,"author":{"gitId":"amber-le"},"content":"delete 9","lastModifiedDate":"2023-09-12"},{"lineNumber":28,"author":{"gitId":"amber-le"},"content":"delete         5","lastModifiedDate":"2023-09-12"},{"lineNumber":29,"author":{"gitId":"amber-le"},"content":"delete","lastModifiedDate":"2023-09-12"},{"lineNumber":30,"author":{"gitId":"amber-le"},"content":"list","lastModifiedDate":"2023-09-12"},{"lineNumber":31,"author":{"gitId":"amber-le"},"content":"bye","lastModifiedDate":"2023-09-01"}],"authorContributionMap":{"amber-le":31}}]
