{"authorDailyContributionsMap":{"amber-le":[{"date":"2023-08-28","commitResults":[{"hash":"0cf38ceca05fb976b97951b4109c1e74f1c1cb05","isMergeCommit":false,"messageTitle":"Rename, Greet, Exit","messageBody":"","tags":["Level-0"],"fileTypesAndContributionMap":{"java":{"insertions":24,"deletions":6}}},{"hash":"d596e86f9f2d669f16d70999a5727e4d6e8bcc75","isMergeCommit":false,"messageTitle":"Echo","messageBody":"","tags":["Level-1"],"fileTypesAndContributionMap":{"java":{"insertions":31,"deletions":1}}},{"hash":"104727d29d28359ba817e03665eed37e6b5fda0d","isMergeCommit":false,"messageTitle":"Add, List","messageBody":"","fileTypesAndContributionMap":{"java":{"insertions":17,"deletions":3}}}]},{"date":"2023-09-01","commitResults":[{"hash":"a8f27806641549c948e46b19f68c546163303b59","isMergeCommit":false,"messageTitle":"Fix the case-sensitive","messageBody":"","tags":["Level-2"],"fileTypesAndContributionMap":{"java":{"insertions":3,"deletions":1}}},{"hash":"1ac25b0b61606340831ce8a7910703480022a217","isMergeCommit":false,"messageTitle":"Mark as Done, cleaned up some code line","messageBody":"","fileTypesAndContributionMap":{"java":{"insertions":55,"deletions":21}}},{"hash":"f4b49dfc5d0882bb99f05449cdf5ab90f5d0c34b","isMergeCommit":false,"messageTitle":"Handle invalid number","messageBody":"","fileTypesAndContributionMap":{"java":{"insertions":16,"deletions":2}}},{"hash":"f13fd096e5fb524b24ace80f230f0b23254a90cf","isMergeCommit":false,"messageTitle":"TextUiTesting, fix Scanner","messageBody":"","tags":["Level-3","A-TextUiTesting"],"fileTypesAndContributionMap":{"txt":{"insertions":12,"deletions":0},"java":{"insertions":10,"deletions":11},"sh":{"insertions":0,"deletions":0}}}]},{"date":"2023-09-09","commitResults":[{"hash":"b68ad34ca295b3d8578446735eac885502b95859","isMergeCommit":false,"messageTitle":"Level-4: ToDo, Event, Deadline","messageBody":"","tags":["Level-4"],"fileTypesAndContributionMap":{"txt":{"insertions":5,"deletions":4},"java":{"insertions":102,"deletions":33}}}]},{"date":"2023-09-10","commitResults":[{"hash":"81c633da186d956175cf3bba4f851e41224f883a","isMergeCommit":false,"messageTitle":"A-Exceptions: Use Exceptions to handle errors","messageBody":"","fileTypesAndContributionMap":{"txt":{"insertions":13,"deletions":5},"java":{"insertions":120,"deletions":71}}}]},{"date":"2023-09-12","commitResults":[{"hash":"dfeb0efc96e402d074f95cda092de187a6e4d9c3","isMergeCommit":false,"messageTitle":"refactor switch case block","messageBody":"","fileTypesAndContributionMap":{"java":{"insertions":88,"deletions":60}}},{"hash":"f3473c507b518f6a206e027892435133f8e4cb6b","isMergeCommit":false,"messageTitle":"refactor to smaller classes","messageBody":"","fileTypesAndContributionMap":{"java":{"insertions":147,"deletions":112}}},{"hash":"d935e0bb3cf996f4207c957ad5986bfa862c158f","isMergeCommit":false,"messageTitle":"move to packages","messageBody":"","fileTypesAndContributionMap":{"java":{"insertions":39,"deletions":3}}},{"hash":"21bcdaeeade9cbf8c39898da2b1b1199ab5e6450","isMergeCommit":false,"messageTitle":"clean up and organize code","messageBody":"","fileTypesAndContributionMap":{"txt":{"insertions":10,"deletions":0},"java":{"insertions":6,"deletions":0}}},{"hash":"1460be151e72e7a1251b0e531593a07c4839fd1d","isMergeCommit":false,"messageTitle":"clean up and organize code","messageBody":"","fileTypesAndContributionMap":{"java":{"insertions":153,"deletions":129}}},{"hash":"b0c08cc53a2af6364722e95ce3f4c8a80ca360d1","isMergeCommit":false,"messageTitle":"Add support for deleting tasks from the list","messageBody":"","fileTypesAndContributionMap":{"txt":{"insertions":9,"deletions":9},"java":{"insertions":45,"deletions":11}}}]},{"date":"2023-09-18","commitResults":[{"hash":"6f232e6138dddf7abc9194b27cdf3109f083ab40","isMergeCommit":false,"messageTitle":"updated UI","messageBody":"","fileTypesAndContributionMap":{"java":{"insertions":61,"deletions":50}}}]},{"date":"2023-09-19","commitResults":[{"hash":"27885a37ee864bb65ad0316d4493be2bc41d3a4b","isMergeCommit":false,"messageTitle":"replace all /n","messageBody":"","fileTypesAndContributionMap":{"java":{"insertions":57,"deletions":35}}}]}]},"authorFileTypeContributionMap":{"amber-le":{"java":431,"md":0,"fxml":0,"sh":0,"bat":0,"gradle":0,"txt":31}},"authorContributionVariance":{"amber-le":19318.945},"authorDisplayNameMap":{"amber-le":"LE T..THUY"}}
