{"authorDailyContributionsMap":{"amber-le":[{"date":"2023-08-28","commitResults":[{"hash":"0cf38ceca05fb976b97951b4109c1e74f1c1cb05","isMergeCommit":false,"messageTitle":"Rename, Greet, Exit","messageBody":"","tags":["Level-0"],"fileTypesAndContributionMap":{"java":{"insertions":24,"deletions":6}}},{"hash":"d596e86f9f2d669f16d70999a5727e4d6e8bcc75","isMergeCommit":false,"messageTitle":"Echo","messageBody":"","tags":["Level-1"],"fileTypesAndContributionMap":{"java":{"insertions":31,"deletions":1}}},{"hash":"104727d29d28359ba817e03665eed37e6b5fda0d","isMergeCommit":false,"messageTitle":"Add, List","messageBody":"","fileTypesAndContributionMap":{"java":{"insertions":17,"deletions":3}}}]},{"date":"2023-09-01","commitResults":[{"hash":"a8f27806641549c948e46b19f68c546163303b59","isMergeCommit":false,"messageTitle":"Fix the case-sensitive","messageBody":"","tags":["Level-2"],"fileTypesAndContributionMap":{"java":{"insertions":3,"deletions":1}}},{"hash":"1ac25b0b61606340831ce8a7910703480022a217","isMergeCommit":false,"messageTitle":"Mark as Done, cleaned up some code line","messageBody":"","fileTypesAndContributionMap":{"java":{"insertions":55,"deletions":21}}},{"hash":"f4b49dfc5d0882bb99f05449cdf5ab90f5d0c34b","isMergeCommit":false,"messageTitle":"Handle invalid number","messageBody":"","fileTypesAndContributionMap":{"java":{"insertions":16,"deletions":2}}},{"hash":"f13fd096e5fb524b24ace80f230f0b23254a90cf","isMergeCommit":false,"messageTitle":"TextUiTesting, fix Scanner","messageBody":"","tags":["Level-3","A-TextUiTesting"],"fileTypesAndContributionMap":{"txt":{"insertions":12,"deletions":0},"java":{"insertions":10,"deletions":11},"sh":{"insertions":0,"deletions":0}}}]},{"date":"2023-09-09","commitResults":[{"hash":"b68ad34ca295b3d8578446735eac885502b95859","isMergeCommit":false,"messageTitle":"Level-4: ToDo, Event, Deadline","messageBody":"","tags":["Level-4"],"fileTypesAndContributionMap":{"txt":{"insertions":5,"deletions":4},"java":{"insertions":102,"deletions":33}}}]},{"date":"2023-09-10","commitResults":[{"hash":"81c633da186d956175cf3bba4f851e41224f883a","isMergeCommit":false,"messageTitle":"A-Exceptions: Use Exceptions to handle errors","messageBody":"","fileTypesAndContributionMap":{"txt":{"insertions":13,"deletions":5},"java":{"insertions":120,"deletions":71}}}]},{"date":"2023-09-12","commitResults":[{"hash":"dfeb0efc96e402d074f95cda092de187a6e4d9c3","isMergeCommit":false,"messageTitle":"refactor switch case block","messageBody":"","fileTypesAndContributionMap":{"java":{"insertions":88,"deletions":60}}},{"hash":"f3473c507b518f6a206e027892435133f8e4cb6b","isMergeCommit":false,"messageTitle":"refactor to smaller classes","messageBody":"","fileTypesAndContributionMap":{"java":{"insertions":147,"deletions":112}}},{"hash":"d935e0bb3cf996f4207c957ad5986bfa862c158f","isMergeCommit":false,"messageTitle":"move to packages","messageBody":"","fileTypesAndContributionMap":{"java":{"insertions":39,"deletions":3}}},{"hash":"21bcdaeeade9cbf8c39898da2b1b1199ab5e6450","isMergeCommit":false,"messageTitle":"clean up and organize code","messageBody":"","fileTypesAndContributionMap":{"txt":{"insertions":10,"deletions":0},"java":{"insertions":6,"deletions":0}}},{"hash":"1460be151e72e7a1251b0e531593a07c4839fd1d","isMergeCommit":false,"messageTitle":"clean up and organize code","messageBody":"","tags":["Level-5","A-Exceptions"],"fileTypesAndContributionMap":{"java":{"insertions":153,"deletions":129}}},{"hash":"b0c08cc53a2af6364722e95ce3f4c8a80ca360d1","isMergeCommit":false,"messageTitle":"Add support for deleting tasks from the list","messageBody":"","tags":["Level-6","A-Collections"],"fileTypesAndContributionMap":{"txt":{"insertions":9,"deletions":9},"java":{"insertions":45,"deletions":11}}}]},{"date":"2023-09-18","commitResults":[{"hash":"6f232e6138dddf7abc9194b27cdf3109f083ab40","isMergeCommit":false,"messageTitle":"updated UI","messageBody":"","fileTypesAndContributionMap":{"java":{"insertions":61,"deletions":50}}}]},{"date":"2023-09-19","commitResults":[{"hash":"27885a37ee864bb65ad0316d4493be2bc41d3a4b","isMergeCommit":false,"messageTitle":"replace all /n","messageBody":"","fileTypesAndContributionMap":{"java":{"insertions":57,"deletions":35}}}]},{"date":"2023-09-24","commitResults":[{"hash":"2d773fa1ae751f16deab2f298375c2807bbcb441","isMergeCommit":false,"messageTitle":"Use Enumerations","messageBody":"","tags":["A-Enums"],"fileTypesAndContributionMap":{"java":{"insertions":32,"deletions":22}}},{"hash":"d85e3e328996864013ba4b2ff02eedd39c1771ae","isMergeCommit":false,"messageTitle":"using interface","messageBody":"","fileTypesAndContributionMap":{"java":{"insertions":88,"deletions":60}}},{"hash":"b55e4392d85bee6f38910c7a5927f62bf5c5cff4","isMergeCommit":false,"messageTitle":"Level 7 - save","messageBody":"","fileTypesAndContributionMap":{"txt":{"insertions":14,"deletions":0},"java":{"insertions":108,"deletions":4}}},{"hash":"bdc3ad4501a3efdf6dc847aa28e21c62c8edf8f1","isMergeCommit":false,"messageTitle":"add deleteall command","messageBody":"","fileTypesAndContributionMap":{"txt":{"insertions":1,"deletions":14},"java":{"insertions":6,"deletions":3}}},{"hash":"a68969087d603e1fe653b5b44b136fdcc3251fb1","isMergeCommit":true,"messageTitle":"Merge pull request #1 from amber-le/branch-Level-7","messageBody":"Branch level 7","fileTypesAndContributionMap":{}}]},{"date":"2023-09-25","commitResults":[{"hash":"5748c434c015f7771678d9abc687d545c686e839","isMergeCommit":false,"messageTitle":"handle the case where the data file doesn\u0027t exist at the start","messageBody":"","fileTypesAndContributionMap":{"txt":{"insertions":6,"deletions":2},"java":{"insertions":41,"deletions":35}}},{"hash":"a31044c8916a1c7672a66e7e2124747245f6045b","isMergeCommit":false,"messageTitle":"Drop the question about names, Level-7, A-MoreOOP, A-Packages","messageBody":"","tags":["Level-7","A-Packages"],"fileTypesAndContributionMap":{"txt":{"insertions":1,"deletions":0},"java":{"insertions":7,"deletions":17}}}]},{"date":"2023-10-07","commitResults":[{"hash":"e5149510fae556014e3ab927bb1ac456cf573c68","isMergeCommit":false,"messageTitle":"do the dates and times for Deadline","messageBody":"","fileTypesAndContributionMap":{"txt":{"insertions":5,"deletions":34},"java":{"insertions":92,"deletions":5}}},{"hash":"afb55fcfa09fabfa4940516898f1a960b4921984","isMergeCommit":false,"messageTitle":"fix the save file to handle Deadline date Format","messageBody":"","fileTypesAndContributionMap":{"txt":{"insertions":7,"deletions":1},"java":{"insertions":42,"deletions":76}}}]},{"date":"2023-10-08","commitResults":[{"hash":"4c8ac5e198fe7484617331d5ab0d8c7fda0de710","isMergeCommit":false,"messageTitle":"do the Format date time for event","messageBody":"","fileTypesAndContributionMap":{"txt":{"insertions":7,"deletions":3},"java":{"insertions":81,"deletions":36}}},{"hash":"b466f2b8aa3e7c0c22cd8a41d174418b5f118c2e","isMergeCommit":false,"messageTitle":"format description","messageBody":"","fileTypesAndContributionMap":{"java":{"insertions":3,"deletions":3}}},{"hash":"f2d06b5156b648332929aa3c93917199ffea7ff5","isMergeCommit":true,"messageTitle":"Merge branch \u0027add-gradle-support\u0027","messageBody":"","fileTypesAndContributionMap":{}},{"hash":"a0245e2e633fba17eb0c76b98ab3b179e5a8cb11","isMergeCommit":false,"messageTitle":"Use Gradle to automate some of the build tasks of the project","messageBody":"","fileTypesAndContributionMap":{"gradle":{"insertions":2,"deletions":2},"java":{"insertions":1,"deletions":0},"bat":{"insertions":1,"deletions":1},"md":{"insertions":2,"deletions":2}}},{"hash":"234f0f96990512521e37c949199dde0b5f24b24f","isMergeCommit":false,"messageTitle":"clean some code","messageBody":"","fileTypesAndContributionMap":{"txt":{"insertions":4,"deletions":0},"java":{"insertions":5,"deletions":7},"sh":{"insertions":1,"deletions":1}}}]},{"date":"2023-10-09","commitResults":[{"hash":"5857f454b5f92f68cadd1f821cc068a59ea1f095","isMergeCommit":false,"messageTitle":"add tests","messageBody":"","fileTypesAndContributionMap":{"java":{"insertions":71,"deletions":0}}},{"hash":"5b155e08a7fe1508ca229b7a40619a949ca92212","isMergeCommit":false,"messageTitle":"add tests and comments","messageBody":"","fileTypesAndContributionMap":{"java":{"insertions":127,"deletions":0}}}]},{"date":"2023-10-10","commitResults":[{"hash":"789af8acba637a7214f642128c9244ef1cb2ae3b","isMergeCommit":false,"messageTitle":"write comments and Junit","messageBody":"","fileTypesAndContributionMap":{"txt":{"insertions":0,"deletions":6},"java":{"insertions":364,"deletions":48}}}]},{"date":"2023-10-11","commitResults":[{"hash":"c9df71bda81c2db4067174541090b67e094056bd","isMergeCommit":false,"messageTitle":"fix bug","messageBody":"","fileTypesAndContributionMap":{"txt":{"insertions":1,"deletions":5},"java":{"insertions":15,"deletions":20}}},{"hash":"479c2dd0b3316beaabdecd0f5cfff7e27d7e5bc1","isMergeCommit":false,"messageTitle":"Organize messages, clean code","messageBody":"","fileTypesAndContributionMap":{"java":{"insertions":188,"deletions":115}}}]},{"date":"2023-10-12","commitResults":[{"hash":"2ae68a969268e40119e1180da5839ce87cb78261","isMergeCommit":false,"messageTitle":"moved the file","messageBody":"","tags":["Level-8","A-MoreOOP","A-JavaDoc","A-JUnit","A-Gradle"],"fileTypesAndContributionMap":{"java":{"insertions":18,"deletions":20}}},{"hash":"073130793e7c3a40a4a7c7a0fb26b153346b925f","isMergeCommit":false,"messageTitle":"add Level-9: Find, fix some keyworks","messageBody":"","tags":["Level-9-Find"],"fileTypesAndContributionMap":{"txt":{"insertions":16,"deletions":4},"java":{"insertions":2,"deletions":0},"bat":{"insertions":1,"deletions":1},"sh":{"insertions":1,"deletions":1}}},{"hash":"87d8f7bb2cbf96b86dd210e741daa0cd53a7e74c","isMergeCommit":false,"messageTitle":"fix format DateTime of Event and Deadline","messageBody":"","fileTypesAndContributionMap":{"txt":{"insertions":6,"deletions":0},"java":{"insertions":119,"deletions":44}}},{"hash":"808cffd9a94d98d41d31e390d70d9c4d44da05ff","isMergeCommit":false,"messageTitle":"change message","messageBody":"","fileTypesAndContributionMap":{"txt":{"insertions":4,"deletions":0},"java":{"insertions":15,"deletions":15}}},{"hash":"53dc22efc6ea142cbbb17d7e75429a1510e467bf","isMergeCommit":false,"messageTitle":"do the sort command","messageBody":"","fileTypesAndContributionMap":{"java":{"insertions":85,"deletions":16},"bat":{"insertions":1,"deletions":1},"sh":{"insertions":1,"deletions":1}}},{"hash":"bb1d88af7f9d3d43447dd5a2be63b2bf7831cd67","isMergeCommit":true,"messageTitle":"Merge pull request #2 from amber-le/sort-test","messageBody":"do the sort command","fileTypesAndContributionMap":{}},{"hash":"c58599c82ee5bbf1fa8584a44f4da319d6e8efe9","isMergeCommit":false,"messageTitle":"save before change","messageBody":"","fileTypesAndContributionMap":{"java":{"insertions":3,"deletions":2}}},{"hash":"478ff691721e738d8d4223ed0b03ebabcd683ca4","isMergeCommit":false,"messageTitle":"doing sort by type","messageBody":"","fileTypesAndContributionMap":{"txt":{"insertions":1,"deletions":1},"java":{"insertions":44,"deletions":15}}},{"hash":"758858b6b086c9217034abebb956938e7b1ea060","isMergeCommit":false,"messageTitle":"final sort command","messageBody":"","tags":["C-Sort"],"fileTypesAndContributionMap":{"txt":{"insertions":2,"deletions":5},"java":{"insertions":46,"deletions":18}}}]},{"date":"2023-10-13","commitResults":[{"hash":"f71c1d0956bc61f822b49a2d7924eaeded279bd4","isMergeCommit":false,"messageTitle":"add help command","messageBody":"","tags":["C-Help"],"fileTypesAndContributionMap":{"java":{"insertions":60,"deletions":5}}}]},{"date":"2023-10-14","commitResults":[{"hash":"c63edd5aa03cbbee56f9acf63f107a9a4dc29e29","isMergeCommit":false,"messageTitle":"Improve code quality","messageBody":"","tags":["A-CodingStandard","A-CodeQuality"],"fileTypesAndContributionMap":{"txt":{"insertions":1,"deletions":1},"java":{"insertions":241,"deletions":134}}},{"hash":"5f3599afbe499039c2c01c35fc5775b9341c0944","isMergeCommit":false,"messageTitle":"Add NaturalDay","messageBody":"","fileTypesAndContributionMap":{"java":{"insertions":68,"deletions":12}}},{"hash":"9f18be28e963a5c7c81a3441f1e554d4d785df63","isMergeCommit":false,"messageTitle":"update help, event, deadline message","messageBody":"","fileTypesAndContributionMap":{"java":{"insertions":16,"deletions":20}}},{"hash":"b24da6d2c38c52923f3da738132b77b8742646f8","isMergeCommit":false,"messageTitle":"fix naturaldate to not count today. e.g: today is Sat, if /by Sat will return next week Sat","messageBody":"","tags":["C-NaturalDates"],"fileTypesAndContributionMap":{"txt":{"insertions":5,"deletions":0},"java":{"insertions":1,"deletions":1}}}]},{"date":"2023-10-15","commitResults":[{"hash":"5c8184709ac9b5b1d2669a002e7b9ec44aead037","isMergeCommit":false,"messageTitle":"add undo command, note: can only work if the last input was add task to the list","messageBody":"","fileTypesAndContributionMap":{"txt":{"insertions":0,"deletions":12},"java":{"insertions":156,"deletions":116}}}]},{"date":"2023-10-16","commitResults":[{"hash":"9a5cfb0543ffeac315800895a823fafeaf461685","isMergeCommit":false,"messageTitle":"write some test case + fix some bug","messageBody":"","fileTypesAndContributionMap":{"txt":{"insertions":37,"deletions":17}}},{"hash":"45c65258123649e448abe7bbd2b497c590c993bc","isMergeCommit":false,"messageTitle":"write some test case + fix some bug","messageBody":"","fileTypesAndContributionMap":{"txt":{"insertions":13,"deletions":0},"java":{"insertions":23,"deletions":18}}},{"hash":"5aa01a5b422dcb110e718880965577348a8d7920","isMergeCommit":false,"messageTitle":"change sortby to sort, updated some variable name","messageBody":"","fileTypesAndContributionMap":{"txt":{"insertions":9,"deletions":9},"java":{"insertions":32,"deletions":34}}}]},{"date":"2023-10-17","commitResults":[{"hash":"a5e37475b7c83aab3721bf840a25549d99630f52","isMergeCommit":false,"messageTitle":"undo previous command (except: list, find, help, blah commands). Note: Still have issus with mark and unmark command","messageBody":"","fileTypesAndContributionMap":{"txt":{"insertions":21,"deletions":8}}},{"hash":"e89cf29cc258cb126af5dd248ab039a49e2ff97c","isMergeCommit":false,"messageTitle":"undo previous command (except: list, find, help, blah commands). Note: Still have issus with mark and unmark command","messageBody":"","tags":["C-Undo"],"fileTypesAndContributionMap":{"txt":{"insertions":10,"deletions":9},"java":{"insertions":36,"deletions":31}}},{"hash":"f09f3c967b94e76073d270b8ca31528d80fafa8e","isMergeCommit":false,"messageTitle":"Update README.md","messageBody":"","fileTypesAndContributionMap":{"md":{"insertions":5,"deletions":5}}},{"hash":"9cb67cd9fb57cdf3a5636d07b501e6936c37354b","isMergeCommit":false,"messageTitle":"Update README.md","messageBody":"","fileTypesAndContributionMap":{"md":{"insertions":6,"deletions":6}}},{"hash":"9e8ad212a34ee3cc1e9279a2b804a4ee7f3e0e55","isMergeCommit":false,"messageTitle":"Revert \"undo previous command (except: list, find, help, blah commands). Note: Still have issus with mark and unmark command\"","messageBody":"This reverts commit e89cf29cc258cb126af5dd248ab039a49e2ff97c.\n","fileTypesAndContributionMap":{"txt":{"insertions":9,"deletions":10},"java":{"insertions":31,"deletions":36}}},{"hash":"843f63ef1ee6a9b2d33b3154eb16ec1b1d3b8153","isMergeCommit":false,"messageTitle":"Revert \"Revert \"undo previous command (except: list, find, help, blah commands). Note: Still have issus with mark and unmark command\"\"","messageBody":"This reverts commit 9e8ad212a34ee3cc1e9279a2b804a4ee7f3e0e55.\n","fileTypesAndContributionMap":{"txt":{"insertions":10,"deletions":9},"java":{"insertions":36,"deletions":31}}},{"hash":"a1b868c6d5126377e0493a6242c488ac2634e64b","isMergeCommit":false,"messageTitle":"finish undo command","messageBody":"","fileTypesAndContributionMap":{"txt":{"insertions":3,"deletions":3},"java":{"insertions":44,"deletions":9}}},{"hash":"400e4fcfd60b9c0014cb2e6288fa877d35273cf8","isMergeCommit":false,"messageTitle":"test git","messageBody":"","fileTypesAndContributionMap":{"md":{"insertions":6,"deletions":6}}}]}]},"authorFileTypeContributionMap":{"amber-le":{"java":1751,"md":2,"fxml":0,"sh":1,"bat":1,"gradle":2,"txt":71}},"authorContributionVariance":{"amber-le":25822.658},"authorDisplayNameMap":{"amber-le":"LE T..THUY"}}
