[{"path":"colors.txt","fileType":"txt","lines":[{"lineNumber":1,"author":{"gitId":"jy0251"},"content":"red","lastModifiedDate":"2023-09-17"},{"lineNumber":2,"author":{"gitId":"jy0251"},"content":"blue","lastModifiedDate":"2023-09-17"},{"lineNumber":3,"author":{"gitId":"jy0251"},"content":"green","lastModifiedDate":"2023-09-17"}],"authorContributionMap":{"jy0251":3}},{"path":"fruits.txt","fileType":"txt","lines":[{"lineNumber":1,"author":{"gitId":"jy0251"},"content":"apples","lastModifiedDate":"2023-09-17"},{"lineNumber":2,"author":{"gitId":"jy0251"},"content":"bananas","lastModifiedDate":"2023-09-17"},{"lineNumber":3,"author":{"gitId":"jy0251"},"content":"berries","lastModifiedDate":"2023-09-17"},{"lineNumber":4,"author":{"gitId":"jy0251"},"content":"cherries","lastModifiedDate":"2023-09-17"}],"authorContributionMap":{"jy0251":4}},{"path":"shapes.txt","fileType":"txt","lines":[{"lineNumber":1,"author":{"gitId":"jy0251"},"content":"square","lastModifiedDate":"2023-09-17"},{"lineNumber":2,"author":{"gitId":"jy0251"},"content":"circle","lastModifiedDate":"2023-09-17"},{"lineNumber":3,"author":{"gitId":"jy0251"},"content":"triangle","lastModifiedDate":"2023-09-17"}],"authorContributionMap":{"jy0251":3}},{"path":"src/Main.java","fileType":"java","lines":[{"lineNumber":1,"author":{"gitId":"jy0251"},"content":"// Press Shift twice to open the Search Everywhere dialog and type `show whitespaces`,","lastModifiedDate":"2023-09-17"},{"lineNumber":2,"author":{"gitId":"jy0251"},"content":"// then press Enter. You can now see whitespace characters in your code.","lastModifiedDate":"2023-09-17"},{"lineNumber":3,"author":{"gitId":"jy0251"},"content":"import java.util.Scanner;","lastModifiedDate":"2023-09-17"},{"lineNumber":4,"author":{"gitId":"jy0251"},"content":"import java.util.ArrayList;","lastModifiedDate":"2023-09-17"},{"lineNumber":5,"author":{"gitId":"jy0251"},"content":"","lastModifiedDate":"2023-09-17"},{"lineNumber":6,"author":{"gitId":"jy0251"},"content":"public class Main {","lastModifiedDate":"2023-09-17"},{"lineNumber":7,"author":{"gitId":"jy0251"},"content":"    public static void main(String[] args) {","lastModifiedDate":"2023-09-17"},{"lineNumber":8,"author":{"gitId":"jy0251"},"content":"        // Press Alt+Enter with your caret at the highlighted text to see how","lastModifiedDate":"2023-09-17"},{"lineNumber":9,"author":{"gitId":"jy0251"},"content":"        // IntelliJ IDEA suggests fixing it.","lastModifiedDate":"2023-09-17"},{"lineNumber":10,"author":{"gitId":"jy0251"},"content":"","lastModifiedDate":"2023-09-17"},{"lineNumber":11,"author":{"gitId":"jy0251"},"content":"        Scanner scanner \u003d new Scanner(System.in);","lastModifiedDate":"2023-09-17"},{"lineNumber":12,"author":{"gitId":"jy0251"},"content":"        String [] tasks \u003d new String[100];","lastModifiedDate":"2023-09-18"},{"lineNumber":13,"author":{"gitId":"jy0251"},"content":"        int taskCounter \u003d 0;","lastModifiedDate":"2023-09-18"},{"lineNumber":14,"author":{"gitId":"jy0251"},"content":"","lastModifiedDate":"2023-09-17"},{"lineNumber":15,"author":{"gitId":"jy0251"},"content":"        // Greet the user","lastModifiedDate":"2023-09-17"},{"lineNumber":16,"author":{"gitId":"jy0251"},"content":"        String logo \u003d \"    ____                       __\\n\" +","lastModifiedDate":"2023-09-17"},{"lineNumber":17,"author":{"gitId":"jy0251"},"content":"                \"   / __ \\\\__  ______  ___  ____/ /\\n\" +","lastModifiedDate":"2023-09-17"},{"lineNumber":18,"author":{"gitId":"jy0251"},"content":"                \"  / / / / / / / __ \\\\/ _ \\\\/ __  /\\n\" +","lastModifiedDate":"2023-09-17"},{"lineNumber":19,"author":{"gitId":"jy0251"},"content":"                \" / /_/ / /_/ / /_/ /  __/ /_/ /\\n\" +","lastModifiedDate":"2023-09-17"},{"lineNumber":20,"author":{"gitId":"jy0251"},"content":"                \"/_____/\\\\__,_/ .___/\\\\___/\\\\__,_/\\n\" +","lastModifiedDate":"2023-09-17"},{"lineNumber":21,"author":{"gitId":"jy0251"},"content":"                \"           /_/\";","lastModifiedDate":"2023-09-17"},{"lineNumber":22,"author":{"gitId":"jy0251"},"content":"        System.out.println(\"Hello! I\u0027m DupeBot.\\n\" + logo);","lastModifiedDate":"2023-09-17"},{"lineNumber":23,"author":{"gitId":"jy0251"},"content":"        System.out.println(\"What can I do for you?\");","lastModifiedDate":"2023-09-17"},{"lineNumber":24,"author":{"gitId":"jy0251"},"content":"","lastModifiedDate":"2023-09-17"},{"lineNumber":25,"author":{"gitId":"jy0251"},"content":"        while (true) {","lastModifiedDate":"2023-09-18"},{"lineNumber":26,"author":{"gitId":"jy0251"},"content":"            // Read user input","lastModifiedDate":"2023-09-17"},{"lineNumber":27,"author":{"gitId":"jy0251"},"content":"            String userInput \u003d scanner.nextLine();","lastModifiedDate":"2023-09-17"},{"lineNumber":28,"author":{"gitId":"jy0251"},"content":"","lastModifiedDate":"2023-09-17"},{"lineNumber":29,"author":{"gitId":"jy0251"},"content":"            // Check if the user wants to exit","lastModifiedDate":"2023-09-17"},{"lineNumber":30,"author":{"gitId":"jy0251"},"content":"            if (userInput.equalsIgnoreCase(\"bye\")) {","lastModifiedDate":"2023-09-18"},{"lineNumber":31,"author":{"gitId":"jy0251"},"content":"                System.out.println(\"Bye. Hope to see you again soon!\");","lastModifiedDate":"2023-09-17"},{"lineNumber":32,"author":{"gitId":"jy0251"},"content":"                break; // Exit the loop and end the program","lastModifiedDate":"2023-09-18"},{"lineNumber":33,"author":{"gitId":"jy0251"},"content":"            } else if (userInput.equalsIgnoreCase(\"list\")) {","lastModifiedDate":"2023-09-18"},{"lineNumber":34,"author":{"gitId":"jy0251"},"content":"                // if user inputs list, then print out list if task list is not empty","lastModifiedDate":"2023-09-18"},{"lineNumber":35,"author":{"gitId":"jy0251"},"content":"                if(taskCounter \u003d\u003d 0){","lastModifiedDate":"2023-09-18"},{"lineNumber":36,"author":{"gitId":"jy0251"},"content":"                    System.out.println(\"the task list is currently empty\");","lastModifiedDate":"2023-09-18"},{"lineNumber":37,"author":{"gitId":"jy0251"},"content":"                }","lastModifiedDate":"2023-09-18"},{"lineNumber":38,"author":{"gitId":"jy0251"},"content":"                else {","lastModifiedDate":"2023-09-18"},{"lineNumber":39,"author":{"gitId":"jy0251"},"content":"                    for (int i \u003d 0; i \u003c taskCounter; i++){","lastModifiedDate":"2023-09-18"},{"lineNumber":40,"author":{"gitId":"jy0251"},"content":"                        System.out.println((i+1) + \". \" + tasks[i]);","lastModifiedDate":"2023-09-18"},{"lineNumber":41,"author":{"gitId":"jy0251"},"content":"                    }","lastModifiedDate":"2023-09-18"},{"lineNumber":42,"author":{"gitId":"jy0251"},"content":"                }","lastModifiedDate":"2023-09-18"},{"lineNumber":43,"author":{"gitId":"jy0251"},"content":"            }","lastModifiedDate":"2023-09-18"},{"lineNumber":44,"author":{"gitId":"jy0251"},"content":"            else {","lastModifiedDate":"2023-09-18"},{"lineNumber":45,"author":{"gitId":"jy0251"},"content":"                // if user inputs anything else, then insert into list. check if list does not exceed 100","lastModifiedDate":"2023-09-18"},{"lineNumber":46,"author":{"gitId":"jy0251"},"content":"                if (taskCounter \u003c 100) {","lastModifiedDate":"2023-09-18"},{"lineNumber":47,"author":{"gitId":"jy0251"},"content":"                    tasks[taskCounter] \u003d userInput;","lastModifiedDate":"2023-09-18"},{"lineNumber":48,"author":{"gitId":"jy0251"},"content":"                    taskCounter++;","lastModifiedDate":"2023-09-18"},{"lineNumber":49,"author":{"gitId":"jy0251"},"content":"                    System.out.println(\"added: \" + userInput);","lastModifiedDate":"2023-09-18"},{"lineNumber":50,"author":{"gitId":"jy0251"},"content":"                } else {","lastModifiedDate":"2023-09-18"},{"lineNumber":51,"author":{"gitId":"jy0251"},"content":"                    System.out.println(\"Sorry, your task list is full.\");","lastModifiedDate":"2023-09-18"},{"lineNumber":52,"author":{"gitId":"jy0251"},"content":"                }","lastModifiedDate":"2023-09-18"},{"lineNumber":53,"author":{"gitId":"jy0251"},"content":"            }","lastModifiedDate":"2023-09-18"},{"lineNumber":54,"author":{"gitId":"jy0251"},"content":"        }","lastModifiedDate":"2023-09-17"},{"lineNumber":55,"author":{"gitId":"jy0251"},"content":"","lastModifiedDate":"2023-09-18"},{"lineNumber":56,"author":{"gitId":"jy0251"},"content":"        // Close the scanner","lastModifiedDate":"2023-09-17"},{"lineNumber":57,"author":{"gitId":"jy0251"},"content":"        scanner.close();","lastModifiedDate":"2023-09-17"},{"lineNumber":58,"author":{"gitId":"jy0251"},"content":"    }","lastModifiedDate":"2023-09-17"},{"lineNumber":59,"author":{"gitId":"jy0251"},"content":"}","lastModifiedDate":"2023-09-17"}],"authorContributionMap":{"jy0251":59}}]
