[{"path":"colors.txt","fileType":"txt","lines":[{"lineNumber":1,"author":{"gitId":"jy0251"},"content":"red","lastModifiedDate":"2023-09-17"},{"lineNumber":2,"author":{"gitId":"jy0251"},"content":"blue","lastModifiedDate":"2023-09-17"},{"lineNumber":3,"author":{"gitId":"jy0251"},"content":"green","lastModifiedDate":"2023-09-17"}],"authorContributionMap":{"jy0251":3}},{"path":"fruits.txt","fileType":"txt","lines":[{"lineNumber":1,"author":{"gitId":"jy0251"},"content":"apples","lastModifiedDate":"2023-09-17"},{"lineNumber":2,"author":{"gitId":"jy0251"},"content":"bananas","lastModifiedDate":"2023-09-17"},{"lineNumber":3,"author":{"gitId":"jy0251"},"content":"berries","lastModifiedDate":"2023-09-17"},{"lineNumber":4,"author":{"gitId":"jy0251"},"content":"cherries","lastModifiedDate":"2023-09-17"}],"authorContributionMap":{"jy0251":4}},{"path":"shapes.txt","fileType":"txt","lines":[{"lineNumber":1,"author":{"gitId":"jy0251"},"content":"square","lastModifiedDate":"2023-09-17"},{"lineNumber":2,"author":{"gitId":"jy0251"},"content":"circle","lastModifiedDate":"2023-09-17"},{"lineNumber":3,"author":{"gitId":"jy0251"},"content":"triangle","lastModifiedDate":"2023-09-17"}],"authorContributionMap":{"jy0251":3}},{"path":"src/Main.java","fileType":"java","lines":[{"lineNumber":1,"author":{"gitId":"jy0251"},"content":"// Press Shift twice to open the Search Everywhere dialog and type `show whitespaces`,","lastModifiedDate":"2023-09-17"},{"lineNumber":2,"author":{"gitId":"jy0251"},"content":"// then press Enter. You can now see whitespace characters in your code.","lastModifiedDate":"2023-09-17"},{"lineNumber":3,"author":{"gitId":"jy0251"},"content":"import java.util.Scanner;","lastModifiedDate":"2023-09-17"},{"lineNumber":4,"author":{"gitId":"jy0251"},"content":"import java.util.ArrayList;","lastModifiedDate":"2023-09-17"},{"lineNumber":5,"author":{"gitId":"jy0251"},"content":"","lastModifiedDate":"2023-09-17"},{"lineNumber":6,"author":{"gitId":"jy0251"},"content":"public class Main {","lastModifiedDate":"2023-09-17"},{"lineNumber":7,"author":{"gitId":"jy0251"},"content":"    private static final int MAX_TASKS \u003d 100;","lastModifiedDate":"2023-10-24"},{"lineNumber":8,"author":{"gitId":"jy0251"},"content":"    private static Task[] tasks \u003d new Task[MAX_TASKS];","lastModifiedDate":"2023-10-24"},{"lineNumber":9,"author":{"gitId":"jy0251"},"content":"    private static int taskCounter \u003d 0;","lastModifiedDate":"2023-10-24"},{"lineNumber":10,"author":{"gitId":"jy0251"},"content":"","lastModifiedDate":"2023-09-17"},{"lineNumber":11,"author":{"gitId":"jy0251"},"content":"    public static void main(String[] args) {","lastModifiedDate":"2023-10-24"},{"lineNumber":12,"author":{"gitId":"jy0251"},"content":"        Scanner scanner \u003d new Scanner(System.in);","lastModifiedDate":"2023-09-17"},{"lineNumber":13,"author":{"gitId":"jy0251"},"content":"","lastModifiedDate":"2023-09-17"},{"lineNumber":14,"author":{"gitId":"jy0251"},"content":"        // Greet the user","lastModifiedDate":"2023-09-17"},{"lineNumber":15,"author":{"gitId":"jy0251"},"content":"        String logo \u003d \"    ____                       __\\n\" +","lastModifiedDate":"2023-09-17"},{"lineNumber":16,"author":{"gitId":"jy0251"},"content":"                \"   / __ \\\\__  ______  ___  ____/ /\\n\" +","lastModifiedDate":"2023-09-17"},{"lineNumber":17,"author":{"gitId":"jy0251"},"content":"                \"  / / / / / / / __ \\\\/ _ \\\\/ __  /\\n\" +","lastModifiedDate":"2023-09-17"},{"lineNumber":18,"author":{"gitId":"jy0251"},"content":"                \" / /_/ / /_/ / /_/ /  __/ /_/ /\\n\" +","lastModifiedDate":"2023-09-17"},{"lineNumber":19,"author":{"gitId":"jy0251"},"content":"                \"/_____/\\\\__,_/ .___/\\\\___/\\\\__,_/\\n\" +","lastModifiedDate":"2023-09-17"},{"lineNumber":20,"author":{"gitId":"jy0251"},"content":"                \"           /_/\";","lastModifiedDate":"2023-09-17"},{"lineNumber":21,"author":{"gitId":"jy0251"},"content":"        System.out.println(\"Hello! I\u0027m DupeBot.\\n\" + logo);","lastModifiedDate":"2023-09-17"},{"lineNumber":22,"author":{"gitId":"jy0251"},"content":"        System.out.println(\"What can I do for you?\");","lastModifiedDate":"2023-09-17"},{"lineNumber":23,"author":{"gitId":"jy0251"},"content":"","lastModifiedDate":"2023-09-17"},{"lineNumber":24,"author":{"gitId":"jy0251"},"content":"","lastModifiedDate":"2023-10-24"},{"lineNumber":25,"author":{"gitId":"jy0251"},"content":"        while (true) {","lastModifiedDate":"2023-09-18"},{"lineNumber":26,"author":{"gitId":"jy0251"},"content":"            String userInput \u003d scanner.nextLine();","lastModifiedDate":"2023-09-17"},{"lineNumber":27,"author":{"gitId":"jy0251"},"content":"            if (userInput.equalsIgnoreCase(\"bye\")) {","lastModifiedDate":"2023-09-18"},{"lineNumber":28,"author":{"gitId":"jy0251"},"content":"                System.out.println(\"Bye. Hope to see you again soon!\");","lastModifiedDate":"2023-09-17"},{"lineNumber":29,"author":{"gitId":"jy0251"},"content":"                break;","lastModifiedDate":"2023-10-24"},{"lineNumber":30,"author":{"gitId":"jy0251"},"content":"            } else if (userInput.equalsIgnoreCase(\"list\")) {","lastModifiedDate":"2023-09-18"},{"lineNumber":31,"author":{"gitId":"jy0251"},"content":"                displayTasks();","lastModifiedDate":"2023-10-24"},{"lineNumber":32,"author":{"gitId":"jy0251"},"content":"            } else if (userInput.startsWith(\"mark \")) {","lastModifiedDate":"2023-10-24"},{"lineNumber":33,"author":{"gitId":"jy0251"},"content":"                markTaskAsDone(userInput);","lastModifiedDate":"2023-10-24"},{"lineNumber":34,"author":{"gitId":"jy0251"},"content":"            } else if (userInput.startsWith(\"unmark \")) {","lastModifiedDate":"2023-10-24"},{"lineNumber":35,"author":{"gitId":"jy0251"},"content":"                unmarkTask(userInput);","lastModifiedDate":"2023-10-24"},{"lineNumber":36,"author":{"gitId":"jy0251"},"content":"            } else {","lastModifiedDate":"2023-10-24"},{"lineNumber":37,"author":{"gitId":"jy0251"},"content":"                addTask(userInput);","lastModifiedDate":"2023-10-24"},{"lineNumber":38,"author":{"gitId":"jy0251"},"content":"            }","lastModifiedDate":"2023-09-18"},{"lineNumber":39,"author":{"gitId":"jy0251"},"content":"        }","lastModifiedDate":"2023-10-24"},{"lineNumber":40,"author":{"gitId":"jy0251"},"content":"","lastModifiedDate":"2023-10-24"},{"lineNumber":41,"author":{"gitId":"jy0251"},"content":"        scanner.close();","lastModifiedDate":"2023-10-24"},{"lineNumber":42,"author":{"gitId":"jy0251"},"content":"    }","lastModifiedDate":"2023-10-24"},{"lineNumber":43,"author":{"gitId":"jy0251"},"content":"","lastModifiedDate":"2023-10-24"},{"lineNumber":44,"author":{"gitId":"jy0251"},"content":"    private static void displayTasks() {","lastModifiedDate":"2023-10-24"},{"lineNumber":45,"author":{"gitId":"jy0251"},"content":"        if (taskCounter \u003d\u003d 0) {","lastModifiedDate":"2023-10-24"},{"lineNumber":46,"author":{"gitId":"jy0251"},"content":"            System.out.println(\"The task list is currently empty\");","lastModifiedDate":"2023-10-24"},{"lineNumber":47,"author":{"gitId":"jy0251"},"content":"        } else {","lastModifiedDate":"2023-10-24"},{"lineNumber":48,"author":{"gitId":"jy0251"},"content":"            for (int i \u003d 0; i \u003c taskCounter; i++) {","lastModifiedDate":"2023-09-18"},{"lineNumber":49,"author":{"gitId":"jy0251"},"content":"                Task task \u003d tasks[i];","lastModifiedDate":"2023-10-24"},{"lineNumber":50,"author":{"gitId":"jy0251"},"content":"                System.out.println((i + 1) + \" \" + task.getStatusIcon() + \" \" + task.getDescription());","lastModifiedDate":"2023-10-24"},{"lineNumber":51,"author":{"gitId":"jy0251"},"content":"            }","lastModifiedDate":"2023-09-18"},{"lineNumber":52,"author":{"gitId":"jy0251"},"content":"        }","lastModifiedDate":"2023-09-18"},{"lineNumber":53,"author":{"gitId":"jy0251"},"content":"    }","lastModifiedDate":"2023-09-18"},{"lineNumber":54,"author":{"gitId":"jy0251"},"content":"","lastModifiedDate":"2023-10-24"},{"lineNumber":55,"author":{"gitId":"jy0251"},"content":"    private static void markTaskAsDone(String userInput) {","lastModifiedDate":"2023-10-24"},{"lineNumber":56,"author":{"gitId":"jy0251"},"content":"        int taskIndex \u003d getTaskIndex(userInput);","lastModifiedDate":"2023-10-24"},{"lineNumber":57,"author":{"gitId":"jy0251"},"content":"        if (taskIndex \u003e\u003d 1 \u0026\u0026 taskIndex \u003c\u003d taskCounter) {","lastModifiedDate":"2023-10-24"},{"lineNumber":58,"author":{"gitId":"jy0251"},"content":"            Task task \u003d tasks[taskIndex - 1];","lastModifiedDate":"2023-10-24"},{"lineNumber":59,"author":{"gitId":"jy0251"},"content":"            task.markAsDone();","lastModifiedDate":"2023-10-24"},{"lineNumber":60,"author":{"gitId":"jy0251"},"content":"            System.out.println(\"Nice! I\u0027ve marked this task as done:\");","lastModifiedDate":"2023-10-24"},{"lineNumber":61,"author":{"gitId":"jy0251"},"content":"            System.out.println(\"  \" + task.getStatusIcon() + \" \" + task.getDescription());","lastModifiedDate":"2023-10-24"},{"lineNumber":62,"author":{"gitId":"jy0251"},"content":"        } else {","lastModifiedDate":"2023-09-18"},{"lineNumber":63,"author":{"gitId":"jy0251"},"content":"            System.out.println(\"Invalid task number.\");","lastModifiedDate":"2023-10-24"},{"lineNumber":64,"author":{"gitId":"jy0251"},"content":"        }","lastModifiedDate":"2023-10-24"},{"lineNumber":65,"author":{"gitId":"jy0251"},"content":"    }","lastModifiedDate":"2023-09-18"},{"lineNumber":66,"author":{"gitId":"jy0251"},"content":"","lastModifiedDate":"2023-10-24"},{"lineNumber":67,"author":{"gitId":"jy0251"},"content":"    private static void unmarkTask(String userInput) {","lastModifiedDate":"2023-10-24"},{"lineNumber":68,"author":{"gitId":"jy0251"},"content":"        int taskIndex \u003d getTaskIndex(userInput);","lastModifiedDate":"2023-10-24"},{"lineNumber":69,"author":{"gitId":"jy0251"},"content":"        if (taskIndex \u003e\u003d 1 \u0026\u0026 taskIndex \u003c\u003d taskCounter) {","lastModifiedDate":"2023-10-24"},{"lineNumber":70,"author":{"gitId":"jy0251"},"content":"            Task task \u003d tasks[taskIndex - 1];","lastModifiedDate":"2023-10-24"},{"lineNumber":71,"author":{"gitId":"jy0251"},"content":"            task.markAsNotDone();","lastModifiedDate":"2023-10-24"},{"lineNumber":72,"author":{"gitId":"jy0251"},"content":"            System.out.println(\"OK, I\u0027ve marked this task as not done yet:\");","lastModifiedDate":"2023-10-24"},{"lineNumber":73,"author":{"gitId":"jy0251"},"content":"            System.out.println(\"  \" + task.getStatusIcon() + \" \" + task.getDescription());","lastModifiedDate":"2023-10-24"},{"lineNumber":74,"author":{"gitId":"jy0251"},"content":"        } else {","lastModifiedDate":"2023-10-24"},{"lineNumber":75,"author":{"gitId":"jy0251"},"content":"            System.out.println(\"Invalid task number.\");","lastModifiedDate":"2023-10-24"},{"lineNumber":76,"author":{"gitId":"jy0251"},"content":"        }","lastModifiedDate":"2023-09-18"},{"lineNumber":77,"author":{"gitId":"jy0251"},"content":"    }","lastModifiedDate":"2023-09-17"},{"lineNumber":78,"author":{"gitId":"jy0251"},"content":"","lastModifiedDate":"2023-09-18"},{"lineNumber":79,"author":{"gitId":"jy0251"},"content":"    private static int getTaskIndex(String userInput) {","lastModifiedDate":"2023-10-24"},{"lineNumber":80,"author":{"gitId":"jy0251"},"content":"        String[] parts \u003d userInput.split(\" \");","lastModifiedDate":"2023-10-24"},{"lineNumber":81,"author":{"gitId":"jy0251"},"content":"        if (parts.length \u003d\u003d 2) {","lastModifiedDate":"2023-10-24"},{"lineNumber":82,"author":{"gitId":"jy0251"},"content":"            try {","lastModifiedDate":"2023-10-24"},{"lineNumber":83,"author":{"gitId":"jy0251"},"content":"                return Integer.parseInt(parts[1]);","lastModifiedDate":"2023-10-24"},{"lineNumber":84,"author":{"gitId":"jy0251"},"content":"            } catch (NumberFormatException e) {","lastModifiedDate":"2023-10-24"},{"lineNumber":85,"author":{"gitId":"jy0251"},"content":"                // Handle the case where the user didn\u0027t provide a valid number.","lastModifiedDate":"2023-10-24"},{"lineNumber":86,"author":{"gitId":"jy0251"},"content":"            }","lastModifiedDate":"2023-10-24"},{"lineNumber":87,"author":{"gitId":"jy0251"},"content":"        }","lastModifiedDate":"2023-10-24"},{"lineNumber":88,"author":{"gitId":"jy0251"},"content":"        return -1; // Invalid input","lastModifiedDate":"2023-10-24"},{"lineNumber":89,"author":{"gitId":"jy0251"},"content":"    }","lastModifiedDate":"2023-09-17"},{"lineNumber":90,"author":{"gitId":"jy0251"},"content":"","lastModifiedDate":"2023-10-24"},{"lineNumber":91,"author":{"gitId":"jy0251"},"content":"    private static void addTask(String description) {","lastModifiedDate":"2023-10-24"},{"lineNumber":92,"author":{"gitId":"jy0251"},"content":"        if (taskCounter \u003c MAX_TASKS) {","lastModifiedDate":"2023-10-24"},{"lineNumber":93,"author":{"gitId":"jy0251"},"content":"            Task task \u003d new Task(description);","lastModifiedDate":"2023-10-24"},{"lineNumber":94,"author":{"gitId":"jy0251"},"content":"            tasks[taskCounter] \u003d task;","lastModifiedDate":"2023-10-24"},{"lineNumber":95,"author":{"gitId":"jy0251"},"content":"            taskCounter++;","lastModifiedDate":"2023-10-24"},{"lineNumber":96,"author":{"gitId":"jy0251"},"content":"            System.out.println(\"Added: \" + description);","lastModifiedDate":"2023-10-24"},{"lineNumber":97,"author":{"gitId":"jy0251"},"content":"        } else {","lastModifiedDate":"2023-10-24"},{"lineNumber":98,"author":{"gitId":"jy0251"},"content":"            System.out.println(\"Sorry, your task list is full.\");","lastModifiedDate":"2023-10-24"},{"lineNumber":99,"author":{"gitId":"jy0251"},"content":"        }","lastModifiedDate":"2023-09-17"},{"lineNumber":100,"author":{"gitId":"jy0251"},"content":"    }","lastModifiedDate":"2023-10-24"},{"lineNumber":101,"author":{"gitId":"jy0251"},"content":"}","lastModifiedDate":"2023-10-24"},{"lineNumber":102,"author":{"gitId":"jy0251"},"content":"","lastModifiedDate":"2023-10-24"}],"authorContributionMap":{"jy0251":102}},{"path":"src/Task.java","fileType":"java","lines":[{"lineNumber":1,"author":{"gitId":"jy0251"},"content":"public class Task {","lastModifiedDate":"2023-10-24"},{"lineNumber":2,"author":{"gitId":"jy0251"},"content":"","lastModifiedDate":"2023-10-24"},{"lineNumber":3,"author":{"gitId":"jy0251"},"content":"    private String description;","lastModifiedDate":"2023-10-24"},{"lineNumber":4,"author":{"gitId":"jy0251"},"content":"    private boolean isDone;","lastModifiedDate":"2023-10-24"},{"lineNumber":5,"author":{"gitId":"jy0251"},"content":"","lastModifiedDate":"2023-10-24"},{"lineNumber":6,"author":{"gitId":"jy0251"},"content":"    public Task(String description) {","lastModifiedDate":"2023-10-24"},{"lineNumber":7,"author":{"gitId":"jy0251"},"content":"        this.description \u003d description;","lastModifiedDate":"2023-10-24"},{"lineNumber":8,"author":{"gitId":"jy0251"},"content":"        this.isDone \u003d false;","lastModifiedDate":"2023-10-24"},{"lineNumber":9,"author":{"gitId":"jy0251"},"content":"    }","lastModifiedDate":"2023-10-24"},{"lineNumber":10,"author":{"gitId":"jy0251"},"content":"","lastModifiedDate":"2023-10-24"},{"lineNumber":11,"author":{"gitId":"jy0251"},"content":"    public String getDescription() {","lastModifiedDate":"2023-10-24"},{"lineNumber":12,"author":{"gitId":"jy0251"},"content":"        return description;","lastModifiedDate":"2023-10-24"},{"lineNumber":13,"author":{"gitId":"jy0251"},"content":"    }","lastModifiedDate":"2023-10-24"},{"lineNumber":14,"author":{"gitId":"jy0251"},"content":"","lastModifiedDate":"2023-10-24"},{"lineNumber":15,"author":{"gitId":"jy0251"},"content":"    public boolean isDone() {","lastModifiedDate":"2023-10-24"},{"lineNumber":16,"author":{"gitId":"jy0251"},"content":"        return isDone;","lastModifiedDate":"2023-10-24"},{"lineNumber":17,"author":{"gitId":"jy0251"},"content":"    }","lastModifiedDate":"2023-10-24"},{"lineNumber":18,"author":{"gitId":"jy0251"},"content":"","lastModifiedDate":"2023-10-24"},{"lineNumber":19,"author":{"gitId":"jy0251"},"content":"    public void markAsDone() {","lastModifiedDate":"2023-10-24"},{"lineNumber":20,"author":{"gitId":"jy0251"},"content":"        isDone \u003d true;","lastModifiedDate":"2023-10-24"},{"lineNumber":21,"author":{"gitId":"jy0251"},"content":"    }","lastModifiedDate":"2023-10-24"},{"lineNumber":22,"author":{"gitId":"jy0251"},"content":"","lastModifiedDate":"2023-10-24"},{"lineNumber":23,"author":{"gitId":"jy0251"},"content":"    public void markAsNotDone() {","lastModifiedDate":"2023-10-24"},{"lineNumber":24,"author":{"gitId":"jy0251"},"content":"        isDone \u003d false;","lastModifiedDate":"2023-10-24"},{"lineNumber":25,"author":{"gitId":"jy0251"},"content":"    }","lastModifiedDate":"2023-10-24"},{"lineNumber":26,"author":{"gitId":"jy0251"},"content":"","lastModifiedDate":"2023-10-24"},{"lineNumber":27,"author":{"gitId":"jy0251"},"content":"    public String getStatusIcon() {","lastModifiedDate":"2023-10-24"},{"lineNumber":28,"author":{"gitId":"jy0251"},"content":"        return isDone ? \"[X]\" : \"[ ]\";","lastModifiedDate":"2023-10-24"},{"lineNumber":29,"author":{"gitId":"jy0251"},"content":"    }","lastModifiedDate":"2023-10-24"},{"lineNumber":30,"author":{"gitId":"jy0251"},"content":"}","lastModifiedDate":"2023-10-24"}],"authorContributionMap":{"jy0251":30}}]
