{"authorDailyContributionsMap":{"jy0251":[{"date":"2023-09-17","commitResults":[{"hash":"88ed8f44841663c0520cd96caa4d9762aae22983","isMergeCommit":false,"messageTitle":"add fruits.txt","messageBody":"","fileTypesAndContributionMap":{"txt":{"insertions":3,"deletions":0},"java":{"insertions":17,"deletions":0}}},{"hash":"bb9382fd931c39197827603e86c876979e793085","isMergeCommit":false,"messageTitle":"re-commit shapes.txt and colors.txt and added items in berries.txt","messageBody":"","tags":["v1.0"],"fileTypesAndContributionMap":{"txt":{"insertions":8,"deletions":1}}},{"hash":"a097b91aa7b3d007985564c69f6c50f06960533b","isMergeCommit":false,"messageTitle":"Level 0. Rename, Greet, Exit","messageBody":"","fileTypesAndContributionMap":{"java":{"insertions":27,"deletions":6}}}]},{"date":"2023-09-18","commitResults":[{"hash":"083a177f318a849dfc9aa2169172499ec8baf6a0","isMergeCommit":false,"messageTitle":"Level 1. Echo","messageBody":"","fileTypesAndContributionMap":{"java":{"insertions":13,"deletions":10}}},{"hash":"07f7bbd80352359f44796e856ac87e262e9c0ffc","isMergeCommit":false,"messageTitle":"Level 2. Add, List","messageBody":"","fileTypesAndContributionMap":{"java":{"insertions":22,"deletions":4}}},{"hash":"59814459b87a57363268e0efa4fadceca02d710b","isMergeCommit":true,"messageTitle":"Merge branch \u0027master\u0027 of https://github.com/jy0251/duke","messageBody":"# Conflicts:\n#\t.gitignore\n","fileTypesAndContributionMap":{}},{"hash":"750f7e716030a7c4062450f4c44b3e6e5bd6f74a","isMergeCommit":true,"messageTitle":"Merge branch \u0027add-gradle-support\u0027 of https://github.com/jy0251/duke","messageBody":"","fileTypesAndContributionMap":{}}]}]},"authorFileTypeContributionMap":{"jy0251":{"java":59,"md":0,"fxml":0,"sh":0,"bat":0,"gradle":0,"txt":10}},"authorContributionVariance":{"jy0251":163.96529},"authorDisplayNameMap":{"jy0251":"ONG ..YONG"}}
