{"authorDailyContributionsMap":{"jy0251":[{"date":"2023-09-17","commitResults":[{"hash":"88ed8f44841663c0520cd96caa4d9762aae22983","isMergeCommit":false,"messageTitle":"add fruits.txt","messageBody":"","fileTypesAndContributionMap":{"txt":{"insertions":3,"deletions":0},"java":{"insertions":17,"deletions":0}}},{"hash":"bb9382fd931c39197827603e86c876979e793085","isMergeCommit":false,"messageTitle":"re-commit shapes.txt and colors.txt and added items in berries.txt","messageBody":"","tags":["v1.0"],"fileTypesAndContributionMap":{"txt":{"insertions":8,"deletions":1}}},{"hash":"a097b91aa7b3d007985564c69f6c50f06960533b","isMergeCommit":false,"messageTitle":"Level 0. Rename, Greet, Exit","messageBody":"","fileTypesAndContributionMap":{"java":{"insertions":27,"deletions":6}}}]},{"date":"2023-09-18","commitResults":[{"hash":"083a177f318a849dfc9aa2169172499ec8baf6a0","isMergeCommit":false,"messageTitle":"Level 1. Echo","messageBody":"","fileTypesAndContributionMap":{"java":{"insertions":13,"deletions":10}}},{"hash":"07f7bbd80352359f44796e856ac87e262e9c0ffc","isMergeCommit":false,"messageTitle":"Level 2. Add, List","messageBody":"","fileTypesAndContributionMap":{"java":{"insertions":22,"deletions":4}}},{"hash":"59814459b87a57363268e0efa4fadceca02d710b","isMergeCommit":true,"messageTitle":"Merge branch \u0027master\u0027 of https://github.com/jy0251/duke","messageBody":"# Conflicts:\n#\t.gitignore\n","fileTypesAndContributionMap":{}},{"hash":"750f7e716030a7c4062450f4c44b3e6e5bd6f74a","isMergeCommit":true,"messageTitle":"Merge branch \u0027add-gradle-support\u0027 of https://github.com/jy0251/duke","messageBody":"","fileTypesAndContributionMap":{}}]},{"date":"2023-10-24","commitResults":[{"hash":"d6613d69ee4ebc6724ccbf269b3e69609322400e","isMergeCommit":false,"messageTitle":"added task marker, created task class.","messageBody":"","fileTypesAndContributionMap":{"java":{"insertions":103,"deletions":30}}}]},{"date":"2023-10-29","commitResults":[{"hash":"6cf77e509468774888cd41404bf2bd6e6669451c","isMergeCommit":false,"messageTitle":"Level 4: added ToDos, Events, Deadlines","messageBody":"","fileTypesAndContributionMap":{"java":{"insertions":125,"deletions":7}}},{"hash":"3b8155224a338bc46033d93c5c8052f0fed85b65","isMergeCommit":false,"messageTitle":"Level 5. Handle Errors","messageBody":"","fileTypesAndContributionMap":{"java":{"insertions":74,"deletions":28}}},{"hash":"1227ddb3d104aca8e21123f8cfd9118a8c40d968","isMergeCommit":false,"messageTitle":"Level 6. Delete","messageBody":"","fileTypesAndContributionMap":{"java":{"insertions":38,"deletions":1}}}]},{"date":"2023-11-13","commitResults":[{"hash":"fd3fce619aa00450de097730a02420de5535fa58","isMergeCommit":false,"messageTitle":"level 7: implemented save and load function","messageBody":"","fileTypesAndContributionMap":{"java":{"insertions":130,"deletions":6}}},{"hash":"a4b12dd7c015f692c81719f68b0c3f78e003154c","isMergeCommit":false,"messageTitle":"Rearranged classes and added exceptions handling for saved task lists that are not within specifications","messageBody":"","fileTypesAndContributionMap":{"java":{"insertions":46,"deletions":20}}},{"hash":"e60076c4e5d3873eda57cb00c909c81ebadade0c","isMergeCommit":false,"messageTitle":"MoreOOP, extracted UI and Storage","messageBody":"","fileTypesAndContributionMap":{"java":{"insertions":223,"deletions":107}}}]},{"date":"2023-11-16","commitResults":[{"hash":"5e31fb19cc5f9bdd159cded40ef9fc5444c0d584","isMergeCommit":false,"messageTitle":"Level 8: Dates and Times","messageBody":"","fileTypesAndContributionMap":{"java":{"insertions":61,"deletions":25}}}]},{"date":"2023-11-18","commitResults":[{"hash":"df8b424dbf6a6af7c535131ad5736be2ab5c5f9a","isMergeCommit":false,"messageTitle":"implement gradle","messageBody":"","fileTypesAndContributionMap":{"gradle":{"insertions":2,"deletions":2},"txt":{"insertions":5,"deletions":0},"java":{"insertions":66,"deletions":28}}}]},{"date":"2023-11-19","commitResults":[{"hash":"95fcdbbd148ffc434bd9fa1395b645c16fe97f5e","isMergeCommit":false,"messageTitle":"fixed bug, removed parameter in storage.load","messageBody":"","fileTypesAndContributionMap":{"java":{"insertions":2,"deletions":2}}},{"hash":"b6012490070b52f848e8caf19a518cc3ab55a0a5","isMergeCommit":false,"messageTitle":"added test for storage","messageBody":"","fileTypesAndContributionMap":{"java":{"insertions":35,"deletions":1}}},{"hash":"133ff163d7c6639f729387c1b0f9de1e6ad713df","isMergeCommit":false,"messageTitle":"added recurring event","messageBody":"","fileTypesAndContributionMap":{"txt":{"insertions":3,"deletions":3},"java":{"insertions":96,"deletions":5}}},{"hash":"5acf4d76ff65596ab2b74a9ce11e3816647ce927","isMergeCommit":false,"messageTitle":"Level 9. Find and added additional date format handling for \u0027-\u0027 instead of \u0027/\u0027","messageBody":"","fileTypesAndContributionMap":{"java":{"insertions":40,"deletions":22}}},{"hash":"8edde42aefe9275867b142d89265e69e4a8a3d51","isMergeCommit":false,"messageTitle":"added some JavaDoc description for TaskClasses","messageBody":"","fileTypesAndContributionMap":{"txt":{"insertions":1,"deletions":0},"java":{"insertions":101,"deletions":9}}},{"hash":"d21b1f41116c34a728b7b1bf44706528b354fed2","isMergeCommit":false,"messageTitle":"edited validation checks for deadline and event","messageBody":"","fileTypesAndContributionMap":{"java":{"insertions":2,"deletions":2}}},{"hash":"ef435427b22f3e10bb1362cd308b6ec2c0f668cd","isMergeCommit":false,"messageTitle":"amended error messages for incorrect date/time format","messageBody":"","fileTypesAndContributionMap":{"java":{"insertions":3,"deletions":5}}},{"hash":"3a88532a45ad20993d2570fccf16a6d384253680","isMergeCommit":false,"messageTitle":"changed date format checker for event","messageBody":"","fileTypesAndContributionMap":{"txt":{"insertions":3,"deletions":6},"java":{"insertions":1,"deletions":1}}},{"hash":"1a57ea2f23538345060b1a3e7fb02e5fb48ef61d","isMergeCommit":false,"messageTitle":"amend recurring task to add correct number of days","messageBody":"","fileTypesAndContributionMap":{"java":{"insertions":4,"deletions":4}}},{"hash":"0e5b22b931dc7a54a79c48adfd3200ffb9b6dedd","isMergeCommit":false,"messageTitle":"amended validation checks for extractTo, extractFrom, extractBy","messageBody":"","fileTypesAndContributionMap":{"java":{"insertions":32,"deletions":18}}},{"hash":"8f49586c305bb3e25c00f8bd7929d8faf78d803b","isMergeCommit":false,"messageTitle":"fixed \"handleRecurringEvent\" validation check","messageBody":"","fileTypesAndContributionMap":{"java":{"insertions":1,"deletions":1}}}]}]},"authorFileTypeContributionMap":{"jy0251":{"java":930,"md":0,"fxml":0,"sh":0,"bat":0,"gradle":2,"txt":13}},"authorContributionVariance":{"jy0251":5453.293},"authorDisplayNameMap":{"jy0251":"ONG ..YONG"}}
