{"authorDailyContributionsMap":{"angelquisit":[{"date":"2023-09-09","commitResults":[{"hash":"bb67b75b1c2952a2e4d1f984befcf0aa7b658759","isMergeCommit":false,"messageTitle":"Add Level 0: Rename, Greet, Exit","messageBody":"","tags":["Level-0"],"fileTypesAndContributionMap":{"java":{"insertions":6,"deletions":1}}},{"hash":"51a8f278268f3d27f3e52f8e600b49d3b9078bd1","isMergeCommit":false,"messageTitle":"Add Level 1: Echo","messageBody":"","tags":["Level-1"],"fileTypesAndContributionMap":{"java":{"insertions":19,"deletions":1}}},{"hash":"7d353adbb70cb73c2e891929d83cc0f6d91296d5","isMergeCommit":false,"messageTitle":"Added Level-2: Add, List","messageBody":"","tags":["Level-2"],"fileTypesAndContributionMap":{"java":{"insertions":11,"deletions":1}}}]},{"date":"2023-09-10","commitResults":[{"hash":"3c7695ebe0fdd935912bfc48bcdab3a53ea038a3","isMergeCommit":false,"messageTitle":"Added Level-3: Mark as Done","messageBody":"","fileTypesAndContributionMap":{"java":{"insertions":69,"deletions":14}}},{"hash":"79c951588fd3e0bc56cc5b75ee64f512c3dce943","isMergeCommit":false,"messageTitle":"Level-3: Fixed if(line.equals(\"bye\")) catch","messageBody":"","tags":["Level-3"],"fileTypesAndContributionMap":{"java":{"insertions":1,"deletions":0}}},{"hash":"793d17bf617534b4a2bf493371b5501e7d2a032c","isMergeCommit":false,"messageTitle":"Added Level-4: ToDo, Event, Deadline","messageBody":"","tags":["Level-4"],"fileTypesAndContributionMap":{"java":{"insertions":68,"deletions":5}}}]},{"date":"2023-10-07","commitResults":[{"hash":"00e3f72736c3444d8baac0a07726031bc85d2607","isMergeCommit":false,"messageTitle":"Added Level 5: Handle Errors and Refactored Code","messageBody":"","tags":["Level-5"],"fileTypesAndContributionMap":{"java":{"insertions":161,"deletions":59}}}]},{"date":"2023-10-15","commitResults":[{"hash":"8f7a8d8592fa6424600e8e60656225ae9ac1b59e","isMergeCommit":false,"messageTitle":"Added Level 6: Delete","messageBody":"","fileTypesAndContributionMap":{"java":{"insertions":53,"deletions":17}}},{"hash":"15c87d8bc38092c46266fd5795f2a07bc3c8a526","isMergeCommit":false,"messageTitle":"Level-6: Edited Help Message to include delete and added Error Handling Message for when user tries to delete a non-existent task.","messageBody":"","tags":["Level-6"],"fileTypesAndContributionMap":{"java":{"insertions":16,"deletions":11}}},{"hash":"4c9b21e9b5c406b8ddf740a366803645d57b0212","isMergeCommit":false,"messageTitle":"Level 7 MoreOOP: Created Bot, UI and taskList class","messageBody":"","fileTypesAndContributionMap":{"java":{"insertions":219,"deletions":215}}}]},{"date":"2023-11-11","commitResults":[{"hash":"cfff28e422ae65cffa536a5bbf6c0e98f2e3afe2","isMergeCommit":false,"messageTitle":"Implement Save","messageBody":"","fileTypesAndContributionMap":{"txt":{"insertions":2,"deletions":0},"java":{"insertions":171,"deletions":6}}},{"hash":"5302ca3c05fdc8eacd43fdde5b9029a376ed483a","isMergeCommit":false,"messageTitle":"Implemented A-MoreOOP and A-Packages","messageBody":"","fileTypesAndContributionMap":{"txt":{"insertions":4,"deletions":0},"java":{"insertions":520,"deletions":351}}},{"hash":"f874afafaf5cdece26da3a531a2533931a5be59f","isMergeCommit":false,"messageTitle":"More OOP for AddCommands and Fixed Error Handling missed during earlier refactoring","messageBody":"","fileTypesAndContributionMap":{"txt":{"insertions":2,"deletions":2},"java":{"insertions":143,"deletions":88}}},{"hash":"48a8bf774d28bb51fc29a89794e24ad274bf9b44","isMergeCommit":false,"messageTitle":"Fixed more error handling","messageBody":"","tags":["Level-7"],"fileTypesAndContributionMap":{"java":{"insertions":37,"deletions":17}}}]},{"date":"2023-11-12","commitResults":[{"hash":"a3aa83dcb88bd4f4cfdfffe8e98887b5afbfb040","isMergeCommit":false,"messageTitle":"Added Level 8 Dates \u0026 Times Minimal","messageBody":"","fileTypesAndContributionMap":{"txt":{"insertions":1,"deletions":3},"java":{"insertions":80,"deletions":26}}},{"hash":"dc283ff883e54cde7c21353327ecb7e7ff733451","isMergeCommit":false,"messageTitle":"Added Stretch Goal: Due Command","messageBody":"","fileTypesAndContributionMap":{"txt":{"insertions":1,"deletions":0},"java":{"insertions":119,"deletions":21}}},{"hash":"ea438e2b39856b6dcef01c70a3acea0abdb3dff4","isMergeCommit":false,"messageTitle":"Created new package for exceptions and deleted unnecessary files","messageBody":"","fileTypesAndContributionMap":{"java":{"insertions":19,"deletions":17}}},{"hash":"63fea4fe6df8baeabf842e608eaae902cd299aa9","isMergeCommit":false,"messageTitle":"Added JavaDoc comments to classes in the duke package and command package.","messageBody":"","fileTypesAndContributionMap":{"java":{"insertions":124,"deletions":14}}}]},{"date":"2023-11-13","commitResults":[{"hash":"d4608e9b0ffc8baae08bef2ba6d40a229d43cc5b","isMergeCommit":true,"messageTitle":"Merge remote-tracking branch \u0027origin/add-gradle-support\u0027 into Branch-Level-8","messageBody":"","fileTypesAndContributionMap":{}},{"hash":"53165aadeab204725cfdfcafe5bbb9aa5029c9ff","isMergeCommit":false,"messageTitle":"Implemented A-Gradle and A-JUnit Tests for most Classes under command Package, Parser Class and Storage Class","messageBody":"","tags":["Level-8"],"fileTypesAndContributionMap":{"gradle":{"insertions":1,"deletions":1},"txt":{"insertions":3,"deletions":0},"java":{"insertions":257,"deletions":25}}}]}]},"authorFileTypeContributionMap":{"angelquisit":{"java":1210,"md":0,"fxml":0,"sh":0,"bat":0,"gradle":1,"txt":8}},"authorContributionVariance":{"angelquisit":25274.105},"authorDisplayNameMap":{"angelquisit":"QUIS..UGTU"}}
