{"authorDailyContributionsMap":{"angelquisit":[{"date":"2023-09-09","commitResults":[{"hash":"bb67b75b1c2952a2e4d1f984befcf0aa7b658759","isMergeCommit":false,"messageTitle":"Add Level 0: Rename, Greet, Exit","messageBody":"","tags":["Level-0"],"fileTypesAndContributionMap":{"java":{"insertions":6,"deletions":1}}},{"hash":"51a8f278268f3d27f3e52f8e600b49d3b9078bd1","isMergeCommit":false,"messageTitle":"Add Level 1: Echo","messageBody":"","tags":["Level-1"],"fileTypesAndContributionMap":{"java":{"insertions":19,"deletions":1}}},{"hash":"7d353adbb70cb73c2e891929d83cc0f6d91296d5","isMergeCommit":false,"messageTitle":"Added Level-2: Add, List","messageBody":"","tags":["Level-2"],"fileTypesAndContributionMap":{"java":{"insertions":11,"deletions":1}}}]},{"date":"2023-09-10","commitResults":[{"hash":"3c7695ebe0fdd935912bfc48bcdab3a53ea038a3","isMergeCommit":false,"messageTitle":"Added Level-3: Mark as Done","messageBody":"","fileTypesAndContributionMap":{"java":{"insertions":69,"deletions":14}}},{"hash":"79c951588fd3e0bc56cc5b75ee64f512c3dce943","isMergeCommit":false,"messageTitle":"Level-3: Fixed if(line.equals(\"bye\")) catch","messageBody":"","tags":["Level-3"],"fileTypesAndContributionMap":{"java":{"insertions":1,"deletions":0}}},{"hash":"793d17bf617534b4a2bf493371b5501e7d2a032c","isMergeCommit":false,"messageTitle":"Added Level-4: ToDo, Event, Deadline","messageBody":"","tags":["Level-4"],"fileTypesAndContributionMap":{"java":{"insertions":68,"deletions":5}}}]},{"date":"2023-10-07","commitResults":[{"hash":"00e3f72736c3444d8baac0a07726031bc85d2607","isMergeCommit":false,"messageTitle":"Added Level 5: Handle Errors and Refactored Code","messageBody":"","tags":["Level-5"],"fileTypesAndContributionMap":{"java":{"insertions":161,"deletions":59}}}]},{"date":"2023-10-15","commitResults":[{"hash":"8f7a8d8592fa6424600e8e60656225ae9ac1b59e","isMergeCommit":false,"messageTitle":"Added Level 6: Delete","messageBody":"","fileTypesAndContributionMap":{"java":{"insertions":53,"deletions":17}}},{"hash":"15c87d8bc38092c46266fd5795f2a07bc3c8a526","isMergeCommit":false,"messageTitle":"Level-6: Edited Help Message to include delete and added Error Handling Message for when user tries to delete a non-existent task.","messageBody":"","tags":["Level-6"],"fileTypesAndContributionMap":{"java":{"insertions":16,"deletions":11}}},{"hash":"4c9b21e9b5c406b8ddf740a366803645d57b0212","isMergeCommit":false,"messageTitle":"Level 7 MoreOOP: Created Bot, UI and taskList class","messageBody":"","fileTypesAndContributionMap":{"java":{"insertions":219,"deletions":215}}}]},{"date":"2023-11-11","commitResults":[{"hash":"cfff28e422ae65cffa536a5bbf6c0e98f2e3afe2","isMergeCommit":false,"messageTitle":"Implement Save","messageBody":"","fileTypesAndContributionMap":{"txt":{"insertions":2,"deletions":0},"java":{"insertions":171,"deletions":6}}},{"hash":"5302ca3c05fdc8eacd43fdde5b9029a376ed483a","isMergeCommit":false,"messageTitle":"Implemented A-MoreOOP and A-Packages","messageBody":"","fileTypesAndContributionMap":{"txt":{"insertions":4,"deletions":0},"java":{"insertions":520,"deletions":351}}},{"hash":"f874afafaf5cdece26da3a531a2533931a5be59f","isMergeCommit":false,"messageTitle":"More OOP for AddCommands and Fixed Error Handling missed during earlier refactoring","messageBody":"","fileTypesAndContributionMap":{"txt":{"insertions":2,"deletions":2},"java":{"insertions":143,"deletions":88}}},{"hash":"48a8bf774d28bb51fc29a89794e24ad274bf9b44","isMergeCommit":false,"messageTitle":"Fixed more error handling","messageBody":"","tags":["Level-7"],"fileTypesAndContributionMap":{"java":{"insertions":37,"deletions":17}}}]},{"date":"2023-11-12","commitResults":[{"hash":"a3aa83dcb88bd4f4cfdfffe8e98887b5afbfb040","isMergeCommit":false,"messageTitle":"Added Level 8 Dates \u0026 Times Minimal","messageBody":"","fileTypesAndContributionMap":{"txt":{"insertions":1,"deletions":3},"java":{"insertions":80,"deletions":26}}},{"hash":"dc283ff883e54cde7c21353327ecb7e7ff733451","isMergeCommit":false,"messageTitle":"Added Stretch Goal: Due Command","messageBody":"","fileTypesAndContributionMap":{"txt":{"insertions":1,"deletions":0},"java":{"insertions":119,"deletions":21}}},{"hash":"ea438e2b39856b6dcef01c70a3acea0abdb3dff4","isMergeCommit":false,"messageTitle":"Created new package for exceptions and deleted unnecessary files","messageBody":"","fileTypesAndContributionMap":{"java":{"insertions":19,"deletions":17}}},{"hash":"63fea4fe6df8baeabf842e608eaae902cd299aa9","isMergeCommit":false,"messageTitle":"Added JavaDoc comments to classes in the duke package and command package.","messageBody":"","fileTypesAndContributionMap":{"java":{"insertions":124,"deletions":14}}}]},{"date":"2023-11-13","commitResults":[{"hash":"d4608e9b0ffc8baae08bef2ba6d40a229d43cc5b","isMergeCommit":true,"messageTitle":"Merge remote-tracking branch \u0027origin/add-gradle-support\u0027 into Branch-Level-8","messageBody":"","fileTypesAndContributionMap":{}},{"hash":"53165aadeab204725cfdfcafe5bbb9aa5029c9ff","isMergeCommit":false,"messageTitle":"Implemented A-Gradle and A-JUnit Tests for most Classes under command Package, Parser Class and Storage Class","messageBody":"","tags":["Level-8"],"fileTypesAndContributionMap":{"gradle":{"insertions":1,"deletions":1},"txt":{"insertions":3,"deletions":0},"java":{"insertions":257,"deletions":25}}}]},{"date":"2023-11-14","commitResults":[{"hash":"3a8641a490dc0f5b4dbcc82c5df728328a4c5f15","isMergeCommit":false,"messageTitle":"Added Level 9: 9.1 Individual Feature C-Priority","messageBody":"","fileTypesAndContributionMap":{"txt":{"insertions":4,"deletions":5},"java":{"insertions":169,"deletions":20}}},{"hash":"a6eca41d5ef90309afbff110e3ef8d572145ccad","isMergeCommit":false,"messageTitle":"Added Find Feature","messageBody":"","fileTypesAndContributionMap":{"txt":{"insertions":3,"deletions":1},"java":{"insertions":88,"deletions":9}}},{"hash":"bec2cf2db7b05bcc06f8a2a74323817c2ba5f2c0","isMergeCommit":false,"messageTitle":"A-Coding Standard: 1.1 Naming - Package Naming","messageBody":"","fileTypesAndContributionMap":{"java":{"insertions":135,"deletions":136}}},{"hash":"400192916c50f9d02f2bc32c6bbcc9f3b412ca84","isMergeCommit":false,"messageTitle":"A-Coding Standard: 1.2 Naming- Class/enum","messageBody":"","fileTypesAndContributionMap":{"java":{"insertions":38,"deletions":39}}},{"hash":"b75efddd430f38fb3fecefe646dcf1972b5a96d8","isMergeCommit":false,"messageTitle":"A-Coding Standard: 1.3 Naming - Variables and Constants","messageBody":"","fileTypesAndContributionMap":{"java":{"insertions":317,"deletions":285}}},{"hash":"373952198b6334601ba46f2c4a997681a978b221","isMergeCommit":false,"messageTitle":"A-Coding Standard: 1.4 Naming - Method Naming","messageBody":"","fileTypesAndContributionMap":{"java":{"insertions":30,"deletions":26}}},{"hash":"ecc49c183fddb0738fe7913823b4ef0085e2528d","isMergeCommit":false,"messageTitle":"A-Coding Standard: 1.5 Naming - Boolean Method Naming","messageBody":"","fileTypesAndContributionMap":{"java":{"insertions":3,"deletions":3}}},{"hash":"2cbdbc70a83bf0328a9f546e886b11ddd76bed02","isMergeCommit":false,"messageTitle":"A-Coding Standard: 2.1 Layout - If-else / for format convention","messageBody":"","fileTypesAndContributionMap":{"java":{"insertions":145,"deletions":123}}},{"hash":"e8c528fbd1c5d7ecf8e2f1ceb2f4ef720ce3259f","isMergeCommit":false,"messageTitle":"A-Coding Standard: 2.2 Layout - Switch statement format convention","messageBody":"","fileTypesAndContributionMap":{"java":{"insertions":66,"deletions":57}}},{"hash":"2399f20b8ff32b76491ee701e1d2d2f4cfe26085","isMergeCommit":false,"messageTitle":"A-Coding Standard: 3.1 Statements - Package and Import Statements","messageBody":"","fileTypesAndContributionMap":{"java":{"insertions":61,"deletions":26}}},{"hash":"7a71cc9cf07e66e379b85770ff2d983b3a5b6035","isMergeCommit":false,"messageTitle":"A-Coding Standard: 4.1 Comments - JavaDocs","messageBody":"","fileTypesAndContributionMap":{"java":{"insertions":23,"deletions":20}}},{"hash":"e2b9f12bd6dd1bca2e9c21db4d4150a058951605","isMergeCommit":false,"messageTitle":"A-CodeQuality: 1. Refactor Error Messages","messageBody":"","fileTypesAndContributionMap":{"java":{"insertions":84,"deletions":51}}},{"hash":"329c5235dd0bb6a69a4fc3ab8f3ff51ab7749c14","isMergeCommit":false,"messageTitle":"A-CodeQuality: 2. Refactor Nested If-Statements and introduced Guard Conditions","messageBody":"","fileTypesAndContributionMap":{"java":{"insertions":141,"deletions":130}}}]},{"date":"2023-11-15","commitResults":[{"hash":"74d215d07c8e7365c61f83d2e755b65ca38a6a0d","isMergeCommit":false,"messageTitle":"A-CodeQuality: 3. Removed as much floating magic numbers and literals","messageBody":"","fileTypesAndContributionMap":{"java":{"insertions":69,"deletions":49}}},{"hash":"bbcd90ae4ab9b7baa2c2a291e6a5e40fb8cb9e05","isMergeCommit":false,"messageTitle":"A-CodeQuality: 4. Reorganise packages and use RegExp to validate Deadline and Event Command","messageBody":"","fileTypesAndContributionMap":{"gradle":{"insertions":1,"deletions":1},"java":{"insertions":275,"deletions":304}}},{"hash":"8e505892e8834331165279bc694b1be5791ebbdd","isMergeCommit":false,"messageTitle":"A-CodeQuality: 5. Use RegExp to validate all user commands","messageBody":"","fileTypesAndContributionMap":{"txt":{"insertions":3,"deletions":3},"java":{"insertions":104,"deletions":100}}},{"hash":"9842f2bc06c835902de65ec85418a4bc1bc9d319","isMergeCommit":false,"messageTitle":"A-CodeQuality: 6. Fixed due command logic and edited UI.greet()","messageBody":"","tags":["Level-9"],"fileTypesAndContributionMap":{"java":{"insertions":22,"deletions":17}}},{"hash":"5831485d1b525c7d583e584d0c693496375760e4","isMergeCommit":false,"messageTitle":"Added Level 10: Do within a period task","messageBody":"","fileTypesAndContributionMap":{"txt":{"insertions":1,"deletions":0},"java":{"insertions":155,"deletions":9}}},{"hash":"e77b4727342556f6eb7462d4f81c0e17a90f1d75","isMergeCommit":false,"messageTitle":"Used matcher.group() to find description and date","messageBody":"","fileTypesAndContributionMap":{"java":{"insertions":10,"deletions":9}}},{"hash":"8db01c0d8b5d0405fff5f817769401623e12bffe","isMergeCommit":false,"messageTitle":"Added access modifiders to Deadline Class attributes","messageBody":"","fileTypesAndContributionMap":{"java":{"insertions":2,"deletions":2}}},{"hash":"6690a242ec9938b9d8eeac6e52a00f24991fc6f5","isMergeCommit":false,"messageTitle":"Added assert statements","messageBody":"","fileTypesAndContributionMap":{"java":{"insertions":51,"deletions":48}}}]},{"date":"2023-11-16","commitResults":[{"hash":"32ab31b65831dd926258c18ab895eee3bbe15ea0","isMergeCommit":false,"messageTitle":"Added a quirky personality to the bot","messageBody":"","fileTypesAndContributionMap":{"java":{"insertions":66,"deletions":56}}},{"hash":"5e538e9f189dda2391f636e4e1cb917f1afffe70","isMergeCommit":false,"messageTitle":"Cleaned up some formatting","messageBody":"","fileTypesAndContributionMap":{"txt":{"insertions":5,"deletions":3},"java":{"insertions":56,"deletions":55}}},{"hash":"f0fd79fd9ded45b080992f685c9147140277e034","isMergeCommit":false,"messageTitle":"Introduced a bye message","messageBody":"","fileTypesAndContributionMap":{"java":{"insertions":4,"deletions":1}}},{"hash":"798728fe45e0eb66f2ff28f9350c702a573fcd6d","isMergeCommit":false,"messageTitle":"Added support for help command","messageBody":"","fileTypesAndContributionMap":{"java":{"insertions":30,"deletions":7}}},{"hash":"51a86fd22acfa16d963ae378fbaa1d7d97541262","isMergeCommit":false,"messageTitle":"Editted print messages","messageBody":"","fileTypesAndContributionMap":{"java":{"insertions":2,"deletions":3}}},{"hash":"27ecadfac8f1f572d5e0dfe87098089de715b28a","isMergeCommit":false,"messageTitle":"Additional formatting and code clean up","messageBody":"","fileTypesAndContributionMap":{"gradle":{"insertions":22,"deletions":1},"txt":{"insertions":8,"deletions":2},"java":{"insertions":46,"deletions":25}}}]},{"date":"2023-11-17","commitResults":[{"hash":"ea957f2dae262dbf24d3074b69fcd6412813522a","isMergeCommit":false,"messageTitle":"Changed the storage format regexp to be case insensitive","messageBody":"","fileTypesAndContributionMap":{"java":{"insertions":6,"deletions":6}}},{"hash":"f2c2e40164a70b4d2e8c87821916ebb911d95af4","isMergeCommit":false,"messageTitle":"Removed unnecessary lines","messageBody":"","fileTypesAndContributionMap":{"txt":{"insertions":0,"deletions":3},"java":{"insertions":0,"deletions":1}}},{"hash":"34f9f61a7fcb21fa7488395b0ced8be55d99902f","isMergeCommit":false,"messageTitle":"Removed Task as an attribute in taskList Class","messageBody":"","fileTypesAndContributionMap":{"java":{"insertions":11,"deletions":12}}},{"hash":"c998b5c83e26e02472b84b41d3cc279fcece03dd","isMergeCommit":false,"messageTitle":"Formatted and removed unused attributes in UI class","messageBody":"","fileTypesAndContributionMap":{"java":{"insertions":1,"deletions":5}}},{"hash":"06f042ba15d6e573143dd9b769cc660df472296c","isMergeCommit":false,"messageTitle":"Changed attributes access modifier to private","messageBody":"","fileTypesAndContributionMap":{"java":{"insertions":5,"deletions":9}}},{"hash":"bc7b169cde7ea468cdaff98f0c2db4ededf95555","isMergeCommit":false,"messageTitle":"removed unused attributes in Storage Class","messageBody":"","fileTypesAndContributionMap":{"java":{"insertions":7,"deletions":13}}},{"hash":"a3d0de57aa69a012946194071b3927f76461e4c5","isMergeCommit":false,"messageTitle":"Added default values to the attributes and removed the body in the constructor with no params in TaskList Class","messageBody":"","fileTypesAndContributionMap":{"java":{"insertions":5,"deletions":8}}},{"hash":"292a6c793a3184aaf9cb8fd0760c7a14baeaec16","isMergeCommit":false,"messageTitle":"Standardised unmark and mark command","messageBody":"","fileTypesAndContributionMap":{"java":{"insertions":19,"deletions":21}}},{"hash":"5117d7d38e98cc73effbb4e49d97e7d97457ebda","isMergeCommit":false,"messageTitle":"Renamed showTaskPrioritySet to showTaskPriority","messageBody":"","fileTypesAndContributionMap":{"java":{"insertions":1,"deletions":1}}},{"hash":"c7e1da265735ee03c92b0ec0a751a1a86b2ecf0f","isMergeCommit":false,"messageTitle":"Moved the printing of deleted items to the UI Class","messageBody":"","fileTypesAndContributionMap":{"java":{"insertions":11,"deletions":8}}},{"hash":"665ae26c922bc54d971abc3c072f2eeb31ace53b","isMergeCommit":false,"messageTitle":"Moved all printing of tasks to UI Class","messageBody":"","fileTypesAndContributionMap":{"java":{"insertions":13,"deletions":7}}},{"hash":"f1cfff4f3cd6b8d6e89cd8065472b8ffc47fe1c7","isMergeCommit":false,"messageTitle":"Changed attributes access modifier from protected to private","messageBody":"","fileTypesAndContributionMap":{"java":{"insertions":23,"deletions":26}}}]},{"date":"2023-11-18","commitResults":[{"hash":"185ed505beb7ecf68b3ba99c3d0715ed1f0240b1","isMergeCommit":false,"messageTitle":"Added support for ToDoWithinPeriod task for due command","messageBody":"","fileTypesAndContributionMap":{"java":{"insertions":13,"deletions":5}}},{"hash":"93774b8288ee78e9854aa95147d241c2867ab123","isMergeCommit":false,"messageTitle":"Changed attributes access modifier and deleted unused attributes","messageBody":"","fileTypesAndContributionMap":{"java":{"insertions":1,"deletions":2}}},{"hash":"0f3f6c001a16576537faedd3caa2c28ab0941bae","isMergeCommit":false,"messageTitle":"Changed from Duke to TaskMaster","messageBody":"","fileTypesAndContributionMap":{"java":{"insertions":3,"deletions":3}}},{"hash":"3f071db3e8754ceed43708ae7091a0922cf7c7d5","isMergeCommit":false,"messageTitle":"edited javadocs for UI.java","messageBody":"","fileTypesAndContributionMap":{"java":{"insertions":5,"deletions":5}}},{"hash":"890eb0dd3bccb95177533c95dd5e1280ad099a53","isMergeCommit":false,"messageTitle":"Moved System.out.print from Storage Class to UI Class","messageBody":"","tags":["Level-10"],"fileTypesAndContributionMap":{"java":{"insertions":20,"deletions":9}}}]}]},"authorFileTypeContributionMap":{"angelquisit":{"java":1798,"md":0,"fxml":0,"sh":0,"bat":0,"gradle":22,"txt":15}},"authorContributionVariance":{"angelquisit":89036.83},"authorDisplayNameMap":{"angelquisit":"QUIS..UGTU"}}
