{"authorDailyContributionsMap":{"angelquisit":[{"date":"2023-09-09","commitResults":[{"hash":"bb67b75b1c2952a2e4d1f984befcf0aa7b658759","isMergeCommit":false,"messageTitle":"Add Level 0: Rename, Greet, Exit","messageBody":"","tags":["Level-0"],"fileTypesAndContributionMap":{"java":{"insertions":6,"deletions":1}}},{"hash":"51a8f278268f3d27f3e52f8e600b49d3b9078bd1","isMergeCommit":false,"messageTitle":"Add Level 1: Echo","messageBody":"","tags":["Level-1"],"fileTypesAndContributionMap":{"java":{"insertions":19,"deletions":1}}},{"hash":"7d353adbb70cb73c2e891929d83cc0f6d91296d5","isMergeCommit":false,"messageTitle":"Added Level-2: Add, List","messageBody":"","tags":["Level-2"],"fileTypesAndContributionMap":{"java":{"insertions":11,"deletions":1}}}]},{"date":"2023-09-10","commitResults":[{"hash":"3c7695ebe0fdd935912bfc48bcdab3a53ea038a3","isMergeCommit":false,"messageTitle":"Added Level-3: Mark as Done","messageBody":"","fileTypesAndContributionMap":{"java":{"insertions":69,"deletions":14}}},{"hash":"79c951588fd3e0bc56cc5b75ee64f512c3dce943","isMergeCommit":false,"messageTitle":"Level-3: Fixed if(line.equals(\"bye\")) catch","messageBody":"","tags":["Level-3"],"fileTypesAndContributionMap":{"java":{"insertions":1,"deletions":0}}},{"hash":"793d17bf617534b4a2bf493371b5501e7d2a032c","isMergeCommit":false,"messageTitle":"Added Level-4: ToDo, Event, Deadline","messageBody":"","tags":["Level-4"],"fileTypesAndContributionMap":{"java":{"insertions":68,"deletions":5}}}]},{"date":"2023-10-07","commitResults":[{"hash":"00e3f72736c3444d8baac0a07726031bc85d2607","isMergeCommit":false,"messageTitle":"Added Level 5: Handle Errors and Refactored Code","messageBody":"","tags":["Level-5"],"fileTypesAndContributionMap":{"java":{"insertions":161,"deletions":59}}}]}]},"authorFileTypeContributionMap":{"angelquisit":{"java":260,"md":0,"fxml":0,"sh":0,"bat":0,"gradle":0,"txt":0}},"authorContributionVariance":{"angelquisit":1298.61},"authorDisplayNameMap":{"angelquisit":"QUIS..UGTU"}}
