[{"path":"src/main/java/Deadline.java","fileType":"java","lines":[{"lineNumber":1,"author":{"gitId":"yongjiema"},"content":"public class Deadline extends Task {","lastModifiedDate":"2023-09-18"},{"lineNumber":2,"author":{"gitId":"yongjiema"},"content":"    protected String by;","lastModifiedDate":"2023-09-18"},{"lineNumber":3,"author":{"gitId":"yongjiema"},"content":"","lastModifiedDate":"2023-09-18"},{"lineNumber":4,"author":{"gitId":"yongjiema"},"content":"    public Deadline(String description, String by) {","lastModifiedDate":"2023-10-15"},{"lineNumber":5,"author":{"gitId":"yongjiema"},"content":"        this(description, by, false);","lastModifiedDate":"2023-10-15"},{"lineNumber":6,"author":{"gitId":"yongjiema"},"content":"    }","lastModifiedDate":"2023-10-15"},{"lineNumber":7,"author":{"gitId":"yongjiema"},"content":"","lastModifiedDate":"2023-10-15"},{"lineNumber":8,"author":{"gitId":"yongjiema"},"content":"    public Deadline(String description, String by, boolean isDone) {","lastModifiedDate":"2023-10-15"},{"lineNumber":9,"author":{"gitId":"yongjiema"},"content":"        super(description, isDone);","lastModifiedDate":"2023-10-15"},{"lineNumber":10,"author":{"gitId":"yongjiema"},"content":"        this.by \u003d by;","lastModifiedDate":"2023-09-18"},{"lineNumber":11,"author":{"gitId":"yongjiema"},"content":"    }","lastModifiedDate":"2023-09-18"},{"lineNumber":12,"author":{"gitId":"yongjiema"},"content":"","lastModifiedDate":"2023-09-18"},{"lineNumber":13,"author":{"gitId":"yongjiema"},"content":"    @Override","lastModifiedDate":"2023-10-15"},{"lineNumber":14,"author":{"gitId":"yongjiema"},"content":"    public String encode() {","lastModifiedDate":"2023-10-15"},{"lineNumber":15,"author":{"gitId":"yongjiema"},"content":"        return String.format(\"D | %s | %s | %s\", encodeIsDone(), description, by);","lastModifiedDate":"2023-10-15"},{"lineNumber":16,"author":{"gitId":"yongjiema"},"content":"    }","lastModifiedDate":"2023-10-15"},{"lineNumber":17,"author":{"gitId":"yongjiema"},"content":"","lastModifiedDate":"2023-10-15"},{"lineNumber":18,"author":{"gitId":"yongjiema"},"content":"    @Override","lastModifiedDate":"2023-09-18"},{"lineNumber":19,"author":{"gitId":"yongjiema"},"content":"    public String toString() {","lastModifiedDate":"2023-09-18"},{"lineNumber":20,"author":{"gitId":"yongjiema"},"content":"        return String.format(\"[D]%s (by: %s)\", super.toString(), by);","lastModifiedDate":"2023-09-18"},{"lineNumber":21,"author":{"gitId":"yongjiema"},"content":"    }","lastModifiedDate":"2023-09-18"},{"lineNumber":22,"author":{"gitId":"yongjiema"},"content":"}","lastModifiedDate":"2023-09-18"}],"authorContributionMap":{"yongjiema":22}},{"path":"src/main/java/Duke.java","fileType":"java","lines":[{"lineNumber":1,"author":{"gitId":"yongjiema"},"content":"import java.util.Hashtable;","lastModifiedDate":"2023-09-27"},{"lineNumber":2,"author":{"gitId":"yongjiema"},"content":"import java.util.Scanner;","lastModifiedDate":"2023-09-04"},{"lineNumber":3,"author":{"gitId":"yongjiema"},"content":"","lastModifiedDate":"2023-09-04"},{"lineNumber":4,"author":{"gitId":"-"},"content":"public class Duke {","lastModifiedDate":"2019-07-29"},{"lineNumber":5,"author":{"gitId":"yongjiema"},"content":"    private static final String HORIZONTAL_LINE \u003d \"____________________________________________________________\";","lastModifiedDate":"2023-09-11"},{"lineNumber":6,"author":{"gitId":"yongjiema"},"content":"    private static final Hashtable\u003cString, DuckCommandHandler\u003e commandHandlerMap \u003d new Hashtable\u003c\u003e() {","lastModifiedDate":"2023-09-27"},{"lineNumber":7,"author":{"gitId":"yongjiema"},"content":"        {","lastModifiedDate":"2023-09-27"},{"lineNumber":8,"author":{"gitId":"yongjiema"},"content":"            put(DuckCommand.BYE.toString(), Duke::handleByeCommand);","lastModifiedDate":"2023-09-27"},{"lineNumber":9,"author":{"gitId":"yongjiema"},"content":"            put(DuckCommand.DEADLINE.toString(), Duke::handleDeadlineCommand);","lastModifiedDate":"2023-09-27"},{"lineNumber":10,"author":{"gitId":"yongjiema"},"content":"            put(DuckCommand.DELETE.toString(), Duke::handleDeleteCommand);","lastModifiedDate":"2023-09-27"},{"lineNumber":11,"author":{"gitId":"yongjiema"},"content":"            put(DuckCommand.EVENT.toString(), Duke::handleEventCommand);","lastModifiedDate":"2023-09-27"},{"lineNumber":12,"author":{"gitId":"yongjiema"},"content":"            put(DuckCommand.LIST.toString(), Duke::handleListCommand);","lastModifiedDate":"2023-09-27"},{"lineNumber":13,"author":{"gitId":"yongjiema"},"content":"            put(DuckCommand.MARK.toString(), Duke::handleMarkCommand);","lastModifiedDate":"2023-09-27"},{"lineNumber":14,"author":{"gitId":"yongjiema"},"content":"            put(DuckCommand.TODO.toString(), Duke::handleTodoCommand);","lastModifiedDate":"2023-09-27"},{"lineNumber":15,"author":{"gitId":"yongjiema"},"content":"            put(DuckCommand.UNMARK.toString(), Duke::handleUnmarkCommand);","lastModifiedDate":"2023-09-27"},{"lineNumber":16,"author":{"gitId":"yongjiema"},"content":"        }","lastModifiedDate":"2023-09-27"},{"lineNumber":17,"author":{"gitId":"yongjiema"},"content":"    };","lastModifiedDate":"2023-09-27"},{"lineNumber":18,"author":{"gitId":"yongjiema"},"content":"    private final Storage storage;","lastModifiedDate":"2023-10-15"},{"lineNumber":19,"author":{"gitId":"yongjiema"},"content":"    private final TaskList tasks;","lastModifiedDate":"2023-10-15"},{"lineNumber":20,"author":{"gitId":"yongjiema"},"content":"","lastModifiedDate":"2023-09-11"},{"lineNumber":21,"author":{"gitId":"yongjiema"},"content":"    private enum ProgramAction {CONTINUE, EXIT}","lastModifiedDate":"2023-09-26"},{"lineNumber":22,"author":{"gitId":"yongjiema"},"content":"","lastModifiedDate":"2023-09-26"},{"lineNumber":23,"author":{"gitId":"yongjiema"},"content":"    private enum DuckCommand {","lastModifiedDate":"2023-09-27"},{"lineNumber":24,"author":{"gitId":"yongjiema"},"content":"        BYE(\"bye\"),","lastModifiedDate":"2023-09-27"},{"lineNumber":25,"author":{"gitId":"yongjiema"},"content":"        DEADLINE(\"deadline\"),","lastModifiedDate":"2023-09-27"},{"lineNumber":26,"author":{"gitId":"yongjiema"},"content":"        DELETE(\"delete\"),","lastModifiedDate":"2023-09-27"},{"lineNumber":27,"author":{"gitId":"yongjiema"},"content":"        EVENT(\"event\"),","lastModifiedDate":"2023-09-27"},{"lineNumber":28,"author":{"gitId":"yongjiema"},"content":"        LIST(\"list\"),","lastModifiedDate":"2023-09-27"},{"lineNumber":29,"author":{"gitId":"yongjiema"},"content":"        MARK(\"mark\"),","lastModifiedDate":"2023-09-27"},{"lineNumber":30,"author":{"gitId":"yongjiema"},"content":"        TODO(\"todo\"),","lastModifiedDate":"2023-09-27"},{"lineNumber":31,"author":{"gitId":"yongjiema"},"content":"        UNMARK(\"unmark\");","lastModifiedDate":"2023-09-27"},{"lineNumber":32,"author":{"gitId":"yongjiema"},"content":"","lastModifiedDate":"2023-09-27"},{"lineNumber":33,"author":{"gitId":"yongjiema"},"content":"        private final String commandName;","lastModifiedDate":"2023-09-27"},{"lineNumber":34,"author":{"gitId":"yongjiema"},"content":"","lastModifiedDate":"2023-09-27"},{"lineNumber":35,"author":{"gitId":"yongjiema"},"content":"        DuckCommand(String commandName) {","lastModifiedDate":"2023-09-27"},{"lineNumber":36,"author":{"gitId":"yongjiema"},"content":"            this.commandName \u003d commandName;","lastModifiedDate":"2023-09-27"},{"lineNumber":37,"author":{"gitId":"yongjiema"},"content":"        }","lastModifiedDate":"2023-09-27"},{"lineNumber":38,"author":{"gitId":"yongjiema"},"content":"","lastModifiedDate":"2023-09-27"},{"lineNumber":39,"author":{"gitId":"yongjiema"},"content":"        @Override","lastModifiedDate":"2023-09-27"},{"lineNumber":40,"author":{"gitId":"yongjiema"},"content":"        public String toString() {","lastModifiedDate":"2023-09-27"},{"lineNumber":41,"author":{"gitId":"yongjiema"},"content":"            return commandName;","lastModifiedDate":"2023-09-27"},{"lineNumber":42,"author":{"gitId":"yongjiema"},"content":"        }","lastModifiedDate":"2023-09-27"},{"lineNumber":43,"author":{"gitId":"yongjiema"},"content":"    }","lastModifiedDate":"2023-09-27"},{"lineNumber":44,"author":{"gitId":"yongjiema"},"content":"","lastModifiedDate":"2023-09-27"},{"lineNumber":45,"author":{"gitId":"yongjiema"},"content":"    @FunctionalInterface","lastModifiedDate":"2023-09-27"},{"lineNumber":46,"author":{"gitId":"yongjiema"},"content":"    private interface DuckCommandHandler {","lastModifiedDate":"2023-09-27"},{"lineNumber":47,"author":{"gitId":"yongjiema"},"content":"        void apply(TaskList tasks, String input) throws DukeException;","lastModifiedDate":"2023-10-15"},{"lineNumber":48,"author":{"gitId":"yongjiema"},"content":"    }","lastModifiedDate":"2023-09-27"},{"lineNumber":49,"author":{"gitId":"yongjiema"},"content":"","lastModifiedDate":"2023-09-27"},{"lineNumber":50,"author":{"gitId":"yongjiema"},"content":"    public Duke(String filePath) {","lastModifiedDate":"2023-10-15"},{"lineNumber":51,"author":{"gitId":"yongjiema"},"content":"        this.storage \u003d new Storage(filePath);","lastModifiedDate":"2023-10-15"},{"lineNumber":52,"author":{"gitId":"yongjiema"},"content":"        TaskList tasks;","lastModifiedDate":"2023-10-15"},{"lineNumber":53,"author":{"gitId":"yongjiema"},"content":"        try {","lastModifiedDate":"2023-10-15"},{"lineNumber":54,"author":{"gitId":"yongjiema"},"content":"            tasks \u003d storage.load();","lastModifiedDate":"2023-10-15"},{"lineNumber":55,"author":{"gitId":"yongjiema"},"content":"        } catch (DukeException e) {","lastModifiedDate":"2023-10-15"},{"lineNumber":56,"author":{"gitId":"yongjiema"},"content":"            printMessage(String.format(\" Failed to load tasks from \u0027%s\u0027. An empty task list will be used instead.\", storage.getPath()));","lastModifiedDate":"2023-10-15"},{"lineNumber":57,"author":{"gitId":"yongjiema"},"content":"            tasks \u003d new TaskList();","lastModifiedDate":"2023-10-15"},{"lineNumber":58,"author":{"gitId":"yongjiema"},"content":"        }","lastModifiedDate":"2023-10-15"},{"lineNumber":59,"author":{"gitId":"yongjiema"},"content":"        this.tasks \u003d tasks;","lastModifiedDate":"2023-10-15"},{"lineNumber":60,"author":{"gitId":"yongjiema"},"content":"    }","lastModifiedDate":"2023-10-15"},{"lineNumber":61,"author":{"gitId":"yongjiema"},"content":"","lastModifiedDate":"2023-09-04"},{"lineNumber":62,"author":{"gitId":"yongjiema"},"content":"    public void run() {","lastModifiedDate":"2023-10-15"},{"lineNumber":63,"author":{"gitId":"yongjiema"},"content":"        Scanner in \u003d new Scanner(System.in);","lastModifiedDate":"2023-09-04"},{"lineNumber":64,"author":{"gitId":"yongjiema"},"content":"","lastModifiedDate":"2023-09-04"},{"lineNumber":65,"author":{"gitId":"yongjiema"},"content":"        printMessage(String.join(System.lineSeparator(), new String[]{","lastModifiedDate":"2023-09-26"},{"lineNumber":66,"author":{"gitId":"yongjiema"},"content":"                \" Hello! I\u0027m DukeBot\",","lastModifiedDate":"2023-09-11"},{"lineNumber":67,"author":{"gitId":"yongjiema"},"content":"                \" What can I do for you?\"","lastModifiedDate":"2023-09-11"},{"lineNumber":68,"author":{"gitId":"yongjiema"},"content":"        }));","lastModifiedDate":"2023-09-11"},{"lineNumber":69,"author":{"gitId":"yongjiema"},"content":"","lastModifiedDate":"2023-09-04"},{"lineNumber":70,"author":{"gitId":"yongjiema"},"content":"        do {","lastModifiedDate":"2023-09-04"},{"lineNumber":71,"author":{"gitId":"yongjiema"},"content":"            String input \u003d in.nextLine();","lastModifiedDate":"2023-09-04"},{"lineNumber":72,"author":{"gitId":"yongjiema"},"content":"            try {","lastModifiedDate":"2023-09-26"},{"lineNumber":73,"author":{"gitId":"yongjiema"},"content":"                if (handleInput(storage, tasks, input) \u003d\u003d ProgramAction.EXIT) {","lastModifiedDate":"2023-10-15"},{"lineNumber":74,"author":{"gitId":"yongjiema"},"content":"                    break;","lastModifiedDate":"2023-09-04"},{"lineNumber":75,"author":{"gitId":"yongjiema"},"content":"                }","lastModifiedDate":"2023-09-26"},{"lineNumber":76,"author":{"gitId":"yongjiema"},"content":"            } catch (DukeException e) {","lastModifiedDate":"2023-09-26"},{"lineNumber":77,"author":{"gitId":"yongjiema"},"content":"                if (e instanceof UnknownCommandDukeException) {","lastModifiedDate":"2023-10-15"},{"lineNumber":78,"author":{"gitId":"yongjiema"},"content":"                    printMessage(\" OOPS!!! I\u0027m sorry, but I don\u0027t know what that means :-(\");","lastModifiedDate":"2023-09-26"},{"lineNumber":79,"author":{"gitId":"yongjiema"},"content":"                } else {","lastModifiedDate":"2023-09-26"},{"lineNumber":80,"author":{"gitId":"yongjiema"},"content":"                    printMessage(\" OOPS!!! \" + e.getMessage());","lastModifiedDate":"2023-10-15"},{"lineNumber":81,"author":{"gitId":"yongjiema"},"content":"                }","lastModifiedDate":"2023-09-26"},{"lineNumber":82,"author":{"gitId":"yongjiema"},"content":"            } catch (Exception e) {","lastModifiedDate":"2023-09-26"},{"lineNumber":83,"author":{"gitId":"yongjiema"},"content":"                printMessage(\" OOPS!!! An unknown exception occurred.\");","lastModifiedDate":"2023-09-26"},{"lineNumber":84,"author":{"gitId":"yongjiema"},"content":"            }","lastModifiedDate":"2023-09-26"},{"lineNumber":85,"author":{"gitId":"yongjiema"},"content":"        } while (true);","lastModifiedDate":"2023-09-26"},{"lineNumber":86,"author":{"gitId":"yongjiema"},"content":"    }","lastModifiedDate":"2023-09-26"},{"lineNumber":87,"author":{"gitId":"yongjiema"},"content":"","lastModifiedDate":"2023-09-26"},{"lineNumber":88,"author":{"gitId":"-"},"content":"    public static void main(String[] args) {","lastModifiedDate":"2023-10-15"},{"lineNumber":89,"author":{"gitId":"yongjiema"},"content":"        Duke duke \u003d new Duke(\"./data/duke.txt\");","lastModifiedDate":"2023-10-15"},{"lineNumber":90,"author":{"gitId":"yongjiema"},"content":"        duke.run();","lastModifiedDate":"2023-10-15"},{"lineNumber":91,"author":{"gitId":"yongjiema"},"content":"    }","lastModifiedDate":"2023-10-15"},{"lineNumber":92,"author":{"gitId":"yongjiema"},"content":"","lastModifiedDate":"2023-10-15"},{"lineNumber":93,"author":{"gitId":"yongjiema"},"content":"    private static ProgramAction handleInput(Storage storage, TaskList tasks, String input) throws DukeException {","lastModifiedDate":"2023-10-15"},{"lineNumber":94,"author":{"gitId":"yongjiema"},"content":"        String commandName \u003d input.trim().split(\" \", -1)[0];","lastModifiedDate":"2023-09-27"},{"lineNumber":95,"author":{"gitId":"yongjiema"},"content":"        DuckCommandHandler commandHandler \u003d commandHandlerMap.getOrDefault(commandName, null);","lastModifiedDate":"2023-09-27"},{"lineNumber":96,"author":{"gitId":"yongjiema"},"content":"        if (commandHandler !\u003d null) {","lastModifiedDate":"2023-09-27"},{"lineNumber":97,"author":{"gitId":"yongjiema"},"content":"            String commandArgs \u003d input.substring(commandName.length()).trim();","lastModifiedDate":"2023-09-27"},{"lineNumber":98,"author":{"gitId":"yongjiema"},"content":"            commandHandler.apply(tasks, commandArgs);","lastModifiedDate":"2023-09-27"},{"lineNumber":99,"author":{"gitId":"yongjiema"},"content":"            storage.save(tasks);","lastModifiedDate":"2023-10-15"},{"lineNumber":100,"author":{"gitId":"yongjiema"},"content":"            if (commandName.equals(DuckCommand.BYE.toString())) {","lastModifiedDate":"2023-09-27"},{"lineNumber":101,"author":{"gitId":"yongjiema"},"content":"                return ProgramAction.EXIT;","lastModifiedDate":"2023-09-26"},{"lineNumber":102,"author":{"gitId":"yongjiema"},"content":"            }","lastModifiedDate":"2023-09-27"},{"lineNumber":103,"author":{"gitId":"yongjiema"},"content":"        } else {","lastModifiedDate":"2023-09-26"},{"lineNumber":104,"author":{"gitId":"yongjiema"},"content":"            throw new UnknownCommandDukeException(\"Input: \" + input);","lastModifiedDate":"2023-09-26"},{"lineNumber":105,"author":{"gitId":"yongjiema"},"content":"        }","lastModifiedDate":"2023-09-26"},{"lineNumber":106,"author":{"gitId":"yongjiema"},"content":"        return ProgramAction.CONTINUE;","lastModifiedDate":"2023-09-26"},{"lineNumber":107,"author":{"gitId":"yongjiema"},"content":"    }","lastModifiedDate":"2023-09-26"},{"lineNumber":108,"author":{"gitId":"yongjiema"},"content":"","lastModifiedDate":"2023-09-26"},{"lineNumber":109,"author":{"gitId":"yongjiema"},"content":"    private static void handleByeCommand(TaskList tasks, String args) throws InvalidCommandArgsDukeException {","lastModifiedDate":"2023-10-15"},{"lineNumber":110,"author":{"gitId":"yongjiema"},"content":"        if (!args.isEmpty()) {","lastModifiedDate":"2023-09-26"},{"lineNumber":111,"author":{"gitId":"yongjiema"},"content":"            throw new InvalidCommandArgsDukeException(\"The bye command should not take any arguments.\");","lastModifiedDate":"2023-09-26"},{"lineNumber":112,"author":{"gitId":"yongjiema"},"content":"        }","lastModifiedDate":"2023-09-26"},{"lineNumber":113,"author":{"gitId":"yongjiema"},"content":"","lastModifiedDate":"2023-09-26"},{"lineNumber":114,"author":{"gitId":"yongjiema"},"content":"        printMessage(\" Bye. Hope to see you again soon!\");","lastModifiedDate":"2023-09-26"},{"lineNumber":115,"author":{"gitId":"yongjiema"},"content":"    }","lastModifiedDate":"2023-09-26"},{"lineNumber":116,"author":{"gitId":"yongjiema"},"content":"","lastModifiedDate":"2023-09-26"},{"lineNumber":117,"author":{"gitId":"yongjiema"},"content":"    private static void handleListCommand(TaskList tasks, String args) throws InvalidCommandArgsDukeException {","lastModifiedDate":"2023-10-15"},{"lineNumber":118,"author":{"gitId":"yongjiema"},"content":"        if (!args.isEmpty()) {","lastModifiedDate":"2023-09-26"},{"lineNumber":119,"author":{"gitId":"yongjiema"},"content":"            throw new InvalidCommandArgsDukeException(\"The list command should not take any arguments.\");","lastModifiedDate":"2023-09-26"},{"lineNumber":120,"author":{"gitId":"yongjiema"},"content":"        }","lastModifiedDate":"2023-09-26"},{"lineNumber":121,"author":{"gitId":"yongjiema"},"content":"","lastModifiedDate":"2023-09-26"},{"lineNumber":122,"author":{"gitId":"yongjiema"},"content":"        String[] lines \u003d new String[tasks.size()];","lastModifiedDate":"2023-09-11"},{"lineNumber":123,"author":{"gitId":"yongjiema"},"content":"        for (int i \u003d 0; i \u003c tasks.size(); i++) {","lastModifiedDate":"2023-09-11"},{"lineNumber":124,"author":{"gitId":"yongjiema"},"content":"            Task task \u003d tasks.getTask(i);","lastModifiedDate":"2023-10-15"},{"lineNumber":125,"author":{"gitId":"yongjiema"},"content":"            lines[i] \u003d String.format(\" %d.%s\", i + 1, task.toString());","lastModifiedDate":"2023-09-18"},{"lineNumber":126,"author":{"gitId":"yongjiema"},"content":"        }","lastModifiedDate":"2023-09-11"},{"lineNumber":127,"author":{"gitId":"yongjiema"},"content":"        printMessage(String.join(System.lineSeparator(), lines), true);","lastModifiedDate":"2023-09-26"},{"lineNumber":128,"author":{"gitId":"yongjiema"},"content":"    }","lastModifiedDate":"2023-09-26"},{"lineNumber":129,"author":{"gitId":"yongjiema"},"content":"","lastModifiedDate":"2023-09-26"},{"lineNumber":130,"author":{"gitId":"yongjiema"},"content":"    private static void handleMarkCommand(TaskList tasks, String args) throws InvalidCommandArgsDukeException {","lastModifiedDate":"2023-10-15"},{"lineNumber":131,"author":{"gitId":"yongjiema"},"content":"        if (args.isEmpty()) {","lastModifiedDate":"2023-09-26"},{"lineNumber":132,"author":{"gitId":"yongjiema"},"content":"            throw new InvalidCommandArgsDukeException(\"The task number to be marked cannot be empty.\");","lastModifiedDate":"2023-09-26"},{"lineNumber":133,"author":{"gitId":"yongjiema"},"content":"        }","lastModifiedDate":"2023-09-26"},{"lineNumber":134,"author":{"gitId":"yongjiema"},"content":"","lastModifiedDate":"2023-09-26"},{"lineNumber":135,"author":{"gitId":"yongjiema"},"content":"        Integer taskNumber \u003d tryParseInt(args);","lastModifiedDate":"2023-09-26"},{"lineNumber":136,"author":{"gitId":"yongjiema"},"content":"        if (taskNumber \u003d\u003d null || taskNumber \u003c 1 || taskNumber \u003e tasks.size()) {","lastModifiedDate":"2023-09-11"},{"lineNumber":137,"author":{"gitId":"yongjiema"},"content":"            throw new InvalidCommandArgsDukeException(\"Invalid task number to be marked.\");","lastModifiedDate":"2023-09-26"},{"lineNumber":138,"author":{"gitId":"yongjiema"},"content":"        }","lastModifiedDate":"2023-09-04"},{"lineNumber":139,"author":{"gitId":"yongjiema"},"content":"","lastModifiedDate":"2023-09-26"},{"lineNumber":140,"author":{"gitId":"yongjiema"},"content":"        Task task \u003d tasks.getTask(taskNumber - 1);","lastModifiedDate":"2023-10-15"},{"lineNumber":141,"author":{"gitId":"yongjiema"},"content":"        task.setDone(true);","lastModifiedDate":"2023-09-11"},{"lineNumber":142,"author":{"gitId":"yongjiema"},"content":"        printMessage(String.join(System.lineSeparator(), new String[]{","lastModifiedDate":"2023-09-26"},{"lineNumber":143,"author":{"gitId":"yongjiema"},"content":"                \" Nice! I\u0027ve marked this task as done:\",","lastModifiedDate":"2023-09-11"},{"lineNumber":144,"author":{"gitId":"yongjiema"},"content":"                \"   \" + task.toString()","lastModifiedDate":"2023-09-18"},{"lineNumber":145,"author":{"gitId":"yongjiema"},"content":"        }));","lastModifiedDate":"2023-09-11"},{"lineNumber":146,"author":{"gitId":"yongjiema"},"content":"    }","lastModifiedDate":"2023-09-26"},{"lineNumber":147,"author":{"gitId":"yongjiema"},"content":"","lastModifiedDate":"2023-09-26"},{"lineNumber":148,"author":{"gitId":"yongjiema"},"content":"    private static void handleUnmarkCommand(TaskList tasks, String args) throws InvalidCommandArgsDukeException {","lastModifiedDate":"2023-10-15"},{"lineNumber":149,"author":{"gitId":"yongjiema"},"content":"        if (args.isEmpty()) {","lastModifiedDate":"2023-09-26"},{"lineNumber":150,"author":{"gitId":"yongjiema"},"content":"            throw new InvalidCommandArgsDukeException(\"The task number to be unmarked cannot be empty.\");","lastModifiedDate":"2023-09-26"},{"lineNumber":151,"author":{"gitId":"yongjiema"},"content":"        }","lastModifiedDate":"2023-09-26"},{"lineNumber":152,"author":{"gitId":"yongjiema"},"content":"","lastModifiedDate":"2023-09-26"},{"lineNumber":153,"author":{"gitId":"yongjiema"},"content":"        Integer taskNumber \u003d tryParseInt(args);","lastModifiedDate":"2023-09-26"},{"lineNumber":154,"author":{"gitId":"yongjiema"},"content":"        if (taskNumber \u003d\u003d null || taskNumber \u003c 1 || taskNumber \u003e tasks.size()) {","lastModifiedDate":"2023-09-11"},{"lineNumber":155,"author":{"gitId":"yongjiema"},"content":"            throw new InvalidCommandArgsDukeException(\"Invalid task number to be unmarked.\");","lastModifiedDate":"2023-09-26"},{"lineNumber":156,"author":{"gitId":"yongjiema"},"content":"        }","lastModifiedDate":"2023-09-11"},{"lineNumber":157,"author":{"gitId":"yongjiema"},"content":"","lastModifiedDate":"2023-09-26"},{"lineNumber":158,"author":{"gitId":"yongjiema"},"content":"        Task task \u003d tasks.getTask(taskNumber - 1);","lastModifiedDate":"2023-10-15"},{"lineNumber":159,"author":{"gitId":"yongjiema"},"content":"        task.setDone(false);","lastModifiedDate":"2023-09-11"},{"lineNumber":160,"author":{"gitId":"yongjiema"},"content":"        printMessage(String.join(System.lineSeparator(), new String[]{","lastModifiedDate":"2023-09-26"},{"lineNumber":161,"author":{"gitId":"yongjiema"},"content":"                \" OK, I\u0027ve marked this task as not done yet:\",","lastModifiedDate":"2023-09-11"},{"lineNumber":162,"author":{"gitId":"yongjiema"},"content":"                \"   \" + task.toString()","lastModifiedDate":"2023-09-18"},{"lineNumber":163,"author":{"gitId":"yongjiema"},"content":"        }));","lastModifiedDate":"2023-09-11"},{"lineNumber":164,"author":{"gitId":"yongjiema"},"content":"    }","lastModifiedDate":"2023-09-26"},{"lineNumber":165,"author":{"gitId":"yongjiema"},"content":"","lastModifiedDate":"2023-09-26"},{"lineNumber":166,"author":{"gitId":"yongjiema"},"content":"    private static void handleTodoCommand(TaskList tasks, String args) throws InvalidCommandArgsDukeException {","lastModifiedDate":"2023-10-15"},{"lineNumber":167,"author":{"gitId":"yongjiema"},"content":"        if (args.isEmpty()) {","lastModifiedDate":"2023-09-26"},{"lineNumber":168,"author":{"gitId":"yongjiema"},"content":"            throw new InvalidCommandArgsDukeException(\"The description of a todo cannot be empty.\");","lastModifiedDate":"2023-09-26"},{"lineNumber":169,"author":{"gitId":"yongjiema"},"content":"        }","lastModifiedDate":"2023-09-26"},{"lineNumber":170,"author":{"gitId":"yongjiema"},"content":"","lastModifiedDate":"2023-09-26"},{"lineNumber":171,"author":{"gitId":"yongjiema"},"content":"        Todo toto \u003d new Todo(args);","lastModifiedDate":"2023-09-26"},{"lineNumber":172,"author":{"gitId":"yongjiema"},"content":"        tasks.addTask(toto);","lastModifiedDate":"2023-10-15"},{"lineNumber":173,"author":{"gitId":"yongjiema"},"content":"        printTaskAddedMessage(toto, tasks.size());","lastModifiedDate":"2023-09-26"},{"lineNumber":174,"author":{"gitId":"yongjiema"},"content":"    }","lastModifiedDate":"2023-09-26"},{"lineNumber":175,"author":{"gitId":"yongjiema"},"content":"","lastModifiedDate":"2023-09-26"},{"lineNumber":176,"author":{"gitId":"yongjiema"},"content":"    private static void handleDeadlineCommand(TaskList tasks, String args) throws InvalidCommandArgsDukeException {","lastModifiedDate":"2023-10-15"},{"lineNumber":177,"author":{"gitId":"yongjiema"},"content":"        if (args.isEmpty()) {","lastModifiedDate":"2023-09-26"},{"lineNumber":178,"author":{"gitId":"yongjiema"},"content":"            throw new InvalidCommandArgsDukeException(\"The description of a deadline cannot be empty.\");","lastModifiedDate":"2023-09-26"},{"lineNumber":179,"author":{"gitId":"yongjiema"},"content":"        }","lastModifiedDate":"2023-09-26"},{"lineNumber":180,"author":{"gitId":"yongjiema"},"content":"","lastModifiedDate":"2023-09-26"},{"lineNumber":181,"author":{"gitId":"yongjiema"},"content":"        String[] array \u003d args.split(\" /by \", -1);","lastModifiedDate":"2023-09-26"},{"lineNumber":182,"author":{"gitId":"yongjiema"},"content":"        if (array.length !\u003d 2) {","lastModifiedDate":"2023-09-18"},{"lineNumber":183,"author":{"gitId":"yongjiema"},"content":"            throw new InvalidCommandArgsDukeException(\"The \\\"/by {date/time}\\\" of a deadline is required.\");","lastModifiedDate":"2023-09-26"},{"lineNumber":184,"author":{"gitId":"yongjiema"},"content":"        }","lastModifiedDate":"2023-09-04"},{"lineNumber":185,"author":{"gitId":"yongjiema"},"content":"","lastModifiedDate":"2023-09-26"},{"lineNumber":186,"author":{"gitId":"yongjiema"},"content":"        Deadline deadline \u003d new Deadline(array[0], array[1]);","lastModifiedDate":"2023-09-18"},{"lineNumber":187,"author":{"gitId":"yongjiema"},"content":"        tasks.addTask(deadline);","lastModifiedDate":"2023-10-15"},{"lineNumber":188,"author":{"gitId":"yongjiema"},"content":"        printTaskAddedMessage(deadline, tasks.size());","lastModifiedDate":"2023-09-26"},{"lineNumber":189,"author":{"gitId":"yongjiema"},"content":"    }","lastModifiedDate":"2023-09-26"},{"lineNumber":190,"author":{"gitId":"yongjiema"},"content":"","lastModifiedDate":"2023-09-26"},{"lineNumber":191,"author":{"gitId":"yongjiema"},"content":"    private static void handleEventCommand(TaskList tasks, String args) throws InvalidCommandArgsDukeException {","lastModifiedDate":"2023-10-15"},{"lineNumber":192,"author":{"gitId":"yongjiema"},"content":"        if (args.isEmpty()) {","lastModifiedDate":"2023-09-26"},{"lineNumber":193,"author":{"gitId":"yongjiema"},"content":"            throw new InvalidCommandArgsDukeException(\"The description of a event cannot be empty.\");","lastModifiedDate":"2023-09-26"},{"lineNumber":194,"author":{"gitId":"yongjiema"},"content":"        }","lastModifiedDate":"2023-09-26"},{"lineNumber":195,"author":{"gitId":"yongjiema"},"content":"","lastModifiedDate":"2023-09-26"},{"lineNumber":196,"author":{"gitId":"yongjiema"},"content":"        String[] array \u003d args.split(\" /from \", -1);","lastModifiedDate":"2023-09-26"},{"lineNumber":197,"author":{"gitId":"yongjiema"},"content":"        if (array.length !\u003d 2) {","lastModifiedDate":"2023-09-18"},{"lineNumber":198,"author":{"gitId":"yongjiema"},"content":"            throw new InvalidCommandArgsDukeException(\"The \\\"/from {date/time}\\\" of a event is required.\");","lastModifiedDate":"2023-09-26"},{"lineNumber":199,"author":{"gitId":"yongjiema"},"content":"        }","lastModifiedDate":"2023-09-18"},{"lineNumber":200,"author":{"gitId":"yongjiema"},"content":"","lastModifiedDate":"2023-09-26"},{"lineNumber":201,"author":{"gitId":"yongjiema"},"content":"        String[] fromToArray \u003d array[1].split(\" /to \", -1);","lastModifiedDate":"2023-09-18"},{"lineNumber":202,"author":{"gitId":"yongjiema"},"content":"        if (fromToArray.length !\u003d 2) {","lastModifiedDate":"2023-09-18"},{"lineNumber":203,"author":{"gitId":"yongjiema"},"content":"            throw new InvalidCommandArgsDukeException(\"The \\\"/to {date/time}\\\" of a event is required.\");","lastModifiedDate":"2023-09-26"},{"lineNumber":204,"author":{"gitId":"yongjiema"},"content":"        }","lastModifiedDate":"2023-09-18"},{"lineNumber":205,"author":{"gitId":"yongjiema"},"content":"","lastModifiedDate":"2023-09-26"},{"lineNumber":206,"author":{"gitId":"yongjiema"},"content":"        Event event \u003d new Event(array[0], fromToArray[0], fromToArray[1]);","lastModifiedDate":"2023-09-18"},{"lineNumber":207,"author":{"gitId":"yongjiema"},"content":"        tasks.addTask(event);","lastModifiedDate":"2023-10-15"},{"lineNumber":208,"author":{"gitId":"yongjiema"},"content":"        printTaskAddedMessage(event, tasks.size());","lastModifiedDate":"2023-09-26"},{"lineNumber":209,"author":{"gitId":"yongjiema"},"content":"    }","lastModifiedDate":"2023-09-26"},{"lineNumber":210,"author":{"gitId":"yongjiema"},"content":"","lastModifiedDate":"2023-09-26"},{"lineNumber":211,"author":{"gitId":"yongjiema"},"content":"    private static void handleDeleteCommand(TaskList tasks, String args) throws InvalidCommandArgsDukeException {","lastModifiedDate":"2023-10-15"},{"lineNumber":212,"author":{"gitId":"yongjiema"},"content":"        if (args.isEmpty()) {","lastModifiedDate":"2023-09-26"},{"lineNumber":213,"author":{"gitId":"yongjiema"},"content":"            throw new InvalidCommandArgsDukeException(\"The task number to be deleted cannot be empty.\");","lastModifiedDate":"2023-09-26"},{"lineNumber":214,"author":{"gitId":"yongjiema"},"content":"        }","lastModifiedDate":"2023-09-26"},{"lineNumber":215,"author":{"gitId":"yongjiema"},"content":"","lastModifiedDate":"2023-09-26"},{"lineNumber":216,"author":{"gitId":"yongjiema"},"content":"        Integer taskNumber \u003d tryParseInt(args);","lastModifiedDate":"2023-09-26"},{"lineNumber":217,"author":{"gitId":"yongjiema"},"content":"        if (taskNumber \u003d\u003d null || taskNumber \u003c 1 || taskNumber \u003e tasks.size()) {","lastModifiedDate":"2023-09-26"},{"lineNumber":218,"author":{"gitId":"yongjiema"},"content":"            throw new InvalidCommandArgsDukeException(\"Invalid task number to be deleted.\");","lastModifiedDate":"2023-09-26"},{"lineNumber":219,"author":{"gitId":"yongjiema"},"content":"        }","lastModifiedDate":"2023-09-26"},{"lineNumber":220,"author":{"gitId":"yongjiema"},"content":"","lastModifiedDate":"2023-09-26"},{"lineNumber":221,"author":{"gitId":"yongjiema"},"content":"        Task task \u003d tasks.getTask(taskNumber - 1);","lastModifiedDate":"2023-10-15"},{"lineNumber":222,"author":{"gitId":"yongjiema"},"content":"        tasks.removeTask(task);","lastModifiedDate":"2023-10-15"},{"lineNumber":223,"author":{"gitId":"yongjiema"},"content":"        printTaskDeletedMessage(task, tasks.size());","lastModifiedDate":"2023-09-26"},{"lineNumber":224,"author":{"gitId":"-"},"content":"    }","lastModifiedDate":"2019-07-29"},{"lineNumber":225,"author":{"gitId":"yongjiema"},"content":"","lastModifiedDate":"2023-09-11"},{"lineNumber":226,"author":{"gitId":"yongjiema"},"content":"    private static void printMessage(String message) {","lastModifiedDate":"2023-09-26"},{"lineNumber":227,"author":{"gitId":"yongjiema"},"content":"        printMessage(message, false);","lastModifiedDate":"2023-09-26"},{"lineNumber":228,"author":{"gitId":"yongjiema"},"content":"    }","lastModifiedDate":"2023-09-11"},{"lineNumber":229,"author":{"gitId":"yongjiema"},"content":"","lastModifiedDate":"2023-09-11"},{"lineNumber":230,"author":{"gitId":"yongjiema"},"content":"    private static void printMessage(String message, boolean skipEmptyMessage) {","lastModifiedDate":"2023-09-26"},{"lineNumber":231,"author":{"gitId":"yongjiema"},"content":"        System.out.println(HORIZONTAL_LINE);","lastModifiedDate":"2023-09-11"},{"lineNumber":232,"author":{"gitId":"yongjiema"},"content":"        if (!skipEmptyMessage || !message.isEmpty()) {","lastModifiedDate":"2023-09-11"},{"lineNumber":233,"author":{"gitId":"yongjiema"},"content":"            System.out.println(message);","lastModifiedDate":"2023-09-11"},{"lineNumber":234,"author":{"gitId":"yongjiema"},"content":"        }","lastModifiedDate":"2023-09-11"},{"lineNumber":235,"author":{"gitId":"yongjiema"},"content":"        System.out.println(HORIZONTAL_LINE);","lastModifiedDate":"2023-09-11"},{"lineNumber":236,"author":{"gitId":"yongjiema"},"content":"    }","lastModifiedDate":"2023-09-11"},{"lineNumber":237,"author":{"gitId":"yongjiema"},"content":"","lastModifiedDate":"2023-09-11"},{"lineNumber":238,"author":{"gitId":"yongjiema"},"content":"    private static void printTaskAddedMessage(Task addedTask, int tasksLatestSize) {","lastModifiedDate":"2023-09-26"},{"lineNumber":239,"author":{"gitId":"yongjiema"},"content":"        printMessage(String.join(System.lineSeparator(), new String[]{","lastModifiedDate":"2023-09-26"},{"lineNumber":240,"author":{"gitId":"yongjiema"},"content":"                \" Got it. I\u0027ve added this task:\",","lastModifiedDate":"2023-09-18"},{"lineNumber":241,"author":{"gitId":"yongjiema"},"content":"                \"   \" + addedTask.toString(),","lastModifiedDate":"2023-09-18"},{"lineNumber":242,"author":{"gitId":"yongjiema"},"content":"                String.format(\" Now you have %d tasks in the list.\", tasksLatestSize)","lastModifiedDate":"2023-09-18"},{"lineNumber":243,"author":{"gitId":"yongjiema"},"content":"        }));","lastModifiedDate":"2023-09-18"},{"lineNumber":244,"author":{"gitId":"yongjiema"},"content":"    }","lastModifiedDate":"2023-09-18"},{"lineNumber":245,"author":{"gitId":"yongjiema"},"content":"","lastModifiedDate":"2023-09-18"},{"lineNumber":246,"author":{"gitId":"yongjiema"},"content":"    private static void printTaskDeletedMessage(Task deletedTask, int tasksLatestSize) {","lastModifiedDate":"2023-09-26"},{"lineNumber":247,"author":{"gitId":"yongjiema"},"content":"        printMessage(String.join(System.lineSeparator(), new String[]{","lastModifiedDate":"2023-09-26"},{"lineNumber":248,"author":{"gitId":"yongjiema"},"content":"                \" Noted. I\u0027ve removed this task:\",","lastModifiedDate":"2023-09-26"},{"lineNumber":249,"author":{"gitId":"yongjiema"},"content":"                \"   \" + deletedTask.toString(),","lastModifiedDate":"2023-09-26"},{"lineNumber":250,"author":{"gitId":"yongjiema"},"content":"                String.format(\" Now you have %d tasks in the list.\", tasksLatestSize)","lastModifiedDate":"2023-09-26"},{"lineNumber":251,"author":{"gitId":"yongjiema"},"content":"        }));","lastModifiedDate":"2023-09-26"},{"lineNumber":252,"author":{"gitId":"yongjiema"},"content":"    }","lastModifiedDate":"2023-09-26"},{"lineNumber":253,"author":{"gitId":"yongjiema"},"content":"","lastModifiedDate":"2023-09-26"},{"lineNumber":254,"author":{"gitId":"yongjiema"},"content":"    private static Integer tryParseInt(String s) {","lastModifiedDate":"2023-09-11"},{"lineNumber":255,"author":{"gitId":"yongjiema"},"content":"        try {","lastModifiedDate":"2023-09-11"},{"lineNumber":256,"author":{"gitId":"yongjiema"},"content":"            return Integer.parseInt(s);","lastModifiedDate":"2023-09-11"},{"lineNumber":257,"author":{"gitId":"yongjiema"},"content":"        } catch (Exception e) {","lastModifiedDate":"2023-09-11"},{"lineNumber":258,"author":{"gitId":"yongjiema"},"content":"            return null;","lastModifiedDate":"2023-09-11"},{"lineNumber":259,"author":{"gitId":"yongjiema"},"content":"        }","lastModifiedDate":"2023-09-11"},{"lineNumber":260,"author":{"gitId":"-"},"content":"    }","lastModifiedDate":"2023-09-11"},{"lineNumber":261,"author":{"gitId":"-"},"content":"}","lastModifiedDate":"2019-07-29"}],"authorContributionMap":{"yongjiema":256,"-":5}},{"path":"src/main/java/DukeException.java","fileType":"java","lines":[{"lineNumber":1,"author":{"gitId":"yongjiema"},"content":"public abstract class DukeException extends Exception {","lastModifiedDate":"2023-09-26"},{"lineNumber":2,"author":{"gitId":"yongjiema"},"content":"    public DukeException(String errorMessage) {","lastModifiedDate":"2023-09-26"},{"lineNumber":3,"author":{"gitId":"yongjiema"},"content":"        super(errorMessage);","lastModifiedDate":"2023-09-26"},{"lineNumber":4,"author":{"gitId":"yongjiema"},"content":"    }","lastModifiedDate":"2023-09-26"},{"lineNumber":5,"author":{"gitId":"yongjiema"},"content":"","lastModifiedDate":"2023-10-15"},{"lineNumber":6,"author":{"gitId":"yongjiema"},"content":"    public DukeException (String errorMessage, Throwable cause) {","lastModifiedDate":"2023-10-15"},{"lineNumber":7,"author":{"gitId":"yongjiema"},"content":"        super(errorMessage, cause);","lastModifiedDate":"2023-10-15"},{"lineNumber":8,"author":{"gitId":"yongjiema"},"content":"    }","lastModifiedDate":"2023-10-15"},{"lineNumber":9,"author":{"gitId":"yongjiema"},"content":"}","lastModifiedDate":"2023-09-26"}],"authorContributionMap":{"yongjiema":9}},{"path":"src/main/java/Event.java","fileType":"java","lines":[{"lineNumber":1,"author":{"gitId":"yongjiema"},"content":"public class Event extends Task {","lastModifiedDate":"2023-09-18"},{"lineNumber":2,"author":{"gitId":"yongjiema"},"content":"    protected String from;","lastModifiedDate":"2023-09-18"},{"lineNumber":3,"author":{"gitId":"yongjiema"},"content":"    protected String to;","lastModifiedDate":"2023-09-18"},{"lineNumber":4,"author":{"gitId":"yongjiema"},"content":"","lastModifiedDate":"2023-09-18"},{"lineNumber":5,"author":{"gitId":"yongjiema"},"content":"    public Event(String description, String from, String to) {","lastModifiedDate":"2023-10-15"},{"lineNumber":6,"author":{"gitId":"yongjiema"},"content":"        this(description, from, to, false);","lastModifiedDate":"2023-10-15"},{"lineNumber":7,"author":{"gitId":"yongjiema"},"content":"    }","lastModifiedDate":"2023-10-15"},{"lineNumber":8,"author":{"gitId":"yongjiema"},"content":"","lastModifiedDate":"2023-10-15"},{"lineNumber":9,"author":{"gitId":"yongjiema"},"content":"    public Event(String description, String from, String to, boolean isDone) {","lastModifiedDate":"2023-10-15"},{"lineNumber":10,"author":{"gitId":"yongjiema"},"content":"        super(description, isDone);","lastModifiedDate":"2023-10-15"},{"lineNumber":11,"author":{"gitId":"yongjiema"},"content":"        this.from \u003d from;","lastModifiedDate":"2023-09-18"},{"lineNumber":12,"author":{"gitId":"yongjiema"},"content":"        this.to \u003d to;","lastModifiedDate":"2023-09-18"},{"lineNumber":13,"author":{"gitId":"yongjiema"},"content":"    }","lastModifiedDate":"2023-09-18"},{"lineNumber":14,"author":{"gitId":"yongjiema"},"content":"","lastModifiedDate":"2023-09-18"},{"lineNumber":15,"author":{"gitId":"yongjiema"},"content":"    @Override","lastModifiedDate":"2023-10-15"},{"lineNumber":16,"author":{"gitId":"yongjiema"},"content":"    public String encode() {","lastModifiedDate":"2023-10-15"},{"lineNumber":17,"author":{"gitId":"yongjiema"},"content":"        return String.format(\"E | %s | %s | %s-%s\", encodeIsDone(), description, from, to);","lastModifiedDate":"2023-10-15"},{"lineNumber":18,"author":{"gitId":"yongjiema"},"content":"    }","lastModifiedDate":"2023-10-15"},{"lineNumber":19,"author":{"gitId":"yongjiema"},"content":"","lastModifiedDate":"2023-10-15"},{"lineNumber":20,"author":{"gitId":"yongjiema"},"content":"    @Override","lastModifiedDate":"2023-09-18"},{"lineNumber":21,"author":{"gitId":"yongjiema"},"content":"    public String toString() {","lastModifiedDate":"2023-09-18"},{"lineNumber":22,"author":{"gitId":"yongjiema"},"content":"        return String.format(\"[E]%s (from: %s to: %s)\", super.toString(), from, to);","lastModifiedDate":"2023-09-18"},{"lineNumber":23,"author":{"gitId":"yongjiema"},"content":"    }","lastModifiedDate":"2023-09-18"},{"lineNumber":24,"author":{"gitId":"yongjiema"},"content":"}","lastModifiedDate":"2023-09-18"}],"authorContributionMap":{"yongjiema":24}},{"path":"src/main/java/InvalidCommandArgsDukeException.java","fileType":"java","lines":[{"lineNumber":1,"author":{"gitId":"yongjiema"},"content":"public class InvalidCommandArgsDukeException extends DukeException {","lastModifiedDate":"2023-09-26"},{"lineNumber":2,"author":{"gitId":"yongjiema"},"content":"    public InvalidCommandArgsDukeException(String errorMessage) {","lastModifiedDate":"2023-09-26"},{"lineNumber":3,"author":{"gitId":"yongjiema"},"content":"        super(errorMessage);","lastModifiedDate":"2023-09-26"},{"lineNumber":4,"author":{"gitId":"yongjiema"},"content":"    }","lastModifiedDate":"2023-09-26"},{"lineNumber":5,"author":{"gitId":"yongjiema"},"content":"}","lastModifiedDate":"2023-09-26"}],"authorContributionMap":{"yongjiema":5}},{"path":"src/main/java/Storage.java","fileType":"java","lines":[{"lineNumber":1,"author":{"gitId":"yongjiema"},"content":"import java.io.FileNotFoundException;","lastModifiedDate":"2023-10-15"},{"lineNumber":2,"author":{"gitId":"yongjiema"},"content":"import java.io.IOException;","lastModifiedDate":"2023-10-15"},{"lineNumber":3,"author":{"gitId":"yongjiema"},"content":"import java.nio.charset.StandardCharsets;","lastModifiedDate":"2023-10-15"},{"lineNumber":4,"author":{"gitId":"yongjiema"},"content":"import java.nio.file.Files;","lastModifiedDate":"2023-10-15"},{"lineNumber":5,"author":{"gitId":"yongjiema"},"content":"import java.nio.file.Path;","lastModifiedDate":"2023-10-15"},{"lineNumber":6,"author":{"gitId":"yongjiema"},"content":"import java.nio.file.Paths;","lastModifiedDate":"2023-10-15"},{"lineNumber":7,"author":{"gitId":"yongjiema"},"content":"import java.util.Collection;","lastModifiedDate":"2023-10-15"},{"lineNumber":8,"author":{"gitId":"yongjiema"},"content":"import java.util.List;","lastModifiedDate":"2023-10-15"},{"lineNumber":9,"author":{"gitId":"yongjiema"},"content":"","lastModifiedDate":"2023-10-15"},{"lineNumber":10,"author":{"gitId":"yongjiema"},"content":"public class Storage {","lastModifiedDate":"2023-10-15"},{"lineNumber":11,"author":{"gitId":"yongjiema"},"content":"    private final Path path;","lastModifiedDate":"2023-10-15"},{"lineNumber":12,"author":{"gitId":"yongjiema"},"content":"","lastModifiedDate":"2023-10-15"},{"lineNumber":13,"author":{"gitId":"yongjiema"},"content":"    public Storage(String filePath) {","lastModifiedDate":"2023-10-15"},{"lineNumber":14,"author":{"gitId":"yongjiema"},"content":"        if (!isValidPath(filePath)) {","lastModifiedDate":"2023-10-15"},{"lineNumber":15,"author":{"gitId":"yongjiema"},"content":"            throw new IllegalArgumentException(\"Storage file should end with \u0027.txt\u0027\");","lastModifiedDate":"2023-10-15"},{"lineNumber":16,"author":{"gitId":"yongjiema"},"content":"        }","lastModifiedDate":"2023-10-15"},{"lineNumber":17,"author":{"gitId":"yongjiema"},"content":"","lastModifiedDate":"2023-10-15"},{"lineNumber":18,"author":{"gitId":"yongjiema"},"content":"        this.path \u003d Paths.get(filePath);","lastModifiedDate":"2023-10-15"},{"lineNumber":19,"author":{"gitId":"yongjiema"},"content":"    }","lastModifiedDate":"2023-10-15"},{"lineNumber":20,"author":{"gitId":"yongjiema"},"content":"","lastModifiedDate":"2023-10-15"},{"lineNumber":21,"author":{"gitId":"yongjiema"},"content":"    public Path getPath() {","lastModifiedDate":"2023-10-15"},{"lineNumber":22,"author":{"gitId":"yongjiema"},"content":"        return this.path;","lastModifiedDate":"2023-10-15"},{"lineNumber":23,"author":{"gitId":"yongjiema"},"content":"    }","lastModifiedDate":"2023-10-15"},{"lineNumber":24,"author":{"gitId":"yongjiema"},"content":"","lastModifiedDate":"2023-10-15"},{"lineNumber":25,"author":{"gitId":"yongjiema"},"content":"    public TaskList load() throws StorageOperationException {","lastModifiedDate":"2023-10-15"},{"lineNumber":26,"author":{"gitId":"yongjiema"},"content":"        try {","lastModifiedDate":"2023-10-15"},{"lineNumber":27,"author":{"gitId":"yongjiema"},"content":"            List\u003cString\u003e encodedTaskList \u003d Files.readAllLines(path, StandardCharsets.UTF_8);","lastModifiedDate":"2023-10-15"},{"lineNumber":28,"author":{"gitId":"yongjiema"},"content":"            return TaskListDecoder.decodeTaskList(encodedTaskList);","lastModifiedDate":"2023-10-15"},{"lineNumber":29,"author":{"gitId":"yongjiema"},"content":"        } catch (FileNotFoundException e) {","lastModifiedDate":"2023-10-15"},{"lineNumber":30,"author":{"gitId":"yongjiema"},"content":"            return new TaskList();","lastModifiedDate":"2023-10-15"},{"lineNumber":31,"author":{"gitId":"yongjiema"},"content":"        } catch (IOException e) {","lastModifiedDate":"2023-10-15"},{"lineNumber":32,"author":{"gitId":"yongjiema"},"content":"            throw new StorageOperationException(\"Error reading from file: \" + path, e);","lastModifiedDate":"2023-10-15"},{"lineNumber":33,"author":{"gitId":"yongjiema"},"content":"        }","lastModifiedDate":"2023-10-15"},{"lineNumber":34,"author":{"gitId":"yongjiema"},"content":"    }","lastModifiedDate":"2023-10-15"},{"lineNumber":35,"author":{"gitId":"yongjiema"},"content":"","lastModifiedDate":"2023-10-15"},{"lineNumber":36,"author":{"gitId":"yongjiema"},"content":"    public void save(TaskList taskList) throws StorageOperationException {","lastModifiedDate":"2023-10-15"},{"lineNumber":37,"author":{"gitId":"yongjiema"},"content":"        Collection\u003cString\u003e encodedTaskList \u003d TaskListEncoder.encodeTaskList(taskList);","lastModifiedDate":"2023-10-15"},{"lineNumber":38,"author":{"gitId":"yongjiema"},"content":"        try {","lastModifiedDate":"2023-10-15"},{"lineNumber":39,"author":{"gitId":"yongjiema"},"content":"            ensureParentPathExists(path);","lastModifiedDate":"2023-10-15"},{"lineNumber":40,"author":{"gitId":"yongjiema"},"content":"            Files.write(path, encodedTaskList, StandardCharsets.UTF_8);","lastModifiedDate":"2023-10-15"},{"lineNumber":41,"author":{"gitId":"yongjiema"},"content":"        } catch (IOException e) {","lastModifiedDate":"2023-10-15"},{"lineNumber":42,"author":{"gitId":"yongjiema"},"content":"            throw new StorageOperationException(\"Error writing to file: \" + path, e);","lastModifiedDate":"2023-10-15"},{"lineNumber":43,"author":{"gitId":"yongjiema"},"content":"        }","lastModifiedDate":"2023-10-15"},{"lineNumber":44,"author":{"gitId":"yongjiema"},"content":"    }","lastModifiedDate":"2023-10-15"},{"lineNumber":45,"author":{"gitId":"yongjiema"},"content":"","lastModifiedDate":"2023-10-15"},{"lineNumber":46,"author":{"gitId":"yongjiema"},"content":"    private static boolean isValidPath(String filePath) {","lastModifiedDate":"2023-10-15"},{"lineNumber":47,"author":{"gitId":"yongjiema"},"content":"        return filePath.endsWith(\".txt\");","lastModifiedDate":"2023-10-15"},{"lineNumber":48,"author":{"gitId":"yongjiema"},"content":"    }","lastModifiedDate":"2023-10-15"},{"lineNumber":49,"author":{"gitId":"yongjiema"},"content":"","lastModifiedDate":"2023-10-15"},{"lineNumber":50,"author":{"gitId":"yongjiema"},"content":"    private static void ensureParentPathExists(Path path) throws IOException {","lastModifiedDate":"2023-10-15"},{"lineNumber":51,"author":{"gitId":"yongjiema"},"content":"        Path parentPath \u003d path.getParent();","lastModifiedDate":"2023-10-15"},{"lineNumber":52,"author":{"gitId":"yongjiema"},"content":"        if (parentPath !\u003d null) {","lastModifiedDate":"2023-10-15"},{"lineNumber":53,"author":{"gitId":"yongjiema"},"content":"            Files.createDirectories(parentPath);","lastModifiedDate":"2023-10-15"},{"lineNumber":54,"author":{"gitId":"yongjiema"},"content":"        }","lastModifiedDate":"2023-10-15"},{"lineNumber":55,"author":{"gitId":"yongjiema"},"content":"    }","lastModifiedDate":"2023-10-15"},{"lineNumber":56,"author":{"gitId":"yongjiema"},"content":"}","lastModifiedDate":"2023-10-15"}],"authorContributionMap":{"yongjiema":56}},{"path":"src/main/java/StorageOperationException.java","fileType":"java","lines":[{"lineNumber":1,"author":{"gitId":"yongjiema"},"content":"public class StorageOperationException extends DukeException {","lastModifiedDate":"2023-10-15"},{"lineNumber":2,"author":{"gitId":"yongjiema"},"content":"    public StorageOperationException(String errorMessage) {","lastModifiedDate":"2023-10-15"},{"lineNumber":3,"author":{"gitId":"yongjiema"},"content":"        super(errorMessage);","lastModifiedDate":"2023-10-15"},{"lineNumber":4,"author":{"gitId":"yongjiema"},"content":"    }","lastModifiedDate":"2023-10-15"},{"lineNumber":5,"author":{"gitId":"yongjiema"},"content":"","lastModifiedDate":"2023-10-15"},{"lineNumber":6,"author":{"gitId":"yongjiema"},"content":"    public StorageOperationException(String errorMessage, Throwable cause) {","lastModifiedDate":"2023-10-15"},{"lineNumber":7,"author":{"gitId":"yongjiema"},"content":"        super(errorMessage, cause);","lastModifiedDate":"2023-10-15"},{"lineNumber":8,"author":{"gitId":"yongjiema"},"content":"    }","lastModifiedDate":"2023-10-15"},{"lineNumber":9,"author":{"gitId":"yongjiema"},"content":"}","lastModifiedDate":"2023-10-15"}],"authorContributionMap":{"yongjiema":9}},{"path":"src/main/java/Task.java","fileType":"java","lines":[{"lineNumber":1,"author":{"gitId":"yongjiema"},"content":"public abstract class Task {","lastModifiedDate":"2023-09-18"},{"lineNumber":2,"author":{"gitId":"yongjiema"},"content":"    protected String description;","lastModifiedDate":"2023-09-11"},{"lineNumber":3,"author":{"gitId":"yongjiema"},"content":"    protected boolean isDone;","lastModifiedDate":"2023-09-11"},{"lineNumber":4,"author":{"gitId":"yongjiema"},"content":"","lastModifiedDate":"2023-09-11"},{"lineNumber":5,"author":{"gitId":"yongjiema"},"content":"    protected Task(String description) {","lastModifiedDate":"2023-09-18"},{"lineNumber":6,"author":{"gitId":"yongjiema"},"content":"        this(description, false);","lastModifiedDate":"2023-10-15"},{"lineNumber":7,"author":{"gitId":"yongjiema"},"content":"    }","lastModifiedDate":"2023-10-15"},{"lineNumber":8,"author":{"gitId":"yongjiema"},"content":"","lastModifiedDate":"2023-10-15"},{"lineNumber":9,"author":{"gitId":"yongjiema"},"content":"    protected Task(String description, boolean isDone) {","lastModifiedDate":"2023-10-15"},{"lineNumber":10,"author":{"gitId":"yongjiema"},"content":"        this.description \u003d description;","lastModifiedDate":"2023-09-11"},{"lineNumber":11,"author":{"gitId":"yongjiema"},"content":"        this.isDone \u003d isDone;","lastModifiedDate":"2023-10-15"},{"lineNumber":12,"author":{"gitId":"yongjiema"},"content":"    }","lastModifiedDate":"2023-09-11"},{"lineNumber":13,"author":{"gitId":"yongjiema"},"content":"","lastModifiedDate":"2023-09-11"},{"lineNumber":14,"author":{"gitId":"yongjiema"},"content":"    public void setDone(boolean done) {","lastModifiedDate":"2023-09-11"},{"lineNumber":15,"author":{"gitId":"yongjiema"},"content":"        isDone \u003d done;","lastModifiedDate":"2023-09-11"},{"lineNumber":16,"author":{"gitId":"yongjiema"},"content":"    }","lastModifiedDate":"2023-09-11"},{"lineNumber":17,"author":{"gitId":"yongjiema"},"content":"","lastModifiedDate":"2023-09-11"},{"lineNumber":18,"author":{"gitId":"yongjiema"},"content":"    public boolean getDone() {","lastModifiedDate":"2023-09-11"},{"lineNumber":19,"author":{"gitId":"yongjiema"},"content":"        return isDone;","lastModifiedDate":"2023-09-11"},{"lineNumber":20,"author":{"gitId":"yongjiema"},"content":"    }","lastModifiedDate":"2023-09-11"},{"lineNumber":21,"author":{"gitId":"yongjiema"},"content":"","lastModifiedDate":"2023-09-11"},{"lineNumber":22,"author":{"gitId":"yongjiema"},"content":"    public void setDescription(String description) {","lastModifiedDate":"2023-09-11"},{"lineNumber":23,"author":{"gitId":"yongjiema"},"content":"        this.description \u003d description;","lastModifiedDate":"2023-09-11"},{"lineNumber":24,"author":{"gitId":"yongjiema"},"content":"    }","lastModifiedDate":"2023-09-11"},{"lineNumber":25,"author":{"gitId":"yongjiema"},"content":"","lastModifiedDate":"2023-09-11"},{"lineNumber":26,"author":{"gitId":"yongjiema"},"content":"    public String getDescription() {","lastModifiedDate":"2023-09-11"},{"lineNumber":27,"author":{"gitId":"yongjiema"},"content":"        return description;","lastModifiedDate":"2023-09-11"},{"lineNumber":28,"author":{"gitId":"yongjiema"},"content":"    }","lastModifiedDate":"2023-09-11"},{"lineNumber":29,"author":{"gitId":"yongjiema"},"content":"","lastModifiedDate":"2023-09-11"},{"lineNumber":30,"author":{"gitId":"yongjiema"},"content":"    public String getStatusIcon() {","lastModifiedDate":"2023-09-11"},{"lineNumber":31,"author":{"gitId":"yongjiema"},"content":"        return isDone ? \"X\" : \" \";","lastModifiedDate":"2023-09-11"},{"lineNumber":32,"author":{"gitId":"yongjiema"},"content":"    }","lastModifiedDate":"2023-09-11"},{"lineNumber":33,"author":{"gitId":"yongjiema"},"content":"","lastModifiedDate":"2023-09-18"},{"lineNumber":34,"author":{"gitId":"yongjiema"},"content":"    public abstract String encode();","lastModifiedDate":"2023-10-15"},{"lineNumber":35,"author":{"gitId":"yongjiema"},"content":"","lastModifiedDate":"2023-10-15"},{"lineNumber":36,"author":{"gitId":"yongjiema"},"content":"    @Override","lastModifiedDate":"2023-09-18"},{"lineNumber":37,"author":{"gitId":"yongjiema"},"content":"    public String toString() {","lastModifiedDate":"2023-09-18"},{"lineNumber":38,"author":{"gitId":"yongjiema"},"content":"        return String.format(\"[%s] %s\", getStatusIcon(), getDescription());","lastModifiedDate":"2023-09-18"},{"lineNumber":39,"author":{"gitId":"yongjiema"},"content":"    }","lastModifiedDate":"2023-09-18"},{"lineNumber":40,"author":{"gitId":"yongjiema"},"content":"","lastModifiedDate":"2023-10-15"},{"lineNumber":41,"author":{"gitId":"yongjiema"},"content":"    protected String encodeIsDone() {","lastModifiedDate":"2023-10-15"},{"lineNumber":42,"author":{"gitId":"yongjiema"},"content":"        return isDone ? \"1\" : \"0\";","lastModifiedDate":"2023-10-15"},{"lineNumber":43,"author":{"gitId":"yongjiema"},"content":"    }","lastModifiedDate":"2023-10-15"},{"lineNumber":44,"author":{"gitId":"yongjiema"},"content":"}","lastModifiedDate":"2023-09-11"}],"authorContributionMap":{"yongjiema":44}},{"path":"src/main/java/TaskList.java","fileType":"java","lines":[{"lineNumber":1,"author":{"gitId":"yongjiema"},"content":"import java.util.ArrayList;","lastModifiedDate":"2023-10-15"},{"lineNumber":2,"author":{"gitId":"yongjiema"},"content":"import java.util.Iterator;","lastModifiedDate":"2023-10-15"},{"lineNumber":3,"author":{"gitId":"yongjiema"},"content":"import java.util.List;","lastModifiedDate":"2023-10-15"},{"lineNumber":4,"author":{"gitId":"yongjiema"},"content":"","lastModifiedDate":"2023-10-15"},{"lineNumber":5,"author":{"gitId":"yongjiema"},"content":"public class TaskList implements Iterable\u003cTask\u003e {","lastModifiedDate":"2023-10-15"},{"lineNumber":6,"author":{"gitId":"yongjiema"},"content":"    private final List\u003cTask\u003e tasks;","lastModifiedDate":"2023-10-15"},{"lineNumber":7,"author":{"gitId":"yongjiema"},"content":"","lastModifiedDate":"2023-10-15"},{"lineNumber":8,"author":{"gitId":"yongjiema"},"content":"    public TaskList() {","lastModifiedDate":"2023-10-15"},{"lineNumber":9,"author":{"gitId":"yongjiema"},"content":"        this(new ArrayList\u003c\u003e());","lastModifiedDate":"2023-10-15"},{"lineNumber":10,"author":{"gitId":"yongjiema"},"content":"    }","lastModifiedDate":"2023-10-15"},{"lineNumber":11,"author":{"gitId":"yongjiema"},"content":"","lastModifiedDate":"2023-10-15"},{"lineNumber":12,"author":{"gitId":"yongjiema"},"content":"    public TaskList(List\u003cTask\u003e tasks) {","lastModifiedDate":"2023-10-15"},{"lineNumber":13,"author":{"gitId":"yongjiema"},"content":"        this.tasks \u003d tasks;","lastModifiedDate":"2023-10-15"},{"lineNumber":14,"author":{"gitId":"yongjiema"},"content":"    }","lastModifiedDate":"2023-10-15"},{"lineNumber":15,"author":{"gitId":"yongjiema"},"content":"","lastModifiedDate":"2023-10-15"},{"lineNumber":16,"author":{"gitId":"yongjiema"},"content":"    public void addTask(Task task) {","lastModifiedDate":"2023-10-15"},{"lineNumber":17,"author":{"gitId":"yongjiema"},"content":"        tasks.add(task);","lastModifiedDate":"2023-10-15"},{"lineNumber":18,"author":{"gitId":"yongjiema"},"content":"    }","lastModifiedDate":"2023-10-15"},{"lineNumber":19,"author":{"gitId":"yongjiema"},"content":"","lastModifiedDate":"2023-10-15"},{"lineNumber":20,"author":{"gitId":"yongjiema"},"content":"    public List\u003cTask\u003e getAllTasks() {","lastModifiedDate":"2023-10-15"},{"lineNumber":21,"author":{"gitId":"yongjiema"},"content":"        return tasks;","lastModifiedDate":"2023-10-15"},{"lineNumber":22,"author":{"gitId":"yongjiema"},"content":"    }","lastModifiedDate":"2023-10-15"},{"lineNumber":23,"author":{"gitId":"yongjiema"},"content":"","lastModifiedDate":"2023-10-15"},{"lineNumber":24,"author":{"gitId":"yongjiema"},"content":"    public Task getTask(int index) {","lastModifiedDate":"2023-10-15"},{"lineNumber":25,"author":{"gitId":"yongjiema"},"content":"        return tasks.get(index);","lastModifiedDate":"2023-10-15"},{"lineNumber":26,"author":{"gitId":"yongjiema"},"content":"    }","lastModifiedDate":"2023-10-15"},{"lineNumber":27,"author":{"gitId":"yongjiema"},"content":"","lastModifiedDate":"2023-10-15"},{"lineNumber":28,"author":{"gitId":"yongjiema"},"content":"    public void removeTask(Task task) {","lastModifiedDate":"2023-10-15"},{"lineNumber":29,"author":{"gitId":"yongjiema"},"content":"        tasks.remove(task);","lastModifiedDate":"2023-10-15"},{"lineNumber":30,"author":{"gitId":"yongjiema"},"content":"    }","lastModifiedDate":"2023-10-15"},{"lineNumber":31,"author":{"gitId":"yongjiema"},"content":"","lastModifiedDate":"2023-10-15"},{"lineNumber":32,"author":{"gitId":"yongjiema"},"content":"    public int size() {","lastModifiedDate":"2023-10-15"},{"lineNumber":33,"author":{"gitId":"yongjiema"},"content":"        return tasks.size();","lastModifiedDate":"2023-10-15"},{"lineNumber":34,"author":{"gitId":"yongjiema"},"content":"    }","lastModifiedDate":"2023-10-15"},{"lineNumber":35,"author":{"gitId":"yongjiema"},"content":"","lastModifiedDate":"2023-10-15"},{"lineNumber":36,"author":{"gitId":"yongjiema"},"content":"    @Override","lastModifiedDate":"2023-10-15"},{"lineNumber":37,"author":{"gitId":"yongjiema"},"content":"    public Iterator\u003cTask\u003e iterator() {","lastModifiedDate":"2023-10-15"},{"lineNumber":38,"author":{"gitId":"yongjiema"},"content":"        return tasks.iterator();","lastModifiedDate":"2023-10-15"},{"lineNumber":39,"author":{"gitId":"yongjiema"},"content":"    }","lastModifiedDate":"2023-10-15"},{"lineNumber":40,"author":{"gitId":"yongjiema"},"content":"}","lastModifiedDate":"2023-10-15"}],"authorContributionMap":{"yongjiema":40}},{"path":"src/main/java/TaskListDecoder.java","fileType":"java","lines":[{"lineNumber":1,"author":{"gitId":"yongjiema"},"content":"import java.util.ArrayList;","lastModifiedDate":"2023-10-15"},{"lineNumber":2,"author":{"gitId":"yongjiema"},"content":"import java.util.Collection;","lastModifiedDate":"2023-10-15"},{"lineNumber":3,"author":{"gitId":"yongjiema"},"content":"","lastModifiedDate":"2023-10-15"},{"lineNumber":4,"author":{"gitId":"yongjiema"},"content":"public class TaskListDecoder {","lastModifiedDate":"2023-10-15"},{"lineNumber":5,"author":{"gitId":"yongjiema"},"content":"    public static TaskList decodeTaskList(Collection\u003cString\u003e encodedTaskList) throws StorageOperationException {","lastModifiedDate":"2023-10-15"},{"lineNumber":6,"author":{"gitId":"yongjiema"},"content":"        ArrayList\u003cTask\u003e decodedTasks \u003d new ArrayList\u003c\u003e();","lastModifiedDate":"2023-10-15"},{"lineNumber":7,"author":{"gitId":"yongjiema"},"content":"        for (String encodedTask : encodedTaskList) {","lastModifiedDate":"2023-10-15"},{"lineNumber":8,"author":{"gitId":"yongjiema"},"content":"            decodedTasks.add(decodeTaskFromString(encodedTask));","lastModifiedDate":"2023-10-15"},{"lineNumber":9,"author":{"gitId":"yongjiema"},"content":"        }","lastModifiedDate":"2023-10-15"},{"lineNumber":10,"author":{"gitId":"yongjiema"},"content":"        return new TaskList(decodedTasks);","lastModifiedDate":"2023-10-15"},{"lineNumber":11,"author":{"gitId":"yongjiema"},"content":"    }","lastModifiedDate":"2023-10-15"},{"lineNumber":12,"author":{"gitId":"yongjiema"},"content":"","lastModifiedDate":"2023-10-15"},{"lineNumber":13,"author":{"gitId":"yongjiema"},"content":"    private static Task decodeTaskFromString(String encodedTask) throws StorageOperationException {","lastModifiedDate":"2023-10-15"},{"lineNumber":14,"author":{"gitId":"yongjiema"},"content":"        String[] fields \u003d encodedTask.split(\"\\\\s*\\\\|\\\\s*\", -1);","lastModifiedDate":"2023-10-15"},{"lineNumber":15,"author":{"gitId":"yongjiema"},"content":"        if (fields.length \u003c 3) {","lastModifiedDate":"2023-10-15"},{"lineNumber":16,"author":{"gitId":"yongjiema"},"content":"            throw new StorageOperationException(\"The number of fields should be grater than 3.\");","lastModifiedDate":"2023-10-15"},{"lineNumber":17,"author":{"gitId":"yongjiema"},"content":"        }","lastModifiedDate":"2023-10-15"},{"lineNumber":18,"author":{"gitId":"yongjiema"},"content":"","lastModifiedDate":"2023-10-15"},{"lineNumber":19,"author":{"gitId":"yongjiema"},"content":"        String type \u003d fields[0];","lastModifiedDate":"2023-10-15"},{"lineNumber":20,"author":{"gitId":"yongjiema"},"content":"        boolean isDone \u003d decodeIsDoneFromString(fields[1]);","lastModifiedDate":"2023-10-15"},{"lineNumber":21,"author":{"gitId":"yongjiema"},"content":"        String description \u003d fields[2];","lastModifiedDate":"2023-10-15"},{"lineNumber":22,"author":{"gitId":"yongjiema"},"content":"        switch (type) {","lastModifiedDate":"2023-10-15"},{"lineNumber":23,"author":{"gitId":"yongjiema"},"content":"            case \"D\": {","lastModifiedDate":"2023-10-15"},{"lineNumber":24,"author":{"gitId":"yongjiema"},"content":"                if (fields.length !\u003d 4) {","lastModifiedDate":"2023-10-15"},{"lineNumber":25,"author":{"gitId":"yongjiema"},"content":"                    throw new StorageOperationException(\"The number of fields for deadline should be 4.\");","lastModifiedDate":"2023-10-15"},{"lineNumber":26,"author":{"gitId":"yongjiema"},"content":"                }","lastModifiedDate":"2023-10-15"},{"lineNumber":27,"author":{"gitId":"yongjiema"},"content":"                String deadlineBy \u003d fields[3];","lastModifiedDate":"2023-10-15"},{"lineNumber":28,"author":{"gitId":"yongjiema"},"content":"                return new Deadline(description, deadlineBy, isDone);","lastModifiedDate":"2023-10-15"},{"lineNumber":29,"author":{"gitId":"yongjiema"},"content":"            }","lastModifiedDate":"2023-10-15"},{"lineNumber":30,"author":{"gitId":"yongjiema"},"content":"            case \"E\":","lastModifiedDate":"2023-10-15"},{"lineNumber":31,"author":{"gitId":"yongjiema"},"content":"                if (fields.length !\u003d 4) {","lastModifiedDate":"2023-10-15"},{"lineNumber":32,"author":{"gitId":"yongjiema"},"content":"                    throw new StorageOperationException(\"The number of fields for deadline should be 4.\");","lastModifiedDate":"2023-10-15"},{"lineNumber":33,"author":{"gitId":"yongjiema"},"content":"                }","lastModifiedDate":"2023-10-15"},{"lineNumber":34,"author":{"gitId":"yongjiema"},"content":"                String eventFromTo \u003d fields[3];","lastModifiedDate":"2023-10-15"},{"lineNumber":35,"author":{"gitId":"yongjiema"},"content":"                String[] fromToFields \u003d eventFromTo.split(\"-\", -1);","lastModifiedDate":"2023-10-15"},{"lineNumber":36,"author":{"gitId":"yongjiema"},"content":"                if (fromToFields.length !\u003d 2) {","lastModifiedDate":"2023-10-15"},{"lineNumber":37,"author":{"gitId":"yongjiema"},"content":"                    throw new StorageOperationException(\"The from-to field is invalid.\");","lastModifiedDate":"2023-10-15"},{"lineNumber":38,"author":{"gitId":"yongjiema"},"content":"                }","lastModifiedDate":"2023-10-15"},{"lineNumber":39,"author":{"gitId":"yongjiema"},"content":"                String eventFrom \u003d fromToFields[0];","lastModifiedDate":"2023-10-15"},{"lineNumber":40,"author":{"gitId":"yongjiema"},"content":"                String eventTo \u003d fromToFields[1];","lastModifiedDate":"2023-10-15"},{"lineNumber":41,"author":{"gitId":"yongjiema"},"content":"                return new Event(description, eventFrom, eventTo, isDone);","lastModifiedDate":"2023-10-15"},{"lineNumber":42,"author":{"gitId":"yongjiema"},"content":"            case \"T\": {","lastModifiedDate":"2023-10-15"},{"lineNumber":43,"author":{"gitId":"yongjiema"},"content":"                return new Todo(description, isDone);","lastModifiedDate":"2023-10-15"},{"lineNumber":44,"author":{"gitId":"yongjiema"},"content":"            }","lastModifiedDate":"2023-10-15"},{"lineNumber":45,"author":{"gitId":"yongjiema"},"content":"            default:","lastModifiedDate":"2023-10-15"},{"lineNumber":46,"author":{"gitId":"yongjiema"},"content":"                throw new StorageOperationException(\"Unknown task type.\");","lastModifiedDate":"2023-10-15"},{"lineNumber":47,"author":{"gitId":"yongjiema"},"content":"        }","lastModifiedDate":"2023-10-15"},{"lineNumber":48,"author":{"gitId":"yongjiema"},"content":"    }","lastModifiedDate":"2023-10-15"},{"lineNumber":49,"author":{"gitId":"yongjiema"},"content":"","lastModifiedDate":"2023-10-15"},{"lineNumber":50,"author":{"gitId":"yongjiema"},"content":"    private static boolean decodeIsDoneFromString(String value) throws StorageOperationException {","lastModifiedDate":"2023-10-15"},{"lineNumber":51,"author":{"gitId":"yongjiema"},"content":"        switch (value) {","lastModifiedDate":"2023-10-15"},{"lineNumber":52,"author":{"gitId":"yongjiema"},"content":"            case \"1\":","lastModifiedDate":"2023-10-15"},{"lineNumber":53,"author":{"gitId":"yongjiema"},"content":"                return true;","lastModifiedDate":"2023-10-15"},{"lineNumber":54,"author":{"gitId":"yongjiema"},"content":"            case \"0\":","lastModifiedDate":"2023-10-15"},{"lineNumber":55,"author":{"gitId":"yongjiema"},"content":"                return false;","lastModifiedDate":"2023-10-15"},{"lineNumber":56,"author":{"gitId":"yongjiema"},"content":"            default:","lastModifiedDate":"2023-10-15"},{"lineNumber":57,"author":{"gitId":"yongjiema"},"content":"                throw new StorageOperationException(\"The isDone field should be 0 or 1.\");","lastModifiedDate":"2023-10-15"},{"lineNumber":58,"author":{"gitId":"yongjiema"},"content":"        }","lastModifiedDate":"2023-10-15"},{"lineNumber":59,"author":{"gitId":"yongjiema"},"content":"    }","lastModifiedDate":"2023-10-15"},{"lineNumber":60,"author":{"gitId":"yongjiema"},"content":"}","lastModifiedDate":"2023-10-15"}],"authorContributionMap":{"yongjiema":60}},{"path":"src/main/java/TaskListEncoder.java","fileType":"java","lines":[{"lineNumber":1,"author":{"gitId":"yongjiema"},"content":"import java.util.ArrayList;","lastModifiedDate":"2023-10-15"},{"lineNumber":2,"author":{"gitId":"yongjiema"},"content":"import java.util.Collection;","lastModifiedDate":"2023-10-15"},{"lineNumber":3,"author":{"gitId":"yongjiema"},"content":"import java.util.List;","lastModifiedDate":"2023-10-15"},{"lineNumber":4,"author":{"gitId":"yongjiema"},"content":"","lastModifiedDate":"2023-10-15"},{"lineNumber":5,"author":{"gitId":"yongjiema"},"content":"public class TaskListEncoder {","lastModifiedDate":"2023-10-15"},{"lineNumber":6,"author":{"gitId":"yongjiema"},"content":"    public static Collection\u003cString\u003e encodeTaskList(TaskList taskList) {","lastModifiedDate":"2023-10-15"},{"lineNumber":7,"author":{"gitId":"yongjiema"},"content":"        ArrayList\u003cString\u003e encodedTaskList \u003d new ArrayList\u003c\u003e();","lastModifiedDate":"2023-10-15"},{"lineNumber":8,"author":{"gitId":"yongjiema"},"content":"        List\u003cTask\u003e tasks \u003d taskList.getAllTasks();","lastModifiedDate":"2023-10-15"},{"lineNumber":9,"author":{"gitId":"yongjiema"},"content":"        for (Task task : tasks) {","lastModifiedDate":"2023-10-15"},{"lineNumber":10,"author":{"gitId":"yongjiema"},"content":"            encodedTaskList.add(encodeTaskToString(task));","lastModifiedDate":"2023-10-15"},{"lineNumber":11,"author":{"gitId":"yongjiema"},"content":"        }","lastModifiedDate":"2023-10-15"},{"lineNumber":12,"author":{"gitId":"yongjiema"},"content":"        return encodedTaskList;","lastModifiedDate":"2023-10-15"},{"lineNumber":13,"author":{"gitId":"yongjiema"},"content":"    }","lastModifiedDate":"2023-10-15"},{"lineNumber":14,"author":{"gitId":"yongjiema"},"content":"","lastModifiedDate":"2023-10-15"},{"lineNumber":15,"author":{"gitId":"yongjiema"},"content":"    private static String encodeTaskToString(Task task) {","lastModifiedDate":"2023-10-15"},{"lineNumber":16,"author":{"gitId":"yongjiema"},"content":"        return task.encode();","lastModifiedDate":"2023-10-15"},{"lineNumber":17,"author":{"gitId":"yongjiema"},"content":"    }","lastModifiedDate":"2023-10-15"},{"lineNumber":18,"author":{"gitId":"yongjiema"},"content":"}","lastModifiedDate":"2023-10-15"}],"authorContributionMap":{"yongjiema":18}},{"path":"src/main/java/Todo.java","fileType":"java","lines":[{"lineNumber":1,"author":{"gitId":"yongjiema"},"content":"public class Todo extends Task {","lastModifiedDate":"2023-09-18"},{"lineNumber":2,"author":{"gitId":"yongjiema"},"content":"    public Todo(String description) {","lastModifiedDate":"2023-10-15"},{"lineNumber":3,"author":{"gitId":"yongjiema"},"content":"        this(description, false);","lastModifiedDate":"2023-10-15"},{"lineNumber":4,"author":{"gitId":"yongjiema"},"content":"    }","lastModifiedDate":"2023-10-15"},{"lineNumber":5,"author":{"gitId":"yongjiema"},"content":"","lastModifiedDate":"2023-10-15"},{"lineNumber":6,"author":{"gitId":"yongjiema"},"content":"    public Todo(String description, boolean isDone) {","lastModifiedDate":"2023-10-15"},{"lineNumber":7,"author":{"gitId":"yongjiema"},"content":"        super(description, isDone);","lastModifiedDate":"2023-10-15"},{"lineNumber":8,"author":{"gitId":"yongjiema"},"content":"    }","lastModifiedDate":"2023-10-15"},{"lineNumber":9,"author":{"gitId":"yongjiema"},"content":"","lastModifiedDate":"2023-10-15"},{"lineNumber":10,"author":{"gitId":"yongjiema"},"content":"    @Override","lastModifiedDate":"2023-10-15"},{"lineNumber":11,"author":{"gitId":"yongjiema"},"content":"    public String encode() {","lastModifiedDate":"2023-10-15"},{"lineNumber":12,"author":{"gitId":"yongjiema"},"content":"        return String.format(\"T | %s | %s\", encodeIsDone(), description);","lastModifiedDate":"2023-10-15"},{"lineNumber":13,"author":{"gitId":"yongjiema"},"content":"    }","lastModifiedDate":"2023-09-18"},{"lineNumber":14,"author":{"gitId":"yongjiema"},"content":"","lastModifiedDate":"2023-09-18"},{"lineNumber":15,"author":{"gitId":"yongjiema"},"content":"    @Override","lastModifiedDate":"2023-09-18"},{"lineNumber":16,"author":{"gitId":"yongjiema"},"content":"    public String toString() {","lastModifiedDate":"2023-09-18"},{"lineNumber":17,"author":{"gitId":"yongjiema"},"content":"        return \"[T]\" + super.toString();","lastModifiedDate":"2023-09-18"},{"lineNumber":18,"author":{"gitId":"yongjiema"},"content":"    }","lastModifiedDate":"2023-09-18"},{"lineNumber":19,"author":{"gitId":"yongjiema"},"content":"}","lastModifiedDate":"2023-09-18"}],"authorContributionMap":{"yongjiema":19}},{"path":"src/main/java/UnknownCommandDukeException.java","fileType":"java","lines":[{"lineNumber":1,"author":{"gitId":"yongjiema"},"content":"public class UnknownCommandDukeException extends DukeException {","lastModifiedDate":"2023-09-26"},{"lineNumber":2,"author":{"gitId":"yongjiema"},"content":"    public UnknownCommandDukeException(String errorMessage) {","lastModifiedDate":"2023-09-26"},{"lineNumber":3,"author":{"gitId":"yongjiema"},"content":"        super(errorMessage);","lastModifiedDate":"2023-09-26"},{"lineNumber":4,"author":{"gitId":"yongjiema"},"content":"    }","lastModifiedDate":"2023-09-26"},{"lineNumber":5,"author":{"gitId":"yongjiema"},"content":"}","lastModifiedDate":"2023-09-26"}],"authorContributionMap":{"yongjiema":5}},{"path":"text-ui-test/input.txt","fileType":"txt","lines":[{"lineNumber":1,"author":{"gitId":"yongjiema"},"content":"blah","lastModifiedDate":"2023-09-26"},{"lineNumber":2,"author":{"gitId":"yongjiema"},"content":"list 1","lastModifiedDate":"2023-09-26"},{"lineNumber":3,"author":{"gitId":"yongjiema"},"content":"list","lastModifiedDate":"2023-09-11"},{"lineNumber":4,"author":{"gitId":"yongjiema"},"content":"todo","lastModifiedDate":"2023-09-26"},{"lineNumber":5,"author":{"gitId":"yongjiema"},"content":"todo borrow book","lastModifiedDate":"2023-09-18"},{"lineNumber":6,"author":{"gitId":"yongjiema"},"content":"list","lastModifiedDate":"2023-09-11"},{"lineNumber":7,"author":{"gitId":"yongjiema"},"content":"deadline","lastModifiedDate":"2023-09-26"},{"lineNumber":8,"author":{"gitId":"yongjiema"},"content":"deadline return book","lastModifiedDate":"2023-09-26"},{"lineNumber":9,"author":{"gitId":"yongjiema"},"content":"deadline return book /by","lastModifiedDate":"2023-09-26"},{"lineNumber":10,"author":{"gitId":"yongjiema"},"content":"deadline return book /by Sunday","lastModifiedDate":"2023-09-18"},{"lineNumber":11,"author":{"gitId":"yongjiema"},"content":"list","lastModifiedDate":"2023-09-18"},{"lineNumber":12,"author":{"gitId":"yongjiema"},"content":"event","lastModifiedDate":"2023-09-26"},{"lineNumber":13,"author":{"gitId":"yongjiema"},"content":"event project meeting /from","lastModifiedDate":"2023-09-26"},{"lineNumber":14,"author":{"gitId":"yongjiema"},"content":"event project meeting /from Mon 2pm","lastModifiedDate":"2023-09-26"},{"lineNumber":15,"author":{"gitId":"yongjiema"},"content":"event project meeting /to","lastModifiedDate":"2023-09-26"},{"lineNumber":16,"author":{"gitId":"yongjiema"},"content":"event project meeting /to 4pm","lastModifiedDate":"2023-09-26"},{"lineNumber":17,"author":{"gitId":"yongjiema"},"content":"event project meeting /from Mon 2pm /to 4pm","lastModifiedDate":"2023-09-18"},{"lineNumber":18,"author":{"gitId":"yongjiema"},"content":"list","lastModifiedDate":"2023-09-11"},{"lineNumber":19,"author":{"gitId":"yongjiema"},"content":"mark","lastModifiedDate":"2023-09-11"},{"lineNumber":20,"author":{"gitId":"yongjiema"},"content":"mark 0","lastModifiedDate":"2023-09-11"},{"lineNumber":21,"author":{"gitId":"yongjiema"},"content":"mark 9","lastModifiedDate":"2023-09-18"},{"lineNumber":22,"author":{"gitId":"yongjiema"},"content":"mark 1","lastModifiedDate":"2023-09-11"},{"lineNumber":23,"author":{"gitId":"yongjiema"},"content":"list","lastModifiedDate":"2023-09-11"},{"lineNumber":24,"author":{"gitId":"yongjiema"},"content":"mark 2","lastModifiedDate":"2023-09-11"},{"lineNumber":25,"author":{"gitId":"yongjiema"},"content":"list","lastModifiedDate":"2023-09-11"},{"lineNumber":26,"author":{"gitId":"yongjiema"},"content":"mark 3","lastModifiedDate":"2023-09-18"},{"lineNumber":27,"author":{"gitId":"yongjiema"},"content":"list","lastModifiedDate":"2023-09-18"},{"lineNumber":28,"author":{"gitId":"yongjiema"},"content":"unmark","lastModifiedDate":"2023-09-26"},{"lineNumber":29,"author":{"gitId":"yongjiema"},"content":"unmark 0","lastModifiedDate":"2023-09-26"},{"lineNumber":30,"author":{"gitId":"yongjiema"},"content":"unmark 9","lastModifiedDate":"2023-09-26"},{"lineNumber":31,"author":{"gitId":"yongjiema"},"content":"unmark 1","lastModifiedDate":"2023-09-11"},{"lineNumber":32,"author":{"gitId":"yongjiema"},"content":"list","lastModifiedDate":"2023-09-11"},{"lineNumber":33,"author":{"gitId":"yongjiema"},"content":"unmark 2","lastModifiedDate":"2023-09-18"},{"lineNumber":34,"author":{"gitId":"yongjiema"},"content":"list","lastModifiedDate":"2023-09-18"},{"lineNumber":35,"author":{"gitId":"yongjiema"},"content":"unmark 3","lastModifiedDate":"2023-09-18"},{"lineNumber":36,"author":{"gitId":"yongjiema"},"content":"list","lastModifiedDate":"2023-09-18"},{"lineNumber":37,"author":{"gitId":"yongjiema"},"content":"delete","lastModifiedDate":"2023-09-26"},{"lineNumber":38,"author":{"gitId":"yongjiema"},"content":"delete 0","lastModifiedDate":"2023-09-26"},{"lineNumber":39,"author":{"gitId":"yongjiema"},"content":"delete 9","lastModifiedDate":"2023-09-26"},{"lineNumber":40,"author":{"gitId":"yongjiema"},"content":"delete 3","lastModifiedDate":"2023-09-26"},{"lineNumber":41,"author":{"gitId":"yongjiema"},"content":"list","lastModifiedDate":"2023-09-26"},{"lineNumber":42,"author":{"gitId":"yongjiema"},"content":"delete 2","lastModifiedDate":"2023-09-26"},{"lineNumber":43,"author":{"gitId":"yongjiema"},"content":"list","lastModifiedDate":"2023-09-26"},{"lineNumber":44,"author":{"gitId":"yongjiema"},"content":"delete 1","lastModifiedDate":"2023-09-26"},{"lineNumber":45,"author":{"gitId":"yongjiema"},"content":"list","lastModifiedDate":"2023-09-26"},{"lineNumber":46,"author":{"gitId":"yongjiema"},"content":"bye 1","lastModifiedDate":"2023-09-26"},{"lineNumber":47,"author":{"gitId":"yongjiema"},"content":"bye","lastModifiedDate":"2023-09-11"}],"authorContributionMap":{"yongjiema":47}}]
