{"authorDailyContributionsMap":{"yongjiema":[{"date":"2023-09-04","commitResults":[{"hash":"817fed203bfe1ba2c14061a08675ac1373ac70d6","isMergeCommit":false,"messageTitle":"Level 0. Rename, Greet, Exit","messageBody":"","tags":["Level-0"],"fileTypesAndContributionMap":{"java":{"insertions":10,"deletions":0}}},{"hash":"733f2fd2636f8af09c51ebdb32562a95530fa30b","isMergeCommit":false,"messageTitle":"Level 1. Echo","messageBody":"","tags":["Level-1"],"fileTypesAndContributionMap":{"java":{"insertions":18,"deletions":2}}},{"hash":"36e44b98b70b7e1c00d3d2fa7bd18264bdb920ad","isMergeCommit":false,"messageTitle":"Level 2. Add, List","messageBody":"","tags":["Level-2","A-Collections"],"fileTypesAndContributionMap":{"java":{"insertions":11,"deletions":1}}}]},{"date":"2023-09-11","commitResults":[{"hash":"84b465521d4b33276aca1f42b97369091505304c","isMergeCommit":false,"messageTitle":"Level 3. Mark as Done","messageBody":"","tags":["Level-3","A-Classes"],"fileTypesAndContributionMap":{"java":{"insertions":100,"deletions":20}}},{"hash":"e6ef3a1deb7537c1ce7a9ca3c425ff57b6c7b83b","isMergeCommit":false,"messageTitle":"A-TextUiTesting: Text UI Testing","messageBody":"","tags":["A-TextUiTesting"],"fileTypesAndContributionMap":{"txt":{"insertions":15,"deletions":0}}}]},{"date":"2023-09-18","commitResults":[{"hash":"2035139e468f4df68c29b64b4cf22f81028b2346","isMergeCommit":false,"messageTitle":"Level-4: ToDo, Event, Deadline","messageBody":"","tags":["Level-4","A-Inheritance"],"fileTypesAndContributionMap":{"txt":{"insertions":11,"deletions":3},"java":{"insertions":101,"deletions":18}}}]},{"date":"2023-09-26","commitResults":[{"hash":"731f044e1452883f547c63f47e57ae4ab15277e7","isMergeCommit":false,"messageTitle":"Level-5: Handle Errors","messageBody":"","fileTypesAndContributionMap":{"txt":{"insertions":15,"deletions":0},"java":{"insertions":165,"deletions":73}}},{"hash":"945b60fd69f01cb2403199802bfc28c523788e2b","isMergeCommit":false,"messageTitle":"Level-5: Handle non-duck related errors","messageBody":"","tags":["Level-5","A-Exceptions"],"fileTypesAndContributionMap":{"java":{"insertions":2,"deletions":0}}},{"hash":"5aa769196d45ef9b975446b53cc4dddcc4d1208c","isMergeCommit":false,"messageTitle":"Level 6. Delete","messageBody":"","tags":["Level-6"],"fileTypesAndContributionMap":{"txt":{"insertions":9,"deletions":0},"java":{"insertions":31,"deletions":4}}}]},{"date":"2023-09-27","commitResults":[{"hash":"88db95c0687acf71a8d9310b50a08415604c1884","isMergeCommit":false,"messageTitle":"A-Enums: Enums","messageBody":"","tags":["A-Enums"],"fileTypesAndContributionMap":{"java":{"insertions":49,"deletions":38}}}]},{"date":"2023-10-15","commitResults":[{"hash":"5d5015528ada28957aba7120d7cb245ef8401b34","isMergeCommit":false,"messageTitle":"Level-7: Save","messageBody":"","fileTypesAndContributionMap":{"java":{"insertions":272,"deletions":41}}},{"hash":"ecf1299ed6d7d8f35187382ad971dec1c0288e97","isMergeCommit":true,"messageTitle":"Merge remote-tracking branch \u0027origin/branch-Level-7\u0027","messageBody":"","fileTypesAndContributionMap":{}}]},{"date":"2023-10-17","commitResults":[{"hash":"c7a16e3125442e8f55db0311da7f9561a39af35d","isMergeCommit":false,"messageTitle":"A-MoreOOP: More OOP","messageBody":"","fileTypesAndContributionMap":{"java":{"insertions":300,"deletions":232}}},{"hash":"b7cda98b2e1237e5d215be4efa6906e98d32d975","isMergeCommit":true,"messageTitle":"Merge remote-tracking branch \u0027origin/branch-A-MoreOOP\u0027","messageBody":"","fileTypesAndContributionMap":{}},{"hash":"3d487aba27934d82b785a53a1d79a459c955a136","isMergeCommit":false,"messageTitle":"A-Packages: Java Packages","messageBody":"","fileTypesAndContributionMap":{"java":{"insertions":165,"deletions":11}}},{"hash":"dda8413e1577e352e4e0f1ece89a30555a475dcc","isMergeCommit":true,"messageTitle":"Merge remote-tracking branch \u0027origin/branch-A-Packages\u0027","messageBody":"","fileTypesAndContributionMap":{}},{"hash":"287226a1b3168b5a29cb35c518e668debde1214f","isMergeCommit":false,"messageTitle":"Fix storage issue","messageBody":"","fileTypesAndContributionMap":{"java":{"insertions":14,"deletions":10}}},{"hash":"f6e857a551d818752a6c265cc85a8b3edb977a77","isMergeCommit":true,"messageTitle":"Merge remote-tracking branch \u0027origin/branch-fix-storage\u0027","messageBody":"","tags":["Level-7","A-Packages","A-MoreOOP"],"fileTypesAndContributionMap":{}}]},{"date":"2023-10-19","commitResults":[{"hash":"0c8c961f70f9aa3a57a4b51ba260480a80fb495a","isMergeCommit":false,"messageTitle":"Reformat code","messageBody":"","fileTypesAndContributionMap":{"java":{"insertions":600,"deletions":600}}},{"hash":"2340131a8fbdf8a80f2d35ee38b13e5be7868c07","isMergeCommit":true,"messageTitle":"Merge remote-tracking branch \u0027origin/branch-reformat-code\u0027","messageBody":"","fileTypesAndContributionMap":{}},{"hash":"64e35787f03172930fa94c8d9bd4292aa4c51a67","isMergeCommit":false,"messageTitle":"Move codes inside a new package nus.duke","messageBody":"","fileTypesAndContributionMap":{"java":{"insertions":110,"deletions":108},"bat":{"insertions":2,"deletions":2},"sh":{"insertions":2,"deletions":2},"md":{"insertions":1,"deletions":1}}},{"hash":"ef94d28f43b3810e7723586d74703cb3d94b32f0","isMergeCommit":true,"messageTitle":"Merge remote-tracking branch \u0027origin/branch-move-packages\u0027","messageBody":"","fileTypesAndContributionMap":{}},{"hash":"abe36d3a0891153ec91717af01bc390574624f7b","isMergeCommit":false,"messageTitle":"Update README.md","messageBody":"","fileTypesAndContributionMap":{"md":{"insertions":2,"deletions":6}}}]},{"date":"2023-10-21","commitResults":[{"hash":"5ca31d224de152b2077d81e9cc33f3cd7294268b","isMergeCommit":true,"messageTitle":"Merge remote-tracking branch \u0027origin/add-gradle-support\u0027","messageBody":"","fileTypesAndContributionMap":{}},{"hash":"d6b6050c791ca8aa335b64b7c9240ea697738225","isMergeCommit":false,"messageTitle":"Change the main class","messageBody":"","fileTypesAndContributionMap":{"gradle":{"insertions":2,"deletions":2}}}]},{"date":"2023-10-22","commitResults":[{"hash":"4e5a06806d80293e45d02be27a21af0f94e3dda9","isMergeCommit":true,"messageTitle":"Merge remote-tracking branch \u0027origin/branch-A-Gradle\u0027","messageBody":"","tags":["A-Gradle"],"fileTypesAndContributionMap":{}},{"hash":"1ba85bfd05862d7b64095b63fb79dfddea1e05a9","isMergeCommit":false,"messageTitle":"A-JUnit: JUnit Testing","messageBody":"","fileTypesAndContributionMap":{"java":{"insertions":129,"deletions":0}}},{"hash":"92fdacd862f260220e59adf33e9fe3ec91187ea7","isMergeCommit":true,"messageTitle":"Merge remote-tracking branch \u0027origin/branch-A-JUnit\u0027","messageBody":"","tags":["A-JUnit"],"fileTypesAndContributionMap":{}},{"hash":"0b91e10aa1fbed55049ba85d86f64cc8328cd74b","isMergeCommit":false,"messageTitle":"Level-8: Dates and Times","messageBody":"","fileTypesAndContributionMap":{"txt":{"insertions":15,"deletions":4},"java":{"insertions":217,"deletions":41},"bat":{"insertions":1,"deletions":0},"sh":{"insertions":4,"deletions":0}}},{"hash":"8dad43cf2377b25ad2e8278d59cf89510059e47e","isMergeCommit":true,"messageTitle":"Merge remote-tracking branch \u0027origin/branch-Level-8\u0027","messageBody":"","tags":["Level-8"],"fileTypesAndContributionMap":{}}]},{"date":"2023-10-23","commitResults":[{"hash":"3c8b176d65045ab07ebf54fb38f683498ccbb3a6","isMergeCommit":false,"messageTitle":"A-JavaDoc: JavaDoc","messageBody":"","fileTypesAndContributionMap":{"java":{"insertions":710,"deletions":158},"md":{"insertions":1,"deletions":1}}},{"hash":"9af59401169e8e89f0535e6fdbf628c75e0ce2fa","isMergeCommit":true,"messageTitle":"Merge remote-tracking branch \u0027origin/branch-A-JavaDoc\u0027","messageBody":"","tags":["A-JavaDoc"],"fileTypesAndContributionMap":{}},{"hash":"644ca0b5d50ab75b7c5929a405cb899fff1e8d3f","isMergeCommit":true,"messageTitle":"Merge remote-tracking branch \u0027upstream/tweak-readme\u0027","messageBody":"","fileTypesAndContributionMap":{}}]},{"date":"2023-10-31","commitResults":[{"hash":"7ac773bb4d653a7088dc7535d2076c41b86e7f90","isMergeCommit":false,"messageTitle":"B-DoAfterTasks","messageBody":"","fileTypesAndContributionMap":{"txt":{"insertions":32,"deletions":16},"java":{"insertions":598,"deletions":65}}},{"hash":"69d470f40efa97593de41c1f2da6bcc9b3ebc6da","isMergeCommit":false,"messageTitle":"B-DoAfterTasks: Improvement","messageBody":"","fileTypesAndContributionMap":{"java":{"insertions":265,"deletions":54}}},{"hash":"3e3c8856b052b97c4c9ddfefc423bde8557cc4d3","isMergeCommit":true,"messageTitle":"Merge remote-tracking branch \u0027origin/branch-B-DoAfterTasks\u0027","messageBody":"","tags":["B-DoAfterTasks"],"fileTypesAndContributionMap":{}},{"hash":"89fc3753475e41626ab60d910f384112596db564","isMergeCommit":false,"messageTitle":"Level-9: Find","messageBody":"","fileTypesAndContributionMap":{"txt":{"insertions":1,"deletions":0},"java":{"insertions":49,"deletions":0}}},{"hash":"f113149ee90a09aebb1355e237297e45b6303a5e","isMergeCommit":true,"messageTitle":"Merge remote-tracking branch \u0027origin/branch-Level-9\u0027","messageBody":"","tags":["Level-9","A-CodeQuality"],"fileTypesAndContributionMap":{}},{"hash":"8acda2b1bd39c9bb04d4deee79a98aff6ed177af","isMergeCommit":false,"messageTitle":"A-CodingStandard: Coding Standard","messageBody":"","fileTypesAndContributionMap":{"gradle":{"insertions":5,"deletions":0},"java":{"insertions":198,"deletions":143}}},{"hash":"5c1456842e2f25f21beeda1e98c84e6f5316ddcd","isMergeCommit":true,"messageTitle":"Merge remote-tracking branch \u0027origin/branch-A-CodingStandard\u0027","messageBody":"","tags":["A-CodingStandard"],"fileTypesAndContributionMap":{}}]}]},"authorFileTypeContributionMap":{"yongjiema":{"java":2503,"md":3,"fxml":0,"sh":6,"bat":3,"gradle":6,"txt":75}},"authorContributionVariance":{"yongjiema":67734.28},"authorDisplayNameMap":{"yongjiema":"MA Y..GJIE"}}
