{"authorDailyContributionsMap":{"yongjiema":[{"date":"2023-09-04","commitResults":[{"hash":"817fed203bfe1ba2c14061a08675ac1373ac70d6","isMergeCommit":false,"messageTitle":"Level 0. Rename, Greet, Exit","messageBody":"","tags":["Level-0"],"fileTypesAndContributionMap":{"java":{"insertions":10,"deletions":0}}},{"hash":"733f2fd2636f8af09c51ebdb32562a95530fa30b","isMergeCommit":false,"messageTitle":"Level 1. Echo","messageBody":"","tags":["Level-1"],"fileTypesAndContributionMap":{"java":{"insertions":18,"deletions":2}}},{"hash":"36e44b98b70b7e1c00d3d2fa7bd18264bdb920ad","isMergeCommit":false,"messageTitle":"Level 2. Add, List","messageBody":"","tags":["Level-2","A-Collections"],"fileTypesAndContributionMap":{"java":{"insertions":11,"deletions":1}}}]},{"date":"2023-09-11","commitResults":[{"hash":"84b465521d4b33276aca1f42b97369091505304c","isMergeCommit":false,"messageTitle":"Level 3. Mark as Done","messageBody":"","tags":["Level-3"],"fileTypesAndContributionMap":{"java":{"insertions":100,"deletions":20}}},{"hash":"e6ef3a1deb7537c1ce7a9ca3c425ff57b6c7b83b","isMergeCommit":false,"messageTitle":"A-TextUiTesting: Text UI Testing","messageBody":"","tags":["A-TextUiTesting"],"fileTypesAndContributionMap":{"txt":{"insertions":15,"deletions":0}}}]},{"date":"2023-09-18","commitResults":[{"hash":"2035139e468f4df68c29b64b4cf22f81028b2346","isMergeCommit":false,"messageTitle":"Level-4: ToDo, Event, Deadline","messageBody":"","tags":["Level-4","A-Inheritance"],"fileTypesAndContributionMap":{"txt":{"insertions":11,"deletions":3},"java":{"insertions":101,"deletions":18}}}]},{"date":"2023-09-26","commitResults":[{"hash":"731f044e1452883f547c63f47e57ae4ab15277e7","isMergeCommit":false,"messageTitle":"Level-5: Handle Errors","messageBody":"","fileTypesAndContributionMap":{"txt":{"insertions":15,"deletions":0},"java":{"insertions":165,"deletions":73}}},{"hash":"945b60fd69f01cb2403199802bfc28c523788e2b","isMergeCommit":false,"messageTitle":"Level-5: Handle non-duck related errors","messageBody":"","tags":["Level-5","A-Exceptions"],"fileTypesAndContributionMap":{"java":{"insertions":2,"deletions":0}}},{"hash":"5aa769196d45ef9b975446b53cc4dddcc4d1208c","isMergeCommit":false,"messageTitle":"Level 6. Delete","messageBody":"","tags":["Level-6"],"fileTypesAndContributionMap":{"txt":{"insertions":9,"deletions":0},"java":{"insertions":31,"deletions":4}}}]},{"date":"2023-09-27","commitResults":[{"hash":"88db95c0687acf71a8d9310b50a08415604c1884","isMergeCommit":false,"messageTitle":"A-Enums: Enums","messageBody":"","tags":["A-Enums"],"fileTypesAndContributionMap":{"java":{"insertions":49,"deletions":38}}}]}]},"authorFileTypeContributionMap":{"yongjiema":{"java":330,"md":0,"fxml":0,"sh":0,"bat":0,"gradle":0,"txt":47}},"authorContributionVariance":{"yongjiema":2752.96},"authorDisplayNameMap":{"yongjiema":"MA Y..GJIE"}}
