{"repoSenseVersion":"e42c14e680","reportGeneratedTime":"Thu Dec 7 09:22:13 2023 UTC+08:00","reportGenerationTime":" 5.93 second(s)","zoneId":"UTC+08:00","reportTitle":"TIC2002 iP Code Dashboard","repos":[{"location":{"location":"https://github.com/pehqingwen/duke.git","repoName":"duke","organization":"pehqingwen","domainName":"github"},"branch":"master","displayName":"pehqingwen/duke[master]","outputFolderName":"pehqingwen_duke_master"},{"location":{"location":"https://github.com/agqy98/duke.git","repoName":"duke","organization":"agqy98","domainName":"github"},"branch":"master","displayName":"agqy98/duke[master]","outputFolderName":"agqy98_duke_master"},{"location":{"location":"https://github.com/CheshireKK/duke.git","repoName":"duke","organization":"CheshireKK","domainName":"github"},"branch":"master","displayName":"CheshireKK/duke[master]","outputFolderName":"CheshireKK_duke_master"},{"location":{"location":"https://github.com/proseraju/duke.git","repoName":"duke","organization":"proseraju","domainName":"github"},"branch":"master","displayName":"proseraju/duke[master]","outputFolderName":"proseraju_duke_master"},{"location":{"location":"https://github.com/ZiMing2983/duke.git","repoName":"duke","organization":"ZiMing2983","domainName":"github"},"branch":"master","displayName":"ZiMing2983/duke[master]","outputFolderName":"ZiMing2983_duke_master"},{"location":{"location":"https://github.com/yeebinrong/duke.git","repoName":"duke","organization":"yeebinrong","domainName":"github"},"branch":"master","displayName":"yeebinrong/duke[master]","outputFolderName":"yeebinrong_duke_master"},{"location":{"location":"https://github.com/chongkelv123/duke.git","repoName":"duke","organization":"chongkelv123","domainName":"github"},"branch":"master","displayName":"chongkelv123/duke[master]","outputFolderName":"chongkelv123_duke_master"},{"location":{"location":"https://github.com/jy0251/duke.git","repoName":"duke","organization":"jy0251","domainName":"github"},"branch":"master","displayName":"jy0251/duke[master]","outputFolderName":"jy0251_duke_master"},{"location":{"location":"https://github.com/CXinCheng/duke.git","repoName":"duke","organization":"CXinCheng","domainName":"github"},"branch":"master","displayName":"CXinCheng/duke[master]","outputFolderName":"CXinCheng_duke_master"},{"location":{"location":"https://github.com/Jianannl/duke.git","repoName":"duke","organization":"Jianannl","domainName":"github"},"branch":"master","displayName":"Jianannl/duke[master]","outputFolderName":"Jianannl_duke_master"},{"location":{"location":"https://github.com/dMadPanacea/duke.git","repoName":"duke","organization":"dMadPanacea","domainName":"github"},"branch":"master","displayName":"dMadPanacea/duke[master]","outputFolderName":"dMadPanacea_duke_master"},{"location":{"location":"https://github.com/vennica/duke.git","repoName":"duke","organization":"vennica","domainName":"github"},"branch":"master","displayName":"vennica/duke[master]","outputFolderName":"vennica_duke_master"},{"location":{"location":"https://github.com/DumbCat-Github/duke.git","repoName":"duke","organization":"DumbCat-Github","domainName":"github"},"branch":"master","displayName":"DumbCat-Github/duke[master]","outputFolderName":"DumbCat-Github_duke_master"},{"location":{"location":"https://github.com/ardianbl/duke.git","repoName":"duke","organization":"ardianbl","domainName":"github"},"branch":"master","displayName":"ardianbl/duke[master]","outputFolderName":"ardianbl_duke_master"},{"location":{"location":"https://github.com/amber-le/duke.git","repoName":"duke","organization":"amber-le","domainName":"github"},"branch":"master","displayName":"amber-le/duke[master]","outputFolderName":"amber-le_duke_master"},{"location":{"location":"https://github.com/huiting-ht/duke.git","repoName":"duke","organization":"huiting-ht","domainName":"github"},"branch":"master","displayName":"huiting-ht/duke[master]","outputFolderName":"huiting-ht_duke_master"},{"location":{"location":"https://github.com/gweemelvin/duke.git","repoName":"duke","organization":"gweemelvin","domainName":"github"},"branch":"master","displayName":"gweemelvin/duke[master]","outputFolderName":"gweemelvin_duke_master"},{"location":{"location":"https://github.com/chanjansen/duke.git","repoName":"duke","organization":"chanjansen","domainName":"github"},"branch":"master","displayName":"chanjansen/duke[master]","outputFolderName":"chanjansen_duke_master"},{"location":{"location":"https://github.com/GuangzuW/duke.git","repoName":"duke","organization":"GuangzuW","domainName":"github"},"branch":"master","displayName":"GuangzuW/duke[master]","outputFolderName":"GuangzuW_duke_master"},{"location":{"location":"https://github.com/yongjiema/duke.git","repoName":"duke","organization":"yongjiema","domainName":"github"},"branch":"master","displayName":"yongjiema/duke[master]","outputFolderName":"yongjiema_duke_master"},{"location":{"location":"https://github.com/Case000/duke.git","repoName":"duke","organization":"Case000","domainName":"github"},"branch":"master","displayName":"Case000/duke[master]","outputFolderName":"Case000_duke_master"},{"location":{"location":"https://github.com/kunkunkunkun/duke.git","repoName":"duke","organization":"kunkunkunkun","domainName":"github"},"branch":"master","displayName":"kunkunkunkun/duke[master]","outputFolderName":"kunkunkunkun_duke_master"},{"location":{"location":"https://github.com/angelquisit/duke.git","repoName":"duke","organization":"angelquisit","domainName":"github"},"branch":"master","displayName":"angelquisit/duke[master]","outputFolderName":"angelquisit_duke_master"},{"location":{"location":"https://github.com/jacqhal/duke.git","repoName":"duke","organization":"jacqhal","domainName":"github"},"branch":"master","displayName":"jacqhal/duke[master]","outputFolderName":"jacqhal_duke_master"}],"errorSet":[{"repoName":"Summerfallin/duke[master]","errorMessage":"Failed to clone from https://github.com/Summerfallin/duke.git"}],"sinceDate":"2023-08-14","untilDate":"2023-12-07","isSinceDateProvided":true,"isUntilDateProvided":false,"supportedDomainUrlMap":{"NOT_RECOGNIZED":{"BRANCH":"","REPO_URL":"UNSUPPORTED","BASE_URL":"UNSUPPORTED","HISTORY_PATH":"","COMMIT_PATH":"","BLAME_PATH":""},"github":{"BRANCH":"tree/$BRANCH","REPO_URL":"https://github.com/$ORGANIZATION/$REPO_NAME/","BASE_URL":"https://github.com/","HISTORY_PATH":"commits/$BRANCH/$FILE_PATH","COMMIT_PATH":"commit/$COMMIT_HASH","BLAME_PATH":"blame/$BRANCH/$FILE_PATH"}}}
