{"authorDailyContributionsMap":{"Jianannl":[{"date":"2023-09-10","commitResults":[{"hash":"ff962aa8035527396d07892bb7db88cf81f65bb2","isMergeCommit":false,"messageTitle":"Rename, Greet, Exit","messageBody":"","tags":["Level-0"],"fileTypesAndContributionMap":{"java":{"insertions":3,"deletions":0}}},{"hash":"42fc5064dc7b6ff344d3a82359b8334f2df68a4e","isMergeCommit":false,"messageTitle":"Echo","messageBody":"","tags":["Level-1"],"fileTypesAndContributionMap":{"java":{"insertions":15,"deletions":2}}}]},{"date":"2023-09-14","commitResults":[{"hash":"b0d4235bd5f92b374d1929099f2b59b829d02861","isMergeCommit":false,"messageTitle":"Add, List","messageBody":"","tags":["Level-2"],"fileTypesAndContributionMap":{"java":{"insertions":17,"deletions":2}}}]}]},"authorFileTypeContributionMap":{"Jianannl":{"java":0,"md":0,"fxml":0,"sh":0,"bat":0,"gradle":0,"txt":0}},"authorContributionVariance":{"Jianannl":22.295898},"authorDisplayNameMap":{"Jianannl":"LEE .. ANN"}}
