[{"path":"src/main/java/Deadline.java","fileType":"java","lines":[{"lineNumber":1,"author":{"gitId":"proseraju"},"content":"public class Deadline extends Task {","lastModifiedDate":"2023-11-01"},{"lineNumber":2,"author":{"gitId":"proseraju"},"content":"","lastModifiedDate":"2023-11-01"},{"lineNumber":3,"author":{"gitId":"proseraju"},"content":"    protected String by;","lastModifiedDate":"2023-11-01"},{"lineNumber":4,"author":{"gitId":"proseraju"},"content":"","lastModifiedDate":"2023-11-01"},{"lineNumber":5,"author":{"gitId":"proseraju"},"content":"    public Deadline(String description, String by) {","lastModifiedDate":"2023-11-01"},{"lineNumber":6,"author":{"gitId":"proseraju"},"content":"        super(description);","lastModifiedDate":"2023-11-01"},{"lineNumber":7,"author":{"gitId":"proseraju"},"content":"        this.by \u003d by;","lastModifiedDate":"2023-11-01"},{"lineNumber":8,"author":{"gitId":"proseraju"},"content":"    }","lastModifiedDate":"2023-11-01"},{"lineNumber":9,"author":{"gitId":"proseraju"},"content":"","lastModifiedDate":"2023-11-01"},{"lineNumber":10,"author":{"gitId":"proseraju"},"content":"    @Override","lastModifiedDate":"2023-11-01"},{"lineNumber":11,"author":{"gitId":"proseraju"},"content":"    public String toString() {","lastModifiedDate":"2023-11-01"},{"lineNumber":12,"author":{"gitId":"proseraju"},"content":"        return \"[D]\" + getStatusIcon()+ \" \" + super.getDescription() + \" (by: \" + by + \")\";","lastModifiedDate":"2023-11-01"},{"lineNumber":13,"author":{"gitId":"proseraju"},"content":"    }","lastModifiedDate":"2023-11-01"},{"lineNumber":14,"author":{"gitId":"proseraju"},"content":"","lastModifiedDate":"2023-11-19"},{"lineNumber":15,"author":{"gitId":"proseraju"},"content":"","lastModifiedDate":"2023-11-19"},{"lineNumber":16,"author":{"gitId":"proseraju"},"content":"}","lastModifiedDate":"2023-11-01"}],"authorContributionMap":{"proseraju":16}},{"path":"src/main/java/Duke.java","fileType":"java","lines":[{"lineNumber":1,"author":{"gitId":"proseraju"},"content":"import java.util.Scanner;","lastModifiedDate":"2023-10-30"},{"lineNumber":2,"author":{"gitId":"proseraju"},"content":"import java.util.ArrayList;","lastModifiedDate":"2023-10-30"},{"lineNumber":3,"author":{"gitId":"proseraju"},"content":"import java.lang.*;","lastModifiedDate":"2023-10-30"},{"lineNumber":4,"author":{"gitId":"proseraju"},"content":"","lastModifiedDate":"2023-10-30"},{"lineNumber":5,"author":{"gitId":"-"},"content":"public class Duke {","lastModifiedDate":"2019-07-29"},{"lineNumber":6,"author":{"gitId":"-"},"content":"    public static void main(String[] args) {","lastModifiedDate":"2019-07-29"},{"lineNumber":7,"author":{"gitId":"proseraju"},"content":"            // Rename the chatbot","lastModifiedDate":"2023-10-30"},{"lineNumber":8,"author":{"gitId":"proseraju"},"content":"            // Greet the user","lastModifiedDate":"2023-10-30"},{"lineNumber":9,"author":{"gitId":"proseraju"},"content":"","lastModifiedDate":"2023-10-30"},{"lineNumber":10,"author":{"gitId":"proseraju"},"content":"        System.out.println (\"*************************************************************\");","lastModifiedDate":"2023-11-12"},{"lineNumber":11,"author":{"gitId":"proseraju"},"content":"        String logo \u003d \"  ____   ____  ||        ____   ____              __     _____  \\n\"","lastModifiedDate":"2023-11-12"},{"lineNumber":12,"author":{"gitId":"proseraju"},"content":"                    + \" |    | |    | ||       |    | |    | |    |     //\\\\\\\\      |     \\n\"","lastModifiedDate":"2023-11-12"},{"lineNumber":13,"author":{"gitId":"proseraju"},"content":"                    + \" |____| |    | ||_____  |    | |      |____|    //__\\\\\\\\     |        \\n\"","lastModifiedDate":"2023-11-12"},{"lineNumber":14,"author":{"gitId":"proseraju"},"content":"                    + \" | \\\\    |    | ||    || |    | |      |    |   //    \\\\\\\\    |    \\n\"","lastModifiedDate":"2023-11-12"},{"lineNumber":15,"author":{"gitId":"proseraju"},"content":"                    + \" |   \\\\  |____| ||____|| |____| |____| |    |  //      \\\\\\\\   |         \\n\";","lastModifiedDate":"2023-11-12"},{"lineNumber":16,"author":{"gitId":"proseraju"},"content":"        System.out.println(\"Hello !!!!!!!!!!!!!!!!!  from\\n\" + logo);","lastModifiedDate":"2023-11-12"},{"lineNumber":17,"author":{"gitId":"proseraju"},"content":"        System.out.println(\"What can I do for you? :) \");","lastModifiedDate":"2023-11-12"},{"lineNumber":18,"author":{"gitId":"proseraju"},"content":"        System.out.println (\"*************************************************************\");","lastModifiedDate":"2023-11-12"},{"lineNumber":19,"author":{"gitId":"proseraju"},"content":"","lastModifiedDate":"2023-10-30"},{"lineNumber":20,"author":{"gitId":"proseraju"},"content":"        // Create a Scanner object for user input","lastModifiedDate":"2023-10-30"},{"lineNumber":21,"author":{"gitId":"proseraju"},"content":"        Scanner userInput \u003d new Scanner(System.in);","lastModifiedDate":"2023-10-30"},{"lineNumber":22,"author":{"gitId":"proseraju"},"content":"        String userCommand;","lastModifiedDate":"2023-10-30"},{"lineNumber":23,"author":{"gitId":"proseraju"},"content":"","lastModifiedDate":"2023-10-30"},{"lineNumber":24,"author":{"gitId":"proseraju"},"content":"        //Declaring an array to store the commands;","lastModifiedDate":"2023-10-30"},{"lineNumber":25,"author":{"gitId":"proseraju"},"content":"        ArrayList\u003cTask\u003e list \u003d new ArrayList\u003cTask\u003e();","lastModifiedDate":"2023-10-30"},{"lineNumber":26,"author":{"gitId":"proseraju"},"content":"","lastModifiedDate":"2023-10-30"},{"lineNumber":27,"author":{"gitId":"proseraju"},"content":"","lastModifiedDate":"2023-11-11"},{"lineNumber":28,"author":{"gitId":"proseraju"},"content":"            do {","lastModifiedDate":"2023-10-30"},{"lineNumber":29,"author":{"gitId":"proseraju"},"content":"                System.out.print(\"Enter your command: \");","lastModifiedDate":"2023-10-30"},{"lineNumber":30,"author":{"gitId":"proseraju"},"content":"                userCommand \u003d userInput.nextLine();","lastModifiedDate":"2023-10-30"},{"lineNumber":31,"author":{"gitId":"proseraju"},"content":"","lastModifiedDate":"2023-10-30"},{"lineNumber":32,"author":{"gitId":"proseraju"},"content":"","lastModifiedDate":"2023-10-30"},{"lineNumber":33,"author":{"gitId":"proseraju"},"content":"                if (userCommand.startsWith(\"mark\")) {","lastModifiedDate":"2023-10-30"},{"lineNumber":34,"author":{"gitId":"proseraju"},"content":"                    try {","lastModifiedDate":"2023-11-11"},{"lineNumber":35,"author":{"gitId":"proseraju"},"content":"                        if (userCommand.substring(4).isEmpty()) {","lastModifiedDate":"2023-11-11"},{"lineNumber":36,"author":{"gitId":"proseraju"},"content":"                            throw new DukeException(\"Invalid input. Please provide a valid task number.\");","lastModifiedDate":"2023-11-11"},{"lineNumber":37,"author":{"gitId":"proseraju"},"content":"                        }","lastModifiedDate":"2023-11-11"},{"lineNumber":38,"author":{"gitId":"proseraju"},"content":"","lastModifiedDate":"2023-11-11"},{"lineNumber":39,"author":{"gitId":"proseraju"},"content":"                        int taskNo \u003d Integer.parseInt(userCommand.substring(5));","lastModifiedDate":"2023-10-30"},{"lineNumber":40,"author":{"gitId":"proseraju"},"content":"                        Task t \u003d list.get(taskNo - 1);","lastModifiedDate":"2023-10-30"},{"lineNumber":41,"author":{"gitId":"proseraju"},"content":"                        t.setTaskDone();","lastModifiedDate":"2023-10-30"},{"lineNumber":42,"author":{"gitId":"proseraju"},"content":"                        System.out.println(\"Nice! I\u0027ve marked this task as done:\");","lastModifiedDate":"2023-10-30"},{"lineNumber":43,"author":{"gitId":"proseraju"},"content":"                        System.out.println(t.getStatusIcon() + \" \" + t.getDescription());","lastModifiedDate":"2023-10-30"},{"lineNumber":44,"author":{"gitId":"proseraju"},"content":"","lastModifiedDate":"2023-10-30"},{"lineNumber":45,"author":{"gitId":"proseraju"},"content":"                    }catch (DukeException d) {","lastModifiedDate":"2023-11-11"},{"lineNumber":46,"author":{"gitId":"proseraju"},"content":"                        System.out.println(d.getMessage());","lastModifiedDate":"2023-11-11"},{"lineNumber":47,"author":{"gitId":"proseraju"},"content":"                    }","lastModifiedDate":"2023-11-11"},{"lineNumber":48,"author":{"gitId":"proseraju"},"content":"                    System.out.println(\"--------------------------------------------------------\");","lastModifiedDate":"2023-11-12"},{"lineNumber":49,"author":{"gitId":"proseraju"},"content":"","lastModifiedDate":"2023-10-30"},{"lineNumber":50,"author":{"gitId":"proseraju"},"content":"                } else if (userCommand.startsWith(\"unmark\")) {","lastModifiedDate":"2023-10-30"},{"lineNumber":51,"author":{"gitId":"proseraju"},"content":"                    try {","lastModifiedDate":"2023-11-11"},{"lineNumber":52,"author":{"gitId":"proseraju"},"content":"                        if (userCommand.substring(6).isEmpty()) {","lastModifiedDate":"2023-11-11"},{"lineNumber":53,"author":{"gitId":"proseraju"},"content":"                            throw new DukeException(\"Invalid input. Please provide a valid task number.\");","lastModifiedDate":"2023-11-11"},{"lineNumber":54,"author":{"gitId":"proseraju"},"content":"                        }","lastModifiedDate":"2023-11-11"},{"lineNumber":55,"author":{"gitId":"proseraju"},"content":"","lastModifiedDate":"2023-11-11"},{"lineNumber":56,"author":{"gitId":"proseraju"},"content":"                        int taskNo \u003d Integer.parseInt(userCommand.substring(7));","lastModifiedDate":"2023-10-30"},{"lineNumber":57,"author":{"gitId":"proseraju"},"content":"                        Task t \u003d list.get(taskNo-1);","lastModifiedDate":"2023-10-30"},{"lineNumber":58,"author":{"gitId":"proseraju"},"content":"                        t.setTaskNotDone();","lastModifiedDate":"2023-10-30"},{"lineNumber":59,"author":{"gitId":"proseraju"},"content":"                        System.out.println(\"OK, I\u0027ve marked this task as not done yet:\");","lastModifiedDate":"2023-10-30"},{"lineNumber":60,"author":{"gitId":"proseraju"},"content":"                        System.out.println(t.getStatusIcon() + \" \" + t.getDescription());","lastModifiedDate":"2023-10-30"},{"lineNumber":61,"author":{"gitId":"proseraju"},"content":"","lastModifiedDate":"2023-10-30"},{"lineNumber":62,"author":{"gitId":"proseraju"},"content":"                    }catch (DukeException d) {","lastModifiedDate":"2023-11-11"},{"lineNumber":63,"author":{"gitId":"proseraju"},"content":"                        System.out.println(d.getMessage());","lastModifiedDate":"2023-11-11"},{"lineNumber":64,"author":{"gitId":"proseraju"},"content":"                    }","lastModifiedDate":"2023-11-11"},{"lineNumber":65,"author":{"gitId":"proseraju"},"content":"                    System.out.println(\"--------------------------------------------------------\");","lastModifiedDate":"2023-11-12"},{"lineNumber":66,"author":{"gitId":"proseraju"},"content":"","lastModifiedDate":"2023-11-01"},{"lineNumber":67,"author":{"gitId":"proseraju"},"content":"                } else if (userCommand.startsWith(\"todo\")) {","lastModifiedDate":"2023-11-01"},{"lineNumber":68,"author":{"gitId":"proseraju"},"content":"                    String description \u003d userCommand.substring(4);","lastModifiedDate":"2023-11-11"},{"lineNumber":69,"author":{"gitId":"proseraju"},"content":"","lastModifiedDate":"2023-11-11"},{"lineNumber":70,"author":{"gitId":"proseraju"},"content":"                    try {","lastModifiedDate":"2023-11-11"},{"lineNumber":71,"author":{"gitId":"proseraju"},"content":"                        if (description.isEmpty()) {","lastModifiedDate":"2023-11-11"},{"lineNumber":72,"author":{"gitId":"proseraju"},"content":"                            throw new DukeException(\"The description of a Todo cannot be empty.\");","lastModifiedDate":"2023-11-11"},{"lineNumber":73,"author":{"gitId":"proseraju"},"content":"                        }","lastModifiedDate":"2023-11-11"},{"lineNumber":74,"author":{"gitId":"proseraju"},"content":"","lastModifiedDate":"2023-11-11"},{"lineNumber":75,"author":{"gitId":"proseraju"},"content":"                        Todo t \u003d new Todo(description);","lastModifiedDate":"2023-11-01"},{"lineNumber":76,"author":{"gitId":"proseraju"},"content":"                        list.add(t);","lastModifiedDate":"2023-11-01"},{"lineNumber":77,"author":{"gitId":"proseraju"},"content":"                        System.out.println(\"Got it. I\u0027ve added this task:\\n  \" + t);","lastModifiedDate":"2023-11-01"},{"lineNumber":78,"author":{"gitId":"proseraju"},"content":"                        System.out.println(\"Now you have \" + list.size() + \" tasks in the list.\");","lastModifiedDate":"2023-11-01"},{"lineNumber":79,"author":{"gitId":"proseraju"},"content":"","lastModifiedDate":"2023-11-01"},{"lineNumber":80,"author":{"gitId":"proseraju"},"content":"                    } catch (DukeException d) {","lastModifiedDate":"2023-11-11"},{"lineNumber":81,"author":{"gitId":"proseraju"},"content":"                        System.out.println(d.getMessage());","lastModifiedDate":"2023-11-11"},{"lineNumber":82,"author":{"gitId":"proseraju"},"content":"                    }","lastModifiedDate":"2023-11-11"},{"lineNumber":83,"author":{"gitId":"proseraju"},"content":"                    System.out.println(\"--------------------------------------------------------\");","lastModifiedDate":"2023-11-19"},{"lineNumber":84,"author":{"gitId":"proseraju"},"content":"","lastModifiedDate":"2023-11-11"},{"lineNumber":85,"author":{"gitId":"proseraju"},"content":"                } else if (userCommand.startsWith(\"deadline\")) {","lastModifiedDate":"2023-11-01"},{"lineNumber":86,"author":{"gitId":"proseraju"},"content":"                    // Parse the description and deadline details here","lastModifiedDate":"2023-11-01"},{"lineNumber":87,"author":{"gitId":"proseraju"},"content":"                    String[] parts \u003d userCommand.substring(8).split(\" /by \");//reused from chatGpt","lastModifiedDate":"2023-11-19"},{"lineNumber":88,"author":{"gitId":"proseraju"},"content":"                    String description \u003d parts[0];","lastModifiedDate":"2023-11-01"},{"lineNumber":89,"author":{"gitId":"proseraju"},"content":"","lastModifiedDate":"2023-11-11"},{"lineNumber":90,"author":{"gitId":"proseraju"},"content":"                    try {","lastModifiedDate":"2023-11-11"},{"lineNumber":91,"author":{"gitId":"proseraju"},"content":"                        if (description.isEmpty()) {","lastModifiedDate":"2023-11-11"},{"lineNumber":92,"author":{"gitId":"proseraju"},"content":"                            throw new DukeException(\"The description of a Deadline cannot be empty.\");","lastModifiedDate":"2023-11-11"},{"lineNumber":93,"author":{"gitId":"proseraju"},"content":"                        }","lastModifiedDate":"2023-11-11"},{"lineNumber":94,"author":{"gitId":"proseraju"},"content":"","lastModifiedDate":"2023-11-11"},{"lineNumber":95,"author":{"gitId":"proseraju"},"content":"                        String by \u003d parts[1];","lastModifiedDate":"2023-11-01"},{"lineNumber":96,"author":{"gitId":"proseraju"},"content":"                        Deadline d \u003d new Deadline(description, by);","lastModifiedDate":"2023-11-01"},{"lineNumber":97,"author":{"gitId":"proseraju"},"content":"                        list.add(d);","lastModifiedDate":"2023-11-01"},{"lineNumber":98,"author":{"gitId":"proseraju"},"content":"                        System.out.println(\"Got it. I\u0027ve added this task:\\n  \" + d);","lastModifiedDate":"2023-11-01"},{"lineNumber":99,"author":{"gitId":"proseraju"},"content":"                        System.out.println(\"Now you have \" + list.size() + \" tasks in the list.\");","lastModifiedDate":"2023-11-01"},{"lineNumber":100,"author":{"gitId":"proseraju"},"content":"","lastModifiedDate":"2023-11-11"},{"lineNumber":101,"author":{"gitId":"proseraju"},"content":"                    } catch (DukeException d) {","lastModifiedDate":"2023-11-11"},{"lineNumber":102,"author":{"gitId":"proseraju"},"content":"                        System.out.println(d.getMessage());","lastModifiedDate":"2023-11-11"},{"lineNumber":103,"author":{"gitId":"proseraju"},"content":"                    }","lastModifiedDate":"2023-11-01"},{"lineNumber":104,"author":{"gitId":"proseraju"},"content":"                    System.out.println(\"--------------------------------------------------------\");","lastModifiedDate":"2023-11-19"},{"lineNumber":105,"author":{"gitId":"proseraju"},"content":"","lastModifiedDate":"2023-11-01"},{"lineNumber":106,"author":{"gitId":"proseraju"},"content":"                } else if (userCommand.startsWith(\"event\")) {","lastModifiedDate":"2023-11-11"},{"lineNumber":107,"author":{"gitId":"proseraju"},"content":"                    // Parse the description and event details here","lastModifiedDate":"2023-11-01"},{"lineNumber":108,"author":{"gitId":"proseraju"},"content":"                    String[] parts \u003d userCommand.substring(5).split(\" /from \"); //reused from chatGpt","lastModifiedDate":"2023-11-19"},{"lineNumber":109,"author":{"gitId":"proseraju"},"content":"                    String description \u003d parts[0];","lastModifiedDate":"2023-11-01"},{"lineNumber":110,"author":{"gitId":"proseraju"},"content":"","lastModifiedDate":"2023-11-11"},{"lineNumber":111,"author":{"gitId":"proseraju"},"content":"                    try {","lastModifiedDate":"2023-11-11"},{"lineNumber":112,"author":{"gitId":"proseraju"},"content":"                        if (description.isEmpty()) {","lastModifiedDate":"2023-11-11"},{"lineNumber":113,"author":{"gitId":"proseraju"},"content":"                            throw new DukeException(\"The description of an Event cannot be empty.\");","lastModifiedDate":"2023-11-11"},{"lineNumber":114,"author":{"gitId":"proseraju"},"content":"                        }","lastModifiedDate":"2023-11-11"},{"lineNumber":115,"author":{"gitId":"proseraju"},"content":"","lastModifiedDate":"2023-11-11"},{"lineNumber":116,"author":{"gitId":"proseraju"},"content":"                        String[] time \u003d parts[1].split(\" /to \");","lastModifiedDate":"2023-11-01"},{"lineNumber":117,"author":{"gitId":"proseraju"},"content":"                        if (time.length \u003d\u003d 2) {","lastModifiedDate":"2023-11-01"},{"lineNumber":118,"author":{"gitId":"proseraju"},"content":"                            String start \u003d time[0];","lastModifiedDate":"2023-11-01"},{"lineNumber":119,"author":{"gitId":"proseraju"},"content":"                            String end \u003d time[1];","lastModifiedDate":"2023-11-01"},{"lineNumber":120,"author":{"gitId":"proseraju"},"content":"                            Event e \u003d new Event(description, start, end);","lastModifiedDate":"2023-11-01"},{"lineNumber":121,"author":{"gitId":"proseraju"},"content":"                            list.add(e);","lastModifiedDate":"2023-11-01"},{"lineNumber":122,"author":{"gitId":"proseraju"},"content":"                            System.out.println(\"Got it. I\u0027ve added this task:\\n  \" + e);","lastModifiedDate":"2023-11-01"},{"lineNumber":123,"author":{"gitId":"proseraju"},"content":"                            System.out.println(\"Now you have \" + list.size() + \" tasks in the list.\");","lastModifiedDate":"2023-11-01"},{"lineNumber":124,"author":{"gitId":"proseraju"},"content":"                        } else {","lastModifiedDate":"2023-11-01"},{"lineNumber":125,"author":{"gitId":"proseraju"},"content":"                            System.out.println(\"Invalid event format.\");","lastModifiedDate":"2023-11-01"},{"lineNumber":126,"author":{"gitId":"proseraju"},"content":"                        }","lastModifiedDate":"2023-11-01"},{"lineNumber":127,"author":{"gitId":"proseraju"},"content":"","lastModifiedDate":"2023-11-11"},{"lineNumber":128,"author":{"gitId":"proseraju"},"content":"                    } catch (DukeException d) {","lastModifiedDate":"2023-11-11"},{"lineNumber":129,"author":{"gitId":"proseraju"},"content":"                        System.out.println(d.getMessage());","lastModifiedDate":"2023-11-11"},{"lineNumber":130,"author":{"gitId":"proseraju"},"content":"                    }","lastModifiedDate":"2023-11-01"},{"lineNumber":131,"author":{"gitId":"proseraju"},"content":"                    System.out.println(\"--------------------------------------------------------\");","lastModifiedDate":"2023-11-19"},{"lineNumber":132,"author":{"gitId":"proseraju"},"content":"","lastModifiedDate":"2023-11-01"},{"lineNumber":133,"author":{"gitId":"proseraju"},"content":"                    // list all added items if user command is \"list\"","lastModifiedDate":"2023-10-30"},{"lineNumber":134,"author":{"gitId":"proseraju"},"content":"                } else if (userCommand.startsWith(\"delete\")){","lastModifiedDate":"2023-11-12"},{"lineNumber":135,"author":{"gitId":"proseraju"},"content":"                    try {","lastModifiedDate":"2023-11-12"},{"lineNumber":136,"author":{"gitId":"proseraju"},"content":"                        if (userCommand.substring(6).isEmpty()) {","lastModifiedDate":"2023-11-12"},{"lineNumber":137,"author":{"gitId":"proseraju"},"content":"                            throw new DukeException(\"Invalid input. Please provide a valid task number.\");","lastModifiedDate":"2023-11-12"},{"lineNumber":138,"author":{"gitId":"proseraju"},"content":"                        }","lastModifiedDate":"2023-11-12"},{"lineNumber":139,"author":{"gitId":"proseraju"},"content":"                        int taskNo \u003d Integer.parseInt(userCommand.substring(7));","lastModifiedDate":"2023-11-12"},{"lineNumber":140,"author":{"gitId":"proseraju"},"content":"                        Task t \u003d list.get(taskNo-1);","lastModifiedDate":"2023-11-12"},{"lineNumber":141,"author":{"gitId":"proseraju"},"content":"                        System.out.println(\"Noted. I\u0027ve removed this task: \");","lastModifiedDate":"2023-11-12"},{"lineNumber":142,"author":{"gitId":"proseraju"},"content":"                        System.out.println(\"  \" + t );","lastModifiedDate":"2023-11-12"},{"lineNumber":143,"author":{"gitId":"proseraju"},"content":"                        list.remove(t);","lastModifiedDate":"2023-11-12"},{"lineNumber":144,"author":{"gitId":"proseraju"},"content":"","lastModifiedDate":"2023-11-12"},{"lineNumber":145,"author":{"gitId":"proseraju"},"content":"                        if (list.size()\u003c\u003d1) {","lastModifiedDate":"2023-11-12"},{"lineNumber":146,"author":{"gitId":"proseraju"},"content":"                            System.out.println(\"Now you have \" + list.size() + \" task in the list.\");","lastModifiedDate":"2023-11-12"},{"lineNumber":147,"author":{"gitId":"proseraju"},"content":"                        }","lastModifiedDate":"2023-11-12"},{"lineNumber":148,"author":{"gitId":"proseraju"},"content":"                        else {","lastModifiedDate":"2023-11-12"},{"lineNumber":149,"author":{"gitId":"proseraju"},"content":"                            System.out.println(\"Now you have \" + list.size() + \" tasks in the list.\");","lastModifiedDate":"2023-11-12"},{"lineNumber":150,"author":{"gitId":"proseraju"},"content":"                        }","lastModifiedDate":"2023-11-12"},{"lineNumber":151,"author":{"gitId":"proseraju"},"content":"","lastModifiedDate":"2023-11-12"},{"lineNumber":152,"author":{"gitId":"proseraju"},"content":"                    }catch (DukeException d) {","lastModifiedDate":"2023-11-12"},{"lineNumber":153,"author":{"gitId":"proseraju"},"content":"                        System.out.println(d.getMessage());","lastModifiedDate":"2023-11-12"},{"lineNumber":154,"author":{"gitId":"proseraju"},"content":"                    }","lastModifiedDate":"2023-11-12"},{"lineNumber":155,"author":{"gitId":"proseraju"},"content":"                    System.out.println(\"--------------------------------------------------------\");","lastModifiedDate":"2023-10-30"},{"lineNumber":156,"author":{"gitId":"proseraju"},"content":"","lastModifiedDate":"2023-11-12"},{"lineNumber":157,"author":{"gitId":"proseraju"},"content":"                }else if (userCommand.startsWith(\"list\")) {","lastModifiedDate":"2023-11-19"},{"lineNumber":158,"author":{"gitId":"proseraju"},"content":"                    try{","lastModifiedDate":"2023-11-11"},{"lineNumber":159,"author":{"gitId":"proseraju"},"content":"                        if(list.isEmpty()) {","lastModifiedDate":"2023-11-11"},{"lineNumber":160,"author":{"gitId":"proseraju"},"content":"                            throw new DukeException(\"OOPS!!!...There are no tasks in your list :-(\");","lastModifiedDate":"2023-11-11"},{"lineNumber":161,"author":{"gitId":"proseraju"},"content":"                        }","lastModifiedDate":"2023-11-11"},{"lineNumber":162,"author":{"gitId":"proseraju"},"content":"","lastModifiedDate":"2023-11-11"},{"lineNumber":163,"author":{"gitId":"proseraju"},"content":"                    System.out.println(\"Here are the tasks in your list:\");","lastModifiedDate":"2023-10-30"},{"lineNumber":164,"author":{"gitId":"proseraju"},"content":"                    for (int i \u003d 0; i \u003c list.size(); i++) {","lastModifiedDate":"2023-10-30"},{"lineNumber":165,"author":{"gitId":"proseraju"},"content":"                        Task t \u003d list.get(i);","lastModifiedDate":"2023-10-30"},{"lineNumber":166,"author":{"gitId":"proseraju"},"content":"                        System.out.println((i + 1) + \". \" + t.toString());","lastModifiedDate":"2023-11-01"},{"lineNumber":167,"author":{"gitId":"proseraju"},"content":"","lastModifiedDate":"2023-11-11"},{"lineNumber":168,"author":{"gitId":"proseraju"},"content":"                    }","lastModifiedDate":"2023-11-11"},{"lineNumber":169,"author":{"gitId":"proseraju"},"content":"                    }catch(DukeException d) {","lastModifiedDate":"2023-11-11"},{"lineNumber":170,"author":{"gitId":"proseraju"},"content":"                        System.out.println( d.getMessage());","lastModifiedDate":"2023-11-11"},{"lineNumber":171,"author":{"gitId":"proseraju"},"content":"                    }","lastModifiedDate":"2023-10-30"},{"lineNumber":172,"author":{"gitId":"proseraju"},"content":"","lastModifiedDate":"2023-11-11"},{"lineNumber":173,"author":{"gitId":"proseraju"},"content":"                    System.out.println(\"--------------------------------------------------------\");","lastModifiedDate":"2023-10-30"},{"lineNumber":174,"author":{"gitId":"proseraju"},"content":"","lastModifiedDate":"2023-10-30"},{"lineNumber":175,"author":{"gitId":"proseraju"},"content":"                } else {","lastModifiedDate":"2023-10-30"},{"lineNumber":176,"author":{"gitId":"proseraju"},"content":"                    try {","lastModifiedDate":"2023-11-11"},{"lineNumber":177,"author":{"gitId":"proseraju"},"content":"                        if (!userCommand.equalsIgnoreCase(\"bye\")) {","lastModifiedDate":"2023-11-19"},{"lineNumber":178,"author":{"gitId":"proseraju"},"content":"                            throw new DukeException(\"OOPS!!! I\u0027m sorry, but I don\u0027t know what that means :\");","lastModifiedDate":"2023-11-11"},{"lineNumber":179,"author":{"gitId":"proseraju"},"content":"                        }","lastModifiedDate":"2023-11-19"},{"lineNumber":180,"author":{"gitId":"proseraju"},"content":"                    } catch (DukeException d) {","lastModifiedDate":"2023-11-11"},{"lineNumber":181,"author":{"gitId":"proseraju"},"content":"                        System.out.println(d.getMessage());","lastModifiedDate":"2023-11-11"},{"lineNumber":182,"author":{"gitId":"proseraju"},"content":"                    }","lastModifiedDate":"2023-11-11"},{"lineNumber":183,"author":{"gitId":"proseraju"},"content":"                    System.out.println(\"--------------------------------------------------------\");","lastModifiedDate":"2023-11-12"},{"lineNumber":184,"author":{"gitId":"proseraju"},"content":"                }","lastModifiedDate":"2023-10-30"},{"lineNumber":185,"author":{"gitId":"proseraju"},"content":"","lastModifiedDate":"2023-10-30"},{"lineNumber":186,"author":{"gitId":"proseraju"},"content":"            }while (!userCommand.equalsIgnoreCase(\"bye\")) ;","lastModifiedDate":"2023-10-30"},{"lineNumber":187,"author":{"gitId":"proseraju"},"content":"","lastModifiedDate":"2023-10-30"},{"lineNumber":188,"author":{"gitId":"proseraju"},"content":"                // Exit","lastModifiedDate":"2023-10-30"},{"lineNumber":189,"author":{"gitId":"proseraju"},"content":"                System.out.println(\"Goodbye :(  from \\n \\n\" + logo );","lastModifiedDate":"2023-11-12"},{"lineNumber":190,"author":{"gitId":"proseraju"},"content":"                System.out.println(\"Hope to see you again soon!\");","lastModifiedDate":"2023-11-12"},{"lineNumber":191,"author":{"gitId":"proseraju"},"content":"                System.out.println(\"*************************************************************\");","lastModifiedDate":"2023-11-12"},{"lineNumber":192,"author":{"gitId":"-"},"content":"    }","lastModifiedDate":"2019-07-29"},{"lineNumber":193,"author":{"gitId":"-"},"content":"}","lastModifiedDate":"2019-07-29"},{"lineNumber":194,"author":{"gitId":"proseraju"},"content":"","lastModifiedDate":"2023-10-30"}],"authorContributionMap":{"proseraju":190,"-":4}},{"path":"src/main/java/DukeException.java","fileType":"java","lines":[{"lineNumber":1,"author":{"gitId":"proseraju"},"content":"public class DukeException extends Exception {","lastModifiedDate":"2023-11-11"},{"lineNumber":2,"author":{"gitId":"proseraju"},"content":"    public DukeException (String str)","lastModifiedDate":"2023-11-11"},{"lineNumber":3,"author":{"gitId":"proseraju"},"content":"    {","lastModifiedDate":"2023-11-11"},{"lineNumber":4,"author":{"gitId":"proseraju"},"content":"       super(str);","lastModifiedDate":"2023-11-11"},{"lineNumber":5,"author":{"gitId":"proseraju"},"content":"    }","lastModifiedDate":"2023-11-11"},{"lineNumber":6,"author":{"gitId":"proseraju"},"content":"}","lastModifiedDate":"2023-11-11"}],"authorContributionMap":{"proseraju":6}},{"path":"src/main/java/Event.java","fileType":"java","lines":[{"lineNumber":1,"author":{"gitId":"proseraju"},"content":"public class Event extends Task {","lastModifiedDate":"2023-11-01"},{"lineNumber":2,"author":{"gitId":"proseraju"},"content":"    protected String start;","lastModifiedDate":"2023-11-01"},{"lineNumber":3,"author":{"gitId":"proseraju"},"content":"    protected String end;","lastModifiedDate":"2023-11-01"},{"lineNumber":4,"author":{"gitId":"proseraju"},"content":"","lastModifiedDate":"2023-11-01"},{"lineNumber":5,"author":{"gitId":"proseraju"},"content":"    public Event(String description, String start, String end) {","lastModifiedDate":"2023-11-01"},{"lineNumber":6,"author":{"gitId":"proseraju"},"content":"        super(description);","lastModifiedDate":"2023-11-01"},{"lineNumber":7,"author":{"gitId":"proseraju"},"content":"        this.start \u003d start;","lastModifiedDate":"2023-11-01"},{"lineNumber":8,"author":{"gitId":"proseraju"},"content":"        this.end \u003d end;","lastModifiedDate":"2023-11-01"},{"lineNumber":9,"author":{"gitId":"proseraju"},"content":"    }","lastModifiedDate":"2023-11-01"},{"lineNumber":10,"author":{"gitId":"proseraju"},"content":"","lastModifiedDate":"2023-11-01"},{"lineNumber":11,"author":{"gitId":"proseraju"},"content":"    @Override","lastModifiedDate":"2023-11-01"},{"lineNumber":12,"author":{"gitId":"proseraju"},"content":"    public String toString() {","lastModifiedDate":"2023-11-01"},{"lineNumber":13,"author":{"gitId":"proseraju"},"content":"        return \"[E]\" + getStatusIcon() + \" \" + super.getDescription() + \" (from: \" + start + \" to: \" + end + \")\";","lastModifiedDate":"2023-11-01"},{"lineNumber":14,"author":{"gitId":"proseraju"},"content":"    }","lastModifiedDate":"2023-11-01"},{"lineNumber":15,"author":{"gitId":"proseraju"},"content":"","lastModifiedDate":"2023-11-19"},{"lineNumber":16,"author":{"gitId":"proseraju"},"content":"}","lastModifiedDate":"2023-11-01"},{"lineNumber":17,"author":{"gitId":"proseraju"},"content":"","lastModifiedDate":"2023-11-01"},{"lineNumber":18,"author":{"gitId":"proseraju"},"content":"","lastModifiedDate":"2023-11-01"},{"lineNumber":19,"author":{"gitId":"proseraju"},"content":"","lastModifiedDate":"2023-11-01"},{"lineNumber":20,"author":{"gitId":"proseraju"},"content":"","lastModifiedDate":"2023-11-01"},{"lineNumber":21,"author":{"gitId":"proseraju"},"content":"","lastModifiedDate":"2023-11-01"},{"lineNumber":22,"author":{"gitId":"proseraju"},"content":"","lastModifiedDate":"2023-11-01"},{"lineNumber":23,"author":{"gitId":"proseraju"},"content":"","lastModifiedDate":"2023-11-01"},{"lineNumber":24,"author":{"gitId":"proseraju"},"content":"","lastModifiedDate":"2023-11-01"}],"authorContributionMap":{"proseraju":24}},{"path":"src/main/java/Task.java","fileType":"java","lines":[{"lineNumber":1,"author":{"gitId":"proseraju"},"content":"public class Task {","lastModifiedDate":"2023-10-30"},{"lineNumber":2,"author":{"gitId":"proseraju"},"content":"    protected String description;","lastModifiedDate":"2023-10-30"},{"lineNumber":3,"author":{"gitId":"proseraju"},"content":"    protected boolean isDone;","lastModifiedDate":"2023-10-30"},{"lineNumber":4,"author":{"gitId":"proseraju"},"content":"","lastModifiedDate":"2023-10-30"},{"lineNumber":5,"author":{"gitId":"proseraju"},"content":"    public Task(String description) {","lastModifiedDate":"2023-10-30"},{"lineNumber":6,"author":{"gitId":"proseraju"},"content":"        this.description \u003d description;","lastModifiedDate":"2023-10-30"},{"lineNumber":7,"author":{"gitId":"proseraju"},"content":"        this.isDone \u003d false;","lastModifiedDate":"2023-10-30"},{"lineNumber":8,"author":{"gitId":"proseraju"},"content":"    }","lastModifiedDate":"2023-10-30"},{"lineNumber":9,"author":{"gitId":"proseraju"},"content":"","lastModifiedDate":"2023-10-30"},{"lineNumber":10,"author":{"gitId":"proseraju"},"content":"    public String getStatusIcon() {","lastModifiedDate":"2023-10-30"},{"lineNumber":11,"author":{"gitId":"proseraju"},"content":"        return (isDone ? \"[X]\" : \"[]\"); // mark done task with X","lastModifiedDate":"2023-10-30"},{"lineNumber":12,"author":{"gitId":"proseraju"},"content":"    }","lastModifiedDate":"2023-10-30"},{"lineNumber":13,"author":{"gitId":"proseraju"},"content":"","lastModifiedDate":"2023-10-30"},{"lineNumber":14,"author":{"gitId":"proseraju"},"content":"    public String getDescription() {","lastModifiedDate":"2023-10-30"},{"lineNumber":15,"author":{"gitId":"proseraju"},"content":"        return description;","lastModifiedDate":"2023-10-30"},{"lineNumber":16,"author":{"gitId":"proseraju"},"content":"    }","lastModifiedDate":"2023-10-30"},{"lineNumber":17,"author":{"gitId":"proseraju"},"content":"","lastModifiedDate":"2023-10-30"},{"lineNumber":18,"author":{"gitId":"proseraju"},"content":"    public boolean isDone() {","lastModifiedDate":"2023-10-30"},{"lineNumber":19,"author":{"gitId":"proseraju"},"content":"        return isDone;","lastModifiedDate":"2023-10-30"},{"lineNumber":20,"author":{"gitId":"proseraju"},"content":"    }","lastModifiedDate":"2023-10-30"},{"lineNumber":21,"author":{"gitId":"proseraju"},"content":"","lastModifiedDate":"2023-10-30"},{"lineNumber":22,"author":{"gitId":"proseraju"},"content":"    public void setTaskDone() {","lastModifiedDate":"2023-10-30"},{"lineNumber":23,"author":{"gitId":"proseraju"},"content":"        isDone \u003d true;","lastModifiedDate":"2023-10-30"},{"lineNumber":24,"author":{"gitId":"proseraju"},"content":"    }","lastModifiedDate":"2023-10-30"},{"lineNumber":25,"author":{"gitId":"proseraju"},"content":"","lastModifiedDate":"2023-10-30"},{"lineNumber":26,"author":{"gitId":"proseraju"},"content":"    public void setTaskNotDone() {","lastModifiedDate":"2023-10-30"},{"lineNumber":27,"author":{"gitId":"proseraju"},"content":"        isDone \u003d false;","lastModifiedDate":"2023-10-30"},{"lineNumber":28,"author":{"gitId":"proseraju"},"content":"    }","lastModifiedDate":"2023-10-30"},{"lineNumber":29,"author":{"gitId":"proseraju"},"content":"","lastModifiedDate":"2023-11-12"},{"lineNumber":30,"author":{"gitId":"proseraju"},"content":"","lastModifiedDate":"2023-11-12"},{"lineNumber":31,"author":{"gitId":"proseraju"},"content":"}","lastModifiedDate":"2023-10-30"}],"authorContributionMap":{"proseraju":31}},{"path":"src/main/java/Todo.java","fileType":"java","lines":[{"lineNumber":1,"author":{"gitId":"proseraju"},"content":"public class Todo extends Task {","lastModifiedDate":"2023-11-01"},{"lineNumber":2,"author":{"gitId":"proseraju"},"content":"    //protected boolean isDone;","lastModifiedDate":"2023-11-01"},{"lineNumber":3,"author":{"gitId":"proseraju"},"content":"","lastModifiedDate":"2023-11-01"},{"lineNumber":4,"author":{"gitId":"proseraju"},"content":"    public Todo(String description) {","lastModifiedDate":"2023-11-01"},{"lineNumber":5,"author":{"gitId":"proseraju"},"content":"        super(description);","lastModifiedDate":"2023-11-01"},{"lineNumber":6,"author":{"gitId":"proseraju"},"content":"    }","lastModifiedDate":"2023-11-01"},{"lineNumber":7,"author":{"gitId":"proseraju"},"content":"","lastModifiedDate":"2023-11-01"},{"lineNumber":8,"author":{"gitId":"proseraju"},"content":"    @Override","lastModifiedDate":"2023-11-01"},{"lineNumber":9,"author":{"gitId":"proseraju"},"content":"    public String toString() {","lastModifiedDate":"2023-11-01"},{"lineNumber":10,"author":{"gitId":"proseraju"},"content":"        return \"[T]\" + getStatusIcon() + \" \" +   super.getDescription() ;","lastModifiedDate":"2023-11-01"},{"lineNumber":11,"author":{"gitId":"proseraju"},"content":"    }","lastModifiedDate":"2023-11-01"},{"lineNumber":12,"author":{"gitId":"proseraju"},"content":"","lastModifiedDate":"2023-11-19"},{"lineNumber":13,"author":{"gitId":"proseraju"},"content":"","lastModifiedDate":"2023-11-19"},{"lineNumber":14,"author":{"gitId":"proseraju"},"content":"}","lastModifiedDate":"2023-11-01"}],"authorContributionMap":{"proseraju":14}}]
