{"authorDailyContributionsMap":{"proseraju":[{"date":"2023-10-30","commitResults":[{"hash":"07798150d806e0159a47e154f997cf5d994d8450","isMergeCommit":false,"messageTitle":"Level 0. Rename, Greet, Exit","messageBody":"","tags":["Level-0"],"fileTypesAndContributionMap":{"java":{"insertions":15,"deletions":6}}},{"hash":"f0206b34ec000dd3b04b2332061b6425f97eeb3d","isMergeCommit":false,"messageTitle":"Level 1. Echo","messageBody":"","tags":["Level-1"],"fileTypesAndContributionMap":{"java":{"insertions":17,"deletions":1}}},{"hash":"961efd2a43800355daf9f43e15a051a156cefb57","isMergeCommit":false,"messageTitle":"Level 2. Add, List","messageBody":"","tags":["Level-2"],"fileTypesAndContributionMap":{"java":{"insertions":21,"deletions":1}}},{"hash":"e542e2194f6159eed2916a2e6c2b37366d2b4404","isMergeCommit":false,"messageTitle":"Level 3. Mark as Done","messageBody":"","tags":["Level-3"],"fileTypesAndContributionMap":{"java":{"insertions":59,"deletions":10}}}]},{"date":"2023-11-01","commitResults":[{"hash":"03e02ec108b679b1a32ac880a3795746d3e92cc7","isMergeCommit":false,"messageTitle":"Level 4. ToDos, Events, Deadlines","messageBody":"","tags":["Level-4"],"fileTypesAndContributionMap":{"java":{"insertions":99,"deletions":2}}}]},{"date":"2023-11-11","commitResults":[{"hash":"498466c56eba31f9f27f866a98863edde7eda501","isMergeCommit":false,"messageTitle":"Level 5. Handle Errors -Handle all possible errors","messageBody":"","tags":["Level-5"],"fileTypesAndContributionMap":{"java":{"insertions":139,"deletions":81}}}]},{"date":"2023-11-12","commitResults":[{"hash":"59865af20cbcc9fa8ba5449251608a5c6fff4fec","isMergeCommit":false,"messageTitle":"Level 6. Delete","messageBody":"","tags":["Level-6"],"fileTypesAndContributionMap":{"java":{"insertions":40,"deletions":9}}}]},{"date":"2023-11-19","commitResults":[{"hash":"b035a36a7b6ec66938541d908decfd9586e64895","isMergeCommit":false,"messageTitle":"Final Commit","messageBody":"","fileTypesAndContributionMap":{"java":{"insertions":19,"deletions":24}}},{"hash":"e4f9760e494719c1306c8cefab3b114af77ab4f2","isMergeCommit":false,"messageTitle":"Final commit","messageBody":"","fileTypesAndContributionMap":{"java":{"insertions":2,"deletions":2}}}]}]},"authorFileTypeContributionMap":{"proseraju":{"java":281,"md":0,"fxml":0,"sh":0,"bat":0,"gradle":0,"txt":0}},"authorContributionVariance":{"proseraju":786.3047},"authorDisplayNameMap":{"proseraju":"PONN..RAJU"}}
