[{"path":"src/main/java/tim/Action.java","fileType":"java","lines":[{"lineNumber":1,"author":{"gitId":"gweemelvin"},"content":"package tim;","lastModifiedDate":"2023-10-13"},{"lineNumber":2,"author":{"gitId":"gweemelvin"},"content":"","lastModifiedDate":"2023-10-13"},{"lineNumber":3,"author":{"gitId":"gweemelvin"},"content":"public enum Action {","lastModifiedDate":"2023-10-13"},{"lineNumber":4,"author":{"gitId":"gweemelvin"},"content":"    Deadline, Event, Todo, Delete, List, Mark, Unmark, Date","lastModifiedDate":"2023-10-13"},{"lineNumber":5,"author":{"gitId":"gweemelvin"},"content":"}","lastModifiedDate":"2023-10-13"}],"authorContributionMap":{"gweemelvin":5}},{"path":"src/main/java/tim/BlankInputException.java","fileType":"java","lines":[{"lineNumber":1,"author":{"gitId":"gweemelvin"},"content":"package tim;","lastModifiedDate":"2023-10-13"},{"lineNumber":2,"author":{"gitId":"gweemelvin"},"content":"","lastModifiedDate":"2023-10-13"},{"lineNumber":3,"author":{"gitId":"gweemelvin"},"content":"public class BlankInputException extends Exception{","lastModifiedDate":"2023-09-19"},{"lineNumber":4,"author":{"gitId":"gweemelvin"},"content":"    public BlankInputException(String statement){","lastModifiedDate":"2023-09-19"},{"lineNumber":5,"author":{"gitId":"gweemelvin"},"content":"        super (statement);","lastModifiedDate":"2023-09-19"},{"lineNumber":6,"author":{"gitId":"gweemelvin"},"content":"    }","lastModifiedDate":"2023-09-19"},{"lineNumber":7,"author":{"gitId":"gweemelvin"},"content":"","lastModifiedDate":"2023-09-19"},{"lineNumber":8,"author":{"gitId":"gweemelvin"},"content":"}","lastModifiedDate":"2023-09-19"}],"authorContributionMap":{"gweemelvin":8}},{"path":"src/main/java/tim/Deadline.java","fileType":"java","lines":[{"lineNumber":1,"author":{"gitId":"gweemelvin"},"content":"package tim;","lastModifiedDate":"2023-10-13"},{"lineNumber":2,"author":{"gitId":"gweemelvin"},"content":"","lastModifiedDate":"2023-10-13"},{"lineNumber":3,"author":{"gitId":"gweemelvin"},"content":"public class Deadline extends Task{","lastModifiedDate":"2023-09-10"},{"lineNumber":4,"author":{"gitId":"gweemelvin"},"content":"    String by;","lastModifiedDate":"2023-09-10"},{"lineNumber":5,"author":{"gitId":"gweemelvin"},"content":"    public Deadline(String description, String by){","lastModifiedDate":"2023-09-10"},{"lineNumber":6,"author":{"gitId":"gweemelvin"},"content":"        super(description);","lastModifiedDate":"2023-09-10"},{"lineNumber":7,"author":{"gitId":"gweemelvin"},"content":"        this.type \u003d \u0027D\u0027;","lastModifiedDate":"2023-09-10"},{"lineNumber":8,"author":{"gitId":"gweemelvin"},"content":"        this.by \u003d by;","lastModifiedDate":"2023-09-10"},{"lineNumber":9,"author":{"gitId":"gweemelvin"},"content":"    }","lastModifiedDate":"2023-09-10"},{"lineNumber":10,"author":{"gitId":"gweemelvin"},"content":"    @Override","lastModifiedDate":"2023-09-10"},{"lineNumber":11,"author":{"gitId":"gweemelvin"},"content":"    public String getDescription(){","lastModifiedDate":"2023-09-10"},{"lineNumber":12,"author":{"gitId":"gweemelvin"},"content":"        return (description + \" (by: \" + by + \")\");","lastModifiedDate":"2023-09-10"},{"lineNumber":13,"author":{"gitId":"gweemelvin"},"content":"    }","lastModifiedDate":"2023-09-10"},{"lineNumber":14,"author":{"gitId":"gweemelvin"},"content":"}","lastModifiedDate":"2023-09-10"}],"authorContributionMap":{"gweemelvin":14}},{"path":"src/main/java/tim/Event.java","fileType":"java","lines":[{"lineNumber":1,"author":{"gitId":"gweemelvin"},"content":"package tim;","lastModifiedDate":"2023-10-13"},{"lineNumber":2,"author":{"gitId":"gweemelvin"},"content":"","lastModifiedDate":"2023-10-13"},{"lineNumber":3,"author":{"gitId":"gweemelvin"},"content":"public class Event extends Task{","lastModifiedDate":"2023-09-10"},{"lineNumber":4,"author":{"gitId":"gweemelvin"},"content":"    String from;","lastModifiedDate":"2023-09-10"},{"lineNumber":5,"author":{"gitId":"gweemelvin"},"content":"    String to;","lastModifiedDate":"2023-09-10"},{"lineNumber":6,"author":{"gitId":"gweemelvin"},"content":"    public Event(String description, String from, String to){","lastModifiedDate":"2023-09-10"},{"lineNumber":7,"author":{"gitId":"gweemelvin"},"content":"        super(description);","lastModifiedDate":"2023-09-10"},{"lineNumber":8,"author":{"gitId":"gweemelvin"},"content":"        this.type \u003d \u0027E\u0027;","lastModifiedDate":"2023-09-10"},{"lineNumber":9,"author":{"gitId":"gweemelvin"},"content":"        this.from \u003d from;","lastModifiedDate":"2023-09-10"},{"lineNumber":10,"author":{"gitId":"gweemelvin"},"content":"        this.to \u003d to;","lastModifiedDate":"2023-09-10"},{"lineNumber":11,"author":{"gitId":"gweemelvin"},"content":"    }","lastModifiedDate":"2023-10-13"},{"lineNumber":12,"author":{"gitId":"gweemelvin"},"content":"","lastModifiedDate":"2023-10-13"},{"lineNumber":13,"author":{"gitId":"gweemelvin"},"content":"    @Override","lastModifiedDate":"2023-10-13"},{"lineNumber":14,"author":{"gitId":"gweemelvin"},"content":"    public String getDescription(){","lastModifiedDate":"2023-09-10"},{"lineNumber":15,"author":{"gitId":"gweemelvin"},"content":"        return (description + \"(from: \" + from + \" to: \" + to +  \")\");","lastModifiedDate":"2023-09-10"},{"lineNumber":16,"author":{"gitId":"gweemelvin"},"content":"    }","lastModifiedDate":"2023-09-10"},{"lineNumber":17,"author":{"gitId":"gweemelvin"},"content":"","lastModifiedDate":"2023-09-10"},{"lineNumber":18,"author":{"gitId":"gweemelvin"},"content":"","lastModifiedDate":"2023-09-10"},{"lineNumber":19,"author":{"gitId":"gweemelvin"},"content":"}","lastModifiedDate":"2023-09-10"}],"authorContributionMap":{"gweemelvin":19}},{"path":"src/main/java/tim/FileManager.java","fileType":"java","lines":[{"lineNumber":1,"author":{"gitId":"gweemelvin"},"content":"package tim;","lastModifiedDate":"2023-10-13"},{"lineNumber":2,"author":{"gitId":"gweemelvin"},"content":"import java.io.*;","lastModifiedDate":"2023-10-13"},{"lineNumber":3,"author":{"gitId":"gweemelvin"},"content":"import java.util.ArrayList;","lastModifiedDate":"2023-10-13"},{"lineNumber":4,"author":{"gitId":"gweemelvin"},"content":"","lastModifiedDate":"2023-10-13"},{"lineNumber":5,"author":{"gitId":"gweemelvin"},"content":"public class FileManager {","lastModifiedDate":"2023-10-13"},{"lineNumber":6,"author":{"gitId":"gweemelvin"},"content":"    public static ArrayList\u003cTask\u003e loadList () throws IOException, ClassNotFoundException{","lastModifiedDate":"2023-10-13"},{"lineNumber":7,"author":{"gitId":"gweemelvin"},"content":"        ArrayList\u003cTask\u003e list \u003d new ArrayList\u003cTask\u003e();","lastModifiedDate":"2023-10-13"},{"lineNumber":8,"author":{"gitId":"gweemelvin"},"content":"        try{","lastModifiedDate":"2023-10-13"},{"lineNumber":9,"author":{"gitId":"gweemelvin"},"content":"            File f \u003d new File(\"./src/main/data/list.data\");","lastModifiedDate":"2023-10-13"},{"lineNumber":10,"author":{"gitId":"gweemelvin"},"content":"            if(f.exists()) {","lastModifiedDate":"2023-10-13"},{"lineNumber":11,"author":{"gitId":"gweemelvin"},"content":"                FileInputStream fin \u003d new FileInputStream(f);","lastModifiedDate":"2023-10-13"},{"lineNumber":12,"author":{"gitId":"gweemelvin"},"content":"                ObjectInputStream ois \u003d new ObjectInputStream(fin);","lastModifiedDate":"2023-10-13"},{"lineNumber":13,"author":{"gitId":"gweemelvin"},"content":"                list \u003d (ArrayList\u003cTask\u003e) ois.readObject();","lastModifiedDate":"2023-10-13"},{"lineNumber":14,"author":{"gitId":"gweemelvin"},"content":"                ois.close();","lastModifiedDate":"2023-10-13"},{"lineNumber":15,"author":{"gitId":"gweemelvin"},"content":"            } else {","lastModifiedDate":"2023-10-13"},{"lineNumber":16,"author":{"gitId":"gweemelvin"},"content":"                System.out.println(\"no saved list\");","lastModifiedDate":"2023-10-13"},{"lineNumber":17,"author":{"gitId":"gweemelvin"},"content":"            }","lastModifiedDate":"2023-10-13"},{"lineNumber":18,"author":{"gitId":"gweemelvin"},"content":"        } catch (IOException e){","lastModifiedDate":"2023-10-13"},{"lineNumber":19,"author":{"gitId":"gweemelvin"},"content":"            System.err.println(\"unable to read file\");","lastModifiedDate":"2023-10-13"},{"lineNumber":20,"author":{"gitId":"gweemelvin"},"content":"        }catch (ClassNotFoundException e) {","lastModifiedDate":"2023-10-13"},{"lineNumber":21,"author":{"gitId":"gweemelvin"},"content":"            System.err.println(\"file is corrupted\");","lastModifiedDate":"2023-10-13"},{"lineNumber":22,"author":{"gitId":"gweemelvin"},"content":"        }","lastModifiedDate":"2023-10-13"},{"lineNumber":23,"author":{"gitId":"gweemelvin"},"content":"        return list;","lastModifiedDate":"2023-10-13"},{"lineNumber":24,"author":{"gitId":"gweemelvin"},"content":"    }","lastModifiedDate":"2023-10-13"},{"lineNumber":25,"author":{"gitId":"gweemelvin"},"content":"","lastModifiedDate":"2023-10-13"},{"lineNumber":26,"author":{"gitId":"gweemelvin"},"content":"    public static void saveList(ArrayList\u003cTask\u003e list){","lastModifiedDate":"2023-10-13"},{"lineNumber":27,"author":{"gitId":"gweemelvin"},"content":"        try{","lastModifiedDate":"2023-10-13"},{"lineNumber":28,"author":{"gitId":"gweemelvin"},"content":"            File f \u003d new File(\"./src/main/data/list.data\");","lastModifiedDate":"2023-10-13"},{"lineNumber":29,"author":{"gitId":"gweemelvin"},"content":"            f.createNewFile();","lastModifiedDate":"2023-10-13"},{"lineNumber":30,"author":{"gitId":"gweemelvin"},"content":"            System.out.println(\"ok1\");","lastModifiedDate":"2023-10-13"},{"lineNumber":31,"author":{"gitId":"gweemelvin"},"content":"            FileOutputStream fos \u003d new FileOutputStream(f);","lastModifiedDate":"2023-10-13"},{"lineNumber":32,"author":{"gitId":"gweemelvin"},"content":"            System.out.println(\"ok2\");","lastModifiedDate":"2023-10-13"},{"lineNumber":33,"author":{"gitId":"gweemelvin"},"content":"            ObjectOutputStream oos \u003d new ObjectOutputStream(fos);","lastModifiedDate":"2023-10-13"},{"lineNumber":34,"author":{"gitId":"gweemelvin"},"content":"            System.out.println(\"ok3\");","lastModifiedDate":"2023-10-13"},{"lineNumber":35,"author":{"gitId":"gweemelvin"},"content":"            oos.writeObject(list);","lastModifiedDate":"2023-10-13"},{"lineNumber":36,"author":{"gitId":"gweemelvin"},"content":"            System.out.println(\"ok4\");","lastModifiedDate":"2023-10-13"},{"lineNumber":37,"author":{"gitId":"gweemelvin"},"content":"            oos.close();","lastModifiedDate":"2023-10-13"},{"lineNumber":38,"author":{"gitId":"gweemelvin"},"content":"","lastModifiedDate":"2023-10-13"},{"lineNumber":39,"author":{"gitId":"gweemelvin"},"content":"        } catch (IOException e) {","lastModifiedDate":"2023-10-13"},{"lineNumber":40,"author":{"gitId":"gweemelvin"},"content":"            System.err.println(\"unable to create file\");","lastModifiedDate":"2023-10-13"},{"lineNumber":41,"author":{"gitId":"gweemelvin"},"content":"        }","lastModifiedDate":"2023-10-13"},{"lineNumber":42,"author":{"gitId":"gweemelvin"},"content":"    }","lastModifiedDate":"2023-10-13"},{"lineNumber":43,"author":{"gitId":"gweemelvin"},"content":"","lastModifiedDate":"2023-10-13"},{"lineNumber":44,"author":{"gitId":"gweemelvin"},"content":"}","lastModifiedDate":"2023-10-13"}],"authorContributionMap":{"gweemelvin":44}},{"path":"src/main/java/tim/Task.java","fileType":"java","lines":[{"lineNumber":1,"author":{"gitId":"gweemelvin"},"content":"package tim;","lastModifiedDate":"2023-10-13"},{"lineNumber":2,"author":{"gitId":"gweemelvin"},"content":"","lastModifiedDate":"2023-10-13"},{"lineNumber":3,"author":{"gitId":"gweemelvin"},"content":"import java.io.Serializable;","lastModifiedDate":"2023-10-13"},{"lineNumber":4,"author":{"gitId":"gweemelvin"},"content":"","lastModifiedDate":"2023-10-13"},{"lineNumber":5,"author":{"gitId":"gweemelvin"},"content":"public abstract class Task implements Serializable {","lastModifiedDate":"2023-10-13"},{"lineNumber":6,"author":{"gitId":"gweemelvin"},"content":"    protected String description;","lastModifiedDate":"2023-09-09"},{"lineNumber":7,"author":{"gitId":"gweemelvin"},"content":"    protected char type;","lastModifiedDate":"2023-09-10"},{"lineNumber":8,"author":{"gitId":"gweemelvin"},"content":"    protected boolean isDone;","lastModifiedDate":"2023-09-09"},{"lineNumber":9,"author":{"gitId":"gweemelvin"},"content":"","lastModifiedDate":"2023-09-09"},{"lineNumber":10,"author":{"gitId":"gweemelvin"},"content":"    public Task(String description){","lastModifiedDate":"2023-09-09"},{"lineNumber":11,"author":{"gitId":"gweemelvin"},"content":"        this.description \u003d description;","lastModifiedDate":"2023-09-09"},{"lineNumber":12,"author":{"gitId":"gweemelvin"},"content":"        isDone \u003d false;","lastModifiedDate":"2023-09-09"},{"lineNumber":13,"author":{"gitId":"gweemelvin"},"content":"        type \u003d \u0027-\u0027;","lastModifiedDate":"2023-09-10"},{"lineNumber":14,"author":{"gitId":"gweemelvin"},"content":"    }","lastModifiedDate":"2023-09-09"},{"lineNumber":15,"author":{"gitId":"gweemelvin"},"content":"","lastModifiedDate":"2023-09-09"},{"lineNumber":16,"author":{"gitId":"gweemelvin"},"content":"    public abstract String getDescription();","lastModifiedDate":"2023-09-19"},{"lineNumber":17,"author":{"gitId":"gweemelvin"},"content":"","lastModifiedDate":"2023-09-09"},{"lineNumber":18,"author":{"gitId":"gweemelvin"},"content":"    public String getIsDone(){","lastModifiedDate":"2023-09-09"},{"lineNumber":19,"author":{"gitId":"gweemelvin"},"content":"        return isDone ? \"x\" : \" \";","lastModifiedDate":"2023-09-09"},{"lineNumber":20,"author":{"gitId":"gweemelvin"},"content":"    }","lastModifiedDate":"2023-09-09"},{"lineNumber":21,"author":{"gitId":"gweemelvin"},"content":"","lastModifiedDate":"2023-09-09"},{"lineNumber":22,"author":{"gitId":"gweemelvin"},"content":"    public void setIsDone(boolean markUnmark){","lastModifiedDate":"2023-09-09"},{"lineNumber":23,"author":{"gitId":"gweemelvin"},"content":"        isDone \u003d markUnmark;","lastModifiedDate":"2023-09-09"},{"lineNumber":24,"author":{"gitId":"gweemelvin"},"content":"    }","lastModifiedDate":"2023-09-09"},{"lineNumber":25,"author":{"gitId":"gweemelvin"},"content":"","lastModifiedDate":"2023-09-10"},{"lineNumber":26,"author":{"gitId":"gweemelvin"},"content":"    public char getType (){","lastModifiedDate":"2023-09-10"},{"lineNumber":27,"author":{"gitId":"gweemelvin"},"content":"        return type;","lastModifiedDate":"2023-09-10"},{"lineNumber":28,"author":{"gitId":"gweemelvin"},"content":"    }","lastModifiedDate":"2023-09-10"},{"lineNumber":29,"author":{"gitId":"gweemelvin"},"content":"}","lastModifiedDate":"2023-09-09"}],"authorContributionMap":{"gweemelvin":29}},{"path":"src/main/java/tim/Tim.java","fileType":"java","lines":[{"lineNumber":1,"author":{"gitId":"gweemelvin"},"content":"package tim;","lastModifiedDate":"2023-10-13"},{"lineNumber":2,"author":{"gitId":"gweemelvin"},"content":"","lastModifiedDate":"2023-10-13"},{"lineNumber":3,"author":{"gitId":"gweemelvin"},"content":"import java.io.IOException;","lastModifiedDate":"2023-10-13"},{"lineNumber":4,"author":{"gitId":"gweemelvin"},"content":"import java.util.ArrayList;","lastModifiedDate":"2023-10-13"},{"lineNumber":5,"author":{"gitId":"gweemelvin"},"content":"import java.util.Scanner;","lastModifiedDate":"2023-08-29"},{"lineNumber":6,"author":{"gitId":"gweemelvin"},"content":"import java.util.Date;","lastModifiedDate":"2023-08-29"},{"lineNumber":7,"author":{"gitId":"gweemelvin"},"content":"public class Tim {","lastModifiedDate":"2023-09-09"},{"lineNumber":8,"author":{"gitId":"gweemelvin"},"content":"//    private static tim.Task[] list \u003d {};","lastModifiedDate":"2023-10-13"},{"lineNumber":9,"author":{"gitId":"gweemelvin"},"content":"","lastModifiedDate":"2023-08-29"},{"lineNumber":10,"author":{"gitId":"gweemelvin"},"content":"    private static ArrayList\u003cTask\u003e list \u003d new ArrayList\u003cTask\u003e();","lastModifiedDate":"2023-10-13"},{"lineNumber":11,"author":{"gitId":"gweemelvin"},"content":"    public static void printLogo(){","lastModifiedDate":"2023-08-29"},{"lineNumber":12,"author":{"gitId":"gweemelvin"},"content":"        String logo \u003d","lastModifiedDate":"2023-08-29"},{"lineNumber":13,"author":{"gitId":"gweemelvin"},"content":"                \" _______                 \\n\"","lastModifiedDate":"2023-08-29"},{"lineNumber":14,"author":{"gitId":"gweemelvin"},"content":"                        +   \"|__   __| [ ]  __  __    \\n\"","lastModifiedDate":"2023-08-29"},{"lineNumber":15,"author":{"gitId":"gweemelvin"},"content":"                        +   \"   | |    | | |  \\\\/  |  \\n\"","lastModifiedDate":"2023-08-29"},{"lineNumber":16,"author":{"gitId":"gweemelvin"},"content":"                        +   \"   | |    | | | |\\\\/| |  \\n\"","lastModifiedDate":"2023-08-29"},{"lineNumber":17,"author":{"gitId":"gweemelvin"},"content":"                        +   \"   |_|    |_| |_|  |_|   \\n\";","lastModifiedDate":"2023-08-29"},{"lineNumber":18,"author":{"gitId":"gweemelvin"},"content":"        System.out.println(\"Hello from\\n\" + logo);","lastModifiedDate":"2023-08-29"},{"lineNumber":19,"author":{"gitId":"gweemelvin"},"content":"    }","lastModifiedDate":"2023-08-29"},{"lineNumber":20,"author":{"gitId":"gweemelvin"},"content":"    public static void greetings(){","lastModifiedDate":"2023-08-29"},{"lineNumber":21,"author":{"gitId":"gweemelvin"},"content":"        printDashes();","lastModifiedDate":"2023-08-29"},{"lineNumber":22,"author":{"gitId":"gweemelvin"},"content":"        System.out.println(\"Hello I\u0027m Tim. \\nWhat can I do for you?\");","lastModifiedDate":"2023-10-13"},{"lineNumber":23,"author":{"gitId":"gweemelvin"},"content":"        printDashes();","lastModifiedDate":"2023-08-29"},{"lineNumber":24,"author":{"gitId":"gweemelvin"},"content":"    }","lastModifiedDate":"2023-08-29"},{"lineNumber":25,"author":{"gitId":"gweemelvin"},"content":"    public static void printDashes(){","lastModifiedDate":"2023-08-29"},{"lineNumber":26,"author":{"gitId":"gweemelvin"},"content":"        System.out.println();","lastModifiedDate":"2023-08-29"},{"lineNumber":27,"author":{"gitId":"gweemelvin"},"content":"        System.out.println(\"____________________________________________________________\");","lastModifiedDate":"2023-08-29"},{"lineNumber":28,"author":{"gitId":"gweemelvin"},"content":"    }","lastModifiedDate":"2023-08-29"},{"lineNumber":29,"author":{"gitId":"gweemelvin"},"content":"","lastModifiedDate":"2023-08-29"},{"lineNumber":30,"author":{"gitId":"gweemelvin"},"content":"    public static void printList(){","lastModifiedDate":"2023-08-29"},{"lineNumber":31,"author":{"gitId":"gweemelvin"},"content":"        if (!list.isEmpty()){","lastModifiedDate":"2023-10-13"},{"lineNumber":32,"author":{"gitId":"gweemelvin"},"content":"            for(int i \u003d 1; i \u003c\u003d list.size() ; i++){","lastModifiedDate":"2023-10-13"},{"lineNumber":33,"author":{"gitId":"gweemelvin"},"content":"                printSingle(i);","lastModifiedDate":"2023-09-09"},{"lineNumber":34,"author":{"gitId":"gweemelvin"},"content":"            }","lastModifiedDate":"2023-08-29"},{"lineNumber":35,"author":{"gitId":"gweemelvin"},"content":"        }","lastModifiedDate":"2023-08-29"},{"lineNumber":36,"author":{"gitId":"gweemelvin"},"content":"        printDashes();","lastModifiedDate":"2023-08-29"},{"lineNumber":37,"author":{"gitId":"gweemelvin"},"content":"    }","lastModifiedDate":"2023-08-29"},{"lineNumber":38,"author":{"gitId":"gweemelvin"},"content":"","lastModifiedDate":"2023-08-29"},{"lineNumber":39,"author":{"gitId":"gweemelvin"},"content":"    public static void printSingle(int index){","lastModifiedDate":"2023-09-09"},{"lineNumber":40,"author":{"gitId":"gweemelvin"},"content":"        Task current \u003d list.get(index-1);","lastModifiedDate":"2023-10-13"},{"lineNumber":41,"author":{"gitId":"gweemelvin"},"content":"        System.out.println(index + \". [\" + current.type  + \"] [\" + current.getIsDone() + \"] \" + current.getDescription() );","lastModifiedDate":"2023-09-10"},{"lineNumber":42,"author":{"gitId":"gweemelvin"},"content":"    }","lastModifiedDate":"2023-09-09"},{"lineNumber":43,"author":{"gitId":"gweemelvin"},"content":"","lastModifiedDate":"2023-09-09"},{"lineNumber":44,"author":{"gitId":"gweemelvin"},"content":"    public static void addToDo (String inputEntry){","lastModifiedDate":"2023-09-10"},{"lineNumber":45,"author":{"gitId":"gweemelvin"},"content":"        list.add(new ToDo(inputEntry));","lastModifiedDate":"2023-10-13"},{"lineNumber":46,"author":{"gitId":"gweemelvin"},"content":"        System.out.println(\"Gotcha! Added this task:\");","lastModifiedDate":"2023-09-10"},{"lineNumber":47,"author":{"gitId":"gweemelvin"},"content":"        printSingle(list.size());","lastModifiedDate":"2023-10-13"},{"lineNumber":48,"author":{"gitId":"gweemelvin"},"content":"        System.out.println(\"now there is: \"+ list.size() + \" item(s)\");","lastModifiedDate":"2023-10-13"},{"lineNumber":49,"author":{"gitId":"gweemelvin"},"content":"        printDashes();","lastModifiedDate":"2023-09-10"},{"lineNumber":50,"author":{"gitId":"gweemelvin"},"content":"    }","lastModifiedDate":"2023-09-10"},{"lineNumber":51,"author":{"gitId":"gweemelvin"},"content":"","lastModifiedDate":"2023-09-10"},{"lineNumber":52,"author":{"gitId":"gweemelvin"},"content":"    public static void addDeadline (String inputEntry){","lastModifiedDate":"2023-09-10"},{"lineNumber":53,"author":{"gitId":"gweemelvin"},"content":"        String[] inputTokenized \u003d {};","lastModifiedDate":"2023-09-19"},{"lineNumber":54,"author":{"gitId":"gweemelvin"},"content":"        String by \u003d \"\";","lastModifiedDate":"2023-09-19"},{"lineNumber":55,"author":{"gitId":"gweemelvin"},"content":"        try{","lastModifiedDate":"2023-09-19"},{"lineNumber":56,"author":{"gitId":"gweemelvin"},"content":"            inputTokenized \u003d inputEntry.split(\"/by \",2);","lastModifiedDate":"2023-09-19"},{"lineNumber":57,"author":{"gitId":"gweemelvin"},"content":"            by \u003d inputTokenized[1];","lastModifiedDate":"2023-09-19"},{"lineNumber":58,"author":{"gitId":"gweemelvin"},"content":"            String description \u003d inputTokenized[0];","lastModifiedDate":"2023-09-10"},{"lineNumber":59,"author":{"gitId":"gweemelvin"},"content":"            list.add(new Deadline(description,by));","lastModifiedDate":"2023-10-13"},{"lineNumber":60,"author":{"gitId":"gweemelvin"},"content":"            System.out.println(\"Gotcha! Added this task:\");","lastModifiedDate":"2023-09-10"},{"lineNumber":61,"author":{"gitId":"gweemelvin"},"content":"            printSingle(list.size());","lastModifiedDate":"2023-10-13"},{"lineNumber":62,"author":{"gitId":"gweemelvin"},"content":"            System.out.println(\"now there is: \"+ list.size() + \" item(s)\");","lastModifiedDate":"2023-10-13"},{"lineNumber":63,"author":{"gitId":"gweemelvin"},"content":"            printDashes();","lastModifiedDate":"2023-09-10"},{"lineNumber":64,"author":{"gitId":"gweemelvin"},"content":"        } catch (Exception e) {","lastModifiedDate":"2023-09-19"},{"lineNumber":65,"author":{"gitId":"gweemelvin"},"content":"            System.err.println(\"you\u0027ve missed out [/by] !\");","lastModifiedDate":"2023-09-19"},{"lineNumber":66,"author":{"gitId":"gweemelvin"},"content":"        }","lastModifiedDate":"2023-09-19"},{"lineNumber":67,"author":{"gitId":"gweemelvin"},"content":"","lastModifiedDate":"2023-09-19"},{"lineNumber":68,"author":{"gitId":"gweemelvin"},"content":"    }","lastModifiedDate":"2023-09-10"},{"lineNumber":69,"author":{"gitId":"gweemelvin"},"content":"","lastModifiedDate":"2023-09-10"},{"lineNumber":70,"author":{"gitId":"gweemelvin"},"content":"    public static void addEvent (String inputEntry){","lastModifiedDate":"2023-09-10"},{"lineNumber":71,"author":{"gitId":"gweemelvin"},"content":"        String[] inputTokenized \u003d {};","lastModifiedDate":"2023-09-19"},{"lineNumber":72,"author":{"gitId":"gweemelvin"},"content":"        String from \u003d \"\";","lastModifiedDate":"2023-09-19"},{"lineNumber":73,"author":{"gitId":"gweemelvin"},"content":"        String to \u003d \"\";","lastModifiedDate":"2023-09-19"},{"lineNumber":74,"author":{"gitId":"gweemelvin"},"content":"        try {","lastModifiedDate":"2023-09-19"},{"lineNumber":75,"author":{"gitId":"gweemelvin"},"content":"            inputTokenized \u003d  inputEntry.split(\"/from \",2);","lastModifiedDate":"2023-09-19"},{"lineNumber":76,"author":{"gitId":"gweemelvin"},"content":"            String description \u003d inputTokenized[0];","lastModifiedDate":"2023-09-10"},{"lineNumber":77,"author":{"gitId":"gweemelvin"},"content":"            to \u003d inputTokenized[1].split(\"/to \", 2)[1];","lastModifiedDate":"2023-09-19"},{"lineNumber":78,"author":{"gitId":"gweemelvin"},"content":"            from \u003d inputTokenized[1].split(\"/to \", 2)[0];","lastModifiedDate":"2023-09-19"},{"lineNumber":79,"author":{"gitId":"gweemelvin"},"content":"            list.add(new Event(description,from,to));","lastModifiedDate":"2023-10-13"},{"lineNumber":80,"author":{"gitId":"gweemelvin"},"content":"            System.out.println(\"Gotcha! Added this task:\");","lastModifiedDate":"2023-09-10"},{"lineNumber":81,"author":{"gitId":"gweemelvin"},"content":"            printSingle(list.size());","lastModifiedDate":"2023-10-13"},{"lineNumber":82,"author":{"gitId":"gweemelvin"},"content":"            System.out.println(\"now there is: \"+ list.size() + \" item(s)\");","lastModifiedDate":"2023-10-13"},{"lineNumber":83,"author":{"gitId":"gweemelvin"},"content":"            printDashes();","lastModifiedDate":"2023-09-10"},{"lineNumber":84,"author":{"gitId":"gweemelvin"},"content":"        } catch (Exception e) {","lastModifiedDate":"2023-09-19"},{"lineNumber":85,"author":{"gitId":"gweemelvin"},"content":"            System.err.println(\"you\u0027ve missed out either the description, [/from] or [/to] !\");","lastModifiedDate":"2023-10-13"},{"lineNumber":86,"author":{"gitId":"gweemelvin"},"content":"        }","lastModifiedDate":"2023-09-19"},{"lineNumber":87,"author":{"gitId":"gweemelvin"},"content":"","lastModifiedDate":"2023-09-19"},{"lineNumber":88,"author":{"gitId":"gweemelvin"},"content":"    }","lastModifiedDate":"2023-09-10"},{"lineNumber":89,"author":{"gitId":"gweemelvin"},"content":"","lastModifiedDate":"2023-09-10"},{"lineNumber":90,"author":{"gitId":"gweemelvin"},"content":"    public static void deleteFromList (int deleteIndex){","lastModifiedDate":"2023-10-13"},{"lineNumber":91,"author":{"gitId":"gweemelvin"},"content":"        System.out.print(\"Deleting: \");","lastModifiedDate":"2023-10-13"},{"lineNumber":92,"author":{"gitId":"gweemelvin"},"content":"        printSingle(deleteIndex);","lastModifiedDate":"2023-10-13"},{"lineNumber":93,"author":{"gitId":"gweemelvin"},"content":"        printDashes();","lastModifiedDate":"2023-10-13"},{"lineNumber":94,"author":{"gitId":"gweemelvin"},"content":"        list.remove(deleteIndex-1);","lastModifiedDate":"2023-10-13"},{"lineNumber":95,"author":{"gitId":"gweemelvin"},"content":"        printList();","lastModifiedDate":"2023-10-13"},{"lineNumber":96,"author":{"gitId":"gweemelvin"},"content":"    }","lastModifiedDate":"2023-10-13"},{"lineNumber":97,"author":{"gitId":"gweemelvin"},"content":"","lastModifiedDate":"2023-10-13"},{"lineNumber":98,"author":{"gitId":"gweemelvin"},"content":"    public static void markUnmarkTask(int index, boolean markUnmark){","lastModifiedDate":"2023-09-09"},{"lineNumber":99,"author":{"gitId":"gweemelvin"},"content":"        Task target \u003d list.get(index-1);","lastModifiedDate":"2023-10-13"},{"lineNumber":100,"author":{"gitId":"gweemelvin"},"content":"        if(markUnmark){","lastModifiedDate":"2023-09-09"},{"lineNumber":101,"author":{"gitId":"gweemelvin"},"content":"            System.out.println(\"Nice! I\u0027ve marked this task as done:\");","lastModifiedDate":"2023-09-09"},{"lineNumber":102,"author":{"gitId":"gweemelvin"},"content":"        } else {","lastModifiedDate":"2023-09-09"},{"lineNumber":103,"author":{"gitId":"gweemelvin"},"content":"            System.out.println(\"OK, I\u0027ve marked this task as not done yet:\");","lastModifiedDate":"2023-09-09"},{"lineNumber":104,"author":{"gitId":"gweemelvin"},"content":"        }","lastModifiedDate":"2023-09-09"},{"lineNumber":105,"author":{"gitId":"gweemelvin"},"content":"        target.setIsDone(markUnmark);","lastModifiedDate":"2023-09-09"},{"lineNumber":106,"author":{"gitId":"gweemelvin"},"content":"        printSingle(index);","lastModifiedDate":"2023-09-09"},{"lineNumber":107,"author":{"gitId":"gweemelvin"},"content":"        printDashes();","lastModifiedDate":"2023-09-10"},{"lineNumber":108,"author":{"gitId":"gweemelvin"},"content":"    }","lastModifiedDate":"2023-08-29"},{"lineNumber":109,"author":{"gitId":"gweemelvin"},"content":"","lastModifiedDate":"2023-08-29"},{"lineNumber":110,"author":{"gitId":"gweemelvin"},"content":"    public static void printDate(){","lastModifiedDate":"2023-08-29"},{"lineNumber":111,"author":{"gitId":"gweemelvin"},"content":"        System.out.println(\"|| Current Date: ||\");","lastModifiedDate":"2023-08-29"},{"lineNumber":112,"author":{"gitId":"gweemelvin"},"content":"        Date currentDate \u003d new Date();","lastModifiedDate":"2023-08-29"},{"lineNumber":113,"author":{"gitId":"gweemelvin"},"content":"        System.out.println(currentDate);","lastModifiedDate":"2023-08-29"},{"lineNumber":114,"author":{"gitId":"gweemelvin"},"content":"        printDashes();","lastModifiedDate":"2023-08-29"},{"lineNumber":115,"author":{"gitId":"gweemelvin"},"content":"    }","lastModifiedDate":"2023-08-29"},{"lineNumber":116,"author":{"gitId":"gweemelvin"},"content":"","lastModifiedDate":"2023-08-29"},{"lineNumber":117,"author":{"gitId":"gweemelvin"},"content":"    public static void goodbyeGreet(){","lastModifiedDate":"2023-08-29"},{"lineNumber":118,"author":{"gitId":"gweemelvin"},"content":"        System.out.println(\"Bye. Hope to see you again soon!\");","lastModifiedDate":"2023-08-29"},{"lineNumber":119,"author":{"gitId":"gweemelvin"},"content":"        printDashes();","lastModifiedDate":"2023-08-29"},{"lineNumber":120,"author":{"gitId":"gweemelvin"},"content":"    }","lastModifiedDate":"2023-08-29"},{"lineNumber":121,"author":{"gitId":"gweemelvin"},"content":"","lastModifiedDate":"2023-10-13"},{"lineNumber":122,"author":{"gitId":"gweemelvin"},"content":"    public static void main(String[] args) throws IOException, ClassNotFoundException {","lastModifiedDate":"2023-10-13"},{"lineNumber":123,"author":{"gitId":"gweemelvin"},"content":"        printLogo();","lastModifiedDate":"2023-08-29"},{"lineNumber":124,"author":{"gitId":"gweemelvin"},"content":"        greetings();","lastModifiedDate":"2023-09-10"},{"lineNumber":125,"author":{"gitId":"gweemelvin"},"content":"        String input \u003d \"init\" ;","lastModifiedDate":"2023-08-29"},{"lineNumber":126,"author":{"gitId":"gweemelvin"},"content":"        int index \u003d -1;","lastModifiedDate":"2023-09-09"},{"lineNumber":127,"author":{"gitId":"gweemelvin"},"content":"        Scanner in \u003d new Scanner(System.in);","lastModifiedDate":"2023-08-29"},{"lineNumber":128,"author":{"gitId":"gweemelvin"},"content":"        list \u003d FileManager.loadList();","lastModifiedDate":"2023-10-13"},{"lineNumber":129,"author":{"gitId":"gweemelvin"},"content":"        while(!input.equalsIgnoreCase(\"bye\")){","lastModifiedDate":"2023-09-09"},{"lineNumber":130,"author":{"gitId":"gweemelvin"},"content":"            input \u003d in.nextLine();","lastModifiedDate":"2023-09-09"},{"lineNumber":131,"author":{"gitId":"gweemelvin"},"content":"            String[] token \u003d input.split(\" \",2);","lastModifiedDate":"2023-09-10"},{"lineNumber":132,"author":{"gitId":"gweemelvin"},"content":"            String taskName;","lastModifiedDate":"2023-09-10"},{"lineNumber":133,"author":{"gitId":"gweemelvin"},"content":"            String mode \u003d token[0].toLowerCase();","lastModifiedDate":"2023-09-09"},{"lineNumber":134,"author":{"gitId":"gweemelvin"},"content":"            System.out.println(\"|| \"+ mode + \" ||\");","lastModifiedDate":"2023-09-09"},{"lineNumber":135,"author":{"gitId":"gweemelvin"},"content":"            switch (mode) {","lastModifiedDate":"2023-09-09"},{"lineNumber":136,"author":{"gitId":"gweemelvin"},"content":"                case \"bye\": goodbyeGreet();","lastModifiedDate":"2023-08-29"},{"lineNumber":137,"author":{"gitId":"gweemelvin"},"content":"                    break;","lastModifiedDate":"2023-08-29"},{"lineNumber":138,"author":{"gitId":"gweemelvin"},"content":"                case \"list\": printList();","lastModifiedDate":"2023-08-29"},{"lineNumber":139,"author":{"gitId":"gweemelvin"},"content":"                    break;","lastModifiedDate":"2023-08-29"},{"lineNumber":140,"author":{"gitId":"gweemelvin"},"content":"                case \"date\": printDate();","lastModifiedDate":"2023-08-29"},{"lineNumber":141,"author":{"gitId":"gweemelvin"},"content":"                    break;","lastModifiedDate":"2023-08-29"},{"lineNumber":142,"author":{"gitId":"gweemelvin"},"content":"                case \"mark\":","lastModifiedDate":"2023-09-09"},{"lineNumber":143,"author":{"gitId":"gweemelvin"},"content":"                    try {","lastModifiedDate":"2023-09-19"},{"lineNumber":144,"author":{"gitId":"gweemelvin"},"content":"                        index \u003d Integer.parseInt(token[1]);","lastModifiedDate":"2023-09-09"},{"lineNumber":145,"author":{"gitId":"gweemelvin"},"content":"                        markUnmarkTask(index, true);","lastModifiedDate":"2023-09-09"},{"lineNumber":146,"author":{"gitId":"gweemelvin"},"content":"                    } catch (ArrayIndexOutOfBoundsException AIO){","lastModifiedDate":"2023-09-19"},{"lineNumber":147,"author":{"gitId":"gweemelvin"},"content":"                        System.err.println(\"incorrect input for index!\");","lastModifiedDate":"2023-09-19"},{"lineNumber":148,"author":{"gitId":"gweemelvin"},"content":"                    }","lastModifiedDate":"2023-09-09"},{"lineNumber":149,"author":{"gitId":"gweemelvin"},"content":"                    break;","lastModifiedDate":"2023-09-09"},{"lineNumber":150,"author":{"gitId":"gweemelvin"},"content":"                case \"unmark\":","lastModifiedDate":"2023-09-09"},{"lineNumber":151,"author":{"gitId":"gweemelvin"},"content":"                    try {","lastModifiedDate":"2023-09-19"},{"lineNumber":152,"author":{"gitId":"gweemelvin"},"content":"                        index \u003d Integer.parseInt(token[1]);","lastModifiedDate":"2023-09-09"},{"lineNumber":153,"author":{"gitId":"gweemelvin"},"content":"                        markUnmarkTask(index, false);","lastModifiedDate":"2023-09-09"},{"lineNumber":154,"author":{"gitId":"gweemelvin"},"content":"                    } catch (ArrayIndexOutOfBoundsException AIO){","lastModifiedDate":"2023-09-19"},{"lineNumber":155,"author":{"gitId":"gweemelvin"},"content":"                        System.err.println(\"incorrect input for index!\");","lastModifiedDate":"2023-09-19"},{"lineNumber":156,"author":{"gitId":"gweemelvin"},"content":"                    }","lastModifiedDate":"2023-09-09"},{"lineNumber":157,"author":{"gitId":"gweemelvin"},"content":"                    break;","lastModifiedDate":"2023-09-09"},{"lineNumber":158,"author":{"gitId":"gweemelvin"},"content":"                case \"todo\":","lastModifiedDate":"2023-09-10"},{"lineNumber":159,"author":{"gitId":"gweemelvin"},"content":"                    try {","lastModifiedDate":"2023-09-19"},{"lineNumber":160,"author":{"gitId":"gweemelvin"},"content":"                        taskName \u003d token[1];","lastModifiedDate":"2023-09-10"},{"lineNumber":161,"author":{"gitId":"gweemelvin"},"content":"                        addToDo(taskName);","lastModifiedDate":"2023-09-10"},{"lineNumber":162,"author":{"gitId":"gweemelvin"},"content":"                    } catch (ArrayIndexOutOfBoundsException AIO){","lastModifiedDate":"2023-10-13"},{"lineNumber":163,"author":{"gitId":"gweemelvin"},"content":"                        System.err.println(\"what is the name of the task to complete?\");","lastModifiedDate":"2023-09-19"},{"lineNumber":164,"author":{"gitId":"gweemelvin"},"content":"                    }","lastModifiedDate":"2023-09-10"},{"lineNumber":165,"author":{"gitId":"gweemelvin"},"content":"                    break;","lastModifiedDate":"2023-09-10"},{"lineNumber":166,"author":{"gitId":"gweemelvin"},"content":"                case \"deadline\":","lastModifiedDate":"2023-09-10"},{"lineNumber":167,"author":{"gitId":"gweemelvin"},"content":"                    try {","lastModifiedDate":"2023-09-19"},{"lineNumber":168,"author":{"gitId":"gweemelvin"},"content":"","lastModifiedDate":"2023-10-13"},{"lineNumber":169,"author":{"gitId":"gweemelvin"},"content":"                        taskName \u003d token[1];","lastModifiedDate":"2023-09-10"},{"lineNumber":170,"author":{"gitId":"gweemelvin"},"content":"                        addDeadline(taskName);","lastModifiedDate":"2023-09-10"},{"lineNumber":171,"author":{"gitId":"gweemelvin"},"content":"                    } catch (ArrayIndexOutOfBoundsException AIO){","lastModifiedDate":"2023-10-13"},{"lineNumber":172,"author":{"gitId":"gweemelvin"},"content":"                        System.err.println(\"what is the name of the deadline agenda?\");","lastModifiedDate":"2023-09-19"},{"lineNumber":173,"author":{"gitId":"gweemelvin"},"content":"                    }","lastModifiedDate":"2023-09-10"},{"lineNumber":174,"author":{"gitId":"gweemelvin"},"content":"                    break;","lastModifiedDate":"2023-09-10"},{"lineNumber":175,"author":{"gitId":"gweemelvin"},"content":"                case \"event\":","lastModifiedDate":"2023-09-10"},{"lineNumber":176,"author":{"gitId":"gweemelvin"},"content":"                    try {","lastModifiedDate":"2023-09-19"},{"lineNumber":177,"author":{"gitId":"gweemelvin"},"content":"                        taskName \u003d token[1];","lastModifiedDate":"2023-09-10"},{"lineNumber":178,"author":{"gitId":"gweemelvin"},"content":"                        addEvent(taskName);","lastModifiedDate":"2023-09-10"},{"lineNumber":179,"author":{"gitId":"gweemelvin"},"content":"                    } catch (ArrayIndexOutOfBoundsException AIO){","lastModifiedDate":"2023-10-13"},{"lineNumber":180,"author":{"gitId":"gweemelvin"},"content":"                        System.err.println(\"what is the name of the event?\");","lastModifiedDate":"2023-09-19"},{"lineNumber":181,"author":{"gitId":"gweemelvin"},"content":"                    }","lastModifiedDate":"2023-09-10"},{"lineNumber":182,"author":{"gitId":"gweemelvin"},"content":"                    break;","lastModifiedDate":"2023-09-10"},{"lineNumber":183,"author":{"gitId":"gweemelvin"},"content":"                case \"delete\":","lastModifiedDate":"2023-10-13"},{"lineNumber":184,"author":{"gitId":"gweemelvin"},"content":"                    try {","lastModifiedDate":"2023-10-13"},{"lineNumber":185,"author":{"gitId":"gweemelvin"},"content":"                        int deleteIndex \u003d Integer.parseInt(token[1]);","lastModifiedDate":"2023-10-13"},{"lineNumber":186,"author":{"gitId":"gweemelvin"},"content":"                        deleteFromList(deleteIndex);","lastModifiedDate":"2023-10-13"},{"lineNumber":187,"author":{"gitId":"gweemelvin"},"content":"                    } catch (Exception e) {","lastModifiedDate":"2023-10-13"},{"lineNumber":188,"author":{"gitId":"gweemelvin"},"content":"                        System.err.println(\"please include valid index of task to delete\");","lastModifiedDate":"2023-10-13"},{"lineNumber":189,"author":{"gitId":"gweemelvin"},"content":"                    }","lastModifiedDate":"2023-10-13"},{"lineNumber":190,"author":{"gitId":"gweemelvin"},"content":"                    break;","lastModifiedDate":"2023-10-13"},{"lineNumber":191,"author":{"gitId":"gweemelvin"},"content":"                default: System.err.println(\"I\u0027ve not learn to do this yet!!\");","lastModifiedDate":"2023-09-19"},{"lineNumber":192,"author":{"gitId":"gweemelvin"},"content":"            }","lastModifiedDate":"2023-08-29"},{"lineNumber":193,"author":{"gitId":"gweemelvin"},"content":"            if (!(mode.equals(\"list\") || mode.equals(\"date\") || mode.equals(\"bye\"))){","lastModifiedDate":"2023-10-13"},{"lineNumber":194,"author":{"gitId":"gweemelvin"},"content":"                FileManager.saveList(list);","lastModifiedDate":"2023-10-13"},{"lineNumber":195,"author":{"gitId":"gweemelvin"},"content":"            }","lastModifiedDate":"2023-08-29"},{"lineNumber":196,"author":{"gitId":"gweemelvin"},"content":"        }","lastModifiedDate":"2023-10-13"},{"lineNumber":197,"author":{"gitId":"gweemelvin"},"content":"","lastModifiedDate":"2023-10-13"},{"lineNumber":198,"author":{"gitId":"gweemelvin"},"content":"","lastModifiedDate":"2023-08-29"},{"lineNumber":199,"author":{"gitId":"gweemelvin"},"content":"","lastModifiedDate":"2023-08-29"},{"lineNumber":200,"author":{"gitId":"gweemelvin"},"content":"","lastModifiedDate":"2023-08-29"},{"lineNumber":201,"author":{"gitId":"-"},"content":"    }","lastModifiedDate":"2019-07-29"},{"lineNumber":202,"author":{"gitId":"-"},"content":"}","lastModifiedDate":"2019-07-29"}],"authorContributionMap":{"gweemelvin":200,"-":2}},{"path":"src/main/java/tim/ToDo.java","fileType":"java","lines":[{"lineNumber":1,"author":{"gitId":"gweemelvin"},"content":"package tim;","lastModifiedDate":"2023-10-13"},{"lineNumber":2,"author":{"gitId":"gweemelvin"},"content":"","lastModifiedDate":"2023-10-13"},{"lineNumber":3,"author":{"gitId":"gweemelvin"},"content":"public class ToDo extends Task{","lastModifiedDate":"2023-09-10"},{"lineNumber":4,"author":{"gitId":"gweemelvin"},"content":"    public ToDo (String description){","lastModifiedDate":"2023-09-10"},{"lineNumber":5,"author":{"gitId":"gweemelvin"},"content":"        super(description);","lastModifiedDate":"2023-09-10"},{"lineNumber":6,"author":{"gitId":"gweemelvin"},"content":"        this.type \u003d \u0027T\u0027;","lastModifiedDate":"2023-09-10"},{"lineNumber":7,"author":{"gitId":"gweemelvin"},"content":"    }","lastModifiedDate":"2023-09-10"},{"lineNumber":8,"author":{"gitId":"gweemelvin"},"content":"    @Override","lastModifiedDate":"2023-09-19"},{"lineNumber":9,"author":{"gitId":"gweemelvin"},"content":"    public String getDescription(){","lastModifiedDate":"2023-09-19"},{"lineNumber":10,"author":{"gitId":"gweemelvin"},"content":"        return (description);","lastModifiedDate":"2023-09-19"},{"lineNumber":11,"author":{"gitId":"gweemelvin"},"content":"    }","lastModifiedDate":"2023-09-19"},{"lineNumber":12,"author":{"gitId":"gweemelvin"},"content":"}","lastModifiedDate":"2023-09-10"}],"authorContributionMap":{"gweemelvin":12}},{"path":"src/main/java/tim/unmodifyingAction.java","fileType":"java","lines":[{"lineNumber":1,"author":{"gitId":"gweemelvin"},"content":"package tim;","lastModifiedDate":"2023-10-13"},{"lineNumber":2,"author":{"gitId":"gweemelvin"},"content":"","lastModifiedDate":"2023-10-13"},{"lineNumber":3,"author":{"gitId":"gweemelvin"},"content":"public enum unmodifyingAction {","lastModifiedDate":"2023-10-13"},{"lineNumber":4,"author":{"gitId":"gweemelvin"},"content":"    list,date,bye","lastModifiedDate":"2023-10-13"},{"lineNumber":5,"author":{"gitId":"gweemelvin"},"content":"}","lastModifiedDate":"2023-10-13"}],"authorContributionMap":{"gweemelvin":5}},{"path":"text-ui-test/input.txt","fileType":"txt","lines":[{"lineNumber":1,"author":{"gitId":"gweemelvin"},"content":"event study math /from 13/10/2023 /to 15/10/2023","lastModifiedDate":"2023-10-13"},{"lineNumber":2,"author":{"gitId":"gweemelvin"},"content":"todo pay school fee","lastModifiedDate":"2023-10-13"},{"lineNumber":3,"author":{"gitId":"gweemelvin"},"content":"todo return books","lastModifiedDate":"2023-10-13"},{"lineNumber":4,"author":{"gitId":"gweemelvin"},"content":"deadline pay credit bill /by 13/10/2023","lastModifiedDate":"2023-10-13"},{"lineNumber":5,"author":{"gitId":"gweemelvin"},"content":"list","lastModifiedDate":"2023-10-13"},{"lineNumber":6,"author":{"gitId":"gweemelvin"},"content":"mark 1","lastModifiedDate":"2023-10-13"},{"lineNumber":7,"author":{"gitId":"gweemelvin"},"content":"list","lastModifiedDate":"2023-10-13"},{"lineNumber":8,"author":{"gitId":"gweemelvin"},"content":"delete 2","lastModifiedDate":"2023-10-13"},{"lineNumber":9,"author":{"gitId":"gweemelvin"},"content":"list","lastModifiedDate":"2023-10-13"}],"authorContributionMap":{"gweemelvin":9}}]
