{"authorDailyContributionsMap":{"gweemelvin":[{"date":"2023-08-29","commitResults":[{"hash":"916f46f4a4d371ff2224dad0bd6c003eb70e99a3","isMergeCommit":false,"messageTitle":"Level-0: Rename, Greet, Exit","messageBody":"","tags":["Level-0"],"fileTypesAndContributionMap":{"java":{"insertions":22,"deletions":5}}},{"hash":"c73da74a854f6d9744d46184ffe2ad619e0799fa","isMergeCommit":false,"messageTitle":"Level 1. Echo","messageBody":"","tags":["Level-1"],"fileTypesAndContributionMap":{"java":{"insertions":57,"deletions":9}}},{"hash":"070d34786613cf8ccab222eb66a1e1522e54be00","isMergeCommit":false,"messageTitle":"Level 2. Add, List","messageBody":"","tags":["Level-2"],"fileTypesAndContributionMap":{"java":{"insertions":12,"deletions":12}}}]},{"date":"2023-09-02","commitResults":[{"hash":"5b7342beb926aaa823c1943e932ab1a86824ec21","isMergeCommit":false,"messageTitle":"TEST GIT REPATH","messageBody":"","fileTypesAndContributionMap":{"txt":{"insertions":0,"deletions":0}}}]},{"date":"2023-09-09","commitResults":[{"hash":"d5c22580527f48607d435dd957f472163e420592","isMergeCommit":false,"messageTitle":"level-3","messageBody":"","tags":["level-3","Level-3"],"fileTypesAndContributionMap":{"txt":{"insertions":0,"deletions":0},"java":{"insertions":71,"deletions":9}}}]},{"date":"2023-09-10","commitResults":[{"hash":"9f7ddc465c9582b82cd0f556f90f5826fd981fd2","isMergeCommit":false,"messageTitle":"Level 4. ToDos, Events, Deadlines","messageBody":"","tags":["level-4"],"fileTypesAndContributionMap":{"java":{"insertions":104,"deletions":3}}}]},{"date":"2023-09-19","commitResults":[{"hash":"2d3d12cc98487b03da4ca4407a397436fedecb1c","isMergeCommit":false,"messageTitle":"level-5 included exceptions","messageBody":"","tags":["level-5"],"fileTypesAndContributionMap":{"java":{"insertions":76,"deletions":53}}}]},{"date":"2023-10-13","commitResults":[{"hash":"ce421545b8e7dddf3719bc3fbd4e37f4b43d648b","isMergeCommit":false,"messageTitle":"Level 6. Added Delete, Task list is now an ArrayList, removed redundant exception","messageBody":"","tags":["Level-6"],"fileTypesAndContributionMap":{"txt":{"insertions":9,"deletions":0},"java":{"insertions":45,"deletions":40}}},{"hash":"6d017f4e4bad49b8f1111d15e90f7e7cd0c87525","isMergeCommit":false,"messageTitle":"added enum of actions, todo - check user command vs action","messageBody":"","fileTypesAndContributionMap":{"java":{"insertions":3,"deletions":0}}},{"hash":"a067491b2b0ad7b4daf0b58c2f90f06e9f31b08c","isMergeCommit":false,"messageTitle":"Level 7- Bug fix, Filemanager, Package","messageBody":"","tags":["Level-7"],"fileTypesAndContributionMap":{"java":{"insertions":75,"deletions":6}}}]},{"date":"2023-10-15","commitResults":[{"hash":"8079970edf452af3d93c43fcefebcea955e950d4","isMergeCommit":false,"messageTitle":"Introduce new classes for utility to offload main class Tim.","messageBody":"","fileTypesAndContributionMap":{"java":{"insertions":213,"deletions":193}}},{"hash":"04fc71074662b0a07c85e0684963d53baf2bc559","isMergeCommit":false,"messageTitle":"sub-packaged Task class and children of Task class","messageBody":"","fileTypesAndContributionMap":{"java":{"insertions":26,"deletions":20}}},{"hash":"beca12ffc289eab9e92afce908f75f05857e4d7e","isMergeCommit":false,"messageTitle":"Updated README with existing action set, fixed bug where mark/unmarked tasks were able to be mark/unmarked again even though no state change, removed Action ENUM.","messageBody":"","fileTypesAndContributionMap":{"java":{"insertions":12,"deletions":10},"md":{"insertions":144,"deletions":11}}}]}]},"authorFileTypeContributionMap":{"gweemelvin":{"java":364,"md":135,"fxml":0,"sh":0,"bat":0,"gradle":0,"txt":9}},"authorContributionVariance":{"gweemelvin":7160.28},"authorDisplayNameMap":{"gweemelvin":"GWEE..LVIN"}}
