{"authorDailyContributionsMap":{"gweemelvin":[{"date":"2023-08-29","commitResults":[{"hash":"916f46f4a4d371ff2224dad0bd6c003eb70e99a3","isMergeCommit":false,"messageTitle":"Level-0: Rename, Greet, Exit","messageBody":"","tags":["Level-0"],"fileTypesAndContributionMap":{"java":{"insertions":22,"deletions":5}}},{"hash":"c73da74a854f6d9744d46184ffe2ad619e0799fa","isMergeCommit":false,"messageTitle":"Level 1. Echo","messageBody":"","tags":["Level-1"],"fileTypesAndContributionMap":{"java":{"insertions":57,"deletions":9}}},{"hash":"070d34786613cf8ccab222eb66a1e1522e54be00","isMergeCommit":false,"messageTitle":"Level 2. Add, List","messageBody":"","tags":["Level-2"],"fileTypesAndContributionMap":{"java":{"insertions":12,"deletions":12}}}]},{"date":"2023-09-02","commitResults":[{"hash":"5b7342beb926aaa823c1943e932ab1a86824ec21","isMergeCommit":false,"messageTitle":"TEST GIT REPATH","messageBody":"","fileTypesAndContributionMap":{"txt":{"insertions":0,"deletions":0}}}]},{"date":"2023-09-09","commitResults":[{"hash":"d5c22580527f48607d435dd957f472163e420592","isMergeCommit":false,"messageTitle":"level-3","messageBody":"","tags":["level-3","Level-3"],"fileTypesAndContributionMap":{"txt":{"insertions":0,"deletions":0},"java":{"insertions":71,"deletions":9}}}]},{"date":"2023-09-10","commitResults":[{"hash":"9f7ddc465c9582b82cd0f556f90f5826fd981fd2","isMergeCommit":false,"messageTitle":"Level 4. ToDos, Events, Deadlines","messageBody":"","tags":["level-4"],"fileTypesAndContributionMap":{"java":{"insertions":104,"deletions":3}}}]},{"date":"2023-09-19","commitResults":[{"hash":"2d3d12cc98487b03da4ca4407a397436fedecb1c","isMergeCommit":false,"messageTitle":"level-5 included exceptions","messageBody":"","tags":["level-5"],"fileTypesAndContributionMap":{"java":{"insertions":76,"deletions":53}}}]},{"date":"2023-10-13","commitResults":[{"hash":"ce421545b8e7dddf3719bc3fbd4e37f4b43d648b","isMergeCommit":false,"messageTitle":"Level 6. Added Delete, Task list is now an ArrayList, removed redundant exception","messageBody":"","tags":["Level-6"],"fileTypesAndContributionMap":{"txt":{"insertions":9,"deletions":0},"java":{"insertions":45,"deletions":40}}},{"hash":"6d017f4e4bad49b8f1111d15e90f7e7cd0c87525","isMergeCommit":false,"messageTitle":"added enum of actions, todo - check user command vs action","messageBody":"","fileTypesAndContributionMap":{"java":{"insertions":3,"deletions":0}}},{"hash":"a067491b2b0ad7b4daf0b58c2f90f06e9f31b08c","isMergeCommit":false,"messageTitle":"Level 7- Bug fix, Filemanager, Package","messageBody":"","tags":["Level-7"],"fileTypesAndContributionMap":{"java":{"insertions":75,"deletions":6}}}]},{"date":"2023-10-15","commitResults":[{"hash":"8079970edf452af3d93c43fcefebcea955e950d4","isMergeCommit":false,"messageTitle":"Introduce new classes for utility to offload main class Tim.","messageBody":"","fileTypesAndContributionMap":{"java":{"insertions":213,"deletions":193}}},{"hash":"04fc71074662b0a07c85e0684963d53baf2bc559","isMergeCommit":false,"messageTitle":"sub-packaged Task class and children of Task class","messageBody":"","fileTypesAndContributionMap":{"java":{"insertions":26,"deletions":20}}},{"hash":"beca12ffc289eab9e92afce908f75f05857e4d7e","isMergeCommit":false,"messageTitle":"Updated README with existing action set, fixed bug where mark/unmarked tasks were able to be mark/unmarked again even though no state change, removed Action ENUM.","messageBody":"","fileTypesAndContributionMap":{"java":{"insertions":12,"deletions":10},"md":{"insertions":144,"deletions":11}}}]},{"date":"2023-10-17","commitResults":[{"hash":"189885b8d16ea70141b2ef5e6625315e5b0a2524","isMergeCommit":false,"messageTitle":"Split logic out of \"Parser\" class into an independent \"Logic\" class","messageBody":"","fileTypesAndContributionMap":{"java":{"insertions":83,"deletions":72}}},{"hash":"8d2359000aea2cd3a97bb58993f84ca6e8636806","isMergeCommit":true,"messageTitle":"Merge remote-tracking branch \u0027origin/add-gradle-support\u0027","messageBody":"","fileTypesAndContributionMap":{}},{"hash":"345776d8daffa4abadaf14bf57215dec1af58815","isMergeCommit":false,"messageTitle":"Bug fixed where input with whitespace is incorrectly parsed. also tightened access modifiers for classes attributes and methods.","messageBody":"","fileTypesAndContributionMap":{"java":{"insertions":40,"deletions":39}}},{"hash":"b2533043f82af7d39e782303acf2cb481a2e6626","isMergeCommit":false,"messageTitle":"Repackaged main logic classes and exception into separate package.","messageBody":"","fileTypesAndContributionMap":{"java":{"insertions":7,"deletions":7}}},{"hash":"76633d25a35725627bc3b05b73d2c3dd18520e72","isMergeCommit":false,"messageTitle":"updated batch file, Input and Expected text file for CLI test check","messageBody":"","fileTypesAndContributionMap":{"txt":{"insertions":0,"deletions":5},"bat":{"insertions":2,"deletions":2}}}]},{"date":"2023-10-22","commitResults":[{"hash":"b1b058e9d1a0794ad74a3d35cfa3f3f39fc1b5a9","isMergeCommit":false,"messageTitle":"updated deadline to use local date","messageBody":"","fileTypesAndContributionMap":{"txt":{"insertions":5,"deletions":2},"java":{"insertions":16,"deletions":4}}},{"hash":"b3f1b1cbabc0b852ca04ca333803d7da42f50bd3","isMergeCommit":true,"messageTitle":"Merge branch \u0027Level-8-branch-1\u0027","messageBody":"","fileTypesAndContributionMap":{}},{"hash":"c1a1cb5b7d615cb66d67bc6145dfaad1c9323ee3","isMergeCommit":false,"messageTitle":"updated event to utilize localdate","messageBody":"","fileTypesAndContributionMap":{"txt":{"insertions":2,"deletions":1},"java":{"insertions":35,"deletions":13}}}]},{"date":"2023-10-31","commitResults":[{"hash":"71847470aa863b0b86ec7ae7d86c403b6b8fd72d","isMergeCommit":false,"messageTitle":"Level-8 A-JavaDoc: Added JavaDoc Comments for class and non-trivial methods","messageBody":"","fileTypesAndContributionMap":{"java":{"insertions":136,"deletions":27}}}]},{"date":"2023-11-03","commitResults":[{"hash":"4615f19c394aef9fc5ddfc30857a8950c81ecf36","isMergeCommit":false,"messageTitle":"Updated JavaDoc Comments + Set Up Gradle","messageBody":"","fileTypesAndContributionMap":{"gradle":{"insertions":1,"deletions":1},"java":{"insertions":149,"deletions":57}}}]},{"date":"2023-11-04","commitResults":[{"hash":"ae80c9e012fe0f07a343f41b3b423eee45a723c1","isMergeCommit":false,"messageTitle":"Level 8-A JUNIT, added test cases","messageBody":"","tags":["Level-8-A"],"fileTypesAndContributionMap":{"java":{"insertions":29,"deletions":1}}}]},{"date":"2023-11-05","commitResults":[{"hash":"c99b5f8fb0eb5e4fed80387a79a2b30acae5d8a6","isMergeCommit":false,"messageTitle":"Level-9 Find, Added exact search feature + Individual Feature 1 - 42-C-BetterSearch","messageBody":"","tags":["Level-9"],"fileTypesAndContributionMap":{"txt":{"insertions":3,"deletions":0},"java":{"insertions":126,"deletions":9}}}]},{"date":"2023-11-06","commitResults":[{"hash":"49c202700e2615e795eaf185d40ed0b143bf06d1","isMergeCommit":false,"messageTitle":"Packaged Commands + Added new snooze command","messageBody":"","fileTypesAndContributionMap":{"java":{"insertions":490,"deletions":224}}},{"hash":"e4a40243af60316b1be3d2184ed5488559c6dedf","isMergeCommit":false,"messageTitle":"Introduced enum to constraint list of usable commands, added help function.","messageBody":"","fileTypesAndContributionMap":{"java":{"insertions":86,"deletions":54}}},{"hash":"135d9e6fd31c43d9eed25f81730dfd7d8a72085a","isMergeCommit":false,"messageTitle":"Improved Snooze function to have ability to postpone date to a specific date","messageBody":"","fileTypesAndContributionMap":{"java":{"insertions":88,"deletions":7}}},{"hash":"a6cef3374ef39a7ba76c01f048b253f8bf2cd1a2","isMergeCommit":false,"messageTitle":"Level-10-b introduced assertions to document that Event\u0027s toDate and Deadline\u0027s byDate is not empty before incrementing with snooze method.","messageBody":"","fileTypesAndContributionMap":{"java":{"insertions":11,"deletions":8}}},{"hash":"491499351e2a752c5b65ab2ae5acd3ade12ea8ef","isMergeCommit":false,"messageTitle":"Repackaged all classes, moved main class \"Tim\" out of package","messageBody":"","fileTypesAndContributionMap":{"java":{"insertions":6,"deletions":11}}},{"hash":"da7c02a8f6cdf9d84f955ffe7ff29f9789beb6ab","isMergeCommit":false,"messageTitle":"Repackaged all classes, moved main class \"Tim\" out of package","messageBody":"","fileTypesAndContributionMap":{"java":{"insertions":69,"deletions":57},"bat":{"insertions":2,"deletions":2}}},{"hash":"a159215ea8d9623a03438500753ec3f33d21dda9","isMergeCommit":false,"messageTitle":"Revert \"Repackaged all classes, moved main class \"Tim\" out of package\"","messageBody":"This reverts commit da7c02a8f6cdf9d84f955ffe7ff29f9789beb6ab.\n","fileTypesAndContributionMap":{"java":{"insertions":57,"deletions":69},"bat":{"insertions":2,"deletions":2}}},{"hash":"3332da7696b073e91f7aa3023a8d67d3edb491ad","isMergeCommit":true,"messageTitle":"Merge remote-tracking branch \u0027origin/master\u0027","messageBody":"","fileTypesAndContributionMap":{}},{"hash":"9a76f4bdf106639e9da84ecb7856d9ee17052a8e","isMergeCommit":false,"messageTitle":"error on last series of commits, moved Tim out of body package","messageBody":"","fileTypesAndContributionMap":{"java":{"insertions":9,"deletions":10},"bat":{"insertions":2,"deletions":2}}},{"hash":"560d6443875a4c00a8688775f1c9eef577088bf6","isMergeCommit":false,"messageTitle":"Revert \"Repackaged all classes, moved main class \"Tim\" out of package\"","messageBody":"This reverts commit 491499351e2a752c5b65ab2ae5acd3ade12ea8ef.\n","fileTypesAndContributionMap":{"java":{"insertions":5,"deletions":0}}},{"hash":"d13b7543847906ae1eb34c7fe6b7cf61db03f22f","isMergeCommit":true,"messageTitle":"Merge branch \u0027master\u0027 of https://github.com/gweemelvin/duke","messageBody":"","fileTypesAndContributionMap":{}}]},{"date":"2023-11-07","commitResults":[{"hash":"12767ad1186fbe8a168851f4aae9690e2760c027","isMergeCommit":false,"messageTitle":"Fixed merge errors","messageBody":"","tags":["v0.1_Level10","Level-10"],"fileTypesAndContributionMap":{"java":{"insertions":62,"deletions":47}}}]},{"date":"2023-11-08","commitResults":[{"hash":"9840bc49bd2c2688a08e36edaa52291802cb3dc8","isMergeCommit":false,"messageTitle":"Updated Storage to create folder if folder do not exist","messageBody":"","fileTypesAndContributionMap":{"java":{"insertions":9,"deletions":6}}},{"hash":"4855505156515715acfd6598a2b87892d5c165d5","isMergeCommit":false,"messageTitle":"replaced System.err with System.out","messageBody":"","fileTypesAndContributionMap":{"gradle":{"insertions":1,"deletions":1},"java":{"insertions":33,"deletions":31}}},{"hash":"669dcca8a55f0c781bfec448937e058e75bc68d3","isMergeCommit":false,"messageTitle":"Added Clear Command, Bug Fixed display functions and exception logic","messageBody":"","tags":["v0.2_Level10"],"fileTypesAndContributionMap":{"txt":{"insertions":58,"deletions":11},"java":{"insertions":122,"deletions":91}}}]},{"date":"2023-11-12","commitResults":[{"hash":"4afc916abc81752fd35a19cfac654932a49f1545","isMergeCommit":false,"messageTitle":"Updated Comments to follow code convention","messageBody":"","fileTypesAndContributionMap":{"gradle":{"insertions":2,"deletions":1},"java":{"insertions":34,"deletions":32}}},{"hash":"6e5d670d72fc4c277012f055f9cc6f5326371dca","isMergeCommit":false,"messageTitle":"Updated printout message","messageBody":"","fileTypesAndContributionMap":{"java":{"insertions":3,"deletions":3}}},{"hash":"e5be7bb267e3c4e9f3a6e92252e9d649de52c693","isMergeCommit":false,"messageTitle":"Updated Delete Method and Readded Parser Clause to terminate scanner upon input \"Bye\"","messageBody":"","fileTypesAndContributionMap":{"java":{"insertions":3,"deletions":5}}},{"hash":"0ac7ee72a6efb3b224b0b182c9cb48789bcf81d3","isMergeCommit":false,"messageTitle":"removed \"Bye\" condition for parser","messageBody":"","fileTypesAndContributionMap":{"java":{"insertions":1,"deletions":1}}},{"hash":"63883ba9c8fba3b79a4817d54eb4a3db040b23d4","isMergeCommit":false,"messageTitle":"Bye command now terminates programme","messageBody":"","fileTypesAndContributionMap":{"java":{"insertions":1,"deletions":0}}},{"hash":"135de098a429fd6c9fb92b8a14bc5be564dcc8bd","isMergeCommit":false,"messageTitle":"Included new function to check days between current time till end date of task","messageBody":"","fileTypesAndContributionMap":{"java":{"insertions":78,"deletions":12}}}]},{"date":"2023-11-13","commitResults":[{"hash":"3799fc5dfc5ee1d22e086edda16eb88db1334baf","isMergeCommit":false,"messageTitle":"Updated Comments for command tasks, remove redundant method in ToDo, updated exception handling","messageBody":"","fileTypesAndContributionMap":{"java":{"insertions":16,"deletions":18}}}]},{"date":"2023-11-15","commitResults":[{"hash":"fd85ee337583556c1b2589b11b23d19c4bacdeab","isMergeCommit":false,"messageTitle":"Updated interface to print dashes appropriately, added comments for citation","messageBody":"","tags":["v0.3_Level10"],"fileTypesAndContributionMap":{"java":{"insertions":58,"deletions":14}}}]}]},"authorFileTypeContributionMap":{"gweemelvin":{"java":1297,"md":135,"fxml":0,"sh":0,"bat":2,"gradle":3,"txt":58}},"authorContributionVariance":{"gweemelvin":24005.156},"authorDisplayNameMap":{"gweemelvin":"GWEE..LVIN"}}
