[{"path":"README.md","fileType":"md","lines":[{"lineNumber":1,"author":{"gitId":"-"},"content":"# Duke project template","lastModifiedDate":"2020-05-25"},{"lineNumber":2,"author":{"gitId":"-"},"content":"","lastModifiedDate":"2020-05-25"},{"lineNumber":3,"author":{"gitId":"-"},"content":"This is a project template for a greenfield Java project. It\u0027s named after the Java mascot _Duke_. Given below are instructions on how to use it.","lastModifiedDate":"2020-05-25"},{"lineNumber":4,"author":{"gitId":"-"},"content":"","lastModifiedDate":"2020-05-25"},{"lineNumber":5,"author":{"gitId":"-"},"content":"## Setting up in Intellij","lastModifiedDate":"2020-05-25"},{"lineNumber":6,"author":{"gitId":"-"},"content":"","lastModifiedDate":"2020-05-25"},{"lineNumber":7,"author":{"gitId":"-"},"content":"Prerequisites: JDK 11, update Intellij to the most recent version.","lastModifiedDate":"2020-05-25"},{"lineNumber":8,"author":{"gitId":"-"},"content":"","lastModifiedDate":"2020-05-25"},{"lineNumber":9,"author":{"gitId":"-"},"content":"1. Open Intellij (if you are not in the welcome screen, click `File` \u003e `Close Project` to close the existing project first)","lastModifiedDate":"2021-01-17"},{"lineNumber":10,"author":{"gitId":"-"},"content":"1. Open the project into Intellij as follows:","lastModifiedDate":"2021-01-17"},{"lineNumber":11,"author":{"gitId":"-"},"content":"   1. Click `Open`.","lastModifiedDate":"2021-01-17"},{"lineNumber":12,"author":{"gitId":"-"},"content":"   1. Select the project directory, and click `OK`.","lastModifiedDate":"2021-01-17"},{"lineNumber":13,"author":{"gitId":"-"},"content":"   1. If there are any further prompts, accept the defaults.","lastModifiedDate":"2020-05-25"},{"lineNumber":14,"author":{"gitId":"-"},"content":"1. Configure the project to use **JDK 11** (not other versions) as explained in [here](https://www.jetbrains.com/help/idea/sdk.html#set-up-jdk).\u003cbr\u003e","lastModifiedDate":"2021-07-29"},{"lineNumber":15,"author":{"gitId":"-"},"content":"   In the same dialog, set the **Project language level** field to the `SDK default` option.","lastModifiedDate":"2021-07-29"},{"lineNumber":16,"author":{"gitId":"-"},"content":"3. After that, locate the `src/main/java/Duke.java` file, right-click it, and choose `Run Duke.main()` (if the code editor is showing compile errors, try restarting the IDE). If the setup is correct, you should see something like the below as the output:","lastModifiedDate":"2021-07-29"},{"lineNumber":17,"author":{"gitId":"-"},"content":"   ```","lastModifiedDate":"2020-05-25"},{"lineNumber":18,"author":{"gitId":"-"},"content":"   Hello from","lastModifiedDate":"2020-05-25"},{"lineNumber":19,"author":{"gitId":"-"},"content":"    ____        _        ","lastModifiedDate":"2020-05-25"},{"lineNumber":20,"author":{"gitId":"-"},"content":"   |  _ \\ _   _| | _____ ","lastModifiedDate":"2020-05-25"},{"lineNumber":21,"author":{"gitId":"-"},"content":"   | | | | | | | |/ / _ \\","lastModifiedDate":"2020-05-25"},{"lineNumber":22,"author":{"gitId":"-"},"content":"   | |_| | |_| |   \u003c  __/","lastModifiedDate":"2020-05-25"},{"lineNumber":23,"author":{"gitId":"-"},"content":"   |____/ \\__,_|_|\\_\\___|","lastModifiedDate":"2020-05-25"},{"lineNumber":24,"author":{"gitId":"-"},"content":"   ```","lastModifiedDate":"2020-05-25"},{"lineNumber":25,"author":{"gitId":"GuangzuW"},"content":"","lastModifiedDate":"2023-09-03"},{"lineNumber":26,"author":{"gitId":"GuangzuW"},"content":"## Feature","lastModifiedDate":"2023-09-10"},{"lineNumber":27,"author":{"gitId":"GuangzuW"},"content":"### Level 0","lastModifiedDate":"2023-09-03"},{"lineNumber":28,"author":{"gitId":"GuangzuW"},"content":"1, Fork and Clone repository, implement greeting and set name function.","lastModifiedDate":"2023-09-03"},{"lineNumber":29,"author":{"gitId":"GuangzuW"},"content":"","lastModifiedDate":"2023-09-03"},{"lineNumber":30,"author":{"gitId":"GuangzuW"},"content":"### Level 1","lastModifiedDate":"2023-09-03"},{"lineNumber":31,"author":{"gitId":"GuangzuW"},"content":"1, Add printService, get command from terminal and print corresponding message.","lastModifiedDate":"2023-09-03"},{"lineNumber":32,"author":{"gitId":"GuangzuW"},"content":"","lastModifiedDate":"2023-09-03"},{"lineNumber":33,"author":{"gitId":"GuangzuW"},"content":"### Level 2","lastModifiedDate":"2023-09-03"},{"lineNumber":34,"author":{"gitId":"GuangzuW"},"content":"1, add \"add task\" and \"print task\" function","lastModifiedDate":"2023-09-03"},{"lineNumber":35,"author":{"gitId":"GuangzuW"},"content":"","lastModifiedDate":"2023-09-10"},{"lineNumber":36,"author":{"gitId":"GuangzuW"},"content":"### Level 3","lastModifiedDate":"2023-09-10"},{"lineNumber":37,"author":{"gitId":"GuangzuW"},"content":"1, add Mark as Done and mark as not done function. ","lastModifiedDate":"2023-09-10"},{"lineNumber":38,"author":{"gitId":"GuangzuW"},"content":"","lastModifiedDate":"2023-09-10"},{"lineNumber":39,"author":{"gitId":"GuangzuW"},"content":"2, Use the input/output redirection technique to semi-automate the testing of Duke. change the .gitignore file, include text-ui-test folder in the remote repo","lastModifiedDate":"2023-09-10"},{"lineNumber":40,"author":{"gitId":"GuangzuW"},"content":"","lastModifiedDate":"2023-09-19"},{"lineNumber":41,"author":{"gitId":"GuangzuW"},"content":"### Level 4","lastModifiedDate":"2023-09-19"},{"lineNumber":42,"author":{"gitId":"GuangzuW"},"content":"1, create Todos, Deadlines and Events class, and Modify Duke class to meet level 4 requirements","lastModifiedDate":"2023-09-19"}],"authorContributionMap":{"GuangzuW":18,"-":24}},{"path":"src/main/java/Deadlines.java","fileType":"java","lines":[{"lineNumber":1,"author":{"gitId":"GuangzuW"},"content":"public class Deadlines extends Task{","lastModifiedDate":"2023-09-19"},{"lineNumber":2,"author":{"gitId":"GuangzuW"},"content":"","lastModifiedDate":"2023-09-19"},{"lineNumber":3,"author":{"gitId":"GuangzuW"},"content":"    public Deadlines(String description) {","lastModifiedDate":"2023-09-19"},{"lineNumber":4,"author":{"gitId":"GuangzuW"},"content":"        super(description);","lastModifiedDate":"2023-09-19"},{"lineNumber":5,"author":{"gitId":"GuangzuW"},"content":"    }","lastModifiedDate":"2023-09-19"},{"lineNumber":6,"author":{"gitId":"GuangzuW"},"content":"","lastModifiedDate":"2023-09-19"},{"lineNumber":7,"author":{"gitId":"GuangzuW"},"content":"    @Override","lastModifiedDate":"2023-09-19"},{"lineNumber":8,"author":{"gitId":"GuangzuW"},"content":"    public String getStatusIcon() {","lastModifiedDate":"2023-09-19"},{"lineNumber":9,"author":{"gitId":"GuangzuW"},"content":"        return \"[D]\" + super.getStatusIcon();","lastModifiedDate":"2023-09-19"},{"lineNumber":10,"author":{"gitId":"GuangzuW"},"content":"    }","lastModifiedDate":"2023-09-19"},{"lineNumber":11,"author":{"gitId":"GuangzuW"},"content":"","lastModifiedDate":"2023-09-19"},{"lineNumber":12,"author":{"gitId":"GuangzuW"},"content":"}","lastModifiedDate":"2023-09-19"}],"authorContributionMap":{"GuangzuW":12}},{"path":"src/main/java/Duke.java","fileType":"java","lines":[{"lineNumber":1,"author":{"gitId":"GuangzuW"},"content":"import java.lang.reflect.Array;","lastModifiedDate":"2023-09-19"},{"lineNumber":2,"author":{"gitId":"GuangzuW"},"content":"import java.time.LocalDateTime;","lastModifiedDate":"2023-09-03"},{"lineNumber":3,"author":{"gitId":"GuangzuW"},"content":"import java.util.ArrayList;","lastModifiedDate":"2023-09-03"},{"lineNumber":4,"author":{"gitId":"GuangzuW"},"content":"import java.util.Arrays;","lastModifiedDate":"2023-09-19"},{"lineNumber":5,"author":{"gitId":"GuangzuW"},"content":"import java.util.List;","lastModifiedDate":"2023-09-03"},{"lineNumber":6,"author":{"gitId":"GuangzuW"},"content":"import java.util.Scanner;","lastModifiedDate":"2023-09-03"},{"lineNumber":7,"author":{"gitId":"-"},"content":"public class Duke {","lastModifiedDate":"2019-07-29"},{"lineNumber":8,"author":{"gitId":"-"},"content":"    public static void main(String[] args) {","lastModifiedDate":"2019-07-29"},{"lineNumber":9,"author":{"gitId":"-"},"content":"        String logo \u003d \" ____        _\\n\"","lastModifiedDate":"2019-07-29"},{"lineNumber":10,"author":{"gitId":"-"},"content":"                + \"|  _ \\\\ _   _| | _____\\n\"","lastModifiedDate":"2019-07-29"},{"lineNumber":11,"author":{"gitId":"-"},"content":"                + \"| | | | | | | |/ / _ \\\\\\n\"","lastModifiedDate":"2019-07-29"},{"lineNumber":12,"author":{"gitId":"-"},"content":"                + \"| |_| | |_| |   \u003c  __/\\n\"","lastModifiedDate":"2019-07-29"},{"lineNumber":13,"author":{"gitId":"-"},"content":"                + \"|____/ \\\\__,_|_|\\\\_\\\\___|\\n\";","lastModifiedDate":"2019-07-29"},{"lineNumber":14,"author":{"gitId":"GuangzuW"},"content":"        System.out.println(\"Hello from\\n\\n\\n\" + logo);","lastModifiedDate":"2023-09-10"},{"lineNumber":15,"author":{"gitId":"GuangzuW"},"content":"","lastModifiedDate":"2023-09-03"},{"lineNumber":16,"author":{"gitId":"GuangzuW"},"content":"        printMessage(\"Hello! I am Duke , your chatbot, set a name for me!!\");","lastModifiedDate":"2023-09-03"},{"lineNumber":17,"author":{"gitId":"GuangzuW"},"content":"        String name;","lastModifiedDate":"2023-09-03"},{"lineNumber":18,"author":{"gitId":"GuangzuW"},"content":"        Scanner input \u003d new Scanner(System.in);","lastModifiedDate":"2023-09-03"},{"lineNumber":19,"author":{"gitId":"GuangzuW"},"content":"        printMessage(\"Please enter a name for your chatbot (enter to set to default \u0027Duke\u0027):\");","lastModifiedDate":"2023-09-03"},{"lineNumber":20,"author":{"gitId":"GuangzuW"},"content":"        name \u003d input.nextLine();","lastModifiedDate":"2023-09-03"},{"lineNumber":21,"author":{"gitId":"GuangzuW"},"content":"        if(name.isBlank()){","lastModifiedDate":"2023-09-03"},{"lineNumber":22,"author":{"gitId":"GuangzuW"},"content":"            name \u003d \"Duke\";","lastModifiedDate":"2023-09-03"},{"lineNumber":23,"author":{"gitId":"GuangzuW"},"content":"        }","lastModifiedDate":"2023-09-03"},{"lineNumber":24,"author":{"gitId":"GuangzuW"},"content":"        printLine();","lastModifiedDate":"2023-09-03"},{"lineNumber":25,"author":{"gitId":"GuangzuW"},"content":"        String greeting \u003d getGreeting();","lastModifiedDate":"2023-09-03"},{"lineNumber":26,"author":{"gitId":"GuangzuW"},"content":"        printMessage(greeting+\"! I am \"+name + \", Your personal chatbot.\");","lastModifiedDate":"2023-09-10"},{"lineNumber":27,"author":{"gitId":"GuangzuW"},"content":"        printMessage(\"What can I do for you today?\");","lastModifiedDate":"2023-09-03"},{"lineNumber":28,"author":{"gitId":"GuangzuW"},"content":"        printLine();","lastModifiedDate":"2023-09-03"},{"lineNumber":29,"author":{"gitId":"GuangzuW"},"content":"","lastModifiedDate":"2023-09-03"},{"lineNumber":30,"author":{"gitId":"GuangzuW"},"content":"        ArrayList\u003cTask\u003e taskList \u003d new ArrayList\u003c\u003e();","lastModifiedDate":"2023-09-10"},{"lineNumber":31,"author":{"gitId":"GuangzuW"},"content":"        while(true){","lastModifiedDate":"2023-09-03"},{"lineNumber":32,"author":{"gitId":"GuangzuW"},"content":"            printMessage(\"Please input command:\");","lastModifiedDate":"2023-09-03"},{"lineNumber":33,"author":{"gitId":"GuangzuW"},"content":"            String command \u003d input.nextLine();","lastModifiedDate":"2023-09-03"},{"lineNumber":34,"author":{"gitId":"GuangzuW"},"content":"            if(command.equalsIgnoreCase(\"bye\")){","lastModifiedDate":"2023-09-10"},{"lineNumber":35,"author":{"gitId":"GuangzuW"},"content":"                printLine();","lastModifiedDate":"2023-09-03"},{"lineNumber":36,"author":{"gitId":"GuangzuW"},"content":"                printMessage(\"Bye. Hope to see you again soon!\");","lastModifiedDate":"2023-09-03"},{"lineNumber":37,"author":{"gitId":"GuangzuW"},"content":"                printLine();","lastModifiedDate":"2023-09-03"},{"lineNumber":38,"author":{"gitId":"GuangzuW"},"content":"                break;","lastModifiedDate":"2023-09-03"},{"lineNumber":39,"author":{"gitId":"GuangzuW"},"content":"            }else if (command.equalsIgnoreCase(\"list\")){","lastModifiedDate":"2023-09-10"},{"lineNumber":40,"author":{"gitId":"GuangzuW"},"content":"                if (!taskList.isEmpty()){","lastModifiedDate":"2023-09-03"},{"lineNumber":41,"author":{"gitId":"GuangzuW"},"content":"                    int idx \u003d 1;","lastModifiedDate":"2023-09-03"},{"lineNumber":42,"author":{"gitId":"GuangzuW"},"content":"                    printLine();","lastModifiedDate":"2023-09-03"},{"lineNumber":43,"author":{"gitId":"GuangzuW"},"content":"                    printMessage(\"Here are the tasks in your list:\");","lastModifiedDate":"2023-09-03"},{"lineNumber":44,"author":{"gitId":"GuangzuW"},"content":"                    for (Task task:taskList) {","lastModifiedDate":"2023-09-10"},{"lineNumber":45,"author":{"gitId":"GuangzuW"},"content":"                        printMessage(idx + \". \"  + task.getStatusIcon() +task.description);","lastModifiedDate":"2023-09-19"},{"lineNumber":46,"author":{"gitId":"GuangzuW"},"content":"                        idx++;","lastModifiedDate":"2023-09-03"},{"lineNumber":47,"author":{"gitId":"GuangzuW"},"content":"                    }","lastModifiedDate":"2023-09-03"},{"lineNumber":48,"author":{"gitId":"GuangzuW"},"content":"                    printLine();","lastModifiedDate":"2023-09-03"},{"lineNumber":49,"author":{"gitId":"GuangzuW"},"content":"                }else{","lastModifiedDate":"2023-09-03"},{"lineNumber":50,"author":{"gitId":"GuangzuW"},"content":"                    printLine();","lastModifiedDate":"2023-09-03"},{"lineNumber":51,"author":{"gitId":"GuangzuW"},"content":"                    printMessage(command);","lastModifiedDate":"2023-09-03"},{"lineNumber":52,"author":{"gitId":"GuangzuW"},"content":"                    printLine();","lastModifiedDate":"2023-09-03"},{"lineNumber":53,"author":{"gitId":"GuangzuW"},"content":"                }","lastModifiedDate":"2023-09-03"},{"lineNumber":54,"author":{"gitId":"GuangzuW"},"content":"            }else if(command.toLowerCase().contains(\"mark\")) {","lastModifiedDate":"2023-09-10"},{"lineNumber":55,"author":{"gitId":"GuangzuW"},"content":"                String[] split \u003d command.split(\" \");","lastModifiedDate":"2023-09-19"},{"lineNumber":56,"author":{"gitId":"GuangzuW"},"content":"                if (split[0].trim().equalsIgnoreCase(\"mark\")) {","lastModifiedDate":"2023-09-10"},{"lineNumber":57,"author":{"gitId":"GuangzuW"},"content":"                    int index \u003d 0;","lastModifiedDate":"2023-09-10"},{"lineNumber":58,"author":{"gitId":"GuangzuW"},"content":"                    try {","lastModifiedDate":"2023-09-10"},{"lineNumber":59,"author":{"gitId":"GuangzuW"},"content":"                        index \u003d Integer.parseInt(split[1].trim());","lastModifiedDate":"2023-09-10"},{"lineNumber":60,"author":{"gitId":"GuangzuW"},"content":"                    } catch (NumberFormatException e) {","lastModifiedDate":"2023-09-10"},{"lineNumber":61,"author":{"gitId":"GuangzuW"},"content":"                        System.out.println(split[1] + \" is not a valid integer.\");","lastModifiedDate":"2023-09-10"},{"lineNumber":62,"author":{"gitId":"GuangzuW"},"content":"                    }","lastModifiedDate":"2023-09-10"},{"lineNumber":63,"author":{"gitId":"GuangzuW"},"content":"                    if (taskList.size() \u003e\u003d index) {","lastModifiedDate":"2023-09-10"},{"lineNumber":64,"author":{"gitId":"GuangzuW"},"content":"                        taskList.get(index - 1).markAsDone();","lastModifiedDate":"2023-09-10"},{"lineNumber":65,"author":{"gitId":"GuangzuW"},"content":"                        printLine();","lastModifiedDate":"2023-09-10"},{"lineNumber":66,"author":{"gitId":"GuangzuW"},"content":"                        printMessage(\"Nice! I\u0027ve marked this task as done:\");","lastModifiedDate":"2023-09-10"},{"lineNumber":67,"author":{"gitId":"GuangzuW"},"content":"                        printMessage(taskList.get(index - 1).getStatusIcon() + taskList.get(index - 1).description);","lastModifiedDate":"2023-09-19"},{"lineNumber":68,"author":{"gitId":"GuangzuW"},"content":"                        printLine();","lastModifiedDate":"2023-09-10"},{"lineNumber":69,"author":{"gitId":"GuangzuW"},"content":"                    }","lastModifiedDate":"2023-09-10"},{"lineNumber":70,"author":{"gitId":"GuangzuW"},"content":"                } else if (split[0].trim().equalsIgnoreCase(\"unmark\")) {","lastModifiedDate":"2023-09-10"},{"lineNumber":71,"author":{"gitId":"GuangzuW"},"content":"                    int index \u003d 0;","lastModifiedDate":"2023-09-10"},{"lineNumber":72,"author":{"gitId":"GuangzuW"},"content":"                    try {","lastModifiedDate":"2023-09-10"},{"lineNumber":73,"author":{"gitId":"GuangzuW"},"content":"                        index \u003d Integer.parseInt(split[1].trim());","lastModifiedDate":"2023-09-10"},{"lineNumber":74,"author":{"gitId":"GuangzuW"},"content":"                    } catch (NumberFormatException e) {","lastModifiedDate":"2023-09-10"},{"lineNumber":75,"author":{"gitId":"GuangzuW"},"content":"                        System.out.println(split[1] + \" is not a valid integer.\");","lastModifiedDate":"2023-09-10"},{"lineNumber":76,"author":{"gitId":"GuangzuW"},"content":"                    }","lastModifiedDate":"2023-09-10"},{"lineNumber":77,"author":{"gitId":"GuangzuW"},"content":"                    if (taskList.size() \u003e\u003d index) {","lastModifiedDate":"2023-09-10"},{"lineNumber":78,"author":{"gitId":"GuangzuW"},"content":"                        taskList.get(index - 1).markAsNotDone();","lastModifiedDate":"2023-09-10"},{"lineNumber":79,"author":{"gitId":"GuangzuW"},"content":"                        printLine();","lastModifiedDate":"2023-09-10"},{"lineNumber":80,"author":{"gitId":"GuangzuW"},"content":"                        printMessage(\"OK, I\u0027ve marked this task as not done yet:\");","lastModifiedDate":"2023-09-10"},{"lineNumber":81,"author":{"gitId":"GuangzuW"},"content":"                        printMessage(taskList.get(index - 1).getStatusIcon() + taskList.get(index - 1).description);","lastModifiedDate":"2023-09-19"},{"lineNumber":82,"author":{"gitId":"GuangzuW"},"content":"                        printLine();","lastModifiedDate":"2023-09-10"},{"lineNumber":83,"author":{"gitId":"GuangzuW"},"content":"                    }","lastModifiedDate":"2023-09-10"},{"lineNumber":84,"author":{"gitId":"GuangzuW"},"content":"                }","lastModifiedDate":"2023-09-10"},{"lineNumber":85,"author":{"gitId":"GuangzuW"},"content":"            }else if(command.toLowerCase().startsWith(\"todo\")){","lastModifiedDate":"2023-09-19"},{"lineNumber":86,"author":{"gitId":"GuangzuW"},"content":"                String[] split \u003d command.split(\" \");","lastModifiedDate":"2023-09-19"},{"lineNumber":87,"author":{"gitId":"GuangzuW"},"content":"                String descWithBracket \u003d Arrays.toString(Arrays.copyOfRange(split, 1, split.length));","lastModifiedDate":"2023-09-19"},{"lineNumber":88,"author":{"gitId":"GuangzuW"},"content":"                String desc \u003d descWithBracket.substring(1,descWithBracket.length()-1).trim().replace(\",\",\" \");","lastModifiedDate":"2023-09-19"},{"lineNumber":89,"author":{"gitId":"GuangzuW"},"content":"                printMessage(desc);","lastModifiedDate":"2023-09-19"},{"lineNumber":90,"author":{"gitId":"GuangzuW"},"content":"                Todos todoTask \u003d new Todos(desc);","lastModifiedDate":"2023-09-19"},{"lineNumber":91,"author":{"gitId":"GuangzuW"},"content":"                taskList.add(todoTask);","lastModifiedDate":"2023-09-19"},{"lineNumber":92,"author":{"gitId":"GuangzuW"},"content":"                printLine();","lastModifiedDate":"2023-09-03"},{"lineNumber":93,"author":{"gitId":"GuangzuW"},"content":"                printMessage(\"Got it. I\u0027ve added this task:\");","lastModifiedDate":"2023-09-19"},{"lineNumber":94,"author":{"gitId":"GuangzuW"},"content":"                System.out.println(todoTask.getStatusIcon()+\" \"+ desc);","lastModifiedDate":"2023-09-19"},{"lineNumber":95,"author":{"gitId":"GuangzuW"},"content":"                System.out.printf(\"Now you have %d tasks in the list.\\n\", taskList.size());","lastModifiedDate":"2023-09-19"},{"lineNumber":96,"author":{"gitId":"GuangzuW"},"content":"                printLine();","lastModifiedDate":"2023-09-03"},{"lineNumber":97,"author":{"gitId":"GuangzuW"},"content":"            }else if(command.toLowerCase().startsWith(\"deadline\")){","lastModifiedDate":"2023-09-19"},{"lineNumber":98,"author":{"gitId":"GuangzuW"},"content":"                String[] split \u003d command.split(\" \");","lastModifiedDate":"2023-09-19"},{"lineNumber":99,"author":{"gitId":"GuangzuW"},"content":"                String taskWithBracket \u003d Arrays.toString(Arrays.copyOfRange(split, 1, split.length-2));","lastModifiedDate":"2023-09-19"},{"lineNumber":100,"author":{"gitId":"GuangzuW"},"content":"                String task \u003d taskWithBracket.substring(1,taskWithBracket.length()-1).replace(\",\",\" \");","lastModifiedDate":"2023-09-19"},{"lineNumber":101,"author":{"gitId":"GuangzuW"},"content":"                String deadlineWithBracket \u003d Arrays.toString(Arrays.copyOfRange(split,split.length-2,split.length));","lastModifiedDate":"2023-09-19"},{"lineNumber":102,"author":{"gitId":"GuangzuW"},"content":"                String deadline \u003d deadlineWithBracket.substring(2,deadlineWithBracket.length()-1).trim().replace(\",\",\": \");","lastModifiedDate":"2023-09-19"},{"lineNumber":103,"author":{"gitId":"GuangzuW"},"content":"                String desc \u003d task + \" (\" + deadline +\")\";","lastModifiedDate":"2023-09-19"},{"lineNumber":104,"author":{"gitId":"GuangzuW"},"content":"                printMessage(desc);","lastModifiedDate":"2023-09-19"},{"lineNumber":105,"author":{"gitId":"GuangzuW"},"content":"                Deadlines deadlineTask \u003d new Deadlines(desc);","lastModifiedDate":"2023-09-19"},{"lineNumber":106,"author":{"gitId":"GuangzuW"},"content":"                taskList.add(deadlineTask);","lastModifiedDate":"2023-09-19"},{"lineNumber":107,"author":{"gitId":"GuangzuW"},"content":"                printLine();","lastModifiedDate":"2023-09-19"},{"lineNumber":108,"author":{"gitId":"GuangzuW"},"content":"                printMessage(\"Got it. I\u0027ve added this task:\");","lastModifiedDate":"2023-09-19"},{"lineNumber":109,"author":{"gitId":"GuangzuW"},"content":"                System.out.println(deadlineTask.getStatusIcon()+\" \"+ desc);","lastModifiedDate":"2023-09-19"},{"lineNumber":110,"author":{"gitId":"GuangzuW"},"content":"                System.out.printf(\"Now you have %d tasks in the list.\\n\", taskList.size());","lastModifiedDate":"2023-09-19"},{"lineNumber":111,"author":{"gitId":"GuangzuW"},"content":"                printLine();","lastModifiedDate":"2023-09-19"},{"lineNumber":112,"author":{"gitId":"GuangzuW"},"content":"            }else if(command.toLowerCase().startsWith(\"event\")){","lastModifiedDate":"2023-09-19"},{"lineNumber":113,"author":{"gitId":"GuangzuW"},"content":"                String descString \u003d command.replace(\"event \",\"\");","lastModifiedDate":"2023-09-19"},{"lineNumber":114,"author":{"gitId":"GuangzuW"},"content":"                String[] splitString \u003d descString.split(\"/\");","lastModifiedDate":"2023-09-19"},{"lineNumber":115,"author":{"gitId":"GuangzuW"},"content":"                int index \u003d descString.indexOf(\"/\");","lastModifiedDate":"2023-09-19"},{"lineNumber":116,"author":{"gitId":"GuangzuW"},"content":"                String desc \u003d descString.substring(0,index-1);","lastModifiedDate":"2023-09-19"},{"lineNumber":117,"author":{"gitId":"GuangzuW"},"content":"                String time \u003d descString.substring(index).replace(\"/from\",\" (from:\").replace(\"/to\",\"to:\") + \")\";","lastModifiedDate":"2023-09-19"},{"lineNumber":118,"author":{"gitId":"GuangzuW"},"content":"                desc \u003d desc + time;","lastModifiedDate":"2023-09-19"},{"lineNumber":119,"author":{"gitId":"GuangzuW"},"content":"                printMessage(desc);","lastModifiedDate":"2023-09-19"},{"lineNumber":120,"author":{"gitId":"GuangzuW"},"content":"                Events eventTask \u003d new Events(desc);","lastModifiedDate":"2023-09-19"},{"lineNumber":121,"author":{"gitId":"GuangzuW"},"content":"                taskList.add(eventTask);","lastModifiedDate":"2023-09-19"},{"lineNumber":122,"author":{"gitId":"GuangzuW"},"content":"                printLine();","lastModifiedDate":"2023-09-19"},{"lineNumber":123,"author":{"gitId":"GuangzuW"},"content":"                printMessage(\"Got it. I\u0027ve added this task:\");","lastModifiedDate":"2023-09-19"},{"lineNumber":124,"author":{"gitId":"GuangzuW"},"content":"                System.out.println(eventTask.getStatusIcon()+\" \"+ desc);","lastModifiedDate":"2023-09-19"},{"lineNumber":125,"author":{"gitId":"GuangzuW"},"content":"                System.out.printf(\"Now you have %d tasks in the list.\\n\", taskList.size());","lastModifiedDate":"2023-09-19"},{"lineNumber":126,"author":{"gitId":"GuangzuW"},"content":"                printLine();","lastModifiedDate":"2023-09-19"},{"lineNumber":127,"author":{"gitId":"GuangzuW"},"content":"","lastModifiedDate":"2023-09-19"},{"lineNumber":128,"author":{"gitId":"GuangzuW"},"content":"//            }else if(split.length\u003e1) {","lastModifiedDate":"2023-09-19"},{"lineNumber":129,"author":{"gitId":"GuangzuW"},"content":"//                Task tempTask \u003d new Task(command);","lastModifiedDate":"2023-09-19"},{"lineNumber":130,"author":{"gitId":"GuangzuW"},"content":"//                taskList.add(tempTask);","lastModifiedDate":"2023-09-19"},{"lineNumber":131,"author":{"gitId":"GuangzuW"},"content":"//                printLine();","lastModifiedDate":"2023-09-19"},{"lineNumber":132,"author":{"gitId":"GuangzuW"},"content":"//                System.out.println(\"added: \" + command);","lastModifiedDate":"2023-09-19"},{"lineNumber":133,"author":{"gitId":"GuangzuW"},"content":"//                printLine();","lastModifiedDate":"2023-09-19"},{"lineNumber":134,"author":{"gitId":"GuangzuW"},"content":"            }else {","lastModifiedDate":"2023-09-03"},{"lineNumber":135,"author":{"gitId":"GuangzuW"},"content":"                printLine();","lastModifiedDate":"2023-09-03"},{"lineNumber":136,"author":{"gitId":"GuangzuW"},"content":"                printMessage(command);","lastModifiedDate":"2023-09-03"},{"lineNumber":137,"author":{"gitId":"GuangzuW"},"content":"                printLine();","lastModifiedDate":"2023-09-03"},{"lineNumber":138,"author":{"gitId":"GuangzuW"},"content":"            }","lastModifiedDate":"2023-09-03"},{"lineNumber":139,"author":{"gitId":"GuangzuW"},"content":"        }","lastModifiedDate":"2023-09-03"},{"lineNumber":140,"author":{"gitId":"GuangzuW"},"content":"","lastModifiedDate":"2023-09-03"},{"lineNumber":141,"author":{"gitId":"-"},"content":"    }","lastModifiedDate":"2023-09-03"},{"lineNumber":142,"author":{"gitId":"GuangzuW"},"content":"","lastModifiedDate":"2023-09-03"},{"lineNumber":143,"author":{"gitId":"GuangzuW"},"content":"    public static String getGreeting(){","lastModifiedDate":"2023-09-03"},{"lineNumber":144,"author":{"gitId":"GuangzuW"},"content":"        LocalDateTime currentTime \u003d LocalDateTime.now();","lastModifiedDate":"2023-09-03"},{"lineNumber":145,"author":{"gitId":"GuangzuW"},"content":"        int hour \u003d currentTime.getHour();","lastModifiedDate":"2023-09-03"},{"lineNumber":146,"author":{"gitId":"GuangzuW"},"content":"        if(hour \u003c 12){","lastModifiedDate":"2023-09-03"},{"lineNumber":147,"author":{"gitId":"GuangzuW"},"content":"            return \"Good morning\";","lastModifiedDate":"2023-09-03"},{"lineNumber":148,"author":{"gitId":"GuangzuW"},"content":"        }else if(hour \u003c 18){","lastModifiedDate":"2023-09-03"},{"lineNumber":149,"author":{"gitId":"GuangzuW"},"content":"            return \"Good afternoon\";","lastModifiedDate":"2023-09-03"},{"lineNumber":150,"author":{"gitId":"GuangzuW"},"content":"        }else {","lastModifiedDate":"2023-09-03"},{"lineNumber":151,"author":{"gitId":"GuangzuW"},"content":"            return \"Good evening\";","lastModifiedDate":"2023-09-03"},{"lineNumber":152,"author":{"gitId":"GuangzuW"},"content":"        }","lastModifiedDate":"2023-09-03"},{"lineNumber":153,"author":{"gitId":"GuangzuW"},"content":"    }","lastModifiedDate":"2023-09-03"},{"lineNumber":154,"author":{"gitId":"GuangzuW"},"content":"","lastModifiedDate":"2023-09-03"},{"lineNumber":155,"author":{"gitId":"GuangzuW"},"content":"    public static void printLine(){","lastModifiedDate":"2023-09-03"},{"lineNumber":156,"author":{"gitId":"GuangzuW"},"content":"        System.out.println(\"----\".repeat(10));","lastModifiedDate":"2023-09-03"},{"lineNumber":157,"author":{"gitId":"GuangzuW"},"content":"    }","lastModifiedDate":"2023-09-03"},{"lineNumber":158,"author":{"gitId":"GuangzuW"},"content":"","lastModifiedDate":"2023-09-03"},{"lineNumber":159,"author":{"gitId":"GuangzuW"},"content":"    public static void printMessage(String message){","lastModifiedDate":"2023-09-03"},{"lineNumber":160,"author":{"gitId":"GuangzuW"},"content":"        System.out.println(message);","lastModifiedDate":"2023-09-03"},{"lineNumber":161,"author":{"gitId":"-"},"content":"    }","lastModifiedDate":"2019-07-29"},{"lineNumber":162,"author":{"gitId":"GuangzuW"},"content":"","lastModifiedDate":"2023-09-10"},{"lineNumber":163,"author":{"gitId":"-"},"content":"}","lastModifiedDate":"2019-07-29"}],"authorContributionMap":{"GuangzuW":153,"-":10}},{"path":"src/main/java/Events.java","fileType":"java","lines":[{"lineNumber":1,"author":{"gitId":"GuangzuW"},"content":"public class Events extends Task{","lastModifiedDate":"2023-09-19"},{"lineNumber":2,"author":{"gitId":"GuangzuW"},"content":"","lastModifiedDate":"2023-09-19"},{"lineNumber":3,"author":{"gitId":"GuangzuW"},"content":"    public Events(String description){","lastModifiedDate":"2023-09-19"},{"lineNumber":4,"author":{"gitId":"GuangzuW"},"content":"        super(description);","lastModifiedDate":"2023-09-19"},{"lineNumber":5,"author":{"gitId":"GuangzuW"},"content":"    }","lastModifiedDate":"2023-09-19"},{"lineNumber":6,"author":{"gitId":"GuangzuW"},"content":"","lastModifiedDate":"2023-09-19"},{"lineNumber":7,"author":{"gitId":"GuangzuW"},"content":"    @Override","lastModifiedDate":"2023-09-19"},{"lineNumber":8,"author":{"gitId":"GuangzuW"},"content":"    public String getStatusIcon() {","lastModifiedDate":"2023-09-19"},{"lineNumber":9,"author":{"gitId":"GuangzuW"},"content":"        return \"[E]\" + super.getStatusIcon();","lastModifiedDate":"2023-09-19"},{"lineNumber":10,"author":{"gitId":"GuangzuW"},"content":"    }","lastModifiedDate":"2023-09-19"},{"lineNumber":11,"author":{"gitId":"GuangzuW"},"content":"}","lastModifiedDate":"2023-09-19"}],"authorContributionMap":{"GuangzuW":11}},{"path":"src/main/java/Task.java","fileType":"java","lines":[{"lineNumber":1,"author":{"gitId":"GuangzuW"},"content":"public class Task {","lastModifiedDate":"2023-09-10"},{"lineNumber":2,"author":{"gitId":"GuangzuW"},"content":"    protected String description;","lastModifiedDate":"2023-09-10"},{"lineNumber":3,"author":{"gitId":"GuangzuW"},"content":"    protected boolean isDone;","lastModifiedDate":"2023-09-10"},{"lineNumber":4,"author":{"gitId":"GuangzuW"},"content":"","lastModifiedDate":"2023-09-10"},{"lineNumber":5,"author":{"gitId":"GuangzuW"},"content":"    public Task(String description) {","lastModifiedDate":"2023-09-10"},{"lineNumber":6,"author":{"gitId":"GuangzuW"},"content":"        this.description \u003d description;","lastModifiedDate":"2023-09-10"},{"lineNumber":7,"author":{"gitId":"GuangzuW"},"content":"        this.isDone \u003d false;","lastModifiedDate":"2023-09-10"},{"lineNumber":8,"author":{"gitId":"GuangzuW"},"content":"    }","lastModifiedDate":"2023-09-10"},{"lineNumber":9,"author":{"gitId":"GuangzuW"},"content":"","lastModifiedDate":"2023-09-10"},{"lineNumber":10,"author":{"gitId":"GuangzuW"},"content":"    public String getStatusIcon() {","lastModifiedDate":"2023-09-10"},{"lineNumber":11,"author":{"gitId":"GuangzuW"},"content":"        return (\"[\" + (isDone ? \"X\" : \" \")+\"]\"); // mark done task with X","lastModifiedDate":"2023-09-19"},{"lineNumber":12,"author":{"gitId":"GuangzuW"},"content":"    }","lastModifiedDate":"2023-09-10"},{"lineNumber":13,"author":{"gitId":"GuangzuW"},"content":"","lastModifiedDate":"2023-09-10"},{"lineNumber":14,"author":{"gitId":"GuangzuW"},"content":"    public void markAsDone(){","lastModifiedDate":"2023-09-10"},{"lineNumber":15,"author":{"gitId":"GuangzuW"},"content":"        this.isDone \u003d true;","lastModifiedDate":"2023-09-10"},{"lineNumber":16,"author":{"gitId":"GuangzuW"},"content":"    }","lastModifiedDate":"2023-09-10"},{"lineNumber":17,"author":{"gitId":"GuangzuW"},"content":"    public void markAsNotDone(){","lastModifiedDate":"2023-09-10"},{"lineNumber":18,"author":{"gitId":"GuangzuW"},"content":"        this.isDone \u003d false;","lastModifiedDate":"2023-09-10"},{"lineNumber":19,"author":{"gitId":"GuangzuW"},"content":"    }","lastModifiedDate":"2023-09-10"},{"lineNumber":20,"author":{"gitId":"GuangzuW"},"content":"}","lastModifiedDate":"2023-09-10"}],"authorContributionMap":{"GuangzuW":20}},{"path":"src/main/java/Todos.java","fileType":"java","lines":[{"lineNumber":1,"author":{"gitId":"GuangzuW"},"content":"public class Todos extends Task{","lastModifiedDate":"2023-09-19"},{"lineNumber":2,"author":{"gitId":"GuangzuW"},"content":"","lastModifiedDate":"2023-09-19"},{"lineNumber":3,"author":{"gitId":"GuangzuW"},"content":"    public Todos(String description) {","lastModifiedDate":"2023-09-19"},{"lineNumber":4,"author":{"gitId":"GuangzuW"},"content":"        super(description);","lastModifiedDate":"2023-09-19"},{"lineNumber":5,"author":{"gitId":"GuangzuW"},"content":"    }","lastModifiedDate":"2023-09-19"},{"lineNumber":6,"author":{"gitId":"GuangzuW"},"content":"","lastModifiedDate":"2023-09-19"},{"lineNumber":7,"author":{"gitId":"GuangzuW"},"content":"    @Override","lastModifiedDate":"2023-09-19"},{"lineNumber":8,"author":{"gitId":"GuangzuW"},"content":"    public String getStatusIcon() {","lastModifiedDate":"2023-09-19"},{"lineNumber":9,"author":{"gitId":"GuangzuW"},"content":"        return \"[T]\" + super.getStatusIcon();","lastModifiedDate":"2023-09-19"},{"lineNumber":10,"author":{"gitId":"GuangzuW"},"content":"    }","lastModifiedDate":"2023-09-19"},{"lineNumber":11,"author":{"gitId":"GuangzuW"},"content":"","lastModifiedDate":"2023-09-19"},{"lineNumber":12,"author":{"gitId":"GuangzuW"},"content":"}","lastModifiedDate":"2023-09-19"}],"authorContributionMap":{"GuangzuW":12}},{"path":"text-ui-test/input.txt","fileType":"txt","lines":[{"lineNumber":1,"author":{"gitId":"GuangzuW"},"content":"Genebot","lastModifiedDate":"2023-09-10"},{"lineNumber":2,"author":{"gitId":"GuangzuW"},"content":"list","lastModifiedDate":"2023-09-10"},{"lineNumber":3,"author":{"gitId":"GuangzuW"},"content":"read book","lastModifiedDate":"2023-09-10"},{"lineNumber":4,"author":{"gitId":"GuangzuW"},"content":"return book","lastModifiedDate":"2023-09-10"},{"lineNumber":5,"author":{"gitId":"GuangzuW"},"content":"borrow book","lastModifiedDate":"2023-09-10"},{"lineNumber":6,"author":{"gitId":"GuangzuW"},"content":"list","lastModifiedDate":"2023-09-10"},{"lineNumber":7,"author":{"gitId":"GuangzuW"},"content":"mark 1","lastModifiedDate":"2023-09-10"},{"lineNumber":8,"author":{"gitId":"GuangzuW"},"content":"mark 3","lastModifiedDate":"2023-09-10"},{"lineNumber":9,"author":{"gitId":"GuangzuW"},"content":"list","lastModifiedDate":"2023-09-10"},{"lineNumber":10,"author":{"gitId":"GuangzuW"},"content":"unmark 3","lastModifiedDate":"2023-09-10"},{"lineNumber":11,"author":{"gitId":"GuangzuW"},"content":"list","lastModifiedDate":"2023-09-10"},{"lineNumber":12,"author":{"gitId":"GuangzuW"},"content":"bye","lastModifiedDate":"2023-09-10"}],"authorContributionMap":{"GuangzuW":12}}]
