{"authorDailyContributionsMap":{"GuangzuW":[{"date":"2023-09-03","commitResults":[{"hash":"f7e1e24b8ee178bb616a6008929a053a588dc922","isMergeCommit":false,"messageTitle":"Level 0:Fork and Clone repository, implement greeting and set name function.","messageBody":"","tags":["level-0"],"fileTypesAndContributionMap":{"java":{"insertions":32,"deletions":1},"md":{"insertions":4,"deletions":0}}},{"hash":"0f9b98548fdf766abf3a77b80e94b807481cc45a","isMergeCommit":false,"messageTitle":"Level 1, Add printService, get instruction from command terminal and print corresponding message.","messageBody":"","tags":["level-1"],"fileTypesAndContributionMap":{"java":{"insertions":30,"deletions":12},"md":{"insertions":3,"deletions":0}}},{"hash":"f3ca29e18d25beb83ce6006da72105b9730dbb90","isMergeCommit":false,"messageTitle":"Level 2, add \u0027add task\u0027 and \u0027print task\u0027 function","messageBody":"","tags":["level-2"],"fileTypesAndContributionMap":{"java":{"insertions":44,"deletions":16},"md":{"insertions":4,"deletions":1}}}]},{"date":"2023-09-10","commitResults":[{"hash":"db142e23157abcc615bbc190f1b1d8d0523494aa","isMergeCommit":false,"messageTitle":"add ignore case function  when checking input text","messageBody":"","fileTypesAndContributionMap":{"java":{"insertions":2,"deletions":2},"md":{"insertions":1,"deletions":1}}},{"hash":"0729a6502a60944ea745308ea928d6019f5ac3b4","isMergeCommit":false,"messageTitle":"Level-3, A-TextUiTesting","messageBody":"","tags":["level-3"],"fileTypesAndContributionMap":{"txt":{"insertions":12,"deletions":0},"java":{"insertions":65,"deletions":14}}},{"hash":"84004d222abba2aad1f05ec15688f11eab0f4330","isMergeCommit":false,"messageTitle":"update readme.md file","messageBody":"","fileTypesAndContributionMap":{"md":{"insertions":6,"deletions":1}}}]},{"date":"2023-09-19","commitResults":[{"hash":"6555f4d776b91c11a144f0b9a904cbd15edb09f6","isMergeCommit":false,"messageTitle":"Level 4. ToDos, Events, Deadline","messageBody":"","tags":["level-4"],"fileTypesAndContributionMap":{"java":{"insertions":102,"deletions":22},"md":{"insertions":4,"deletions":1}}}]},{"date":"2023-09-25","commitResults":[{"hash":"9653eccc99d39ba3c06ac55e5d2b0690de22a6ec","isMergeCommit":false,"messageTitle":"level5 handle errors","messageBody":"","tags":["level-5"],"fileTypesAndContributionMap":{"java":{"insertions":98,"deletions":50},"md":{"insertions":4,"deletions":1}}}]},{"date":"2023-10-10","commitResults":[{"hash":"8da0eb4cdb318e8113f6a2520fea5db18db526c5","isMergeCommit":false,"messageTitle":"Level 6: Add support for deleting tasks from the list and Use Java enum to create a TaskType Class","messageBody":"","tags":["level6"],"fileTypesAndContributionMap":{"java":{"insertions":53,"deletions":25},"md":{"insertions":4,"deletions":1}}}]},{"date":"2023-10-18","commitResults":[{"hash":"983212f723e12060d637f053d054fcf7acf5263b","isMergeCommit":false,"messageTitle":"implement level 7 save","messageBody":"","tags":["level-7"],"fileTypesAndContributionMap":{"txt":{"insertions":3,"deletions":0},"java":{"insertions":41,"deletions":2}}},{"hash":"911996b1f60174a7ac9dc8bde72094e1ddba0868","isMergeCommit":true,"messageTitle":"Merge branch \u0027branch-Level-7\u0027","messageBody":"* branch-Level-7:\n  implement level 7 save\n","fileTypesAndContributionMap":{}}]},{"date":"2023-10-24","commitResults":[{"hash":"8a0f5718da54a3d7a1ee2c501f402f08df5c5102","isMergeCommit":false,"messageTitle":"implement more OOP and Packages","messageBody":"","tags":["level7"],"fileTypesAndContributionMap":{"txt":{"insertions":9,"deletions":0},"java":{"insertions":905,"deletions":239},"bat":{"insertions":1,"deletions":1},"md":{"insertions":8,"deletions":5}}}]},{"date":"2023-10-29","commitResults":[{"hash":"b14bd1a78eeaff7a0ffb341dc270dd89cbd91071","isMergeCommit":false,"messageTitle":"fix level7 bug when extracting desc for event, deadline and todo task desc and implement Level 8 - Dates and Times","messageBody":"","tags":["level-8"],"fileTypesAndContributionMap":{"txt":{"insertions":7,"deletions":3},"java":{"insertions":136,"deletions":385}}}]},{"date":"2023-10-30","commitResults":[{"hash":"d093e649d6b351fc48a46a18847fd553dfec27e7","isMergeCommit":false,"messageTitle":"Add JavaDoc comments","messageBody":"","fileTypesAndContributionMap":{"txt":{"insertions":4,"deletions":1},"java":{"insertions":370,"deletions":46}}},{"hash":"ddb81e38286bec9dc1a27c920c436fc8ceff144c","isMergeCommit":true,"messageTitle":"Merge commit \u0027ed6d4d25bd4e34461919ffe785a6f10f4c087552\u0027","messageBody":"* commit \u0027ed6d4d25bd4e34461919ffe785a6f10f4c087552\u0027:\n  Bump gradle and lib version\n  Add Gradle support\n","fileTypesAndContributionMap":{}}]},{"date":"2023-11-05","commitResults":[{"hash":"b9e3532c931200ba0ea3e48a44de61ca5bc2565f","isMergeCommit":false,"messageTitle":"add JUnit Testing","messageBody":"","fileTypesAndContributionMap":{"gradle":{"insertions":5,"deletions":0},"txt":{"insertions":3,"deletions":8},"java":{"insertions":486,"deletions":51}}},{"hash":"b1e05b812eaaebf03e269658e58c8228cfa4eed7","isMergeCommit":true,"messageTitle":"fix conflicts","messageBody":"","fileTypesAndContributionMap":{}}]},{"date":"2023-11-11","commitResults":[{"hash":"3294efc1ea10b8aa0105913391446b13fa1cbc9d","isMergeCommit":false,"messageTitle":"implement level 9, individual feature C-Undo,find, apply coding standard and increase code quality","messageBody":"","tags":["level-9"],"fileTypesAndContributionMap":{"gradle":{"insertions":0,"deletions":5},"txt":{"insertions":1,"deletions":1},"java":{"insertions":424,"deletions":163}}}]}]},"authorFileTypeContributionMap":{"GuangzuW":{"java":1767,"md":34,"fxml":0,"sh":0,"bat":1,"gradle":0,"txt":26}},"authorContributionVariance":{"GuangzuW":26578.084},"authorDisplayNameMap":{"GuangzuW":"WANG..NGZU"}}
