{"authorDailyContributionsMap":{"GuangzuW":[{"date":"2023-09-03","commitResults":[{"hash":"f7e1e24b8ee178bb616a6008929a053a588dc922","isMergeCommit":false,"messageTitle":"Level 0:Fork and Clone repository, implement greeting and set name function.","messageBody":"","tags":["level-0"],"fileTypesAndContributionMap":{"java":{"insertions":32,"deletions":1},"md":{"insertions":4,"deletions":0}}},{"hash":"0f9b98548fdf766abf3a77b80e94b807481cc45a","isMergeCommit":false,"messageTitle":"Level 1, Add printService, get instruction from command terminal and print corresponding message.","messageBody":"","tags":["level-1"],"fileTypesAndContributionMap":{"java":{"insertions":30,"deletions":12},"md":{"insertions":3,"deletions":0}}},{"hash":"f3ca29e18d25beb83ce6006da72105b9730dbb90","isMergeCommit":false,"messageTitle":"Level 2, add \u0027add task\u0027 and \u0027print task\u0027 function","messageBody":"","tags":["level-2"],"fileTypesAndContributionMap":{"java":{"insertions":44,"deletions":16},"md":{"insertions":4,"deletions":1}}}]},{"date":"2023-09-10","commitResults":[{"hash":"db142e23157abcc615bbc190f1b1d8d0523494aa","isMergeCommit":false,"messageTitle":"add ignore case function  when checking input text","messageBody":"","fileTypesAndContributionMap":{"java":{"insertions":2,"deletions":2},"md":{"insertions":1,"deletions":1}}},{"hash":"0729a6502a60944ea745308ea928d6019f5ac3b4","isMergeCommit":false,"messageTitle":"Level-3, A-TextUiTesting","messageBody":"","tags":["level-3"],"fileTypesAndContributionMap":{"txt":{"insertions":12,"deletions":0},"java":{"insertions":65,"deletions":14}}},{"hash":"84004d222abba2aad1f05ec15688f11eab0f4330","isMergeCommit":false,"messageTitle":"update readme.md file","messageBody":"","fileTypesAndContributionMap":{"md":{"insertions":6,"deletions":1}}}]},{"date":"2023-09-19","commitResults":[{"hash":"6555f4d776b91c11a144f0b9a904cbd15edb09f6","isMergeCommit":false,"messageTitle":"Level 4. ToDos, Events, Deadline","messageBody":"","tags":["level-4"],"fileTypesAndContributionMap":{"java":{"insertions":102,"deletions":22},"md":{"insertions":4,"deletions":1}}}]},{"date":"2023-09-25","commitResults":[{"hash":"9653eccc99d39ba3c06ac55e5d2b0690de22a6ec","isMergeCommit":false,"messageTitle":"level5 handle errors","messageBody":"","tags":["level-5"],"fileTypesAndContributionMap":{"java":{"insertions":98,"deletions":50},"md":{"insertions":4,"deletions":1}}}]}]},"authorFileTypeContributionMap":{"GuangzuW":{"java":256,"md":21,"fxml":0,"sh":0,"bat":0,"gradle":0,"txt":12}},"authorContributionVariance":{"GuangzuW":1531.8203},"authorDisplayNameMap":{"GuangzuW":"WANG..NGZU"}}
