[{"path":"src/main/java/Deadline.java","fileType":"java","lines":[{"lineNumber":1,"author":{"gitId":"CheshireKK"},"content":"public class Deadline extends Task {","lastModifiedDate":"2023-10-08"},{"lineNumber":2,"author":{"gitId":"CheshireKK"},"content":"","lastModifiedDate":"2023-10-08"},{"lineNumber":3,"author":{"gitId":"CheshireKK"},"content":"    protected String doneBefore;","lastModifiedDate":"2023-10-08"},{"lineNumber":4,"author":{"gitId":"CheshireKK"},"content":"","lastModifiedDate":"2023-10-08"},{"lineNumber":5,"author":{"gitId":"CheshireKK"},"content":"","lastModifiedDate":"2023-10-08"},{"lineNumber":6,"author":{"gitId":"CheshireKK"},"content":"    public Deadline(String description, String doneBefore){","lastModifiedDate":"2023-10-08"},{"lineNumber":7,"author":{"gitId":"CheshireKK"},"content":"        super(description);","lastModifiedDate":"2023-10-08"},{"lineNumber":8,"author":{"gitId":"CheshireKK"},"content":"        this.doneBefore \u003d doneBefore;","lastModifiedDate":"2023-10-08"},{"lineNumber":9,"author":{"gitId":"CheshireKK"},"content":"        this.isDone \u003d false;","lastModifiedDate":"2023-10-08"},{"lineNumber":10,"author":{"gitId":"CheshireKK"},"content":"        this.type \u003d \"Deadline\";","lastModifiedDate":"2023-10-08"},{"lineNumber":11,"author":{"gitId":"CheshireKK"},"content":"    }","lastModifiedDate":"2023-10-08"},{"lineNumber":12,"author":{"gitId":"CheshireKK"},"content":"","lastModifiedDate":"2023-10-08"},{"lineNumber":13,"author":{"gitId":"CheshireKK"},"content":"","lastModifiedDate":"2023-10-08"},{"lineNumber":14,"author":{"gitId":"CheshireKK"},"content":"    public String toString() {","lastModifiedDate":"2023-10-08"},{"lineNumber":15,"author":{"gitId":"CheshireKK"},"content":"        return \"[Deadline] [\" + getIsDone() + \"] \" + this.taskDescription + \" (\" + this.doneBefore + \")\";","lastModifiedDate":"2023-10-08"},{"lineNumber":16,"author":{"gitId":"CheshireKK"},"content":"    }","lastModifiedDate":"2023-10-08"},{"lineNumber":17,"author":{"gitId":"CheshireKK"},"content":"}","lastModifiedDate":"2023-10-08"}],"authorContributionMap":{"CheshireKK":17}},{"path":"src/main/java/Duke.java","fileType":"java","lines":[{"lineNumber":1,"author":{"gitId":"CheshireKK"},"content":"import java.util.Arrays;","lastModifiedDate":"2023-08-26"},{"lineNumber":2,"author":{"gitId":"CheshireKK"},"content":"import java.util.ArrayList;","lastModifiedDate":"2023-10-08"},{"lineNumber":3,"author":{"gitId":"CheshireKK"},"content":"import java.util.Scanner;","lastModifiedDate":"2023-08-26"},{"lineNumber":4,"author":{"gitId":"CheshireKK"},"content":"","lastModifiedDate":"2023-08-26"},{"lineNumber":5,"author":{"gitId":"CheshireKK"},"content":"","lastModifiedDate":"2023-08-26"},{"lineNumber":6,"author":{"gitId":"-"},"content":"public class Duke {","lastModifiedDate":"2023-10-08"},{"lineNumber":7,"author":{"gitId":"CheshireKK"},"content":"","lastModifiedDate":"2023-08-26"},{"lineNumber":8,"author":{"gitId":"CheshireKK"},"content":"    public static void listTasks(ArrayList\u003cTask\u003e mylist){","lastModifiedDate":"2023-10-08"},{"lineNumber":9,"author":{"gitId":"CheshireKK"},"content":"        for (int i \u003d 0; i\u003c mylist.size(); i++){","lastModifiedDate":"2023-10-08"},{"lineNumber":10,"author":{"gitId":"CheshireKK"},"content":"            System.out.println(\"(\" + (i + 1) + \") \" + mylist.get(i));","lastModifiedDate":"2023-10-08"},{"lineNumber":11,"author":{"gitId":"CheshireKK"},"content":"        }","lastModifiedDate":"2023-08-26"},{"lineNumber":12,"author":{"gitId":"CheshireKK"},"content":"","lastModifiedDate":"2023-10-08"},{"lineNumber":13,"author":{"gitId":"CheshireKK"},"content":"    }","lastModifiedDate":"2023-08-26"},{"lineNumber":14,"author":{"gitId":"CheshireKK"},"content":"","lastModifiedDate":"2023-10-08"},{"lineNumber":15,"author":{"gitId":"CheshireKK"},"content":"    public static void deleteTask(ArrayList\u003cTask\u003e myList, int indexToDelete){","lastModifiedDate":"2023-10-08"},{"lineNumber":16,"author":{"gitId":"CheshireKK"},"content":"        myList.remove(indexToDelete);","lastModifiedDate":"2023-10-08"},{"lineNumber":17,"author":{"gitId":"CheshireKK"},"content":"    }","lastModifiedDate":"2023-08-26"},{"lineNumber":18,"author":{"gitId":"CheshireKK"},"content":"","lastModifiedDate":"2023-08-26"},{"lineNumber":19,"author":{"gitId":"CheshireKK"},"content":"    //Todo","lastModifiedDate":"2023-10-08"},{"lineNumber":20,"author":{"gitId":"CheshireKK"},"content":"    public static void storeTasks(ArrayList\u003cTask\u003e mylist, String userInput) {","lastModifiedDate":"2023-10-08"},{"lineNumber":21,"author":{"gitId":"CheshireKK"},"content":"","lastModifiedDate":"2023-10-08"},{"lineNumber":22,"author":{"gitId":"CheshireKK"},"content":"        mylist.add(new Task(userInput));","lastModifiedDate":"2023-10-08"},{"lineNumber":23,"author":{"gitId":"CheshireKK"},"content":"","lastModifiedDate":"2023-08-26"},{"lineNumber":24,"author":{"gitId":"CheshireKK"},"content":"    }","lastModifiedDate":"2023-08-26"},{"lineNumber":25,"author":{"gitId":"CheshireKK"},"content":"","lastModifiedDate":"2023-10-08"},{"lineNumber":26,"author":{"gitId":"CheshireKK"},"content":"    // Deadline","lastModifiedDate":"2023-10-08"},{"lineNumber":27,"author":{"gitId":"CheshireKK"},"content":"    public static void storeTasks(ArrayList\u003cTask\u003e mylist, String userInput, String doneBefore){","lastModifiedDate":"2023-10-08"},{"lineNumber":28,"author":{"gitId":"CheshireKK"},"content":"","lastModifiedDate":"2023-10-08"},{"lineNumber":29,"author":{"gitId":"CheshireKK"},"content":"        mylist.add(new Deadline(userInput, doneBefore));","lastModifiedDate":"2023-10-08"},{"lineNumber":30,"author":{"gitId":"CheshireKK"},"content":"","lastModifiedDate":"2023-10-08"},{"lineNumber":31,"author":{"gitId":"CheshireKK"},"content":"    }","lastModifiedDate":"2023-08-26"},{"lineNumber":32,"author":{"gitId":"CheshireKK"},"content":"","lastModifiedDate":"2023-08-26"},{"lineNumber":33,"author":{"gitId":"CheshireKK"},"content":"    //Event","lastModifiedDate":"2023-10-08"},{"lineNumber":34,"author":{"gitId":"CheshireKK"},"content":"    public static void storeTasks(ArrayList\u003cTask\u003e mylist, String userInput, String doneFrom, String doneTo){","lastModifiedDate":"2023-10-08"},{"lineNumber":35,"author":{"gitId":"CheshireKK"},"content":"","lastModifiedDate":"2023-10-08"},{"lineNumber":36,"author":{"gitId":"CheshireKK"},"content":"","lastModifiedDate":"2023-10-08"},{"lineNumber":37,"author":{"gitId":"CheshireKK"},"content":"        mylist.add(new Event(userInput, doneFrom, doneTo));","lastModifiedDate":"2023-10-08"},{"lineNumber":38,"author":{"gitId":"CheshireKK"},"content":"","lastModifiedDate":"2023-10-08"},{"lineNumber":39,"author":{"gitId":"CheshireKK"},"content":"    }","lastModifiedDate":"2023-08-26"},{"lineNumber":40,"author":{"gitId":"CheshireKK"},"content":"","lastModifiedDate":"2023-08-26"},{"lineNumber":41,"author":{"gitId":"CheshireKK"},"content":"    public static boolean checkTaskRange(ArrayList\u003cTask\u003e mylist, String taskString){","lastModifiedDate":"2023-10-08"},{"lineNumber":42,"author":{"gitId":"CheshireKK"},"content":"","lastModifiedDate":"2023-09-02"},{"lineNumber":43,"author":{"gitId":"CheshireKK"},"content":"        int taskIndex \u003d Integer.parseInt(taskString) - 1;","lastModifiedDate":"2023-09-02"},{"lineNumber":44,"author":{"gitId":"CheshireKK"},"content":"        if (taskIndex \u003e\u003d 0 \u0026\u0026 taskIndex \u003c mylist.size()){","lastModifiedDate":"2023-10-08"},{"lineNumber":45,"author":{"gitId":"CheshireKK"},"content":"            return true;","lastModifiedDate":"2023-09-02"},{"lineNumber":46,"author":{"gitId":"CheshireKK"},"content":"        } else {","lastModifiedDate":"2023-09-02"},{"lineNumber":47,"author":{"gitId":"CheshireKK"},"content":"            return false;","lastModifiedDate":"2023-09-02"},{"lineNumber":48,"author":{"gitId":"CheshireKK"},"content":"        }","lastModifiedDate":"2023-09-02"},{"lineNumber":49,"author":{"gitId":"CheshireKK"},"content":"    }","lastModifiedDate":"2023-09-02"},{"lineNumber":50,"author":{"gitId":"CheshireKK"},"content":"","lastModifiedDate":"2023-09-02"},{"lineNumber":51,"author":{"gitId":"-"},"content":"    public static void main(String[] args) {","lastModifiedDate":"2019-07-29"},{"lineNumber":52,"author":{"gitId":"CheshireKK"},"content":"        String logo \u003d \"  _____ _           _        \\n\" +","lastModifiedDate":"2023-08-26"},{"lineNumber":53,"author":{"gitId":"CheshireKK"},"content":"                \" / ____| |         | |       \\n\" +","lastModifiedDate":"2023-08-26"},{"lineNumber":54,"author":{"gitId":"CheshireKK"},"content":"                \"| |    | |__   __ _| |_  \\n\" +","lastModifiedDate":"2023-08-26"},{"lineNumber":55,"author":{"gitId":"CheshireKK"},"content":"                \"| |    | \u0027_ \\\\ / _` | __/ \\n\" +","lastModifiedDate":"2023-08-26"},{"lineNumber":56,"author":{"gitId":"CheshireKK"},"content":"                \"| |____| | | | (_| | |  \\n\" +","lastModifiedDate":"2023-08-26"},{"lineNumber":57,"author":{"gitId":"CheshireKK"},"content":"                \" \\\\_____|_| |_|\\\\__,_|\\\\__\\\\\\n\";","lastModifiedDate":"2023-08-26"},{"lineNumber":58,"author":{"gitId":"CheshireKK"},"content":"","lastModifiedDate":"2023-08-26"},{"lineNumber":59,"author":{"gitId":"CheshireKK"},"content":"        String horizontalLine \u003d \"_______________________________________________\\n\";","lastModifiedDate":"2023-08-26"},{"lineNumber":60,"author":{"gitId":"CheshireKK"},"content":"        ArrayList\u003cTask\u003e myList \u003d new ArrayList\u003c\u003e();","lastModifiedDate":"2023-10-08"},{"lineNumber":61,"author":{"gitId":"CheshireKK"},"content":"        //Task[] myList \u003d new Task[100];","lastModifiedDate":"2023-10-08"},{"lineNumber":62,"author":{"gitId":"CheshireKK"},"content":"        String acceptedCommands \u003d \"Accepted commands are:\\n\"","lastModifiedDate":"2023-08-26"},{"lineNumber":63,"author":{"gitId":"CheshireKK"},"content":"                + \"\\tlist \u003d List all the tasks that are stored\\n\"","lastModifiedDate":"2023-08-26"},{"lineNumber":64,"author":{"gitId":"CheshireKK"},"content":"                + \"\\ttodo \u003cTask to be added in\u003e \u003d Adds a task to the list\\n\"","lastModifiedDate":"2023-09-02"},{"lineNumber":65,"author":{"gitId":"CheshireKK"},"content":"                + \"\\tdeadline \u003cTask to be added in\u003e /by \u003cDeadline\u003e \u003d Adds a deadline task to the list\\n\"","lastModifiedDate":"2023-10-08"},{"lineNumber":66,"author":{"gitId":"CheshireKK"},"content":"                + \"\\tevent \u003cTask to be added in\u003e /from \u003cStart date or time\u003e /to \u003cEnd date or time\u003e \u003d Adds a deadline task to the list\\n\"","lastModifiedDate":"2023-10-08"},{"lineNumber":67,"author":{"gitId":"CheshireKK"},"content":"                + \"\\tmark \u003cTask number to be marked\u003e \u003d marks the task as completed\\n\"","lastModifiedDate":"2023-09-02"},{"lineNumber":68,"author":{"gitId":"CheshireKK"},"content":"                + \"\\tunmark \u003cTask number to be unmarked\u003e \u003d mark the task as not completed\\n\"","lastModifiedDate":"2023-09-02"},{"lineNumber":69,"author":{"gitId":"CheshireKK"},"content":"                + \"\\tdelete \u003cTask number to be deleted\u003e \u003d deletes the task\\n\"","lastModifiedDate":"2023-10-08"},{"lineNumber":70,"author":{"gitId":"CheshireKK"},"content":"                + \"\\tbye \u003d Say goodbye to Chat\";","lastModifiedDate":"2023-08-26"},{"lineNumber":71,"author":{"gitId":"CheshireKK"},"content":"","lastModifiedDate":"2023-08-26"},{"lineNumber":72,"author":{"gitId":"CheshireKK"},"content":"","lastModifiedDate":"2023-08-26"},{"lineNumber":73,"author":{"gitId":"CheshireKK"},"content":"        String userInput;","lastModifiedDate":"2023-08-26"},{"lineNumber":74,"author":{"gitId":"CheshireKK"},"content":"        Scanner in \u003d new Scanner(System.in);","lastModifiedDate":"2023-08-26"},{"lineNumber":75,"author":{"gitId":"CheshireKK"},"content":"","lastModifiedDate":"2023-08-26"},{"lineNumber":76,"author":{"gitId":"CheshireKK"},"content":"        System.out.println(logo + \"Hello! My name is Chat.\");","lastModifiedDate":"2023-08-26"},{"lineNumber":77,"author":{"gitId":"CheshireKK"},"content":"        System.out.print(horizontalLine);","lastModifiedDate":"2023-08-26"},{"lineNumber":78,"author":{"gitId":"CheshireKK"},"content":"","lastModifiedDate":"2023-08-26"},{"lineNumber":79,"author":{"gitId":"CheshireKK"},"content":"        while (true){","lastModifiedDate":"2023-08-26"},{"lineNumber":80,"author":{"gitId":"CheshireKK"},"content":"            System.out.println(acceptedCommands +\"\\n\");","lastModifiedDate":"2023-08-26"},{"lineNumber":81,"author":{"gitId":"CheshireKK"},"content":"","lastModifiedDate":"2023-08-26"},{"lineNumber":82,"author":{"gitId":"CheshireKK"},"content":"            System.out.print(\"What do you wish to do? \u003e \");","lastModifiedDate":"2023-08-26"},{"lineNumber":83,"author":{"gitId":"CheshireKK"},"content":"            if (in.hasNextLine()){","lastModifiedDate":"2023-09-02"},{"lineNumber":84,"author":{"gitId":"CheshireKK"},"content":"                userInput \u003d in.nextLine();","lastModifiedDate":"2023-08-26"},{"lineNumber":85,"author":{"gitId":"CheshireKK"},"content":"                switch(userInput) {","lastModifiedDate":"2023-08-26"},{"lineNumber":86,"author":{"gitId":"CheshireKK"},"content":"                    case \"list\":","lastModifiedDate":"2023-08-26"},{"lineNumber":87,"author":{"gitId":"CheshireKK"},"content":"                        System.out.println(\"Listing out all stored tasks\");","lastModifiedDate":"2023-08-26"},{"lineNumber":88,"author":{"gitId":"CheshireKK"},"content":"                        listTasks(myList);","lastModifiedDate":"2023-08-26"},{"lineNumber":89,"author":{"gitId":"CheshireKK"},"content":"                        break;","lastModifiedDate":"2023-08-26"},{"lineNumber":90,"author":{"gitId":"CheshireKK"},"content":"                    case \"bye\":","lastModifiedDate":"2023-08-26"},{"lineNumber":91,"author":{"gitId":"CheshireKK"},"content":"                        System.out.println(\"Goodbye. See you soon\");","lastModifiedDate":"2023-08-26"},{"lineNumber":92,"author":{"gitId":"CheshireKK"},"content":"                        System.exit(0);","lastModifiedDate":"2023-08-26"},{"lineNumber":93,"author":{"gitId":"CheshireKK"},"content":"                        break;","lastModifiedDate":"2023-08-26"},{"lineNumber":94,"author":{"gitId":"CheshireKK"},"content":"                    default:","lastModifiedDate":"2023-09-02"},{"lineNumber":95,"author":{"gitId":"CheshireKK"},"content":"                        String[] wordArray \u003d userInput.split(\" \");","lastModifiedDate":"2023-09-02"},{"lineNumber":96,"author":{"gitId":"CheshireKK"},"content":"                        String secondWord \u003d String.join(\" \", Arrays.copyOfRange(wordArray, 1, wordArray.length));","lastModifiedDate":"2023-09-02"},{"lineNumber":97,"author":{"gitId":"CheshireKK"},"content":"","lastModifiedDate":"2023-09-02"},{"lineNumber":98,"author":{"gitId":"CheshireKK"},"content":"                        String[] inputParts \u003d secondWord.split(\"/\");","lastModifiedDate":"2023-10-08"},{"lineNumber":99,"author":{"gitId":"CheshireKK"},"content":"                            switch (wordArray[0]){","lastModifiedDate":"2023-09-02"},{"lineNumber":100,"author":{"gitId":"CheshireKK"},"content":"                                case \"todo\":","lastModifiedDate":"2023-09-02"},{"lineNumber":101,"author":{"gitId":"CheshireKK"},"content":"                                    try {","lastModifiedDate":"2023-10-08"},{"lineNumber":102,"author":{"gitId":"CheshireKK"},"content":"                                        if (wordArray.length \u003c 2) {","lastModifiedDate":"2023-10-08"},{"lineNumber":103,"author":{"gitId":"CheshireKK"},"content":"                                            throw new InvalidCommandException(\"[-] Missing task description - todo \u003cTask to be added in\u003e\");","lastModifiedDate":"2023-10-08"},{"lineNumber":104,"author":{"gitId":"CheshireKK"},"content":"                                        } else {","lastModifiedDate":"2023-10-08"},{"lineNumber":105,"author":{"gitId":"CheshireKK"},"content":"                                            secondWord \u003d String.join(\" \", Arrays.copyOfRange(wordArray, 1, wordArray.length));","lastModifiedDate":"2023-10-08"},{"lineNumber":106,"author":{"gitId":"CheshireKK"},"content":"                                            System.out.println(\"[+] Got it. Storing - \" + secondWord + \" as a todo.\");","lastModifiedDate":"2023-10-08"},{"lineNumber":107,"author":{"gitId":"CheshireKK"},"content":"                                            storeTasks(myList, secondWord);","lastModifiedDate":"2023-09-02"},{"lineNumber":108,"author":{"gitId":"CheshireKK"},"content":"                                            listTasks(myList);","lastModifiedDate":"2023-09-02"},{"lineNumber":109,"author":{"gitId":"CheshireKK"},"content":"                                        }","lastModifiedDate":"2023-10-08"},{"lineNumber":110,"author":{"gitId":"CheshireKK"},"content":"                                    } catch (InvalidCommandException e) {","lastModifiedDate":"2023-10-08"},{"lineNumber":111,"author":{"gitId":"CheshireKK"},"content":"                                        System.out.println(e.getMessage());","lastModifiedDate":"2023-10-08"},{"lineNumber":112,"author":{"gitId":"CheshireKK"},"content":"                                    }","lastModifiedDate":"2023-10-08"},{"lineNumber":113,"author":{"gitId":"CheshireKK"},"content":"                                    break;","lastModifiedDate":"2023-09-02"},{"lineNumber":114,"author":{"gitId":"CheshireKK"},"content":"","lastModifiedDate":"2023-10-08"},{"lineNumber":115,"author":{"gitId":"CheshireKK"},"content":"                                case \"deadline\":","lastModifiedDate":"2023-10-08"},{"lineNumber":116,"author":{"gitId":"CheshireKK"},"content":"                                    try {","lastModifiedDate":"2023-10-08"},{"lineNumber":117,"author":{"gitId":"CheshireKK"},"content":"                                        if (inputParts.length \u003d\u003d 2) {","lastModifiedDate":"2023-10-08"},{"lineNumber":118,"author":{"gitId":"CheshireKK"},"content":"                                            System.out.println(\"[+] Got it. Storing - \" + inputParts[0].trim() + \" as a deadline.\");","lastModifiedDate":"2023-10-08"},{"lineNumber":119,"author":{"gitId":"CheshireKK"},"content":"                                            storeTasks(myList, inputParts[0].trim(), inputParts[1].trim());","lastModifiedDate":"2023-10-08"},{"lineNumber":120,"author":{"gitId":"CheshireKK"},"content":"                                        } else {","lastModifiedDate":"2023-10-08"},{"lineNumber":121,"author":{"gitId":"CheshireKK"},"content":"                                            throw new InvalidCommandException(\"[-] Missing Task description - deadline \u003cTask to be added in\u003e /by \u003cDeadline\u003e\");","lastModifiedDate":"2023-10-08"},{"lineNumber":122,"author":{"gitId":"CheshireKK"},"content":"                                        }","lastModifiedDate":"2023-10-08"},{"lineNumber":123,"author":{"gitId":"CheshireKK"},"content":"                                        listTasks(myList);","lastModifiedDate":"2023-09-02"},{"lineNumber":124,"author":{"gitId":"CheshireKK"},"content":"                                        break;","lastModifiedDate":"2023-10-08"},{"lineNumber":125,"author":{"gitId":"CheshireKK"},"content":"                                    } catch (InvalidCommandException e) {","lastModifiedDate":"2023-10-08"},{"lineNumber":126,"author":{"gitId":"CheshireKK"},"content":"                                        System.out.println(\"\" + e.getMessage());","lastModifiedDate":"2023-10-08"},{"lineNumber":127,"author":{"gitId":"CheshireKK"},"content":"                                    }","lastModifiedDate":"2023-10-08"},{"lineNumber":128,"author":{"gitId":"CheshireKK"},"content":"                                    break;","lastModifiedDate":"2023-10-08"},{"lineNumber":129,"author":{"gitId":"CheshireKK"},"content":"","lastModifiedDate":"2023-10-08"},{"lineNumber":130,"author":{"gitId":"CheshireKK"},"content":"                                case \"event\":","lastModifiedDate":"2023-10-08"},{"lineNumber":131,"author":{"gitId":"CheshireKK"},"content":"                                    try {","lastModifiedDate":"2023-10-08"},{"lineNumber":132,"author":{"gitId":"CheshireKK"},"content":"                                        if (inputParts.length \u003d\u003d 3) {","lastModifiedDate":"2023-10-08"},{"lineNumber":133,"author":{"gitId":"CheshireKK"},"content":"                                            System.out.println(\"[+] Got it. Storing - \" + inputParts[0].trim() + \" as an event.\");","lastModifiedDate":"2023-10-08"},{"lineNumber":134,"author":{"gitId":"CheshireKK"},"content":"                                            storeTasks(myList, inputParts[0].trim(), inputParts[1].trim(), inputParts[2].trim());","lastModifiedDate":"2023-10-08"},{"lineNumber":135,"author":{"gitId":"CheshireKK"},"content":"                                        } else {","lastModifiedDate":"2023-09-02"},{"lineNumber":136,"author":{"gitId":"CheshireKK"},"content":"                                            throw new InvalidCommandException(\"[-] Missing Task description - event \u003cTask to be added in\u003e /from \u003cStart date or time\u003e /to \u003cEnd date or time\u003e\");","lastModifiedDate":"2023-10-08"},{"lineNumber":137,"author":{"gitId":"CheshireKK"},"content":"                                        }","lastModifiedDate":"2023-10-08"},{"lineNumber":138,"author":{"gitId":"CheshireKK"},"content":"                                        listTasks(myList);","lastModifiedDate":"2023-09-02"},{"lineNumber":139,"author":{"gitId":"CheshireKK"},"content":"                                        break;","lastModifiedDate":"2023-10-08"},{"lineNumber":140,"author":{"gitId":"CheshireKK"},"content":"                                    } catch (InvalidCommandException e) {","lastModifiedDate":"2023-10-08"},{"lineNumber":141,"author":{"gitId":"CheshireKK"},"content":"                                        System.out.println(\"\" + e.getMessage());","lastModifiedDate":"2023-10-08"},{"lineNumber":142,"author":{"gitId":"CheshireKK"},"content":"                                    }","lastModifiedDate":"2023-09-02"},{"lineNumber":143,"author":{"gitId":"CheshireKK"},"content":"                                    break;","lastModifiedDate":"2023-10-08"},{"lineNumber":144,"author":{"gitId":"CheshireKK"},"content":"                                case \"mark\":","lastModifiedDate":"2023-10-08"},{"lineNumber":145,"author":{"gitId":"CheshireKK"},"content":"                                    try {","lastModifiedDate":"2023-10-08"},{"lineNumber":146,"author":{"gitId":"CheshireKK"},"content":"                                        if (checkTaskRange(myList, secondWord) \u003d\u003d true) {","lastModifiedDate":"2023-10-08"},{"lineNumber":147,"author":{"gitId":"CheshireKK"},"content":"                                            System.out.println(\"Marked task \" + secondWord + \" as done!\");","lastModifiedDate":"2023-10-08"},{"lineNumber":148,"author":{"gitId":"CheshireKK"},"content":"                                            myList.get(Integer.parseInt(secondWord) - 1).markDone();","lastModifiedDate":"2023-10-08"},{"lineNumber":149,"author":{"gitId":"CheshireKK"},"content":"","lastModifiedDate":"2023-10-08"},{"lineNumber":150,"author":{"gitId":"CheshireKK"},"content":"","lastModifiedDate":"2023-09-02"},{"lineNumber":151,"author":{"gitId":"CheshireKK"},"content":"                                        } else {","lastModifiedDate":"2023-10-08"},{"lineNumber":152,"author":{"gitId":"CheshireKK"},"content":"                                            throw new InvalidRangeException(\"Task index is wrong\");","lastModifiedDate":"2023-10-08"},{"lineNumber":153,"author":{"gitId":"CheshireKK"},"content":"                                        }","lastModifiedDate":"2023-10-08"},{"lineNumber":154,"author":{"gitId":"CheshireKK"},"content":"                                        listTasks(myList);","lastModifiedDate":"2023-10-08"},{"lineNumber":155,"author":{"gitId":"CheshireKK"},"content":"                                        break;","lastModifiedDate":"2023-10-08"},{"lineNumber":156,"author":{"gitId":"CheshireKK"},"content":"                                    } catch (InvalidRangeException e) {","lastModifiedDate":"2023-10-08"},{"lineNumber":157,"author":{"gitId":"CheshireKK"},"content":"                                        System.out.println(\"[-] Error: Task index is wrong\");","lastModifiedDate":"2023-10-08"},{"lineNumber":158,"author":{"gitId":"CheshireKK"},"content":"                                        break;","lastModifiedDate":"2023-10-08"},{"lineNumber":159,"author":{"gitId":"CheshireKK"},"content":"                                    } catch (NumberFormatException e) {","lastModifiedDate":"2023-10-08"},{"lineNumber":160,"author":{"gitId":"CheshireKK"},"content":"                                        System.out.println(\"[-] Error: Not a number\");","lastModifiedDate":"2023-10-08"},{"lineNumber":161,"author":{"gitId":"CheshireKK"},"content":"                                        break;","lastModifiedDate":"2023-09-02"},{"lineNumber":162,"author":{"gitId":"CheshireKK"},"content":"                                    }","lastModifiedDate":"2023-10-08"},{"lineNumber":163,"author":{"gitId":"CheshireKK"},"content":"                                case \"unmark\":","lastModifiedDate":"2023-09-02"},{"lineNumber":164,"author":{"gitId":"CheshireKK"},"content":"                                    try{","lastModifiedDate":"2023-10-08"},{"lineNumber":165,"author":{"gitId":"CheshireKK"},"content":"                                        if (checkTaskRange(myList, secondWord) \u003d\u003d true) {","lastModifiedDate":"2023-09-02"},{"lineNumber":166,"author":{"gitId":"CheshireKK"},"content":"                                            System.out.println(\"Unmarked task \" + secondWord + \" !\");","lastModifiedDate":"2023-10-08"},{"lineNumber":167,"author":{"gitId":"CheshireKK"},"content":"                                            myList.get(Integer.parseInt(secondWord) - 1).unmarkDone();","lastModifiedDate":"2023-10-08"},{"lineNumber":168,"author":{"gitId":"CheshireKK"},"content":"                                        } else {","lastModifiedDate":"2023-10-08"},{"lineNumber":169,"author":{"gitId":"CheshireKK"},"content":"                                            throw new InvalidRangeException(\"Task index is wrong\");","lastModifiedDate":"2023-10-08"},{"lineNumber":170,"author":{"gitId":"CheshireKK"},"content":"                                        }","lastModifiedDate":"2023-10-08"},{"lineNumber":171,"author":{"gitId":"CheshireKK"},"content":"                                        listTasks(myList);","lastModifiedDate":"2023-09-02"},{"lineNumber":172,"author":{"gitId":"CheshireKK"},"content":"                                        break;","lastModifiedDate":"2023-10-08"},{"lineNumber":173,"author":{"gitId":"CheshireKK"},"content":"                                    } catch (InvalidRangeException e) {","lastModifiedDate":"2023-10-08"},{"lineNumber":174,"author":{"gitId":"CheshireKK"},"content":"                                        System.out.println(\"[-] Error: Task index is wrong\");","lastModifiedDate":"2023-10-08"},{"lineNumber":175,"author":{"gitId":"CheshireKK"},"content":"                                        break;","lastModifiedDate":"2023-10-08"},{"lineNumber":176,"author":{"gitId":"CheshireKK"},"content":"                                    } catch (NumberFormatException e) {","lastModifiedDate":"2023-10-08"},{"lineNumber":177,"author":{"gitId":"CheshireKK"},"content":"                                        System.out.println(\"[-] Error: Not a number\");","lastModifiedDate":"2023-10-08"},{"lineNumber":178,"author":{"gitId":"CheshireKK"},"content":"                                        break;","lastModifiedDate":"2023-10-08"},{"lineNumber":179,"author":{"gitId":"CheshireKK"},"content":"                                    }","lastModifiedDate":"2023-10-08"},{"lineNumber":180,"author":{"gitId":"CheshireKK"},"content":"                                case \"delete\":","lastModifiedDate":"2023-10-08"},{"lineNumber":181,"author":{"gitId":"CheshireKK"},"content":"                                    try{","lastModifiedDate":"2023-10-08"},{"lineNumber":182,"author":{"gitId":"CheshireKK"},"content":"                                        if (checkTaskRange(myList, secondWord) \u003d\u003d true) {","lastModifiedDate":"2023-10-08"},{"lineNumber":183,"author":{"gitId":"CheshireKK"},"content":"                                            System.out.println(\"Deleted task \" + secondWord + \" !\");","lastModifiedDate":"2023-10-08"},{"lineNumber":184,"author":{"gitId":"CheshireKK"},"content":"                                            deleteTask(myList,Integer.parseInt(secondWord) - 1);","lastModifiedDate":"2023-10-08"},{"lineNumber":185,"author":{"gitId":"CheshireKK"},"content":"                                        } else {","lastModifiedDate":"2023-09-02"},{"lineNumber":186,"author":{"gitId":"CheshireKK"},"content":"                                            throw new InvalidRangeException(\"Task index is wrong\");","lastModifiedDate":"2023-10-08"},{"lineNumber":187,"author":{"gitId":"CheshireKK"},"content":"                                        }","lastModifiedDate":"2023-10-08"},{"lineNumber":188,"author":{"gitId":"CheshireKK"},"content":"                                        listTasks(myList);","lastModifiedDate":"2023-09-02"},{"lineNumber":189,"author":{"gitId":"CheshireKK"},"content":"                                        break;","lastModifiedDate":"2023-10-08"},{"lineNumber":190,"author":{"gitId":"CheshireKK"},"content":"                                    } catch (InvalidRangeException e) {","lastModifiedDate":"2023-10-08"},{"lineNumber":191,"author":{"gitId":"CheshireKK"},"content":"                                        System.out.println(\"[-] Error: \" + e.getMessage());","lastModifiedDate":"2023-10-08"},{"lineNumber":192,"author":{"gitId":"CheshireKK"},"content":"                                        break;","lastModifiedDate":"2023-10-08"},{"lineNumber":193,"author":{"gitId":"CheshireKK"},"content":"                                    } catch (NumberFormatException e) {","lastModifiedDate":"2023-10-08"},{"lineNumber":194,"author":{"gitId":"CheshireKK"},"content":"                                        System.out.println(\"[-] Error: \" + e.getMessage());","lastModifiedDate":"2023-10-08"},{"lineNumber":195,"author":{"gitId":"CheshireKK"},"content":"                                        break;","lastModifiedDate":"2023-10-08"},{"lineNumber":196,"author":{"gitId":"CheshireKK"},"content":"                                    }","lastModifiedDate":"2023-09-02"},{"lineNumber":197,"author":{"gitId":"CheshireKK"},"content":"","lastModifiedDate":"2023-09-02"},{"lineNumber":198,"author":{"gitId":"CheshireKK"},"content":"                                default:","lastModifiedDate":"2023-09-02"},{"lineNumber":199,"author":{"gitId":"CheshireKK"},"content":"                                    try {","lastModifiedDate":"2023-10-08"},{"lineNumber":200,"author":{"gitId":"CheshireKK"},"content":"                                        throw new InvalidCommandException(\"I do not recognize this command - \" + userInput);","lastModifiedDate":"2023-10-08"},{"lineNumber":201,"author":{"gitId":"CheshireKK"},"content":"                                    } catch (InvalidCommandException e) {","lastModifiedDate":"2023-10-08"},{"lineNumber":202,"author":{"gitId":"CheshireKK"},"content":"                                            System.out.println(\"[-] Error: \" + e.getMessage());","lastModifiedDate":"2023-10-08"},{"lineNumber":203,"author":{"gitId":"CheshireKK"},"content":"                                    }","lastModifiedDate":"2023-09-02"},{"lineNumber":204,"author":{"gitId":"CheshireKK"},"content":"                                }","lastModifiedDate":"2023-08-26"},{"lineNumber":205,"author":{"gitId":"CheshireKK"},"content":"","lastModifiedDate":"2023-08-26"},{"lineNumber":206,"author":{"gitId":"CheshireKK"},"content":"                        break;","lastModifiedDate":"2023-09-02"},{"lineNumber":207,"author":{"gitId":"CheshireKK"},"content":"","lastModifiedDate":"2023-09-02"},{"lineNumber":208,"author":{"gitId":"CheshireKK"},"content":"                }","lastModifiedDate":"2023-09-02"},{"lineNumber":209,"author":{"gitId":"CheshireKK"},"content":"","lastModifiedDate":"2023-09-02"},{"lineNumber":210,"author":{"gitId":"CheshireKK"},"content":"            } else{","lastModifiedDate":"2023-09-02"},{"lineNumber":211,"author":{"gitId":"CheshireKK"},"content":"                System.exit(0);","lastModifiedDate":"2023-09-02"},{"lineNumber":212,"author":{"gitId":"CheshireKK"},"content":"            }","lastModifiedDate":"2023-09-02"},{"lineNumber":213,"author":{"gitId":"CheshireKK"},"content":"","lastModifiedDate":"2023-09-02"},{"lineNumber":214,"author":{"gitId":"CheshireKK"},"content":"            System.out.print(horizontalLine);","lastModifiedDate":"2023-09-02"},{"lineNumber":215,"author":{"gitId":"CheshireKK"},"content":"        }","lastModifiedDate":"2023-08-26"},{"lineNumber":216,"author":{"gitId":"-"},"content":"    }","lastModifiedDate":"2019-07-29"},{"lineNumber":217,"author":{"gitId":"-"},"content":"}","lastModifiedDate":"2019-07-29"}],"authorContributionMap":{"CheshireKK":213,"-":4}},{"path":"src/main/java/Event.java","fileType":"java","lines":[{"lineNumber":1,"author":{"gitId":"CheshireKK"},"content":"public class Event extends Task {","lastModifiedDate":"2023-10-08"},{"lineNumber":2,"author":{"gitId":"CheshireKK"},"content":"","lastModifiedDate":"2023-10-08"},{"lineNumber":3,"author":{"gitId":"CheshireKK"},"content":"    protected String doneFrom;","lastModifiedDate":"2023-10-08"},{"lineNumber":4,"author":{"gitId":"CheshireKK"},"content":"    protected String doneTo;","lastModifiedDate":"2023-10-08"},{"lineNumber":5,"author":{"gitId":"CheshireKK"},"content":"","lastModifiedDate":"2023-10-08"},{"lineNumber":6,"author":{"gitId":"CheshireKK"},"content":"","lastModifiedDate":"2023-10-08"},{"lineNumber":7,"author":{"gitId":"CheshireKK"},"content":"    public Event(String description, String from, String to){","lastModifiedDate":"2023-10-08"},{"lineNumber":8,"author":{"gitId":"CheshireKK"},"content":"        super(description);","lastModifiedDate":"2023-10-08"},{"lineNumber":9,"author":{"gitId":"CheshireKK"},"content":"        this.doneFrom \u003d from;","lastModifiedDate":"2023-10-08"},{"lineNumber":10,"author":{"gitId":"CheshireKK"},"content":"        this.doneTo \u003d to;","lastModifiedDate":"2023-10-08"},{"lineNumber":11,"author":{"gitId":"CheshireKK"},"content":"        this.isDone \u003d false;","lastModifiedDate":"2023-10-08"},{"lineNumber":12,"author":{"gitId":"CheshireKK"},"content":"        this.type \u003d \"Event\";","lastModifiedDate":"2023-10-08"},{"lineNumber":13,"author":{"gitId":"CheshireKK"},"content":"    }","lastModifiedDate":"2023-10-08"},{"lineNumber":14,"author":{"gitId":"CheshireKK"},"content":"","lastModifiedDate":"2023-10-08"},{"lineNumber":15,"author":{"gitId":"CheshireKK"},"content":"","lastModifiedDate":"2023-10-08"},{"lineNumber":16,"author":{"gitId":"CheshireKK"},"content":"    public String toString() {","lastModifiedDate":"2023-10-08"},{"lineNumber":17,"author":{"gitId":"CheshireKK"},"content":"        return \"[Event] [\" + getIsDone() + \"] \" + this.taskDescription + \" (\" + this.doneFrom + \" \" + this.doneTo + \")\";","lastModifiedDate":"2023-10-08"},{"lineNumber":18,"author":{"gitId":"CheshireKK"},"content":"    }","lastModifiedDate":"2023-10-08"},{"lineNumber":19,"author":{"gitId":"CheshireKK"},"content":"}","lastModifiedDate":"2023-10-08"}],"authorContributionMap":{"CheshireKK":19}},{"path":"src/main/java/InvalidCommandException.java","fileType":"java","lines":[{"lineNumber":1,"author":{"gitId":"CheshireKK"},"content":"public class InvalidCommandException extends Exception {","lastModifiedDate":"2023-10-08"},{"lineNumber":2,"author":{"gitId":"CheshireKK"},"content":"    public InvalidCommandException(String message) {","lastModifiedDate":"2023-10-08"},{"lineNumber":3,"author":{"gitId":"CheshireKK"},"content":"        super(message);","lastModifiedDate":"2023-10-08"},{"lineNumber":4,"author":{"gitId":"CheshireKK"},"content":"    }","lastModifiedDate":"2023-10-08"},{"lineNumber":5,"author":{"gitId":"CheshireKK"},"content":"}","lastModifiedDate":"2023-10-08"}],"authorContributionMap":{"CheshireKK":5}},{"path":"src/main/java/InvalidRangeException.java","fileType":"java","lines":[{"lineNumber":1,"author":{"gitId":"CheshireKK"},"content":"public class InvalidRangeException extends Exception {","lastModifiedDate":"2023-10-08"},{"lineNumber":2,"author":{"gitId":"CheshireKK"},"content":"    public InvalidRangeException(String message) {","lastModifiedDate":"2023-10-08"},{"lineNumber":3,"author":{"gitId":"CheshireKK"},"content":"        super(message);","lastModifiedDate":"2023-10-08"},{"lineNumber":4,"author":{"gitId":"CheshireKK"},"content":"    }","lastModifiedDate":"2023-10-08"},{"lineNumber":5,"author":{"gitId":"CheshireKK"},"content":"}","lastModifiedDate":"2023-10-08"}],"authorContributionMap":{"CheshireKK":5}},{"path":"src/main/java/InvalidTodoCommandException.java","fileType":"java","lines":[{"lineNumber":1,"author":{"gitId":"CheshireKK"},"content":"public class InvalidTodoCommandException extends Exception {","lastModifiedDate":"2023-10-08"},{"lineNumber":2,"author":{"gitId":"CheshireKK"},"content":"    public InvalidTodoCommandException(String message) {","lastModifiedDate":"2023-10-08"},{"lineNumber":3,"author":{"gitId":"CheshireKK"},"content":"        super(message);","lastModifiedDate":"2023-10-08"},{"lineNumber":4,"author":{"gitId":"CheshireKK"},"content":"    }","lastModifiedDate":"2023-10-08"},{"lineNumber":5,"author":{"gitId":"CheshireKK"},"content":"}","lastModifiedDate":"2023-10-08"}],"authorContributionMap":{"CheshireKK":5}},{"path":"src/main/java/Task.java","fileType":"java","lines":[{"lineNumber":1,"author":{"gitId":"CheshireKK"},"content":"public class Task {","lastModifiedDate":"2023-09-02"},{"lineNumber":2,"author":{"gitId":"CheshireKK"},"content":"","lastModifiedDate":"2023-09-02"},{"lineNumber":3,"author":{"gitId":"CheshireKK"},"content":"    protected String taskDescription;","lastModifiedDate":"2023-09-02"},{"lineNumber":4,"author":{"gitId":"CheshireKK"},"content":"    protected String type;","lastModifiedDate":"2023-10-08"},{"lineNumber":5,"author":{"gitId":"CheshireKK"},"content":"    protected boolean isDone;","lastModifiedDate":"2023-09-02"},{"lineNumber":6,"author":{"gitId":"CheshireKK"},"content":"","lastModifiedDate":"2023-09-02"},{"lineNumber":7,"author":{"gitId":"CheshireKK"},"content":"    public Task (String Description){","lastModifiedDate":"2023-09-02"},{"lineNumber":8,"author":{"gitId":"CheshireKK"},"content":"        this.taskDescription \u003d Description;","lastModifiedDate":"2023-09-02"},{"lineNumber":9,"author":{"gitId":"CheshireKK"},"content":"        this.isDone \u003d false;","lastModifiedDate":"2023-09-02"},{"lineNumber":10,"author":{"gitId":"CheshireKK"},"content":"        this.type \u003d \"Task\";","lastModifiedDate":"2023-10-08"},{"lineNumber":11,"author":{"gitId":"CheshireKK"},"content":"    }","lastModifiedDate":"2023-09-02"},{"lineNumber":12,"author":{"gitId":"CheshireKK"},"content":"","lastModifiedDate":"2023-09-02"},{"lineNumber":13,"author":{"gitId":"CheshireKK"},"content":"","lastModifiedDate":"2023-09-02"},{"lineNumber":14,"author":{"gitId":"CheshireKK"},"content":"    public String getIsDone(){","lastModifiedDate":"2023-09-02"},{"lineNumber":15,"author":{"gitId":"CheshireKK"},"content":"        if (this.isDone \u003d\u003d false) {","lastModifiedDate":"2023-09-02"},{"lineNumber":16,"author":{"gitId":"CheshireKK"},"content":"            return \"Not Done\";","lastModifiedDate":"2023-09-02"},{"lineNumber":17,"author":{"gitId":"CheshireKK"},"content":"        } else {","lastModifiedDate":"2023-09-02"},{"lineNumber":18,"author":{"gitId":"CheshireKK"},"content":"            return \"Done\";","lastModifiedDate":"2023-10-08"},{"lineNumber":19,"author":{"gitId":"CheshireKK"},"content":"        }","lastModifiedDate":"2023-09-02"},{"lineNumber":20,"author":{"gitId":"CheshireKK"},"content":"    }","lastModifiedDate":"2023-09-02"},{"lineNumber":21,"author":{"gitId":"CheshireKK"},"content":"","lastModifiedDate":"2023-09-02"},{"lineNumber":22,"author":{"gitId":"CheshireKK"},"content":"    public void markDone(){","lastModifiedDate":"2023-09-02"},{"lineNumber":23,"author":{"gitId":"CheshireKK"},"content":"        this.isDone \u003d true;","lastModifiedDate":"2023-09-02"},{"lineNumber":24,"author":{"gitId":"CheshireKK"},"content":"    }","lastModifiedDate":"2023-09-02"},{"lineNumber":25,"author":{"gitId":"CheshireKK"},"content":"    public void unmarkDone(){","lastModifiedDate":"2023-09-02"},{"lineNumber":26,"author":{"gitId":"CheshireKK"},"content":"        this.isDone \u003d false;","lastModifiedDate":"2023-09-02"},{"lineNumber":27,"author":{"gitId":"CheshireKK"},"content":"    }","lastModifiedDate":"2023-09-02"},{"lineNumber":28,"author":{"gitId":"CheshireKK"},"content":"","lastModifiedDate":"2023-09-02"},{"lineNumber":29,"author":{"gitId":"CheshireKK"},"content":"    public String toString() {","lastModifiedDate":"2023-09-02"},{"lineNumber":30,"author":{"gitId":"CheshireKK"},"content":"        return \"[Todo] [\" + getIsDone() + \"] \" + this.taskDescription;","lastModifiedDate":"2023-10-08"},{"lineNumber":31,"author":{"gitId":"CheshireKK"},"content":"    }","lastModifiedDate":"2023-09-02"},{"lineNumber":32,"author":{"gitId":"CheshireKK"},"content":"","lastModifiedDate":"2023-09-02"},{"lineNumber":33,"author":{"gitId":"CheshireKK"},"content":"}","lastModifiedDate":"2023-09-02"}],"authorContributionMap":{"CheshireKK":33}}]
