[{"path":"save/data.txt","fileType":"txt","lines":[{"lineNumber":1,"author":{"gitId":"Case000"},"content":" |X|hehe","lastModifiedDate":"2023-10-31"},{"lineNumber":2,"author":{"gitId":"Case000"},"content":"E| |run to super","lastModifiedDate":"2023-10-31"}],"authorContributionMap":{"Case000":2}},{"path":"src/main/java/Duke.java","fileType":"java","lines":[{"lineNumber":1,"author":{"gitId":"Case000"},"content":"import java.io.IOException;","lastModifiedDate":"2023-10-31"},{"lineNumber":2,"author":{"gitId":"Case000"},"content":"import java.util.ArrayList;","lastModifiedDate":"2023-09-12"},{"lineNumber":3,"author":{"gitId":"Case000"},"content":"import java.util.Arrays;","lastModifiedDate":"2023-10-31"},{"lineNumber":4,"author":{"gitId":"Case000"},"content":"import java.util.Scanner;","lastModifiedDate":"2023-09-08"},{"lineNumber":5,"author":{"gitId":"Case000"},"content":"","lastModifiedDate":"2023-09-08"},{"lineNumber":6,"author":{"gitId":"-"},"content":"public class Duke {","lastModifiedDate":"2019-07-29"},{"lineNumber":7,"author":{"gitId":"Case000"},"content":"","lastModifiedDate":"2023-09-08"},{"lineNumber":8,"author":{"gitId":"Case000"},"content":"    public static void main(String[] args) throws DukeException {","lastModifiedDate":"2023-10-22"},{"lineNumber":9,"author":{"gitId":"Case000"},"content":"        String echo;","lastModifiedDate":"2023-09-20"},{"lineNumber":10,"author":{"gitId":"Case000"},"content":"        Shelf tasklist \u003d new Shelf();","lastModifiedDate":"2023-09-20"},{"lineNumber":11,"author":{"gitId":"Case000"},"content":"        Scanner in \u003d new Scanner(System.in);","lastModifiedDate":"2023-09-08"},{"lineNumber":12,"author":{"gitId":"Case000"},"content":"","lastModifiedDate":"2023-09-08"},{"lineNumber":13,"author":{"gitId":"Case000"},"content":"        Text.printMessage(Text.Message.LOGO);","lastModifiedDate":"2023-09-20"},{"lineNumber":14,"author":{"gitId":"Case000"},"content":"        Text.printMessage(Text.Message.GREETING);","lastModifiedDate":"2023-09-20"},{"lineNumber":15,"author":{"gitId":"Case000"},"content":"","lastModifiedDate":"2023-09-08"},{"lineNumber":16,"author":{"gitId":"Case000"},"content":"        while(true){","lastModifiedDate":"2023-09-08"},{"lineNumber":17,"author":{"gitId":"Case000"},"content":"            echo \u003d in.nextLine();","lastModifiedDate":"2023-09-08"},{"lineNumber":18,"author":{"gitId":"Case000"},"content":"            String[] input \u003d InputParser(echo); //input[0] \u003d first word, input[1] \u003d rest of sentence","lastModifiedDate":"2023-09-25"},{"lineNumber":19,"author":{"gitId":"Case000"},"content":"            try {","lastModifiedDate":"2023-10-22"},{"lineNumber":20,"author":{"gitId":"Case000"},"content":"                switch (input[0]) {","lastModifiedDate":"2023-09-25"},{"lineNumber":21,"author":{"gitId":"Case000"},"content":"                case \"bye\":","lastModifiedDate":"2023-09-25"},{"lineNumber":22,"author":{"gitId":"Case000"},"content":"                    Text.printMessage(Text.Message.BYE);","lastModifiedDate":"2023-09-20"},{"lineNumber":23,"author":{"gitId":"Case000"},"content":"                    return;","lastModifiedDate":"2023-09-25"},{"lineNumber":24,"author":{"gitId":"Case000"},"content":"                case \"list\":","lastModifiedDate":"2023-09-25"},{"lineNumber":25,"author":{"gitId":"Case000"},"content":"                    tasklist.listShelf();","lastModifiedDate":"2023-09-20"},{"lineNumber":26,"author":{"gitId":"Case000"},"content":"                    break;","lastModifiedDate":"2023-09-25"},{"lineNumber":27,"author":{"gitId":"Case000"},"content":"                case \"mark\":","lastModifiedDate":"2023-09-25"},{"lineNumber":28,"author":{"gitId":"Case000"},"content":"                    tasklist.markTask(input);","lastModifiedDate":"2023-09-25"},{"lineNumber":29,"author":{"gitId":"Case000"},"content":"                    break;","lastModifiedDate":"2023-09-25"},{"lineNumber":30,"author":{"gitId":"Case000"},"content":"                case \"unmark\":","lastModifiedDate":"2023-09-25"},{"lineNumber":31,"author":{"gitId":"Case000"},"content":"                    tasklist.markTask(input);","lastModifiedDate":"2023-09-25"},{"lineNumber":32,"author":{"gitId":"Case000"},"content":"                    break;","lastModifiedDate":"2023-09-25"},{"lineNumber":33,"author":{"gitId":"Case000"},"content":"                case \"todo\":","lastModifiedDate":"2023-09-25"},{"lineNumber":34,"author":{"gitId":"Case000"},"content":"                    tasklist.addSpecialTask(input[1], input[0]);","lastModifiedDate":"2023-09-25"},{"lineNumber":35,"author":{"gitId":"Case000"},"content":"                    break;","lastModifiedDate":"2023-09-25"},{"lineNumber":36,"author":{"gitId":"Case000"},"content":"                case \"deadline\":","lastModifiedDate":"2023-09-25"},{"lineNumber":37,"author":{"gitId":"Case000"},"content":"                    tasklist.addSpecialTask(input[1], input[0]);","lastModifiedDate":"2023-09-25"},{"lineNumber":38,"author":{"gitId":"Case000"},"content":"                    break;","lastModifiedDate":"2023-09-25"},{"lineNumber":39,"author":{"gitId":"Case000"},"content":"                case \"event\":","lastModifiedDate":"2023-09-25"},{"lineNumber":40,"author":{"gitId":"Case000"},"content":"                    tasklist.addSpecialTask(input[1], input[0]);","lastModifiedDate":"2023-09-25"},{"lineNumber":41,"author":{"gitId":"Case000"},"content":"                    break;","lastModifiedDate":"2023-09-25"},{"lineNumber":42,"author":{"gitId":"Case000"},"content":"                case \"delete\":","lastModifiedDate":"2023-10-25"},{"lineNumber":43,"author":{"gitId":"Case000"},"content":"                    tasklist.deleteTask(input[1]);","lastModifiedDate":"2023-10-25"},{"lineNumber":44,"author":{"gitId":"Case000"},"content":"                    break;","lastModifiedDate":"2023-10-25"},{"lineNumber":45,"author":{"gitId":"Case000"},"content":"                case \"save\":","lastModifiedDate":"2023-10-31"},{"lineNumber":46,"author":{"gitId":"Case000"},"content":"                    FileSaver.CreateFile(tasklist.ShelftoString());","lastModifiedDate":"2023-10-31"},{"lineNumber":47,"author":{"gitId":"Case000"},"content":"                    break;","lastModifiedDate":"2023-10-31"},{"lineNumber":48,"author":{"gitId":"Case000"},"content":"                case \"parse\":","lastModifiedDate":"2023-10-31"},{"lineNumber":49,"author":{"gitId":"Case000"},"content":"                    tasklist \u003d FileParser(FileSaver.loadFile(\"data\"));","lastModifiedDate":"2023-10-31"},{"lineNumber":50,"author":{"gitId":"Case000"},"content":"                    break;","lastModifiedDate":"2023-10-31"},{"lineNumber":51,"author":{"gitId":"Case000"},"content":"","lastModifiedDate":"2023-10-25"},{"lineNumber":52,"author":{"gitId":"Case000"},"content":"                    default:","lastModifiedDate":"2023-09-25"},{"lineNumber":53,"author":{"gitId":"Case000"},"content":"                    tasklist.addItem(input[0]);","lastModifiedDate":"2023-09-25"},{"lineNumber":54,"author":{"gitId":"Case000"},"content":"                }","lastModifiedDate":"2023-09-08"},{"lineNumber":55,"author":{"gitId":"Case000"},"content":"            } catch (IndexOutOfBoundsException e){","lastModifiedDate":"2023-10-22"},{"lineNumber":56,"author":{"gitId":"Case000"},"content":"                System.out.println(\"OOPS!!! You must have done something wrong xxx.\");","lastModifiedDate":"2023-10-25"},{"lineNumber":57,"author":{"gitId":"Case000"},"content":"            } catch (IOException e) {","lastModifiedDate":"2023-10-31"},{"lineNumber":58,"author":{"gitId":"Case000"},"content":"                throw new RuntimeException(e);","lastModifiedDate":"2023-10-31"},{"lineNumber":59,"author":{"gitId":"Case000"},"content":"            }","lastModifiedDate":"2023-10-22"},{"lineNumber":60,"author":{"gitId":"-"},"content":"        }","lastModifiedDate":"2019-07-29"},{"lineNumber":61,"author":{"gitId":"Case000"},"content":"","lastModifiedDate":"2023-09-12"},{"lineNumber":62,"author":{"gitId":"-"},"content":"    }","lastModifiedDate":"2023-09-12"},{"lineNumber":63,"author":{"gitId":"Case000"},"content":"    public static String[] InputParser(String input) {","lastModifiedDate":"2023-09-25"},{"lineNumber":64,"author":{"gitId":"Case000"},"content":"        String[] words \u003d input.split(\" \", 2);","lastModifiedDate":"2023-09-25"},{"lineNumber":65,"author":{"gitId":"Case000"},"content":"        return words;","lastModifiedDate":"2023-09-25"},{"lineNumber":66,"author":{"gitId":"Case000"},"content":"    }","lastModifiedDate":"2023-09-25"},{"lineNumber":67,"author":{"gitId":"Case000"},"content":"","lastModifiedDate":"2023-09-12"},{"lineNumber":68,"author":{"gitId":"Case000"},"content":"    public static Shelf FileParser(String shelfData) throws DukeException {","lastModifiedDate":"2023-10-31"},{"lineNumber":69,"author":{"gitId":"Case000"},"content":"        Shelf newlist \u003d new Shelf();","lastModifiedDate":"2023-10-31"},{"lineNumber":70,"author":{"gitId":"Case000"},"content":"        String type \u003d \"\";","lastModifiedDate":"2023-10-31"},{"lineNumber":71,"author":{"gitId":"Case000"},"content":"        String marking \u003d \"\";","lastModifiedDate":"2023-10-31"},{"lineNumber":72,"author":{"gitId":"Case000"},"content":"        int line_no \u003d 1;","lastModifiedDate":"2023-10-31"},{"lineNumber":73,"author":{"gitId":"Case000"},"content":"        String[] split \u003d shelfData.split(\"[|\\n]\");","lastModifiedDate":"2023-10-31"},{"lineNumber":74,"author":{"gitId":"Case000"},"content":"        for (int i \u003d 1; i-1 \u003c split.length; i++) {","lastModifiedDate":"2023-10-31"},{"lineNumber":75,"author":{"gitId":"Case000"},"content":"            if (i%3 \u003d\u003d 0) {","lastModifiedDate":"2023-10-31"},{"lineNumber":76,"author":{"gitId":"Case000"},"content":"                type \u003d split[i-3];","lastModifiedDate":"2023-10-31"},{"lineNumber":77,"author":{"gitId":"Case000"},"content":"                marking \u003d split[i-2];","lastModifiedDate":"2023-10-31"},{"lineNumber":78,"author":{"gitId":"Case000"},"content":"                newlist.addSpecialTask(split[i-1], type);","lastModifiedDate":"2023-10-31"},{"lineNumber":79,"author":{"gitId":"Case000"},"content":"                System.out.println(split[i-1]);","lastModifiedDate":"2023-10-31"},{"lineNumber":80,"author":{"gitId":"Case000"},"content":"                if(!marking.isEmpty()){","lastModifiedDate":"2023-10-31"},{"lineNumber":81,"author":{"gitId":"Case000"},"content":"                    newlist.markTask(new String[]{\"mark\", Integer.toString(line_no)});","lastModifiedDate":"2023-10-31"},{"lineNumber":82,"author":{"gitId":"Case000"},"content":"                }","lastModifiedDate":"2023-10-31"},{"lineNumber":83,"author":{"gitId":"Case000"},"content":"                line_no++;","lastModifiedDate":"2023-10-31"},{"lineNumber":84,"author":{"gitId":"Case000"},"content":"                type \u003d \"\";","lastModifiedDate":"2023-10-31"},{"lineNumber":85,"author":{"gitId":"Case000"},"content":"                marking \u003d \"\";","lastModifiedDate":"2023-10-31"},{"lineNumber":86,"author":{"gitId":"Case000"},"content":"            }","lastModifiedDate":"2023-10-31"},{"lineNumber":87,"author":{"gitId":"Case000"},"content":"        }","lastModifiedDate":"2023-10-31"},{"lineNumber":88,"author":{"gitId":"Case000"},"content":"        System.out.println(\"File loaded, Welcome Back Taskmaster!\");","lastModifiedDate":"2023-10-31"},{"lineNumber":89,"author":{"gitId":"Case000"},"content":"        return newlist;","lastModifiedDate":"2023-10-31"},{"lineNumber":90,"author":{"gitId":"Case000"},"content":"    }","lastModifiedDate":"2023-10-31"},{"lineNumber":91,"author":{"gitId":"Case000"},"content":"","lastModifiedDate":"2023-10-31"},{"lineNumber":92,"author":{"gitId":"-"},"content":"}","lastModifiedDate":"2019-07-29"}],"authorContributionMap":{"Case000":88,"-":4}},{"path":"src/main/java/DukeException.java","fileType":"java","lines":[{"lineNumber":1,"author":{"gitId":"Case000"},"content":"public class DukeException extends Exception{","lastModifiedDate":"2023-10-22"},{"lineNumber":2,"author":{"gitId":"Case000"},"content":"    public DukeException(String msg){","lastModifiedDate":"2023-10-22"},{"lineNumber":3,"author":{"gitId":"Case000"},"content":"        if(msg.equals(\"mark\")){","lastModifiedDate":"2023-10-22"},{"lineNumber":4,"author":{"gitId":"Case000"},"content":"            System.out.println(\"Please enter the task number you want to mark/unmark!\");","lastModifiedDate":"2023-10-22"},{"lineNumber":5,"author":{"gitId":"Case000"},"content":"        }","lastModifiedDate":"2023-10-22"},{"lineNumber":6,"author":{"gitId":"Case000"},"content":"    }","lastModifiedDate":"2023-10-22"},{"lineNumber":7,"author":{"gitId":"Case000"},"content":"}","lastModifiedDate":"2023-10-22"}],"authorContributionMap":{"Case000":7}},{"path":"src/main/java/FileSaver.java","fileType":"java","lines":[{"lineNumber":1,"author":{"gitId":"Case000"},"content":"import java.io.*;","lastModifiedDate":"2023-10-31"},{"lineNumber":2,"author":{"gitId":"Case000"},"content":"import java.nio.file.Files;","lastModifiedDate":"2023-10-31"},{"lineNumber":3,"author":{"gitId":"Case000"},"content":"import java.nio.file.Path;","lastModifiedDate":"2023-10-31"},{"lineNumber":4,"author":{"gitId":"Case000"},"content":"import java.nio.file.Paths;","lastModifiedDate":"2023-10-31"},{"lineNumber":5,"author":{"gitId":"Case000"},"content":"","lastModifiedDate":"2023-10-31"},{"lineNumber":6,"author":{"gitId":"Case000"},"content":"public class FileSaver {","lastModifiedDate":"2023-10-31"},{"lineNumber":7,"author":{"gitId":"Case000"},"content":"","lastModifiedDate":"2023-10-31"},{"lineNumber":8,"author":{"gitId":"Case000"},"content":"    public static Path getSavefilePath(){","lastModifiedDate":"2023-10-31"},{"lineNumber":9,"author":{"gitId":"Case000"},"content":"        String home \u003d System.getProperty(\"user.dir\");","lastModifiedDate":"2023-10-31"},{"lineNumber":10,"author":{"gitId":"Case000"},"content":"        return Paths.get(home, \"save\");","lastModifiedDate":"2023-10-31"},{"lineNumber":11,"author":{"gitId":"Case000"},"content":"    }","lastModifiedDate":"2023-10-31"},{"lineNumber":12,"author":{"gitId":"Case000"},"content":"    public static void CreateFile(String fileData) {","lastModifiedDate":"2023-10-31"},{"lineNumber":13,"author":{"gitId":"Case000"},"content":"        try {","lastModifiedDate":"2023-10-31"},{"lineNumber":14,"author":{"gitId":"Case000"},"content":"            Path filePath \u003d Paths.get(getSavefilePath() + \"\\\\data.txt\");","lastModifiedDate":"2023-10-31"},{"lineNumber":15,"author":{"gitId":"Case000"},"content":"            if (!java.nio.file.Files.exists(filePath)) {","lastModifiedDate":"2023-10-31"},{"lineNumber":16,"author":{"gitId":"Case000"},"content":"                Files.createFile(filePath);","lastModifiedDate":"2023-10-31"},{"lineNumber":17,"author":{"gitId":"Case000"},"content":"                System.out.println(\"File created: \" + filePath.toString() +\" ...proceed to save file\");","lastModifiedDate":"2023-10-31"},{"lineNumber":18,"author":{"gitId":"Case000"},"content":"            } else {","lastModifiedDate":"2023-10-31"},{"lineNumber":19,"author":{"gitId":"Case000"},"content":"                System.out.println(\"File already exists...proceed to overwrite save file\");","lastModifiedDate":"2023-10-31"},{"lineNumber":20,"author":{"gitId":"Case000"},"content":"            }","lastModifiedDate":"2023-10-31"},{"lineNumber":21,"author":{"gitId":"Case000"},"content":"            saveToFile(filePath, fileData);","lastModifiedDate":"2023-10-31"},{"lineNumber":22,"author":{"gitId":"Case000"},"content":"        } catch (IOException e) {","lastModifiedDate":"2023-10-31"},{"lineNumber":23,"author":{"gitId":"Case000"},"content":"            System.out.println(\"An error occurred.\");","lastModifiedDate":"2023-10-31"},{"lineNumber":24,"author":{"gitId":"Case000"},"content":"            e.printStackTrace();","lastModifiedDate":"2023-10-31"},{"lineNumber":25,"author":{"gitId":"Case000"},"content":"        }","lastModifiedDate":"2023-10-31"},{"lineNumber":26,"author":{"gitId":"Case000"},"content":"    }","lastModifiedDate":"2023-10-31"},{"lineNumber":27,"author":{"gitId":"Case000"},"content":"    public static void saveToFile(Path filePath, String fileData) throws IOException {","lastModifiedDate":"2023-10-31"},{"lineNumber":28,"author":{"gitId":"Case000"},"content":"        try {","lastModifiedDate":"2023-10-31"},{"lineNumber":29,"author":{"gitId":"Case000"},"content":"            Files.write(filePath, fileData.getBytes());","lastModifiedDate":"2023-10-31"},{"lineNumber":30,"author":{"gitId":"Case000"},"content":"            System.out.println(\"Tasks saved successfully!\");","lastModifiedDate":"2023-10-31"},{"lineNumber":31,"author":{"gitId":"Case000"},"content":"        } catch (IOException e) {","lastModifiedDate":"2023-10-31"},{"lineNumber":32,"author":{"gitId":"Case000"},"content":"            System.out.println(\"An error occurred.\");","lastModifiedDate":"2023-10-31"},{"lineNumber":33,"author":{"gitId":"Case000"},"content":"            e.printStackTrace();","lastModifiedDate":"2023-10-31"},{"lineNumber":34,"author":{"gitId":"Case000"},"content":"        }","lastModifiedDate":"2023-10-31"},{"lineNumber":35,"author":{"gitId":"Case000"},"content":"    }","lastModifiedDate":"2023-10-31"},{"lineNumber":36,"author":{"gitId":"Case000"},"content":"    public static String loadFile(String fileName) throws IOException {","lastModifiedDate":"2023-10-31"},{"lineNumber":37,"author":{"gitId":"Case000"},"content":"        String shelfData \u003d \"\";","lastModifiedDate":"2023-10-31"},{"lineNumber":38,"author":{"gitId":"Case000"},"content":"        try {","lastModifiedDate":"2023-10-31"},{"lineNumber":39,"author":{"gitId":"Case000"},"content":"            Path filePath \u003d Paths.get(getSavefilePath() + \"\\\\\" + fileName + \".txt\");","lastModifiedDate":"2023-10-31"},{"lineNumber":40,"author":{"gitId":"Case000"},"content":"            if (java.nio.file.Files.exists(filePath)) {","lastModifiedDate":"2023-10-31"},{"lineNumber":41,"author":{"gitId":"Case000"},"content":"                System.out.println(\"Loading file from: \" + filePath);","lastModifiedDate":"2023-10-31"},{"lineNumber":42,"author":{"gitId":"Case000"},"content":"                shelfData \u003d Files.readString(filePath);","lastModifiedDate":"2023-10-31"},{"lineNumber":43,"author":{"gitId":"Case000"},"content":"            } else {","lastModifiedDate":"2023-10-31"},{"lineNumber":44,"author":{"gitId":"Case000"},"content":"                System.out.println(\"File not found, please create a new one\");","lastModifiedDate":"2023-10-31"},{"lineNumber":45,"author":{"gitId":"Case000"},"content":"            }","lastModifiedDate":"2023-10-31"},{"lineNumber":46,"author":{"gitId":"Case000"},"content":"        } catch (FileNotFoundException e) {","lastModifiedDate":"2023-10-31"},{"lineNumber":47,"author":{"gitId":"Case000"},"content":"            System.out.println(\"An error occurred.\");","lastModifiedDate":"2023-10-31"},{"lineNumber":48,"author":{"gitId":"Case000"},"content":"            e.printStackTrace();","lastModifiedDate":"2023-10-31"},{"lineNumber":49,"author":{"gitId":"Case000"},"content":"        }","lastModifiedDate":"2023-10-31"},{"lineNumber":50,"author":{"gitId":"Case000"},"content":"        return shelfData;","lastModifiedDate":"2023-10-31"},{"lineNumber":51,"author":{"gitId":"Case000"},"content":"    }","lastModifiedDate":"2023-10-31"},{"lineNumber":52,"author":{"gitId":"Case000"},"content":"","lastModifiedDate":"2023-10-31"},{"lineNumber":53,"author":{"gitId":"Case000"},"content":"}","lastModifiedDate":"2023-10-31"}],"authorContributionMap":{"Case000":53}},{"path":"src/main/java/Shelf.java","fileType":"java","lines":[{"lineNumber":1,"author":{"gitId":"Case000"},"content":"import java.util.ArrayList;","lastModifiedDate":"2023-09-20"},{"lineNumber":2,"author":{"gitId":"Case000"},"content":"","lastModifiedDate":"2023-09-20"},{"lineNumber":3,"author":{"gitId":"Case000"},"content":"public class Shelf {","lastModifiedDate":"2023-09-20"},{"lineNumber":4,"author":{"gitId":"Case000"},"content":"    private static ArrayList\u003cSpecialTask\u003e shelf;","lastModifiedDate":"2023-09-25"},{"lineNumber":5,"author":{"gitId":"Case000"},"content":"    public Shelf(){","lastModifiedDate":"2023-09-20"},{"lineNumber":6,"author":{"gitId":"Case000"},"content":"        this.shelf \u003d new ArrayList\u003c\u003e();","lastModifiedDate":"2023-09-20"},{"lineNumber":7,"author":{"gitId":"Case000"},"content":"    }","lastModifiedDate":"2023-09-20"},{"lineNumber":8,"author":{"gitId":"Case000"},"content":"","lastModifiedDate":"2023-10-31"},{"lineNumber":9,"author":{"gitId":"Case000"},"content":"    public static void listShelf(){","lastModifiedDate":"2023-09-20"},{"lineNumber":10,"author":{"gitId":"Case000"},"content":"        if(shelf.isEmpty()){","lastModifiedDate":"2023-09-20"},{"lineNumber":11,"author":{"gitId":"Case000"},"content":"            Text.printMessage(Text.Message.NOITEM);","lastModifiedDate":"2023-09-20"},{"lineNumber":12,"author":{"gitId":"Case000"},"content":"        }","lastModifiedDate":"2023-09-20"},{"lineNumber":13,"author":{"gitId":"Case000"},"content":"        // listing sequence","lastModifiedDate":"2023-09-20"},{"lineNumber":14,"author":{"gitId":"Case000"},"content":"        System.out.print(Text.newline);","lastModifiedDate":"2023-09-20"},{"lineNumber":15,"author":{"gitId":"Case000"},"content":"        System.out.println(\"No. [Type] [Marking] Description\");","lastModifiedDate":"2023-10-31"},{"lineNumber":16,"author":{"gitId":"Case000"},"content":"        for(int i \u003d 0; i \u003c shelf.size(); i++){","lastModifiedDate":"2023-09-20"},{"lineNumber":17,"author":{"gitId":"Case000"},"content":"            System.out.println(Integer.toString(i+1)+ \": \" + \"[\"  + shelf.get(i).getTypeIcon() + \"]\" + \"[\"  + shelf.get(i).getStatusIcon() + \"]\" + shelf.get(i).description);","lastModifiedDate":"2023-10-31"},{"lineNumber":18,"author":{"gitId":"Case000"},"content":"        }","lastModifiedDate":"2023-09-20"},{"lineNumber":19,"author":{"gitId":"Case000"},"content":"        System.out.println(Text.newline);","lastModifiedDate":"2023-09-20"},{"lineNumber":20,"author":{"gitId":"Case000"},"content":"    }","lastModifiedDate":"2023-09-20"},{"lineNumber":21,"author":{"gitId":"Case000"},"content":"    public static void addItem(String item){","lastModifiedDate":"2023-09-20"},{"lineNumber":22,"author":{"gitId":"Case000"},"content":"        SpecialTask t \u003d new SpecialTask(item,\"\");","lastModifiedDate":"2023-09-25"},{"lineNumber":23,"author":{"gitId":"Case000"},"content":"        shelf.add(t);","lastModifiedDate":"2023-09-20"},{"lineNumber":24,"author":{"gitId":"Case000"},"content":"        System.out.println(","lastModifiedDate":"2023-09-20"},{"lineNumber":25,"author":{"gitId":"Case000"},"content":"                Text.newline","lastModifiedDate":"2023-09-20"},{"lineNumber":26,"author":{"gitId":"Case000"},"content":"                        + \"added: \" + item + \"\\n\"","lastModifiedDate":"2023-09-20"},{"lineNumber":27,"author":{"gitId":"Case000"},"content":"                        + Text.newline","lastModifiedDate":"2023-09-20"},{"lineNumber":28,"author":{"gitId":"Case000"},"content":"        );","lastModifiedDate":"2023-09-20"},{"lineNumber":29,"author":{"gitId":"Case000"},"content":"    }","lastModifiedDate":"2023-09-20"},{"lineNumber":30,"author":{"gitId":"Case000"},"content":"    public static void deleteTask(String num){","lastModifiedDate":"2023-10-25"},{"lineNumber":31,"author":{"gitId":"Case000"},"content":"        int idx \u003d Integer.parseInt(num) - 1;","lastModifiedDate":"2023-10-25"},{"lineNumber":32,"author":{"gitId":"Case000"},"content":"        SpecialTask t \u003d shelf.get(idx);","lastModifiedDate":"2023-10-25"},{"lineNumber":33,"author":{"gitId":"Case000"},"content":"        shelf.remove(idx);","lastModifiedDate":"2023-10-25"},{"lineNumber":34,"author":{"gitId":"Case000"},"content":"        System.out.println(\"Noted. I\u0027ve removed this task:\");","lastModifiedDate":"2023-10-25"},{"lineNumber":35,"author":{"gitId":"Case000"},"content":"        System.out.print(\"[\" + t.getTypeIcon() + \"]\" + \"[\" + t.getStatusIcon() +\"] \" + t.getDescription() + \"\\n\" + Text.newline);","lastModifiedDate":"2023-10-25"},{"lineNumber":36,"author":{"gitId":"Case000"},"content":"        System.out.println(\"Now you have \"+ shelf.size() +\" tasks in the list.\");","lastModifiedDate":"2023-10-25"},{"lineNumber":37,"author":{"gitId":"Case000"},"content":"    }","lastModifiedDate":"2023-10-22"},{"lineNumber":38,"author":{"gitId":"Case000"},"content":"    public static void markTask (String[] msg) throws DukeException {","lastModifiedDate":"2023-10-25"},{"lineNumber":39,"author":{"gitId":"Case000"},"content":"//        if(msg.length \u003c\u003d 2){","lastModifiedDate":"2023-10-25"},{"lineNumber":40,"author":{"gitId":"Case000"},"content":"//            throw new DukeException(\"mark\");","lastModifiedDate":"2023-10-25"},{"lineNumber":41,"author":{"gitId":"Case000"},"content":"//        }","lastModifiedDate":"2023-10-25"},{"lineNumber":42,"author":{"gitId":"Case000"},"content":"        String check \u003d msg[0];","lastModifiedDate":"2023-09-20"},{"lineNumber":43,"author":{"gitId":"Case000"},"content":"        int idx \u003d Integer.parseInt(msg[1]) - 1;","lastModifiedDate":"2023-09-25"},{"lineNumber":44,"author":{"gitId":"Case000"},"content":"        if(idx \u003e\u003d shelf.size()){","lastModifiedDate":"2023-09-20"},{"lineNumber":45,"author":{"gitId":"Case000"},"content":"            System.out.println(\"You have selected an invalid task\");","lastModifiedDate":"2023-09-20"},{"lineNumber":46,"author":{"gitId":"Case000"},"content":"            return;","lastModifiedDate":"2023-09-20"},{"lineNumber":47,"author":{"gitId":"Case000"},"content":"        }","lastModifiedDate":"2023-09-20"},{"lineNumber":48,"author":{"gitId":"Case000"},"content":"        System.out.print(Text.newline);","lastModifiedDate":"2023-09-20"},{"lineNumber":49,"author":{"gitId":"Case000"},"content":"        if (check.equals(\"mark\")){","lastModifiedDate":"2023-09-20"},{"lineNumber":50,"author":{"gitId":"Case000"},"content":"            Task.setMarked(shelf.get(idx));","lastModifiedDate":"2023-09-20"},{"lineNumber":51,"author":{"gitId":"Case000"},"content":"            System.out.println(\"Nice! I\u0027ve marked this task as done:\");","lastModifiedDate":"2023-09-20"},{"lineNumber":52,"author":{"gitId":"Case000"},"content":"        } else if(check.equals(\"unmark\")){","lastModifiedDate":"2023-09-20"},{"lineNumber":53,"author":{"gitId":"Case000"},"content":"            Task.setUnmarked(shelf.get(idx));","lastModifiedDate":"2023-09-20"},{"lineNumber":54,"author":{"gitId":"Case000"},"content":"            System.out.println(\"OK, I\u0027ve marked this task as not done yet:\");","lastModifiedDate":"2023-09-20"},{"lineNumber":55,"author":{"gitId":"Case000"},"content":"        }","lastModifiedDate":"2023-09-20"},{"lineNumber":56,"author":{"gitId":"Case000"},"content":"        System.out.println(\"[\" + shelf.get(idx).getStatusIcon() + \"]\" + shelf.get(idx).description + \"\\n\" + Text.newline);","lastModifiedDate":"2023-09-20"},{"lineNumber":57,"author":{"gitId":"Case000"},"content":"    }","lastModifiedDate":"2023-09-20"},{"lineNumber":58,"author":{"gitId":"Case000"},"content":"    public static void addSpecialTask(String item, String type){","lastModifiedDate":"2023-09-25"},{"lineNumber":59,"author":{"gitId":"Case000"},"content":"        SpecialTask t \u003d new SpecialTask(item,type);","lastModifiedDate":"2023-09-25"},{"lineNumber":60,"author":{"gitId":"Case000"},"content":"        shelf.add(t);","lastModifiedDate":"2023-09-25"},{"lineNumber":61,"author":{"gitId":"Case000"},"content":"        System.out.println(Text.newline + \"Got it. I\u0027ve added this task:\");","lastModifiedDate":"2023-09-25"},{"lineNumber":62,"author":{"gitId":"Case000"},"content":"        System.out.print(\"[\" + t.getTypeIcon() + \"]\" + \"[ ] \" + item + \"\\n\" + Text.newline);","lastModifiedDate":"2023-09-25"},{"lineNumber":63,"author":{"gitId":"Case000"},"content":"        System.out.println(\"Now you have \"+ shelf.size() +\" tasks in the list.\");","lastModifiedDate":"2023-09-25"},{"lineNumber":64,"author":{"gitId":"Case000"},"content":"    }","lastModifiedDate":"2023-09-25"},{"lineNumber":65,"author":{"gitId":"Case000"},"content":"    public static String ShelftoString(){","lastModifiedDate":"2023-10-31"},{"lineNumber":66,"author":{"gitId":"Case000"},"content":"        String save \u003d \"\";","lastModifiedDate":"2023-10-31"},{"lineNumber":67,"author":{"gitId":"Case000"},"content":"        for(int i \u003d 0; i \u003c shelf.size(); i++){","lastModifiedDate":"2023-10-31"},{"lineNumber":68,"author":{"gitId":"Case000"},"content":"            save +\u003d shelf.get(i).getTypeIcon() + \"|\"  + shelf.get(i).getStatusIcon() + \"|\" + shelf.get(i).description + \"\\n\";","lastModifiedDate":"2023-10-31"},{"lineNumber":69,"author":{"gitId":"Case000"},"content":"        }","lastModifiedDate":"2023-10-31"},{"lineNumber":70,"author":{"gitId":"Case000"},"content":"        return save;","lastModifiedDate":"2023-10-31"},{"lineNumber":71,"author":{"gitId":"Case000"},"content":"    }","lastModifiedDate":"2023-10-31"},{"lineNumber":72,"author":{"gitId":"Case000"},"content":"}","lastModifiedDate":"2023-09-20"}],"authorContributionMap":{"Case000":72}},{"path":"src/main/java/SpecialTask.java","fileType":"java","lines":[{"lineNumber":1,"author":{"gitId":"Case000"},"content":"public class SpecialTask extends Task {","lastModifiedDate":"2023-09-25"},{"lineNumber":2,"author":{"gitId":"Case000"},"content":"    private String type;","lastModifiedDate":"2023-09-25"},{"lineNumber":3,"author":{"gitId":"Case000"},"content":"    public SpecialTask(String description, String type) {","lastModifiedDate":"2023-09-25"},{"lineNumber":4,"author":{"gitId":"Case000"},"content":"        super(description);","lastModifiedDate":"2023-09-25"},{"lineNumber":5,"author":{"gitId":"Case000"},"content":"        switch(type){","lastModifiedDate":"2023-09-25"},{"lineNumber":6,"author":{"gitId":"Case000"},"content":"            case \"todo\":","lastModifiedDate":"2023-09-25"},{"lineNumber":7,"author":{"gitId":"Case000"},"content":"                this.type \u003d \"T\";","lastModifiedDate":"2023-09-25"},{"lineNumber":8,"author":{"gitId":"Case000"},"content":"                break;","lastModifiedDate":"2023-09-25"},{"lineNumber":9,"author":{"gitId":"Case000"},"content":"            case \"deadline\":","lastModifiedDate":"2023-09-25"},{"lineNumber":10,"author":{"gitId":"Case000"},"content":"                this.type \u003d \"D\";","lastModifiedDate":"2023-09-25"},{"lineNumber":11,"author":{"gitId":"Case000"},"content":"                break;","lastModifiedDate":"2023-09-25"},{"lineNumber":12,"author":{"gitId":"Case000"},"content":"            case \"event\":","lastModifiedDate":"2023-09-25"},{"lineNumber":13,"author":{"gitId":"Case000"},"content":"                this.type \u003d \"E\";","lastModifiedDate":"2023-09-25"},{"lineNumber":14,"author":{"gitId":"Case000"},"content":"                break;","lastModifiedDate":"2023-09-25"},{"lineNumber":15,"author":{"gitId":"Case000"},"content":"            default:","lastModifiedDate":"2023-09-25"},{"lineNumber":16,"author":{"gitId":"Case000"},"content":"                this.type \u003d \" \";","lastModifiedDate":"2023-09-25"},{"lineNumber":17,"author":{"gitId":"Case000"},"content":"        }","lastModifiedDate":"2023-09-25"},{"lineNumber":18,"author":{"gitId":"Case000"},"content":"    }","lastModifiedDate":"2023-09-25"},{"lineNumber":19,"author":{"gitId":"Case000"},"content":"    public String getTypeIcon(){","lastModifiedDate":"2023-09-25"},{"lineNumber":20,"author":{"gitId":"Case000"},"content":"        return type;","lastModifiedDate":"2023-09-25"},{"lineNumber":21,"author":{"gitId":"Case000"},"content":"    }","lastModifiedDate":"2023-09-25"},{"lineNumber":22,"author":{"gitId":"Case000"},"content":"}","lastModifiedDate":"2023-09-25"}],"authorContributionMap":{"Case000":22}},{"path":"src/main/java/Task.java","fileType":"java","lines":[{"lineNumber":1,"author":{"gitId":"Case000"},"content":"public class Task {","lastModifiedDate":"2023-09-20"},{"lineNumber":2,"author":{"gitId":"Case000"},"content":"    protected String description;","lastModifiedDate":"2023-09-20"},{"lineNumber":3,"author":{"gitId":"Case000"},"content":"    protected Boolean marked;","lastModifiedDate":"2023-09-20"},{"lineNumber":4,"author":{"gitId":"Case000"},"content":"    public Task(String description){","lastModifiedDate":"2023-09-20"},{"lineNumber":5,"author":{"gitId":"Case000"},"content":"        this.description \u003d description;","lastModifiedDate":"2023-09-20"},{"lineNumber":6,"author":{"gitId":"Case000"},"content":"        marked \u003d false;","lastModifiedDate":"2023-09-20"},{"lineNumber":7,"author":{"gitId":"Case000"},"content":"    }","lastModifiedDate":"2023-09-20"},{"lineNumber":8,"author":{"gitId":"Case000"},"content":"    public String getStatusIcon(){","lastModifiedDate":"2023-09-20"},{"lineNumber":9,"author":{"gitId":"Case000"},"content":"        return (this.marked ? \"X\" : \" \");","lastModifiedDate":"2023-09-20"},{"lineNumber":10,"author":{"gitId":"Case000"},"content":"    }","lastModifiedDate":"2023-09-20"},{"lineNumber":11,"author":{"gitId":"Case000"},"content":"    public String getDescription(){","lastModifiedDate":"2023-10-25"},{"lineNumber":12,"author":{"gitId":"Case000"},"content":"        return description;","lastModifiedDate":"2023-10-25"},{"lineNumber":13,"author":{"gitId":"Case000"},"content":"    }","lastModifiedDate":"2023-10-25"},{"lineNumber":14,"author":{"gitId":"Case000"},"content":"    public static void setMarked(Task task){","lastModifiedDate":"2023-09-20"},{"lineNumber":15,"author":{"gitId":"Case000"},"content":"        task.marked \u003d true;","lastModifiedDate":"2023-09-20"},{"lineNumber":16,"author":{"gitId":"Case000"},"content":"    }","lastModifiedDate":"2023-09-20"},{"lineNumber":17,"author":{"gitId":"Case000"},"content":"    public static void setUnmarked(Task task){","lastModifiedDate":"2023-09-20"},{"lineNumber":18,"author":{"gitId":"Case000"},"content":"        task.marked \u003d false;","lastModifiedDate":"2023-09-20"},{"lineNumber":19,"author":{"gitId":"Case000"},"content":"    }","lastModifiedDate":"2023-09-20"},{"lineNumber":20,"author":{"gitId":"Case000"},"content":"}","lastModifiedDate":"2023-09-20"}],"authorContributionMap":{"Case000":20}},{"path":"src/main/java/Text.java","fileType":"java","lines":[{"lineNumber":1,"author":{"gitId":"Case000"},"content":"public class Text {","lastModifiedDate":"2023-09-20"},{"lineNumber":2,"author":{"gitId":"Case000"},"content":"    public static final String newline \u003d \"____________________________________________________________\\n\";","lastModifiedDate":"2023-09-20"},{"lineNumber":3,"author":{"gitId":"Case000"},"content":"    public enum Message {","lastModifiedDate":"2023-09-20"},{"lineNumber":4,"author":{"gitId":"Case000"},"content":"        LOGO, GREETING, BYE, NOITEM","lastModifiedDate":"2023-09-20"},{"lineNumber":5,"author":{"gitId":"Case000"},"content":"    }","lastModifiedDate":"2023-09-20"},{"lineNumber":6,"author":{"gitId":"Case000"},"content":"    private static final String LOGO \u003d \"Loading...\\n\"","lastModifiedDate":"2023-09-20"},{"lineNumber":7,"author":{"gitId":"Case000"},"content":"            + \" ____        _        \\n\"","lastModifiedDate":"2023-09-20"},{"lineNumber":8,"author":{"gitId":"Case000"},"content":"            + \"|  _ \\\\ _   _| | _____ \\n\"","lastModifiedDate":"2023-09-20"},{"lineNumber":9,"author":{"gitId":"Case000"},"content":"            + \"| | | | | | | |/ / _ \\\\\\n\"","lastModifiedDate":"2023-09-20"},{"lineNumber":10,"author":{"gitId":"Case000"},"content":"            + \"| |_| | |_| |   \u003c  __/\\n\"","lastModifiedDate":"2023-09-20"},{"lineNumber":11,"author":{"gitId":"Case000"},"content":"            + \"|____/ \\\\__,_|_|\\\\_\\\\___|\\n\";","lastModifiedDate":"2023-09-20"},{"lineNumber":12,"author":{"gitId":"Case000"},"content":"    private static final String GREETING \u003d newline +","lastModifiedDate":"2023-09-20"},{"lineNumber":13,"author":{"gitId":"Case000"},"content":"            \" Hello! I\u0027m CLARA \\n\" +","lastModifiedDate":"2023-09-20"},{"lineNumber":14,"author":{"gitId":"Case000"},"content":"            \" What can I do for you?\\n\" +","lastModifiedDate":"2023-09-20"},{"lineNumber":15,"author":{"gitId":"Case000"},"content":"            newline;","lastModifiedDate":"2023-09-20"},{"lineNumber":16,"author":{"gitId":"Case000"},"content":"    private static final String BYE \u003d newline +","lastModifiedDate":"2023-09-20"},{"lineNumber":17,"author":{"gitId":"Case000"},"content":"            \" Bye. Hope to see you again soon!\\n\" +","lastModifiedDate":"2023-09-20"},{"lineNumber":18,"author":{"gitId":"Case000"},"content":"            newline;","lastModifiedDate":"2023-09-20"},{"lineNumber":19,"author":{"gitId":"Case000"},"content":"","lastModifiedDate":"2023-09-20"},{"lineNumber":20,"author":{"gitId":"Case000"},"content":"    private static final String NOITEM \u003d newline +","lastModifiedDate":"2023-09-20"},{"lineNumber":21,"author":{"gitId":"Case000"},"content":"            \"No items found!, Please add items\" + \"\\n\" +","lastModifiedDate":"2023-09-20"},{"lineNumber":22,"author":{"gitId":"Case000"},"content":"            newline;","lastModifiedDate":"2023-09-20"},{"lineNumber":23,"author":{"gitId":"Case000"},"content":"    public static void printMessage(Message message) {","lastModifiedDate":"2023-09-20"},{"lineNumber":24,"author":{"gitId":"Case000"},"content":"        switch (message) {","lastModifiedDate":"2023-09-20"},{"lineNumber":25,"author":{"gitId":"Case000"},"content":"            case LOGO:","lastModifiedDate":"2023-09-20"},{"lineNumber":26,"author":{"gitId":"Case000"},"content":"                System.out.println(LOGO);","lastModifiedDate":"2023-09-20"},{"lineNumber":27,"author":{"gitId":"Case000"},"content":"                break;","lastModifiedDate":"2023-09-20"},{"lineNumber":28,"author":{"gitId":"Case000"},"content":"            case GREETING:","lastModifiedDate":"2023-09-20"},{"lineNumber":29,"author":{"gitId":"Case000"},"content":"                System.out.println(GREETING);","lastModifiedDate":"2023-09-20"},{"lineNumber":30,"author":{"gitId":"Case000"},"content":"                break;","lastModifiedDate":"2023-09-20"},{"lineNumber":31,"author":{"gitId":"Case000"},"content":"            case BYE:","lastModifiedDate":"2023-09-20"},{"lineNumber":32,"author":{"gitId":"Case000"},"content":"                System.out.println(BYE);","lastModifiedDate":"2023-09-20"},{"lineNumber":33,"author":{"gitId":"Case000"},"content":"                break;","lastModifiedDate":"2023-09-20"},{"lineNumber":34,"author":{"gitId":"Case000"},"content":"            case NOITEM:","lastModifiedDate":"2023-09-20"},{"lineNumber":35,"author":{"gitId":"Case000"},"content":"                System.out.println(NOITEM);","lastModifiedDate":"2023-09-20"},{"lineNumber":36,"author":{"gitId":"Case000"},"content":"                break;","lastModifiedDate":"2023-09-20"},{"lineNumber":37,"author":{"gitId":"Case000"},"content":"            default:","lastModifiedDate":"2023-09-20"},{"lineNumber":38,"author":{"gitId":"Case000"},"content":"                throw new IllegalArgumentException(\"Invalid message type: \" + message);","lastModifiedDate":"2023-09-20"},{"lineNumber":39,"author":{"gitId":"Case000"},"content":"        }","lastModifiedDate":"2023-09-20"},{"lineNumber":40,"author":{"gitId":"Case000"},"content":"    }","lastModifiedDate":"2023-09-20"},{"lineNumber":41,"author":{"gitId":"Case000"},"content":"","lastModifiedDate":"2023-09-20"},{"lineNumber":42,"author":{"gitId":"Case000"},"content":"}","lastModifiedDate":"2023-09-20"}],"authorContributionMap":{"Case000":42}},{"path":"src/vision.txt","fileType":"txt","lines":[{"lineNumber":1,"author":{"gitId":"Case000"},"content":"VISION","lastModifiedDate":"2023-10-25"},{"lineNumber":2,"author":{"gitId":"Case000"},"content":"A tool to record, categorised tasks for users who likes messaging UI","lastModifiedDate":"2023-10-25"},{"lineNumber":3,"author":{"gitId":"Case000"},"content":"","lastModifiedDate":"2023-10-25"},{"lineNumber":4,"author":{"gitId":"Case000"},"content":"Must have USER STORY","lastModifiedDate":"2023-10-25"},{"lineNumber":5,"author":{"gitId":"Case000"},"content":"- As a forgetful user, i want to store my daily task so that i can remember when to finish them","lastModifiedDate":"2023-10-25"},{"lineNumber":6,"author":{"gitId":"Case000"},"content":"- As user, i want to delet or mark the task that i have completed","lastModifiedDate":"2023-10-25"},{"lineNumber":7,"author":{"gitId":"Case000"},"content":"","lastModifiedDate":"2023-10-25"},{"lineNumber":8,"author":{"gitId":"Case000"},"content":"FEATURE","lastModifiedDate":"2023-10-25"},{"lineNumber":9,"author":{"gitId":"Case000"},"content":"add deadline","lastModifiedDate":"2023-10-25"},{"lineNumber":10,"author":{"gitId":"Case000"},"content":"delete item","lastModifiedDate":"2023-10-25"},{"lineNumber":11,"author":{"gitId":"Case000"},"content":"","lastModifiedDate":"2023-10-25"},{"lineNumber":12,"author":{"gitId":"Case000"},"content":"GLOSSARY","lastModifiedDate":"2023-10-25"},{"lineNumber":13,"author":{"gitId":"Case000"},"content":"    Event: an item that has a start time and an end time","lastModifiedDate":"2023-10-25"},{"lineNumber":14,"author":{"gitId":"Case000"},"content":"    ","lastModifiedDate":"2023-10-25"},{"lineNumber":15,"author":{"gitId":"Case000"},"content":"UI PROTOTYPE","lastModifiedDate":"2023-10-25"}],"authorContributionMap":{"Case000":15}},{"path":"text-ui-test/input.txt","fileType":"txt","lines":[{"lineNumber":1,"author":{"gitId":"Case000"},"content":"Hello World","lastModifiedDate":"2023-09-25"},{"lineNumber":2,"author":{"gitId":"Case000"},"content":"Visit the shopping center for food","lastModifiedDate":"2023-09-25"},{"lineNumber":3,"author":{"gitId":"Case000"},"content":"Take a picture of a cute dog","lastModifiedDate":"2023-09-25"},{"lineNumber":4,"author":{"gitId":"Case000"},"content":"Arrange the items in the shelf","lastModifiedDate":"2023-09-25"},{"lineNumber":5,"author":{"gitId":"Case000"},"content":"list","lastModifiedDate":"2023-09-25"},{"lineNumber":6,"author":{"gitId":"Case000"},"content":"mark 2","lastModifiedDate":"2023-09-25"},{"lineNumber":7,"author":{"gitId":"Case000"},"content":"mark 0","lastModifiedDate":"2023-09-25"},{"lineNumber":8,"author":{"gitId":"Case000"},"content":"list","lastModifiedDate":"2023-09-25"},{"lineNumber":9,"author":{"gitId":"Case000"},"content":"unmark 2","lastModifiedDate":"2023-09-25"},{"lineNumber":10,"author":{"gitId":"Case000"},"content":"list","lastModifiedDate":"2023-09-25"},{"lineNumber":11,"author":{"gitId":"Case000"},"content":"bye","lastModifiedDate":"2023-09-25"}],"authorContributionMap":{"Case000":11}}]
