{"authorDailyContributionsMap":{"Case000":[{"date":"2023-09-08","commitResults":[{"hash":"87cb1e7a54afd25b3f7b127a3f532b783e19822b","isMergeCommit":false,"messageTitle":"Level-0","messageBody":"","fileTypesAndContributionMap":{"java":{"insertions":18,"deletions":1}}},{"hash":"72c59ebd9cee438f14f4ac7cac009015a47f77c4","isMergeCommit":false,"messageTitle":"Level-1","messageBody":"","fileTypesAndContributionMap":{"java":{"insertions":15,"deletions":1}}}]},{"date":"2023-09-12","commitResults":[{"hash":"e72b5a94c680b88a5a526e28388cecd9574a5be2","isMergeCommit":false,"messageTitle":"Level-2","messageBody":"","fileTypesAndContributionMap":{"java":{"insertions":18,"deletions":2}}}]},{"date":"2023-09-20","commitResults":[{"hash":"146e05c8b499d499691985f2cc16085a55ed78d5","isMergeCommit":false,"messageTitle":"Refactor code into more classes","messageBody":"","fileTypesAndContributionMap":{"java":{"insertions":87,"deletions":37}}},{"hash":"9a1b844b7e01ba0abd479c00663b51a030a80d36","isMergeCommit":false,"messageTitle":"Level-3","messageBody":"","fileTypesAndContributionMap":{"java":{"insertions":47,"deletions":13}}}]}]},"authorFileTypeContributionMap":{"Case000":{"java":136,"md":0,"fxml":0,"sh":0,"bat":0,"gradle":0,"txt":0}},"authorContributionVariance":{"Case000":894.1531},"authorDisplayNameMap":{"Case000":"CHUN..IANG"}}
