{"authorDailyContributionsMap":{"Case000":[{"date":"2023-09-08","commitResults":[{"hash":"87cb1e7a54afd25b3f7b127a3f532b783e19822b","isMergeCommit":false,"messageTitle":"Level-0","messageBody":"","tags":["v0"],"fileTypesAndContributionMap":{"java":{"insertions":18,"deletions":1}}},{"hash":"72c59ebd9cee438f14f4ac7cac009015a47f77c4","isMergeCommit":false,"messageTitle":"Level-1","messageBody":"","tags":["v1"],"fileTypesAndContributionMap":{"java":{"insertions":15,"deletions":1}}}]},{"date":"2023-09-12","commitResults":[{"hash":"e72b5a94c680b88a5a526e28388cecd9574a5be2","isMergeCommit":false,"messageTitle":"Level-2","messageBody":"","tags":["v2"],"fileTypesAndContributionMap":{"java":{"insertions":18,"deletions":2}}}]},{"date":"2023-09-20","commitResults":[{"hash":"146e05c8b499d499691985f2cc16085a55ed78d5","isMergeCommit":false,"messageTitle":"Refactor code into more classes","messageBody":"","fileTypesAndContributionMap":{"java":{"insertions":87,"deletions":37}}},{"hash":"9a1b844b7e01ba0abd479c00663b51a030a80d36","isMergeCommit":false,"messageTitle":"Level-3","messageBody":"","tags":["v3"],"fileTypesAndContributionMap":{"java":{"insertions":47,"deletions":13}}}]},{"date":"2023-09-25","commitResults":[{"hash":"763066675dce03853acd855febf0505ebee0394e","isMergeCommit":false,"messageTitle":"Level 4","messageBody":"","tags":["v4"],"fileTypesAndContributionMap":{"txt":{"insertions":11,"deletions":0},"java":{"insertions":65,"deletions":20}}}]},{"date":"2023-10-22","commitResults":[{"hash":"9e94e4face4bbdbee25fe202473a579acc1cc081","isMergeCommit":false,"messageTitle":"-added DukeException and exception handling","messageBody":"","fileTypesAndContributionMap":{"java":{"insertions":41,"deletions":27}}}]}]},"authorFileTypeContributionMap":{"Case000":{"java":196,"md":0,"fxml":0,"sh":0,"bat":0,"gradle":0,"txt":11}},"authorContributionVariance":{"Case000":671.441},"authorDisplayNameMap":{"Case000":"CHUN..IANG"}}
