{"authorDailyContributionsMap":{"Case000":[{"date":"2023-09-08","commitResults":[{"hash":"87cb1e7a54afd25b3f7b127a3f532b783e19822b","isMergeCommit":false,"messageTitle":"Level-0","messageBody":"","tags":["v0"],"fileTypesAndContributionMap":{"java":{"insertions":18,"deletions":1}}},{"hash":"72c59ebd9cee438f14f4ac7cac009015a47f77c4","isMergeCommit":false,"messageTitle":"Level-1","messageBody":"","tags":["v1"],"fileTypesAndContributionMap":{"java":{"insertions":15,"deletions":1}}}]},{"date":"2023-09-12","commitResults":[{"hash":"e72b5a94c680b88a5a526e28388cecd9574a5be2","isMergeCommit":false,"messageTitle":"Level-2","messageBody":"","tags":["v2"],"fileTypesAndContributionMap":{"java":{"insertions":18,"deletions":2}}}]},{"date":"2023-09-20","commitResults":[{"hash":"146e05c8b499d499691985f2cc16085a55ed78d5","isMergeCommit":false,"messageTitle":"Refactor code into more classes","messageBody":"","fileTypesAndContributionMap":{"java":{"insertions":87,"deletions":37}}},{"hash":"9a1b844b7e01ba0abd479c00663b51a030a80d36","isMergeCommit":false,"messageTitle":"Level-3","messageBody":"","tags":["v3"],"fileTypesAndContributionMap":{"java":{"insertions":47,"deletions":13}}}]},{"date":"2023-09-25","commitResults":[{"hash":"763066675dce03853acd855febf0505ebee0394e","isMergeCommit":false,"messageTitle":"Level 4","messageBody":"","tags":["v4"],"fileTypesAndContributionMap":{"txt":{"insertions":11,"deletions":0},"java":{"insertions":65,"deletions":20}}}]},{"date":"2023-10-22","commitResults":[{"hash":"9e94e4face4bbdbee25fe202473a579acc1cc081","isMergeCommit":false,"messageTitle":"-added DukeException and exception handling","messageBody":"","tags":["v5"],"fileTypesAndContributionMap":{"java":{"insertions":41,"deletions":27}}}]},{"date":"2023-10-25","commitResults":[{"hash":"0b8b86c779f5b8fe81dd66f6fc3ff8f55ce9c64b","isMergeCommit":false,"messageTitle":"- added delete fuctionality, temp remove DukeException implementation for bug fix","messageBody":"","tags":["v6"],"fileTypesAndContributionMap":{"txt":{"insertions":15,"deletions":0},"java":{"insertions":41,"deletions":28}}}]},{"date":"2023-10-31","commitResults":[{"hash":"d652cab28d67ed76cd693178a96d92bb83da394b","isMergeCommit":false,"messageTitle":"-added file saving loading fuctionality","messageBody":"","fileTypesAndContributionMap":{"java":{"insertions":54,"deletions":0}}},{"hash":"dd50912f05a3ef89d12450c873551624ebe2d666","isMergeCommit":false,"messageTitle":"-finished file saving and file loading feature","messageBody":"","fileTypesAndContributionMap":{"java":{"insertions":55,"deletions":0}}},{"hash":"64c509f3e4374455514e0f6f75a7208bfeecc58b","isMergeCommit":false,"messageTitle":"-finished file saving and file loading feature","messageBody":"","tags":["v7"],"fileTypesAndContributionMap":{"txt":{"insertions":2,"deletions":0},"java":{"insertions":45,"deletions":4}}},{"hash":"37df326289030819c89e2ee9a6e582435957f31d","isMergeCommit":true,"messageTitle":"Merge branch \u0027master\u0027 of https://github.com/Case000/duke","messageBody":"","fileTypesAndContributionMap":{}}]},{"date":"2023-11-01","commitResults":[{"hash":"fff1a4a336190125c383a03870e5216a106776f3","isMergeCommit":false,"messageTitle":"resolve issues from issue tracker","messageBody":"","fileTypesAndContributionMap":{"java":{"insertions":16,"deletions":19}}}]},{"date":"2023-11-07","commitResults":[{"hash":"411f07674777d34dca984a6e8eb98f87cb949dc0","isMergeCommit":false,"messageTitle":"-Refactor for packages and OOP format","messageBody":"","fileTypesAndContributionMap":{"java":{"insertions":173,"deletions":94},"bat":{"insertions":1,"deletions":1},"md":{"insertions":2,"deletions":2}}}]}]},"authorFileTypeContributionMap":{"Case000":{"java":384,"md":2,"fxml":0,"sh":0,"bat":1,"gradle":0,"txt":28}},"authorContributionVariance":{"Case000":1710.7678},"authorDisplayNameMap":{"Case000":"CHUN..IANG"}}
