[{"path":"src/main/java/seedu/duke/Duke.java","fileType":"java","lines":[{"lineNumber":1,"author":{"gitId":"yeebinrong"},"content":"package seedu.duke;","lastModifiedDate":"2023-08-27"},{"lineNumber":2,"author":{"gitId":"yeebinrong"},"content":"","lastModifiedDate":"2023-08-27"},{"lineNumber":3,"author":{"gitId":"yeebinrong"},"content":"import java.util.Arrays;","lastModifiedDate":"2023-09-16"},{"lineNumber":4,"author":{"gitId":"yeebinrong"},"content":"import java.util.List;","lastModifiedDate":"2023-09-16"},{"lineNumber":5,"author":{"gitId":"yeebinrong"},"content":"","lastModifiedDate":"2023-09-16"},{"lineNumber":6,"author":{"gitId":"yeebinrong"},"content":"import seedu.duke.commands.WonkyMode;","lastModifiedDate":"2023-09-16"},{"lineNumber":7,"author":{"gitId":"yeebinrong"},"content":"import seedu.duke.exceptions.DukeException;","lastModifiedDate":"2023-08-27"},{"lineNumber":8,"author":{"gitId":"yeebinrong"},"content":"import seedu.duke.exceptions.DukeUnhandledException;","lastModifiedDate":"2023-08-27"},{"lineNumber":9,"author":{"gitId":"yeebinrong"},"content":"import seedu.duke.io.WonkyLogger;","lastModifiedDate":"2023-09-07"},{"lineNumber":10,"author":{"gitId":"yeebinrong"},"content":"import seedu.duke.io.WonkyScanner;","lastModifiedDate":"2023-09-07"},{"lineNumber":11,"author":{"gitId":"yeebinrong"},"content":"","lastModifiedDate":"2023-09-07"},{"lineNumber":12,"author":{"gitId":"yeebinrong"},"content":"public class Duke {","lastModifiedDate":"2023-08-27"},{"lineNumber":13,"author":{"gitId":"yeebinrong"},"content":"    public static void main(String[] args) throws DukeException {","lastModifiedDate":"2023-08-27"},{"lineNumber":14,"author":{"gitId":"yeebinrong"},"content":"        WonkyMode mode \u003d checkMode(args);","lastModifiedDate":"2023-09-16"},{"lineNumber":15,"author":{"gitId":"yeebinrong"},"content":"        try {","lastModifiedDate":"2023-08-27"},{"lineNumber":16,"author":{"gitId":"yeebinrong"},"content":"            initialise(mode);","lastModifiedDate":"2023-09-16"},{"lineNumber":17,"author":{"gitId":"yeebinrong"},"content":"        } catch (DukeException e) {","lastModifiedDate":"2023-08-27"},{"lineNumber":18,"author":{"gitId":"yeebinrong"},"content":"            throw e;","lastModifiedDate":"2023-08-27"},{"lineNumber":19,"author":{"gitId":"yeebinrong"},"content":"        } catch (Exception e) {","lastModifiedDate":"2023-08-27"},{"lineNumber":20,"author":{"gitId":"yeebinrong"},"content":"            throw new DukeUnhandledException(e.getMessage());","lastModifiedDate":"2023-08-27"},{"lineNumber":21,"author":{"gitId":"yeebinrong"},"content":"        }","lastModifiedDate":"2023-08-27"},{"lineNumber":22,"author":{"gitId":"yeebinrong"},"content":"        System.exit(0);","lastModifiedDate":"2023-08-27"},{"lineNumber":23,"author":{"gitId":"yeebinrong"},"content":"    }","lastModifiedDate":"2023-08-27"},{"lineNumber":24,"author":{"gitId":"yeebinrong"},"content":"","lastModifiedDate":"2023-08-27"},{"lineNumber":25,"author":{"gitId":"yeebinrong"},"content":"    private static void initialise(WonkyMode mode) throws DukeException {","lastModifiedDate":"2023-09-16"},{"lineNumber":26,"author":{"gitId":"yeebinrong"},"content":"        WonkyLogger.startUp(mode);","lastModifiedDate":"2023-09-16"},{"lineNumber":27,"author":{"gitId":"yeebinrong"},"content":"        WonkyScanner.startUp();","lastModifiedDate":"2023-08-27"},{"lineNumber":28,"author":{"gitId":"yeebinrong"},"content":"    }","lastModifiedDate":"2023-08-27"},{"lineNumber":29,"author":{"gitId":"yeebinrong"},"content":"","lastModifiedDate":"2023-08-27"},{"lineNumber":30,"author":{"gitId":"yeebinrong"},"content":"    private static WonkyMode checkMode(String[] args) {","lastModifiedDate":"2023-09-16"},{"lineNumber":31,"author":{"gitId":"yeebinrong"},"content":"        List\u003cString\u003e argList \u003d Arrays.asList(args);","lastModifiedDate":"2023-09-16"},{"lineNumber":32,"author":{"gitId":"yeebinrong"},"content":"        if (argList.size() \u003e 0) {","lastModifiedDate":"2023-09-16"},{"lineNumber":33,"author":{"gitId":"yeebinrong"},"content":"            try {","lastModifiedDate":"2023-09-16"},{"lineNumber":34,"author":{"gitId":"yeebinrong"},"content":"                return WonkyMode.getEnum(argList.get(0));","lastModifiedDate":"2023-09-16"},{"lineNumber":35,"author":{"gitId":"yeebinrong"},"content":"            } catch (IllegalArgumentException e) {","lastModifiedDate":"2023-09-16"},{"lineNumber":36,"author":{"gitId":"yeebinrong"},"content":"                return WonkyMode.NORMAL;","lastModifiedDate":"2023-09-16"},{"lineNumber":37,"author":{"gitId":"yeebinrong"},"content":"            }","lastModifiedDate":"2023-09-16"},{"lineNumber":38,"author":{"gitId":"yeebinrong"},"content":"        }","lastModifiedDate":"2023-09-16"},{"lineNumber":39,"author":{"gitId":"yeebinrong"},"content":"        return WonkyMode.NORMAL;","lastModifiedDate":"2023-09-16"},{"lineNumber":40,"author":{"gitId":"yeebinrong"},"content":"    }","lastModifiedDate":"2023-08-27"},{"lineNumber":41,"author":{"gitId":"yeebinrong"},"content":"}","lastModifiedDate":"2023-08-27"}],"authorContributionMap":{"yeebinrong":41}},{"path":"src/main/java/seedu/duke/commands/Command.java","fileType":"java","lines":[{"lineNumber":1,"author":{"gitId":"yeebinrong"},"content":"package seedu.duke.commands;","lastModifiedDate":"2023-09-06"},{"lineNumber":2,"author":{"gitId":"yeebinrong"},"content":"","lastModifiedDate":"2023-09-06"},{"lineNumber":3,"author":{"gitId":"yeebinrong"},"content":"public enum Command {","lastModifiedDate":"2023-09-06"},{"lineNumber":4,"author":{"gitId":"yeebinrong"},"content":"    BYE(\"bye\"),","lastModifiedDate":"2023-09-16"},{"lineNumber":5,"author":{"gitId":"yeebinrong"},"content":"    DEADLINE(\"deadline\"),","lastModifiedDate":"2023-09-06"},{"lineNumber":6,"author":{"gitId":"yeebinrong"},"content":"    DELETE(\"delete\"),","lastModifiedDate":"2023-09-16"},{"lineNumber":7,"author":{"gitId":"yeebinrong"},"content":"    EVENT(\"event\"),","lastModifiedDate":"2023-09-06"},{"lineNumber":8,"author":{"gitId":"yeebinrong"},"content":"    LIST(\"list\"),","lastModifiedDate":"2023-09-16"},{"lineNumber":9,"author":{"gitId":"yeebinrong"},"content":"    TODO(\"todo\"),","lastModifiedDate":"2023-09-16"},{"lineNumber":10,"author":{"gitId":"yeebinrong"},"content":"    MARK(\"mark\"),","lastModifiedDate":"2023-09-16"},{"lineNumber":11,"author":{"gitId":"yeebinrong"},"content":"    UNMARK(\"unmark\");","lastModifiedDate":"2023-09-16"},{"lineNumber":12,"author":{"gitId":"yeebinrong"},"content":"","lastModifiedDate":"2023-09-06"},{"lineNumber":13,"author":{"gitId":"yeebinrong"},"content":"    private String command;","lastModifiedDate":"2023-09-06"},{"lineNumber":14,"author":{"gitId":"yeebinrong"},"content":"","lastModifiedDate":"2023-09-06"},{"lineNumber":15,"author":{"gitId":"yeebinrong"},"content":"    Command(String command) {","lastModifiedDate":"2023-09-06"},{"lineNumber":16,"author":{"gitId":"yeebinrong"},"content":"        this.command \u003d command;","lastModifiedDate":"2023-09-06"},{"lineNumber":17,"author":{"gitId":"yeebinrong"},"content":"    }","lastModifiedDate":"2023-09-06"},{"lineNumber":18,"author":{"gitId":"yeebinrong"},"content":"","lastModifiedDate":"2023-09-06"},{"lineNumber":19,"author":{"gitId":"yeebinrong"},"content":"    public String getLitr() {","lastModifiedDate":"2023-09-07"},{"lineNumber":20,"author":{"gitId":"yeebinrong"},"content":"        return command;","lastModifiedDate":"2023-09-06"},{"lineNumber":21,"author":{"gitId":"yeebinrong"},"content":"    }","lastModifiedDate":"2023-09-06"},{"lineNumber":22,"author":{"gitId":"yeebinrong"},"content":"","lastModifiedDate":"2023-09-07"},{"lineNumber":23,"author":{"gitId":"yeebinrong"},"content":"    public static Command getEnum(String cmd) {","lastModifiedDate":"2023-09-07"},{"lineNumber":24,"author":{"gitId":"yeebinrong"},"content":"        return Command.valueOf(cmd.toUpperCase());","lastModifiedDate":"2023-09-07"},{"lineNumber":25,"author":{"gitId":"yeebinrong"},"content":"    }","lastModifiedDate":"2023-09-07"},{"lineNumber":26,"author":{"gitId":"yeebinrong"},"content":"}","lastModifiedDate":"2023-09-06"}],"authorContributionMap":{"yeebinrong":26}},{"path":"src/main/java/seedu/duke/exceptions/DukeException.java","fileType":"java","lines":[{"lineNumber":1,"author":{"gitId":"yeebinrong"},"content":"package seedu.duke.exceptions;","lastModifiedDate":"2023-08-27"},{"lineNumber":2,"author":{"gitId":"yeebinrong"},"content":"","lastModifiedDate":"2023-08-27"},{"lineNumber":3,"author":{"gitId":"yeebinrong"},"content":"public abstract class DukeException extends Exception {","lastModifiedDate":"2023-08-27"},{"lineNumber":4,"author":{"gitId":"yeebinrong"},"content":"    public DukeException(String err) {","lastModifiedDate":"2023-08-27"},{"lineNumber":5,"author":{"gitId":"yeebinrong"},"content":"        super(err);","lastModifiedDate":"2023-08-27"},{"lineNumber":6,"author":{"gitId":"yeebinrong"},"content":"    }","lastModifiedDate":"2023-08-27"},{"lineNumber":7,"author":{"gitId":"yeebinrong"},"content":"}","lastModifiedDate":"2023-08-27"}],"authorContributionMap":{"yeebinrong":7}},{"path":"src/main/java/seedu/duke/exceptions/DukeLoggerException.java","fileType":"java","lines":[{"lineNumber":1,"author":{"gitId":"yeebinrong"},"content":"package seedu.duke.exceptions;","lastModifiedDate":"2023-08-27"},{"lineNumber":2,"author":{"gitId":"yeebinrong"},"content":"","lastModifiedDate":"2023-08-27"},{"lineNumber":3,"author":{"gitId":"yeebinrong"},"content":"public class DukeLoggerException extends DukeException {","lastModifiedDate":"2023-08-27"},{"lineNumber":4,"author":{"gitId":"yeebinrong"},"content":"    public DukeLoggerException(String err) {","lastModifiedDate":"2023-08-27"},{"lineNumber":5,"author":{"gitId":"yeebinrong"},"content":"        super(err);","lastModifiedDate":"2023-08-27"},{"lineNumber":6,"author":{"gitId":"yeebinrong"},"content":"    }","lastModifiedDate":"2023-08-27"},{"lineNumber":7,"author":{"gitId":"yeebinrong"},"content":"}","lastModifiedDate":"2023-08-27"}],"authorContributionMap":{"yeebinrong":7}},{"path":"src/main/java/seedu/duke/exceptions/DukeManagerException.java","fileType":"java","lines":[{"lineNumber":1,"author":{"gitId":"yeebinrong"},"content":"package seedu.duke.exceptions;","lastModifiedDate":"2023-09-07"},{"lineNumber":2,"author":{"gitId":"yeebinrong"},"content":"","lastModifiedDate":"2023-09-07"},{"lineNumber":3,"author":{"gitId":"yeebinrong"},"content":"public class DukeManagerException extends DukeException {","lastModifiedDate":"2023-09-07"},{"lineNumber":4,"author":{"gitId":"yeebinrong"},"content":"    public DukeManagerException(String err) {","lastModifiedDate":"2023-09-07"},{"lineNumber":5,"author":{"gitId":"yeebinrong"},"content":"        super(err);","lastModifiedDate":"2023-09-07"},{"lineNumber":6,"author":{"gitId":"yeebinrong"},"content":"    }","lastModifiedDate":"2023-09-07"},{"lineNumber":7,"author":{"gitId":"yeebinrong"},"content":"}","lastModifiedDate":"2023-09-07"}],"authorContributionMap":{"yeebinrong":7}},{"path":"src/main/java/seedu/duke/exceptions/DukeScannerException.java","fileType":"java","lines":[{"lineNumber":1,"author":{"gitId":"yeebinrong"},"content":"package seedu.duke.exceptions;","lastModifiedDate":"2023-08-27"},{"lineNumber":2,"author":{"gitId":"yeebinrong"},"content":"","lastModifiedDate":"2023-08-27"},{"lineNumber":3,"author":{"gitId":"yeebinrong"},"content":"public class DukeScannerException extends DukeException {","lastModifiedDate":"2023-08-27"},{"lineNumber":4,"author":{"gitId":"yeebinrong"},"content":"    public DukeScannerException(String err) {","lastModifiedDate":"2023-08-27"},{"lineNumber":5,"author":{"gitId":"yeebinrong"},"content":"        super(err);","lastModifiedDate":"2023-08-27"},{"lineNumber":6,"author":{"gitId":"yeebinrong"},"content":"    }","lastModifiedDate":"2023-08-27"},{"lineNumber":7,"author":{"gitId":"yeebinrong"},"content":"}","lastModifiedDate":"2023-08-27"}],"authorContributionMap":{"yeebinrong":7}},{"path":"src/main/java/seedu/duke/exceptions/DukeUnhandledException.java","fileType":"java","lines":[{"lineNumber":1,"author":{"gitId":"yeebinrong"},"content":"package seedu.duke.exceptions;","lastModifiedDate":"2023-08-27"},{"lineNumber":2,"author":{"gitId":"yeebinrong"},"content":"","lastModifiedDate":"2023-08-27"},{"lineNumber":3,"author":{"gitId":"yeebinrong"},"content":"public class DukeUnhandledException extends DukeException {","lastModifiedDate":"2023-08-27"},{"lineNumber":4,"author":{"gitId":"yeebinrong"},"content":"    public DukeUnhandledException(String err) {","lastModifiedDate":"2023-08-27"},{"lineNumber":5,"author":{"gitId":"yeebinrong"},"content":"        super(err);","lastModifiedDate":"2023-08-27"},{"lineNumber":6,"author":{"gitId":"yeebinrong"},"content":"    }","lastModifiedDate":"2023-08-27"},{"lineNumber":7,"author":{"gitId":"yeebinrong"},"content":"}","lastModifiedDate":"2023-08-27"}],"authorContributionMap":{"yeebinrong":7}},{"path":"src/main/java/seedu/duke/io/WonkyLogger.java","fileType":"java","lines":[{"lineNumber":1,"author":{"gitId":"yeebinrong"},"content":"package seedu.duke.io;","lastModifiedDate":"2023-09-07"},{"lineNumber":2,"author":{"gitId":"yeebinrong"},"content":"","lastModifiedDate":"2023-09-07"},{"lineNumber":3,"author":{"gitId":"yeebinrong"},"content":"import java.util.ArrayList;","lastModifiedDate":"2023-09-07"},{"lineNumber":4,"author":{"gitId":"yeebinrong"},"content":"import java.util.Arrays;","lastModifiedDate":"2023-09-07"},{"lineNumber":5,"author":{"gitId":"yeebinrong"},"content":"import java.util.List;","lastModifiedDate":"2023-09-07"},{"lineNumber":6,"author":{"gitId":"yeebinrong"},"content":"import java.util.Objects;","lastModifiedDate":"2023-09-07"},{"lineNumber":7,"author":{"gitId":"yeebinrong"},"content":"import java.util.Random;","lastModifiedDate":"2023-09-07"},{"lineNumber":8,"author":{"gitId":"yeebinrong"},"content":"","lastModifiedDate":"2023-09-07"},{"lineNumber":9,"author":{"gitId":"yeebinrong"},"content":"import seedu.duke.commands.WonkyMode;","lastModifiedDate":"2023-09-16"},{"lineNumber":10,"author":{"gitId":"yeebinrong"},"content":"import seedu.duke.exceptions.DukeLoggerException;","lastModifiedDate":"2023-09-07"},{"lineNumber":11,"author":{"gitId":"yeebinrong"},"content":"import seedu.duke.task.Task;","lastModifiedDate":"2023-09-07"},{"lineNumber":12,"author":{"gitId":"yeebinrong"},"content":"","lastModifiedDate":"2023-09-07"},{"lineNumber":13,"author":{"gitId":"yeebinrong"},"content":"public class WonkyLogger {","lastModifiedDate":"2023-09-07"},{"lineNumber":14,"author":{"gitId":"yeebinrong"},"content":"","lastModifiedDate":"2023-09-07"},{"lineNumber":15,"author":{"gitId":"yeebinrong"},"content":"    private static final String LOGO \u003d","lastModifiedDate":"2023-09-07"},{"lineNumber":16,"author":{"gitId":"yeebinrong"},"content":"        \"\\t__          __         _            ____        _   \\n\"","lastModifiedDate":"2023-09-07"},{"lineNumber":17,"author":{"gitId":"yeebinrong"},"content":"        + \"\\t\\\\ \\\\        / /        | |          |  _ \\\\      | |  \\n\"","lastModifiedDate":"2023-09-07"},{"lineNumber":18,"author":{"gitId":"yeebinrong"},"content":"        + \"\\t \\\\ \\\\  /\\\\  / /__  _ __ | | ___   _  | |_) | ___ | |_ \\n\"","lastModifiedDate":"2023-09-07"},{"lineNumber":19,"author":{"gitId":"yeebinrong"},"content":"        + \"\\t  \\\\ \\\\/  \\\\/ / _ \\\\| \u0027_ \\\\| |/ / | | | |  _ \u003c / _ \\\\| __|\\n\"","lastModifiedDate":"2023-09-07"},{"lineNumber":20,"author":{"gitId":"yeebinrong"},"content":"        + \"\\t   \\\\  /\\\\  / (_) | | | |   \u003c| |_| | | |_) | (_) | |_ \\n\"","lastModifiedDate":"2023-09-07"},{"lineNumber":21,"author":{"gitId":"yeebinrong"},"content":"        + \"\\t    \\\\/  \\\\/ \\\\___/|_| |_|_|\\\\_\\\\\\\\__, | |____/ \\\\___/ \\\\__|\\n\"","lastModifiedDate":"2023-09-07"},{"lineNumber":22,"author":{"gitId":"yeebinrong"},"content":"        + \"\\t                             __/ |                  \\n\"","lastModifiedDate":"2023-09-07"},{"lineNumber":23,"author":{"gitId":"yeebinrong"},"content":"        + \"\\t                            |___/                  \\n\";","lastModifiedDate":"2023-09-07"},{"lineNumber":24,"author":{"gitId":"yeebinrong"},"content":"","lastModifiedDate":"2023-09-07"},{"lineNumber":25,"author":{"gitId":"yeebinrong"},"content":"    private static final List\u003cString\u003e UNKNOWN_CMD_MSGS \u003d new ArrayList\u003c\u003e(","lastModifiedDate":"2023-09-07"},{"lineNumber":26,"author":{"gitId":"yeebinrong"},"content":"        Arrays.asList(","lastModifiedDate":"2023-09-07"},{"lineNumber":27,"author":{"gitId":"yeebinrong"},"content":"            \"Oops! I do not understand the command [%s].\",","lastModifiedDate":"2023-09-07"},{"lineNumber":28,"author":{"gitId":"yeebinrong"},"content":"            \"Sorry, the command [%s] you entered does not exist.\",","lastModifiedDate":"2023-09-07"},{"lineNumber":29,"author":{"gitId":"yeebinrong"},"content":"            \"My vocabulary of command(s) does not include [%s].\"","lastModifiedDate":"2023-09-16"},{"lineNumber":30,"author":{"gitId":"yeebinrong"},"content":"        )","lastModifiedDate":"2023-09-07"},{"lineNumber":31,"author":{"gitId":"yeebinrong"},"content":"    );","lastModifiedDate":"2023-09-07"},{"lineNumber":32,"author":{"gitId":"yeebinrong"},"content":"","lastModifiedDate":"2023-09-07"},{"lineNumber":33,"author":{"gitId":"yeebinrong"},"content":"    private static final List\u003cString\u003e MISMATCH_ARG_MSGS \u003d new ArrayList\u003c\u003e(","lastModifiedDate":"2023-09-07"},{"lineNumber":34,"author":{"gitId":"yeebinrong"},"content":"        Arrays.asList(","lastModifiedDate":"2023-09-07"},{"lineNumber":35,"author":{"gitId":"yeebinrong"},"content":"            \"Oops! Seems like your argument(s) for command [%s] are wrong.\",","lastModifiedDate":"2023-09-16"},{"lineNumber":36,"author":{"gitId":"yeebinrong"},"content":"            \"Sorry, the argument(s) for this command [%s] are incorrect.\",","lastModifiedDate":"2023-09-16"},{"lineNumber":37,"author":{"gitId":"yeebinrong"},"content":"            \"Please check your argument(s) for this command [%s].\"","lastModifiedDate":"2023-09-16"},{"lineNumber":38,"author":{"gitId":"yeebinrong"},"content":"        )","lastModifiedDate":"2023-09-07"},{"lineNumber":39,"author":{"gitId":"yeebinrong"},"content":"    );","lastModifiedDate":"2023-09-07"},{"lineNumber":40,"author":{"gitId":"yeebinrong"},"content":"","lastModifiedDate":"2023-09-07"},{"lineNumber":41,"author":{"gitId":"yeebinrong"},"content":"    private static final List\u003cString\u003e SUGGEST_CMD_MSGS \u003d new ArrayList\u003c\u003e(","lastModifiedDate":"2023-09-07"},{"lineNumber":42,"author":{"gitId":"yeebinrong"},"content":"        Arrays.asList(","lastModifiedDate":"2023-09-07"},{"lineNumber":43,"author":{"gitId":"yeebinrong"},"content":"            \"Did you mean to type command [%s] instead?\"","lastModifiedDate":"2023-09-07"},{"lineNumber":44,"author":{"gitId":"yeebinrong"},"content":"        )","lastModifiedDate":"2023-09-07"},{"lineNumber":45,"author":{"gitId":"yeebinrong"},"content":"    );","lastModifiedDate":"2023-09-07"},{"lineNumber":46,"author":{"gitId":"yeebinrong"},"content":"","lastModifiedDate":"2023-09-07"},{"lineNumber":47,"author":{"gitId":"yeebinrong"},"content":"    private static final String EXPECTED_ARG_MSG \u003d \"Did you input the wrong argument(s)? Expected [%d] argument(s) for the command.\";","lastModifiedDate":"2023-09-16"},{"lineNumber":48,"author":{"gitId":"yeebinrong"},"content":"    private static final String EXPECTED_INT_MSG \u003d \"There is mistake with the argument. Expected an integer instead of [%s].\";","lastModifiedDate":"2023-09-16"},{"lineNumber":49,"author":{"gitId":"yeebinrong"},"content":"","lastModifiedDate":"2023-09-07"},{"lineNumber":50,"author":{"gitId":"yeebinrong"},"content":"    private static final String ADD_TO_LIST_MSG \u003d \"I have added %s task [%s] to our list!\";","lastModifiedDate":"2023-09-07"},{"lineNumber":51,"author":{"gitId":"yeebinrong"},"content":"","lastModifiedDate":"2023-09-07"},{"lineNumber":52,"author":{"gitId":"yeebinrong"},"content":"    private static final String MARK_TYPO_MSG \u003d \"Did you mark/unmark the wrong task? %s is already set to [%s].\";","lastModifiedDate":"2023-09-16"},{"lineNumber":53,"author":{"gitId":"yeebinrong"},"content":"    private static final String TASK_MARKED_MSG \u003d \"Your task [%s] is marked as [%s].\";","lastModifiedDate":"2023-09-16"},{"lineNumber":54,"author":{"gitId":"yeebinrong"},"content":"","lastModifiedDate":"2023-09-16"},{"lineNumber":55,"author":{"gitId":"yeebinrong"},"content":"    private static final String DELETE_INVALID_MSG \u003d \"Did you make a mistake trying to delete task [%d]? A task can\u0027t be be less than 1.\";","lastModifiedDate":"2023-09-16"},{"lineNumber":56,"author":{"gitId":"yeebinrong"},"content":"    private static final String DELETE_TYPO_MSG \u003d \"Did you want to delete the wrong task? There is no task no. [%d].\";","lastModifiedDate":"2023-09-16"},{"lineNumber":57,"author":{"gitId":"yeebinrong"},"content":"    private static final String TASK_DELETED_MSG \u003d \"Your task [%s] is deleted!\";","lastModifiedDate":"2023-09-16"},{"lineNumber":58,"author":{"gitId":"yeebinrong"},"content":"","lastModifiedDate":"2023-09-07"},{"lineNumber":59,"author":{"gitId":"yeebinrong"},"content":"    private static final Random RND \u003d new Random();","lastModifiedDate":"2023-09-07"},{"lineNumber":60,"author":{"gitId":"yeebinrong"},"content":"","lastModifiedDate":"2023-09-07"},{"lineNumber":61,"author":{"gitId":"yeebinrong"},"content":"    private static WonkyMode mode \u003d WonkyMode.NORMAL;","lastModifiedDate":"2023-09-16"},{"lineNumber":62,"author":{"gitId":"yeebinrong"},"content":"","lastModifiedDate":"2023-09-16"},{"lineNumber":63,"author":{"gitId":"yeebinrong"},"content":"    private static void printlnWithWonky(String toPrint) throws DukeLoggerException {","lastModifiedDate":"2023-09-07"},{"lineNumber":64,"author":{"gitId":"yeebinrong"},"content":"        println(\"Wonky: \" + toPrint);","lastModifiedDate":"2023-09-07"},{"lineNumber":65,"author":{"gitId":"yeebinrong"},"content":"    }","lastModifiedDate":"2023-09-07"},{"lineNumber":66,"author":{"gitId":"yeebinrong"},"content":"","lastModifiedDate":"2023-09-07"},{"lineNumber":67,"author":{"gitId":"yeebinrong"},"content":"    private static void println(String toPrint) throws DukeLoggerException {","lastModifiedDate":"2023-09-07"},{"lineNumber":68,"author":{"gitId":"yeebinrong"},"content":"        try {","lastModifiedDate":"2023-09-07"},{"lineNumber":69,"author":{"gitId":"yeebinrong"},"content":"            System.out.println(\"\\t\" + toPrint);","lastModifiedDate":"2023-09-07"},{"lineNumber":70,"author":{"gitId":"yeebinrong"},"content":"        } catch (Exception e) {","lastModifiedDate":"2023-09-07"},{"lineNumber":71,"author":{"gitId":"yeebinrong"},"content":"            throw new DukeLoggerException(e.getMessage());","lastModifiedDate":"2023-09-07"},{"lineNumber":72,"author":{"gitId":"yeebinrong"},"content":"        }","lastModifiedDate":"2023-09-07"},{"lineNumber":73,"author":{"gitId":"yeebinrong"},"content":"    }","lastModifiedDate":"2023-09-07"},{"lineNumber":74,"author":{"gitId":"yeebinrong"},"content":"","lastModifiedDate":"2023-09-07"},{"lineNumber":75,"author":{"gitId":"yeebinrong"},"content":"    private static void printListTitle(int size) throws DukeLoggerException {","lastModifiedDate":"2023-09-07"},{"lineNumber":76,"author":{"gitId":"yeebinrong"},"content":"        if (size \u003d\u003d 0) {","lastModifiedDate":"2023-09-07"},{"lineNumber":77,"author":{"gitId":"yeebinrong"},"content":"            printlnWithWonky(\"Hooray you have no pending tasks!\");","lastModifiedDate":"2023-09-07"},{"lineNumber":78,"author":{"gitId":"yeebinrong"},"content":"        } else {","lastModifiedDate":"2023-09-07"},{"lineNumber":79,"author":{"gitId":"yeebinrong"},"content":"            printlnWithWonky(\"Below are the list of tasks you have added!\");","lastModifiedDate":"2023-09-07"},{"lineNumber":80,"author":{"gitId":"yeebinrong"},"content":"        }","lastModifiedDate":"2023-09-07"},{"lineNumber":81,"author":{"gitId":"yeebinrong"},"content":"    }","lastModifiedDate":"2023-09-07"},{"lineNumber":82,"author":{"gitId":"yeebinrong"},"content":"","lastModifiedDate":"2023-09-07"},{"lineNumber":83,"author":{"gitId":"yeebinrong"},"content":"    public static void printListCommand(List\u003cTask\u003e tasks) throws DukeLoggerException {","lastModifiedDate":"2023-09-07"},{"lineNumber":84,"author":{"gitId":"yeebinrong"},"content":"        printListTitle(tasks.size());","lastModifiedDate":"2023-09-07"},{"lineNumber":85,"author":{"gitId":"yeebinrong"},"content":"        for (int i \u003d 0; i \u003c tasks.size(); i +\u003d 1) {","lastModifiedDate":"2023-09-16"},{"lineNumber":86,"author":{"gitId":"yeebinrong"},"content":"            WonkyLogger.task(tasks.get(i).getStatusMsg(i + 1));","lastModifiedDate":"2023-09-16"},{"lineNumber":87,"author":{"gitId":"yeebinrong"},"content":"        }","lastModifiedDate":"2023-09-07"},{"lineNumber":88,"author":{"gitId":"yeebinrong"},"content":"    }","lastModifiedDate":"2023-09-07"},{"lineNumber":89,"author":{"gitId":"yeebinrong"},"content":"","lastModifiedDate":"2023-09-07"},{"lineNumber":90,"author":{"gitId":"yeebinrong"},"content":"    public static void startUp(WonkyMode modeToSet) throws DukeLoggerException {","lastModifiedDate":"2023-09-16"},{"lineNumber":91,"author":{"gitId":"yeebinrong"},"content":"        mode \u003d modeToSet;","lastModifiedDate":"2023-09-16"},{"lineNumber":92,"author":{"gitId":"yeebinrong"},"content":"        printlnWithWonky(\"Hello from\\n\" + LOGO);","lastModifiedDate":"2023-09-07"},{"lineNumber":93,"author":{"gitId":"yeebinrong"},"content":"        printlnWithWonky(\"I\u0027m Wonky the Fairy.\");","lastModifiedDate":"2023-09-07"},{"lineNumber":94,"author":{"gitId":"yeebinrong"},"content":"        printlnWithWonky(\"What can I do for you?\");","lastModifiedDate":"2023-09-07"},{"lineNumber":95,"author":{"gitId":"yeebinrong"},"content":"    }","lastModifiedDate":"2023-09-07"},{"lineNumber":96,"author":{"gitId":"yeebinrong"},"content":"","lastModifiedDate":"2023-09-07"},{"lineNumber":97,"author":{"gitId":"yeebinrong"},"content":"    public static void task(String task) throws DukeLoggerException {","lastModifiedDate":"2023-09-07"},{"lineNumber":98,"author":{"gitId":"yeebinrong"},"content":"        println(\"\\t\" + task);","lastModifiedDate":"2023-09-07"},{"lineNumber":99,"author":{"gitId":"yeebinrong"},"content":"    }","lastModifiedDate":"2023-09-07"},{"lineNumber":100,"author":{"gitId":"yeebinrong"},"content":"","lastModifiedDate":"2023-09-07"},{"lineNumber":101,"author":{"gitId":"yeebinrong"},"content":"    public static void addedToList(String task, String desc) throws DukeLoggerException {","lastModifiedDate":"2023-09-07"},{"lineNumber":102,"author":{"gitId":"yeebinrong"},"content":"        printlnWithWonky(String.format(ADD_TO_LIST_MSG, task, desc));","lastModifiedDate":"2023-09-07"},{"lineNumber":103,"author":{"gitId":"yeebinrong"},"content":"    }","lastModifiedDate":"2023-09-07"},{"lineNumber":104,"author":{"gitId":"yeebinrong"},"content":"","lastModifiedDate":"2023-09-07"},{"lineNumber":105,"author":{"gitId":"yeebinrong"},"content":"    public static void bye() throws DukeLoggerException {","lastModifiedDate":"2023-09-07"},{"lineNumber":106,"author":{"gitId":"yeebinrong"},"content":"        printlnWithWonky(\"Bye! Thank you for using Wonky Bot. Hope to see you again soon!\");","lastModifiedDate":"2023-09-07"},{"lineNumber":107,"author":{"gitId":"yeebinrong"},"content":"    }","lastModifiedDate":"2023-09-07"},{"lineNumber":108,"author":{"gitId":"yeebinrong"},"content":"","lastModifiedDate":"2023-09-07"},{"lineNumber":109,"author":{"gitId":"yeebinrong"},"content":"    public static void unknownCommand(String cmd) throws DukeLoggerException {","lastModifiedDate":"2023-09-07"},{"lineNumber":110,"author":{"gitId":"yeebinrong"},"content":"        printlnWithWonky(","lastModifiedDate":"2023-09-07"},{"lineNumber":111,"author":{"gitId":"yeebinrong"},"content":"            String.format(","lastModifiedDate":"2023-09-07"},{"lineNumber":112,"author":{"gitId":"yeebinrong"},"content":"                randomFromArray(UNKNOWN_CMD_MSGS),","lastModifiedDate":"2023-09-07"},{"lineNumber":113,"author":{"gitId":"yeebinrong"},"content":"                cmd","lastModifiedDate":"2023-09-07"},{"lineNumber":114,"author":{"gitId":"yeebinrong"},"content":"            )","lastModifiedDate":"2023-09-07"},{"lineNumber":115,"author":{"gitId":"yeebinrong"},"content":"        );","lastModifiedDate":"2023-09-07"},{"lineNumber":116,"author":{"gitId":"yeebinrong"},"content":"    }","lastModifiedDate":"2023-09-07"},{"lineNumber":117,"author":{"gitId":"yeebinrong"},"content":"","lastModifiedDate":"2023-09-07"},{"lineNumber":118,"author":{"gitId":"yeebinrong"},"content":"    public static void mismatchArgs(String cmd) throws DukeLoggerException {","lastModifiedDate":"2023-09-07"},{"lineNumber":119,"author":{"gitId":"yeebinrong"},"content":"        printlnWithWonky(","lastModifiedDate":"2023-09-07"},{"lineNumber":120,"author":{"gitId":"yeebinrong"},"content":"            String.format(","lastModifiedDate":"2023-09-07"},{"lineNumber":121,"author":{"gitId":"yeebinrong"},"content":"                randomFromArray(MISMATCH_ARG_MSGS),","lastModifiedDate":"2023-09-07"},{"lineNumber":122,"author":{"gitId":"yeebinrong"},"content":"                cmd","lastModifiedDate":"2023-09-07"},{"lineNumber":123,"author":{"gitId":"yeebinrong"},"content":"            )","lastModifiedDate":"2023-09-07"},{"lineNumber":124,"author":{"gitId":"yeebinrong"},"content":"        );","lastModifiedDate":"2023-09-07"},{"lineNumber":125,"author":{"gitId":"yeebinrong"},"content":"    }","lastModifiedDate":"2023-09-07"},{"lineNumber":126,"author":{"gitId":"yeebinrong"},"content":"","lastModifiedDate":"2023-09-07"},{"lineNumber":127,"author":{"gitId":"yeebinrong"},"content":"    public static void mismatchArgs(String cmd, int expectedArgCount) throws DukeLoggerException {","lastModifiedDate":"2023-09-07"},{"lineNumber":128,"author":{"gitId":"yeebinrong"},"content":"        mismatchArgs(cmd);","lastModifiedDate":"2023-09-07"},{"lineNumber":129,"author":{"gitId":"yeebinrong"},"content":"        printlnWithWonky(String.format(EXPECTED_ARG_MSG, expectedArgCount));","lastModifiedDate":"2023-09-07"},{"lineNumber":130,"author":{"gitId":"yeebinrong"},"content":"    }","lastModifiedDate":"2023-09-07"},{"lineNumber":131,"author":{"gitId":"yeebinrong"},"content":"","lastModifiedDate":"2023-09-07"},{"lineNumber":132,"author":{"gitId":"yeebinrong"},"content":"    public static void expectedInteger(String val) throws DukeLoggerException {","lastModifiedDate":"2023-09-07"},{"lineNumber":133,"author":{"gitId":"yeebinrong"},"content":"        printlnWithWonky(String.format(EXPECTED_INT_MSG, val));","lastModifiedDate":"2023-09-07"},{"lineNumber":134,"author":{"gitId":"yeebinrong"},"content":"    }","lastModifiedDate":"2023-09-07"},{"lineNumber":135,"author":{"gitId":"yeebinrong"},"content":"","lastModifiedDate":"2023-09-07"},{"lineNumber":136,"author":{"gitId":"yeebinrong"},"content":"    public static void suggestCommand(String cmd) throws DukeLoggerException {","lastModifiedDate":"2023-09-07"},{"lineNumber":137,"author":{"gitId":"yeebinrong"},"content":"        if (Objects.nonNull(cmd)) {","lastModifiedDate":"2023-09-07"},{"lineNumber":138,"author":{"gitId":"yeebinrong"},"content":"            printlnWithWonky(","lastModifiedDate":"2023-09-07"},{"lineNumber":139,"author":{"gitId":"yeebinrong"},"content":"                String.format(","lastModifiedDate":"2023-09-07"},{"lineNumber":140,"author":{"gitId":"yeebinrong"},"content":"                    randomFromArray(SUGGEST_CMD_MSGS),","lastModifiedDate":"2023-09-07"},{"lineNumber":141,"author":{"gitId":"yeebinrong"},"content":"                    cmd","lastModifiedDate":"2023-09-07"},{"lineNumber":142,"author":{"gitId":"yeebinrong"},"content":"                )","lastModifiedDate":"2023-09-07"},{"lineNumber":143,"author":{"gitId":"yeebinrong"},"content":"            );","lastModifiedDate":"2023-09-07"},{"lineNumber":144,"author":{"gitId":"yeebinrong"},"content":"        }","lastModifiedDate":"2023-09-07"},{"lineNumber":145,"author":{"gitId":"yeebinrong"},"content":"    }","lastModifiedDate":"2023-09-07"},{"lineNumber":146,"author":{"gitId":"yeebinrong"},"content":"","lastModifiedDate":"2023-09-07"},{"lineNumber":147,"author":{"gitId":"yeebinrong"},"content":"    public static void markTypo(String desc, String isDoneLitr) throws DukeLoggerException {","lastModifiedDate":"2023-09-07"},{"lineNumber":148,"author":{"gitId":"yeebinrong"},"content":"        printlnWithWonky(String.format(MARK_TYPO_MSG, desc, isDoneLitr));","lastModifiedDate":"2023-09-07"},{"lineNumber":149,"author":{"gitId":"yeebinrong"},"content":"    }","lastModifiedDate":"2023-09-07"},{"lineNumber":150,"author":{"gitId":"yeebinrong"},"content":"","lastModifiedDate":"2023-09-07"},{"lineNumber":151,"author":{"gitId":"yeebinrong"},"content":"    public static void taskMarked(String desc, String isDoneLitr) throws DukeLoggerException {","lastModifiedDate":"2023-09-07"},{"lineNumber":152,"author":{"gitId":"yeebinrong"},"content":"        printlnWithWonky(String.format(TASK_MARKED_MSG, desc, isDoneLitr));","lastModifiedDate":"2023-09-07"},{"lineNumber":153,"author":{"gitId":"yeebinrong"},"content":"    }","lastModifiedDate":"2023-09-07"},{"lineNumber":154,"author":{"gitId":"yeebinrong"},"content":"","lastModifiedDate":"2023-09-07"},{"lineNumber":155,"author":{"gitId":"yeebinrong"},"content":"    public static void deleteTypo(int idx) throws DukeLoggerException {","lastModifiedDate":"2023-09-16"},{"lineNumber":156,"author":{"gitId":"yeebinrong"},"content":"        String msg \u003d DELETE_TYPO_MSG;","lastModifiedDate":"2023-09-16"},{"lineNumber":157,"author":{"gitId":"yeebinrong"},"content":"        if (idx \u003c\u003d 0) {","lastModifiedDate":"2023-09-16"},{"lineNumber":158,"author":{"gitId":"yeebinrong"},"content":"            msg \u003d DELETE_INVALID_MSG;","lastModifiedDate":"2023-09-16"},{"lineNumber":159,"author":{"gitId":"yeebinrong"},"content":"        }","lastModifiedDate":"2023-09-16"},{"lineNumber":160,"author":{"gitId":"yeebinrong"},"content":"        printlnWithWonky(String.format(msg, idx));","lastModifiedDate":"2023-09-16"},{"lineNumber":161,"author":{"gitId":"yeebinrong"},"content":"    }","lastModifiedDate":"2023-09-16"},{"lineNumber":162,"author":{"gitId":"yeebinrong"},"content":"","lastModifiedDate":"2023-09-16"},{"lineNumber":163,"author":{"gitId":"yeebinrong"},"content":"    public static void taskDeleted(String desc) throws DukeLoggerException {","lastModifiedDate":"2023-09-16"},{"lineNumber":164,"author":{"gitId":"yeebinrong"},"content":"        printlnWithWonky(String.format(TASK_DELETED_MSG, desc));","lastModifiedDate":"2023-09-16"},{"lineNumber":165,"author":{"gitId":"yeebinrong"},"content":"    }","lastModifiedDate":"2023-09-16"},{"lineNumber":166,"author":{"gitId":"yeebinrong"},"content":"","lastModifiedDate":"2023-09-16"},{"lineNumber":167,"author":{"gitId":"yeebinrong"},"content":"    private static String randomFromArray(List\u003cString\u003e choices) {","lastModifiedDate":"2023-09-07"},{"lineNumber":168,"author":{"gitId":"yeebinrong"},"content":"        if (WonkyMode.TEST.equals(mode)) {","lastModifiedDate":"2023-09-16"},{"lineNumber":169,"author":{"gitId":"yeebinrong"},"content":"            return choices.get(0);","lastModifiedDate":"2023-09-16"},{"lineNumber":170,"author":{"gitId":"yeebinrong"},"content":"        }","lastModifiedDate":"2023-09-16"},{"lineNumber":171,"author":{"gitId":"yeebinrong"},"content":"        return choices.get(RND.nextInt(choices.size()));","lastModifiedDate":"2023-09-07"},{"lineNumber":172,"author":{"gitId":"yeebinrong"},"content":"    }","lastModifiedDate":"2023-09-07"},{"lineNumber":173,"author":{"gitId":"yeebinrong"},"content":"}","lastModifiedDate":"2023-09-07"}],"authorContributionMap":{"yeebinrong":173}},{"path":"src/main/java/seedu/duke/io/WonkyScanner.java","fileType":"java","lines":[{"lineNumber":1,"author":{"gitId":"yeebinrong"},"content":"package seedu.duke.io;","lastModifiedDate":"2023-09-07"},{"lineNumber":2,"author":{"gitId":"yeebinrong"},"content":"","lastModifiedDate":"2023-08-27"},{"lineNumber":3,"author":{"gitId":"yeebinrong"},"content":"import java.util.Arrays;","lastModifiedDate":"2023-09-06"},{"lineNumber":4,"author":{"gitId":"yeebinrong"},"content":"import java.util.List;","lastModifiedDate":"2023-09-06"},{"lineNumber":5,"author":{"gitId":"yeebinrong"},"content":"import java.util.Objects;","lastModifiedDate":"2023-08-27"},{"lineNumber":6,"author":{"gitId":"yeebinrong"},"content":"import java.util.Scanner;","lastModifiedDate":"2023-08-27"},{"lineNumber":7,"author":{"gitId":"yeebinrong"},"content":"","lastModifiedDate":"2023-08-27"},{"lineNumber":8,"author":{"gitId":"yeebinrong"},"content":"import seedu.duke.commands.Command;","lastModifiedDate":"2023-09-06"},{"lineNumber":9,"author":{"gitId":"yeebinrong"},"content":"import seedu.duke.commands.CommandArgument;","lastModifiedDate":"2023-09-16"},{"lineNumber":10,"author":{"gitId":"yeebinrong"},"content":"import seedu.duke.exceptions.DukeException;","lastModifiedDate":"2023-08-27"},{"lineNumber":11,"author":{"gitId":"yeebinrong"},"content":"import seedu.duke.exceptions.DukeScannerException;","lastModifiedDate":"2023-08-27"},{"lineNumber":12,"author":{"gitId":"yeebinrong"},"content":"import seedu.duke.task.WonkyManager;","lastModifiedDate":"2023-09-06"},{"lineNumber":13,"author":{"gitId":"yeebinrong"},"content":"","lastModifiedDate":"2023-08-27"},{"lineNumber":14,"author":{"gitId":"yeebinrong"},"content":"public class WonkyScanner {","lastModifiedDate":"2023-08-27"},{"lineNumber":15,"author":{"gitId":"yeebinrong"},"content":"","lastModifiedDate":"2023-08-27"},{"lineNumber":16,"author":{"gitId":"yeebinrong"},"content":"    private static Command currCommand;","lastModifiedDate":"2023-09-06"},{"lineNumber":17,"author":{"gitId":"yeebinrong"},"content":"    private static Scanner in;","lastModifiedDate":"2023-08-27"},{"lineNumber":18,"author":{"gitId":"yeebinrong"},"content":"    private static boolean isActive \u003d true;","lastModifiedDate":"2023-09-16"},{"lineNumber":19,"author":{"gitId":"yeebinrong"},"content":"","lastModifiedDate":"2023-08-27"},{"lineNumber":20,"author":{"gitId":"yeebinrong"},"content":"    public static void startUp() throws DukeException {","lastModifiedDate":"2023-09-16"},{"lineNumber":21,"author":{"gitId":"yeebinrong"},"content":"        if (Objects.isNull(in)) {","lastModifiedDate":"2023-09-06"},{"lineNumber":22,"author":{"gitId":"yeebinrong"},"content":"            in \u003d new Scanner(System.in);","lastModifiedDate":"2023-08-27"},{"lineNumber":23,"author":{"gitId":"yeebinrong"},"content":"        }","lastModifiedDate":"2023-08-27"},{"lineNumber":24,"author":{"gitId":"yeebinrong"},"content":"        while (isActive) {","lastModifiedDate":"2023-09-16"},{"lineNumber":25,"author":{"gitId":"yeebinrong"},"content":"            nextLine();","lastModifiedDate":"2023-09-16"},{"lineNumber":26,"author":{"gitId":"yeebinrong"},"content":"        }","lastModifiedDate":"2023-09-16"},{"lineNumber":27,"author":{"gitId":"yeebinrong"},"content":"    }","lastModifiedDate":"2023-09-16"},{"lineNumber":28,"author":{"gitId":"yeebinrong"},"content":"","lastModifiedDate":"2023-09-16"},{"lineNumber":29,"author":{"gitId":"yeebinrong"},"content":"    public static void bye() throws DukeException {","lastModifiedDate":"2023-09-16"},{"lineNumber":30,"author":{"gitId":"yeebinrong"},"content":"        isActive \u003d false;","lastModifiedDate":"2023-09-16"},{"lineNumber":31,"author":{"gitId":"yeebinrong"},"content":"        shutdown();","lastModifiedDate":"2023-09-16"},{"lineNumber":32,"author":{"gitId":"yeebinrong"},"content":"    }","lastModifiedDate":"2023-09-16"},{"lineNumber":33,"author":{"gitId":"yeebinrong"},"content":"","lastModifiedDate":"2023-09-16"},{"lineNumber":34,"author":{"gitId":"yeebinrong"},"content":"    public static String typoSuggestion(String invalidCmd) {","lastModifiedDate":"2023-09-16"},{"lineNumber":35,"author":{"gitId":"yeebinrong"},"content":"        for (Command cmd : Command.values()) {","lastModifiedDate":"2023-09-16"},{"lineNumber":36,"author":{"gitId":"yeebinrong"},"content":"            String cmdStr \u003d cmd.getLitr();","lastModifiedDate":"2023-09-16"},{"lineNumber":37,"author":{"gitId":"yeebinrong"},"content":"            if (cmdStr.length() \u003d\u003d invalidCmd.length()) {","lastModifiedDate":"2023-09-16"},{"lineNumber":38,"author":{"gitId":"yeebinrong"},"content":"                int matches \u003d 0;","lastModifiedDate":"2023-09-16"},{"lineNumber":39,"author":{"gitId":"yeebinrong"},"content":"                for (int i \u003d 0; i \u003c cmdStr.length(); i +\u003d 1) {","lastModifiedDate":"2023-09-16"},{"lineNumber":40,"author":{"gitId":"yeebinrong"},"content":"                    if (cmdStr.charAt(i) \u003d\u003d invalidCmd.charAt(i)) {","lastModifiedDate":"2023-09-16"},{"lineNumber":41,"author":{"gitId":"yeebinrong"},"content":"                        matches +\u003d 1;","lastModifiedDate":"2023-09-16"},{"lineNumber":42,"author":{"gitId":"yeebinrong"},"content":"                    }","lastModifiedDate":"2023-09-16"},{"lineNumber":43,"author":{"gitId":"yeebinrong"},"content":"                }","lastModifiedDate":"2023-09-16"},{"lineNumber":44,"author":{"gitId":"yeebinrong"},"content":"                if (matches \u003d\u003d cmdStr.length() - 1) {","lastModifiedDate":"2023-09-16"},{"lineNumber":45,"author":{"gitId":"yeebinrong"},"content":"                    return cmdStr.toLowerCase();","lastModifiedDate":"2023-09-16"},{"lineNumber":46,"author":{"gitId":"yeebinrong"},"content":"                }","lastModifiedDate":"2023-09-16"},{"lineNumber":47,"author":{"gitId":"yeebinrong"},"content":"            }","lastModifiedDate":"2023-09-16"},{"lineNumber":48,"author":{"gitId":"yeebinrong"},"content":"        }","lastModifiedDate":"2023-09-16"},{"lineNumber":49,"author":{"gitId":"yeebinrong"},"content":"        return null;","lastModifiedDate":"2023-09-16"},{"lineNumber":50,"author":{"gitId":"yeebinrong"},"content":"    }","lastModifiedDate":"2023-09-06"},{"lineNumber":51,"author":{"gitId":"yeebinrong"},"content":"","lastModifiedDate":"2023-08-27"},{"lineNumber":52,"author":{"gitId":"yeebinrong"},"content":"    private static boolean nextLine() throws DukeException {","lastModifiedDate":"2023-09-16"},{"lineNumber":53,"author":{"gitId":"yeebinrong"},"content":"        try {","lastModifiedDate":"2023-08-27"},{"lineNumber":54,"author":{"gitId":"yeebinrong"},"content":"            final String NXT_LN \u003d in.nextLine().trim();","lastModifiedDate":"2023-09-16"},{"lineNumber":55,"author":{"gitId":"yeebinrong"},"content":"            final List\u003cString\u003e SPLIT_LN \u003d Arrays.asList(NXT_LN.split(\" \", 2));","lastModifiedDate":"2023-09-07"},{"lineNumber":56,"author":{"gitId":"yeebinrong"},"content":"            final String INPUT_CMD \u003d SPLIT_LN.get(0);","lastModifiedDate":"2023-09-07"},{"lineNumber":57,"author":{"gitId":"yeebinrong"},"content":"            try {","lastModifiedDate":"2023-08-27"},{"lineNumber":58,"author":{"gitId":"yeebinrong"},"content":"                currCommand \u003d Command.getEnum(INPUT_CMD);","lastModifiedDate":"2023-09-07"},{"lineNumber":59,"author":{"gitId":"yeebinrong"},"content":"                String currArgument \u003d \"\";","lastModifiedDate":"2023-09-07"},{"lineNumber":60,"author":{"gitId":"yeebinrong"},"content":"                if (SPLIT_LN.size() \u003d\u003d 2) {","lastModifiedDate":"2023-09-07"},{"lineNumber":61,"author":{"gitId":"yeebinrong"},"content":"                    currArgument \u003d SPLIT_LN.get(1);","lastModifiedDate":"2023-09-07"},{"lineNumber":62,"author":{"gitId":"yeebinrong"},"content":"                }","lastModifiedDate":"2023-09-07"},{"lineNumber":63,"author":{"gitId":"yeebinrong"},"content":"                if (Objects.nonNull(currCommand)) {","lastModifiedDate":"2023-09-06"},{"lineNumber":64,"author":{"gitId":"yeebinrong"},"content":"                    WonkyManager.executeCommand(new CommandArgument(currCommand, currArgument));","lastModifiedDate":"2023-09-16"},{"lineNumber":65,"author":{"gitId":"yeebinrong"},"content":"                }","lastModifiedDate":"2023-08-27"},{"lineNumber":66,"author":{"gitId":"yeebinrong"},"content":"            } catch (IllegalArgumentException e) {","lastModifiedDate":"2023-08-27"},{"lineNumber":67,"author":{"gitId":"yeebinrong"},"content":"                WonkyLogger.unknownCommand(INPUT_CMD);","lastModifiedDate":"2023-09-07"},{"lineNumber":68,"author":{"gitId":"yeebinrong"},"content":"                WonkyLogger.suggestCommand(typoSuggestion(INPUT_CMD));","lastModifiedDate":"2023-09-07"},{"lineNumber":69,"author":{"gitId":"yeebinrong"},"content":"            } catch (IndexOutOfBoundsException e) {","lastModifiedDate":"2023-09-06"},{"lineNumber":70,"author":{"gitId":"yeebinrong"},"content":"                WonkyLogger.mismatchArgs(INPUT_CMD);","lastModifiedDate":"2023-09-07"},{"lineNumber":71,"author":{"gitId":"yeebinrong"},"content":"                WonkyLogger.suggestCommand(typoSuggestion(INPUT_CMD));","lastModifiedDate":"2023-09-07"},{"lineNumber":72,"author":{"gitId":"yeebinrong"},"content":"            }","lastModifiedDate":"2023-08-27"},{"lineNumber":73,"author":{"gitId":"yeebinrong"},"content":"        } catch (Exception e) {","lastModifiedDate":"2023-08-27"},{"lineNumber":74,"author":{"gitId":"yeebinrong"},"content":"            throw new DukeScannerException(e.getMessage());","lastModifiedDate":"2023-08-27"},{"lineNumber":75,"author":{"gitId":"yeebinrong"},"content":"        }","lastModifiedDate":"2023-08-27"},{"lineNumber":76,"author":{"gitId":"yeebinrong"},"content":"        return true;","lastModifiedDate":"2023-08-27"},{"lineNumber":77,"author":{"gitId":"yeebinrong"},"content":"    }","lastModifiedDate":"2023-08-27"},{"lineNumber":78,"author":{"gitId":"yeebinrong"},"content":"","lastModifiedDate":"2023-08-27"},{"lineNumber":79,"author":{"gitId":"yeebinrong"},"content":"    private static void shutdown() throws DukeException {","lastModifiedDate":"2023-09-16"},{"lineNumber":80,"author":{"gitId":"yeebinrong"},"content":"        WonkyLogger.bye();","lastModifiedDate":"2023-09-16"},{"lineNumber":81,"author":{"gitId":"yeebinrong"},"content":"        if (Objects.nonNull(in)) {","lastModifiedDate":"2023-08-27"},{"lineNumber":82,"author":{"gitId":"yeebinrong"},"content":"            in.close();","lastModifiedDate":"2023-08-27"},{"lineNumber":83,"author":{"gitId":"yeebinrong"},"content":"        }","lastModifiedDate":"2023-08-27"},{"lineNumber":84,"author":{"gitId":"yeebinrong"},"content":"    }","lastModifiedDate":"2023-08-27"},{"lineNumber":85,"author":{"gitId":"yeebinrong"},"content":"}","lastModifiedDate":"2023-08-27"}],"authorContributionMap":{"yeebinrong":85}},{"path":"src/main/java/seedu/duke/task/Deadline.java","fileType":"java","lines":[{"lineNumber":1,"author":{"gitId":"yeebinrong"},"content":"package seedu.duke.task;","lastModifiedDate":"2023-08-27"},{"lineNumber":2,"author":{"gitId":"yeebinrong"},"content":"","lastModifiedDate":"2023-08-27"},{"lineNumber":3,"author":{"gitId":"yeebinrong"},"content":"import seedu.duke.commands.Command;","lastModifiedDate":"2023-09-06"},{"lineNumber":4,"author":{"gitId":"yeebinrong"},"content":"","lastModifiedDate":"2023-09-06"},{"lineNumber":5,"author":{"gitId":"yeebinrong"},"content":"public class Deadline extends Task {","lastModifiedDate":"2023-08-27"},{"lineNumber":6,"author":{"gitId":"yeebinrong"},"content":"","lastModifiedDate":"2023-08-27"},{"lineNumber":7,"author":{"gitId":"yeebinrong"},"content":"    protected String by;","lastModifiedDate":"2023-08-27"},{"lineNumber":8,"author":{"gitId":"yeebinrong"},"content":"","lastModifiedDate":"2023-08-27"},{"lineNumber":9,"author":{"gitId":"yeebinrong"},"content":"    public Deadline(String description, String by) {","lastModifiedDate":"2023-08-27"},{"lineNumber":10,"author":{"gitId":"yeebinrong"},"content":"        super(Command.DEADLINE, \"D\", description);","lastModifiedDate":"2023-09-16"},{"lineNumber":11,"author":{"gitId":"yeebinrong"},"content":"        this.by \u003d by.trim();","lastModifiedDate":"2023-09-16"},{"lineNumber":12,"author":{"gitId":"yeebinrong"},"content":"    }","lastModifiedDate":"2023-08-27"},{"lineNumber":13,"author":{"gitId":"yeebinrong"},"content":"","lastModifiedDate":"2023-08-27"},{"lineNumber":14,"author":{"gitId":"yeebinrong"},"content":"    @Override","lastModifiedDate":"2023-08-27"},{"lineNumber":15,"author":{"gitId":"yeebinrong"},"content":"    public String getStatusMsg(int idx) {","lastModifiedDate":"2023-09-16"},{"lineNumber":16,"author":{"gitId":"yeebinrong"},"content":"        return super.getStatusMsg(idx) + \" |   by: \" + by;","lastModifiedDate":"2023-09-16"},{"lineNumber":17,"author":{"gitId":"yeebinrong"},"content":"    }","lastModifiedDate":"2023-08-27"},{"lineNumber":18,"author":{"gitId":"yeebinrong"},"content":"}","lastModifiedDate":"2023-08-27"}],"authorContributionMap":{"yeebinrong":18}},{"path":"src/main/java/seedu/duke/task/Event.java","fileType":"java","lines":[{"lineNumber":1,"author":{"gitId":"yeebinrong"},"content":"package seedu.duke.task;","lastModifiedDate":"2023-09-06"},{"lineNumber":2,"author":{"gitId":"yeebinrong"},"content":"","lastModifiedDate":"2023-09-06"},{"lineNumber":3,"author":{"gitId":"yeebinrong"},"content":"import seedu.duke.commands.Command;","lastModifiedDate":"2023-09-06"},{"lineNumber":4,"author":{"gitId":"yeebinrong"},"content":"","lastModifiedDate":"2023-09-06"},{"lineNumber":5,"author":{"gitId":"yeebinrong"},"content":"public class Event extends Task {","lastModifiedDate":"2023-09-06"},{"lineNumber":6,"author":{"gitId":"yeebinrong"},"content":"","lastModifiedDate":"2023-09-06"},{"lineNumber":7,"author":{"gitId":"yeebinrong"},"content":"    protected String from;","lastModifiedDate":"2023-09-06"},{"lineNumber":8,"author":{"gitId":"yeebinrong"},"content":"    protected String to;","lastModifiedDate":"2023-09-06"},{"lineNumber":9,"author":{"gitId":"yeebinrong"},"content":"","lastModifiedDate":"2023-09-06"},{"lineNumber":10,"author":{"gitId":"yeebinrong"},"content":"    public Event(String description, String from, String to) {","lastModifiedDate":"2023-09-06"},{"lineNumber":11,"author":{"gitId":"yeebinrong"},"content":"        super(Command.EVENT, \"E\", description);","lastModifiedDate":"2023-09-16"},{"lineNumber":12,"author":{"gitId":"yeebinrong"},"content":"        this.from \u003d from.trim();","lastModifiedDate":"2023-09-16"},{"lineNumber":13,"author":{"gitId":"yeebinrong"},"content":"        this.to \u003d to.trim();","lastModifiedDate":"2023-09-16"},{"lineNumber":14,"author":{"gitId":"yeebinrong"},"content":"    }","lastModifiedDate":"2023-09-06"},{"lineNumber":15,"author":{"gitId":"yeebinrong"},"content":"","lastModifiedDate":"2023-09-06"},{"lineNumber":16,"author":{"gitId":"yeebinrong"},"content":"    @Override","lastModifiedDate":"2023-09-06"},{"lineNumber":17,"author":{"gitId":"yeebinrong"},"content":"    public String getStatusMsg(int idx) {","lastModifiedDate":"2023-09-16"},{"lineNumber":18,"author":{"gitId":"yeebinrong"},"content":"        return super.getStatusMsg(idx) + \" | from: \" + from + \" | to: \"  + to;","lastModifiedDate":"2023-09-16"},{"lineNumber":19,"author":{"gitId":"yeebinrong"},"content":"    }","lastModifiedDate":"2023-09-06"},{"lineNumber":20,"author":{"gitId":"yeebinrong"},"content":"}","lastModifiedDate":"2023-09-06"}],"authorContributionMap":{"yeebinrong":20}},{"path":"src/main/java/seedu/duke/task/Task.java","fileType":"java","lines":[{"lineNumber":1,"author":{"gitId":"yeebinrong"},"content":"package seedu.duke.task;","lastModifiedDate":"2023-08-27"},{"lineNumber":2,"author":{"gitId":"yeebinrong"},"content":"","lastModifiedDate":"2023-08-27"},{"lineNumber":3,"author":{"gitId":"yeebinrong"},"content":"import seedu.duke.commands.Command;","lastModifiedDate":"2023-09-06"},{"lineNumber":4,"author":{"gitId":"yeebinrong"},"content":"import seedu.duke.exceptions.DukeLoggerException;","lastModifiedDate":"2023-09-07"},{"lineNumber":5,"author":{"gitId":"yeebinrong"},"content":"import seedu.duke.io.WonkyLogger;","lastModifiedDate":"2023-09-07"},{"lineNumber":6,"author":{"gitId":"yeebinrong"},"content":"","lastModifiedDate":"2023-09-06"},{"lineNumber":7,"author":{"gitId":"yeebinrong"},"content":"public abstract class Task {","lastModifiedDate":"2023-08-27"},{"lineNumber":8,"author":{"gitId":"yeebinrong"},"content":"","lastModifiedDate":"2023-09-06"},{"lineNumber":9,"author":{"gitId":"yeebinrong"},"content":"    private final String STATUS_MSG \u003d \"%s. [%s][%s] %s\";","lastModifiedDate":"2023-09-16"},{"lineNumber":10,"author":{"gitId":"yeebinrong"},"content":"","lastModifiedDate":"2023-09-16"},{"lineNumber":11,"author":{"gitId":"yeebinrong"},"content":"    protected Command command;","lastModifiedDate":"2023-09-06"},{"lineNumber":12,"author":{"gitId":"yeebinrong"},"content":"    protected String description;","lastModifiedDate":"2023-08-27"},{"lineNumber":13,"author":{"gitId":"yeebinrong"},"content":"    protected boolean isDone;","lastModifiedDate":"2023-08-27"},{"lineNumber":14,"author":{"gitId":"yeebinrong"},"content":"    protected String letter;","lastModifiedDate":"2023-09-16"},{"lineNumber":15,"author":{"gitId":"yeebinrong"},"content":"","lastModifiedDate":"2023-08-27"},{"lineNumber":16,"author":{"gitId":"yeebinrong"},"content":"    public Task(Command command, String letter, String description) {","lastModifiedDate":"2023-09-16"},{"lineNumber":17,"author":{"gitId":"yeebinrong"},"content":"        this.command \u003d command;","lastModifiedDate":"2023-09-06"},{"lineNumber":18,"author":{"gitId":"yeebinrong"},"content":"        this.letter \u003d letter;","lastModifiedDate":"2023-09-16"},{"lineNumber":19,"author":{"gitId":"yeebinrong"},"content":"        this.description \u003d description.trim();","lastModifiedDate":"2023-09-16"},{"lineNumber":20,"author":{"gitId":"yeebinrong"},"content":"        this.isDone \u003d false;","lastModifiedDate":"2023-08-27"},{"lineNumber":21,"author":{"gitId":"yeebinrong"},"content":"    }","lastModifiedDate":"2023-08-27"},{"lineNumber":22,"author":{"gitId":"yeebinrong"},"content":"","lastModifiedDate":"2023-08-27"},{"lineNumber":23,"author":{"gitId":"yeebinrong"},"content":"    public String getStatusMsg(int idx) {","lastModifiedDate":"2023-09-16"},{"lineNumber":24,"author":{"gitId":"yeebinrong"},"content":"        return String.format(STATUS_MSG, String.valueOf(idx), letter, isDone ? \"X\" : \" \", description);","lastModifiedDate":"2023-09-16"},{"lineNumber":25,"author":{"gitId":"yeebinrong"},"content":"    }","lastModifiedDate":"2023-08-27"},{"lineNumber":26,"author":{"gitId":"yeebinrong"},"content":"","lastModifiedDate":"2023-08-27"},{"lineNumber":27,"author":{"gitId":"yeebinrong"},"content":"    public Command getCommand() {","lastModifiedDate":"2023-09-06"},{"lineNumber":28,"author":{"gitId":"yeebinrong"},"content":"        return command;","lastModifiedDate":"2023-09-06"},{"lineNumber":29,"author":{"gitId":"yeebinrong"},"content":"    }","lastModifiedDate":"2023-09-06"},{"lineNumber":30,"author":{"gitId":"yeebinrong"},"content":"","lastModifiedDate":"2023-09-07"},{"lineNumber":31,"author":{"gitId":"yeebinrong"},"content":"    public void setDone(boolean toSet) throws DukeLoggerException {","lastModifiedDate":"2023-09-07"},{"lineNumber":32,"author":{"gitId":"yeebinrong"},"content":"        String isDoneLitr \u003d toSet ? \"done\" : \"not done\";","lastModifiedDate":"2023-09-07"},{"lineNumber":33,"author":{"gitId":"yeebinrong"},"content":"        if (isDone \u003d\u003d toSet) {","lastModifiedDate":"2023-09-07"},{"lineNumber":34,"author":{"gitId":"yeebinrong"},"content":"            WonkyLogger.markTypo(description, isDoneLitr);","lastModifiedDate":"2023-09-07"},{"lineNumber":35,"author":{"gitId":"yeebinrong"},"content":"        } else {","lastModifiedDate":"2023-09-07"},{"lineNumber":36,"author":{"gitId":"yeebinrong"},"content":"            WonkyLogger.taskMarked(description, isDoneLitr);","lastModifiedDate":"2023-09-07"},{"lineNumber":37,"author":{"gitId":"yeebinrong"},"content":"            isDone \u003d toSet;","lastModifiedDate":"2023-09-07"},{"lineNumber":38,"author":{"gitId":"yeebinrong"},"content":"        }","lastModifiedDate":"2023-09-07"},{"lineNumber":39,"author":{"gitId":"yeebinrong"},"content":"    }","lastModifiedDate":"2023-09-07"},{"lineNumber":40,"author":{"gitId":"yeebinrong"},"content":"}","lastModifiedDate":"2023-08-27"}],"authorContributionMap":{"yeebinrong":40}},{"path":"src/main/java/seedu/duke/task/Todo.java","fileType":"java","lines":[{"lineNumber":1,"author":{"gitId":"yeebinrong"},"content":"package seedu.duke.task;","lastModifiedDate":"2023-09-06"},{"lineNumber":2,"author":{"gitId":"yeebinrong"},"content":"","lastModifiedDate":"2023-09-06"},{"lineNumber":3,"author":{"gitId":"yeebinrong"},"content":"import seedu.duke.commands.Command;","lastModifiedDate":"2023-09-06"},{"lineNumber":4,"author":{"gitId":"yeebinrong"},"content":"","lastModifiedDate":"2023-09-06"},{"lineNumber":5,"author":{"gitId":"yeebinrong"},"content":"public class Todo extends Task {","lastModifiedDate":"2023-09-06"},{"lineNumber":6,"author":{"gitId":"yeebinrong"},"content":"","lastModifiedDate":"2023-09-06"},{"lineNumber":7,"author":{"gitId":"yeebinrong"},"content":"    public Todo(String description) {","lastModifiedDate":"2023-09-06"},{"lineNumber":8,"author":{"gitId":"yeebinrong"},"content":"        super(Command.TODO, \"T\", description);","lastModifiedDate":"2023-09-16"},{"lineNumber":9,"author":{"gitId":"yeebinrong"},"content":"    }","lastModifiedDate":"2023-09-06"},{"lineNumber":10,"author":{"gitId":"yeebinrong"},"content":"","lastModifiedDate":"2023-09-06"},{"lineNumber":11,"author":{"gitId":"yeebinrong"},"content":"    @Override","lastModifiedDate":"2023-09-06"},{"lineNumber":12,"author":{"gitId":"yeebinrong"},"content":"    public String getStatusMsg(int idx) {","lastModifiedDate":"2023-09-16"},{"lineNumber":13,"author":{"gitId":"yeebinrong"},"content":"        return super.getStatusMsg(idx);","lastModifiedDate":"2023-09-16"},{"lineNumber":14,"author":{"gitId":"yeebinrong"},"content":"    }","lastModifiedDate":"2023-09-06"},{"lineNumber":15,"author":{"gitId":"yeebinrong"},"content":"}","lastModifiedDate":"2023-09-06"}],"authorContributionMap":{"yeebinrong":15}},{"path":"src/main/java/seedu/duke/task/WonkyManager.java","fileType":"java","lines":[{"lineNumber":1,"author":{"gitId":"yeebinrong"},"content":"package seedu.duke.task;","lastModifiedDate":"2023-08-27"},{"lineNumber":2,"author":{"gitId":"yeebinrong"},"content":"","lastModifiedDate":"2023-08-27"},{"lineNumber":3,"author":{"gitId":"yeebinrong"},"content":"import java.util.ArrayList;","lastModifiedDate":"2023-09-07"},{"lineNumber":4,"author":{"gitId":"yeebinrong"},"content":"import java.util.List;","lastModifiedDate":"2023-09-06"},{"lineNumber":5,"author":{"gitId":"yeebinrong"},"content":"","lastModifiedDate":"2023-09-06"},{"lineNumber":6,"author":{"gitId":"yeebinrong"},"content":"import seedu.duke.commands.Command;","lastModifiedDate":"2023-09-06"},{"lineNumber":7,"author":{"gitId":"yeebinrong"},"content":"import seedu.duke.commands.CommandArgument;","lastModifiedDate":"2023-09-16"},{"lineNumber":8,"author":{"gitId":"yeebinrong"},"content":"import seedu.duke.exceptions.DukeException;","lastModifiedDate":"2023-09-06"},{"lineNumber":9,"author":{"gitId":"yeebinrong"},"content":"import seedu.duke.exceptions.DukeManagerException;","lastModifiedDate":"2023-09-07"},{"lineNumber":10,"author":{"gitId":"yeebinrong"},"content":"import seedu.duke.io.WonkyLogger;","lastModifiedDate":"2023-09-07"},{"lineNumber":11,"author":{"gitId":"yeebinrong"},"content":"import seedu.duke.io.WonkyScanner;","lastModifiedDate":"2023-09-07"},{"lineNumber":12,"author":{"gitId":"yeebinrong"},"content":"","lastModifiedDate":"2023-09-06"},{"lineNumber":13,"author":{"gitId":"yeebinrong"},"content":"public class WonkyManager {","lastModifiedDate":"2023-08-27"},{"lineNumber":14,"author":{"gitId":"yeebinrong"},"content":"","lastModifiedDate":"2023-08-27"},{"lineNumber":15,"author":{"gitId":"yeebinrong"},"content":"    private final static String EMPTY_LITR \u003d \"\";","lastModifiedDate":"2023-09-07"},{"lineNumber":16,"author":{"gitId":"yeebinrong"},"content":"","lastModifiedDate":"2023-09-07"},{"lineNumber":17,"author":{"gitId":"yeebinrong"},"content":"    private final static int TODO_ARGS \u003d 1;","lastModifiedDate":"2023-09-07"},{"lineNumber":18,"author":{"gitId":"yeebinrong"},"content":"    private final static int DEADLINE_ARGS \u003d 2;","lastModifiedDate":"2023-09-07"},{"lineNumber":19,"author":{"gitId":"yeebinrong"},"content":"    private final static int EVENT_ARGS \u003d 3;","lastModifiedDate":"2023-09-07"},{"lineNumber":20,"author":{"gitId":"yeebinrong"},"content":"","lastModifiedDate":"2023-09-07"},{"lineNumber":21,"author":{"gitId":"yeebinrong"},"content":"    private final static int DESC_IDX \u003d 0;","lastModifiedDate":"2023-09-07"},{"lineNumber":22,"author":{"gitId":"yeebinrong"},"content":"    private final static int BY_IDX \u003d 1;","lastModifiedDate":"2023-09-07"},{"lineNumber":23,"author":{"gitId":"yeebinrong"},"content":"    private final static int FROM_IDX \u003d 1;","lastModifiedDate":"2023-09-07"},{"lineNumber":24,"author":{"gitId":"yeebinrong"},"content":"    private final static int TO_IDX \u003d 0;","lastModifiedDate":"2023-09-07"},{"lineNumber":25,"author":{"gitId":"yeebinrong"},"content":"","lastModifiedDate":"2023-09-07"},{"lineNumber":26,"author":{"gitId":"yeebinrong"},"content":"    private static List\u003cCommandArgument\u003e cmdArgs \u003d new ArrayList\u003cCommandArgument\u003e();","lastModifiedDate":"2023-09-16"},{"lineNumber":27,"author":{"gitId":"yeebinrong"},"content":"    private static List\u003cTask\u003e tasks \u003d new ArrayList\u003cTask\u003e();","lastModifiedDate":"2023-09-07"},{"lineNumber":28,"author":{"gitId":"yeebinrong"},"content":"","lastModifiedDate":"2023-09-07"},{"lineNumber":29,"author":{"gitId":"yeebinrong"},"content":"    public static void executeCommand(CommandArgument cmdArg) throws DukeException {","lastModifiedDate":"2023-09-16"},{"lineNumber":30,"author":{"gitId":"yeebinrong"},"content":"        cmdArgs.add(cmdArg);","lastModifiedDate":"2023-09-16"},{"lineNumber":31,"author":{"gitId":"yeebinrong"},"content":"        switch (cmdArg.getCmd()) {","lastModifiedDate":"2023-09-16"},{"lineNumber":32,"author":{"gitId":"yeebinrong"},"content":"        case BYE:","lastModifiedDate":"2023-09-07"},{"lineNumber":33,"author":{"gitId":"yeebinrong"},"content":"            WonkyScanner.bye();","lastModifiedDate":"2023-09-16"},{"lineNumber":34,"author":{"gitId":"yeebinrong"},"content":"            break;","lastModifiedDate":"2023-09-16"},{"lineNumber":35,"author":{"gitId":"yeebinrong"},"content":"        case LIST:","lastModifiedDate":"2023-09-07"},{"lineNumber":36,"author":{"gitId":"yeebinrong"},"content":"            WonkyLogger.printListCommand(tasks);","lastModifiedDate":"2023-09-16"},{"lineNumber":37,"author":{"gitId":"yeebinrong"},"content":"            break;","lastModifiedDate":"2023-09-07"},{"lineNumber":38,"author":{"gitId":"yeebinrong"},"content":"        case DELETE:","lastModifiedDate":"2023-09-16"},{"lineNumber":39,"author":{"gitId":"yeebinrong"},"content":"            //Fallthrough","lastModifiedDate":"2023-09-16"},{"lineNumber":40,"author":{"gitId":"yeebinrong"},"content":"        case MARK:","lastModifiedDate":"2023-09-07"},{"lineNumber":41,"author":{"gitId":"yeebinrong"},"content":"            //Fallthrough","lastModifiedDate":"2023-09-07"},{"lineNumber":42,"author":{"gitId":"yeebinrong"},"content":"        case UNMARK:","lastModifiedDate":"2023-09-07"},{"lineNumber":43,"author":{"gitId":"yeebinrong"},"content":"            modifyTask(cmdArg);","lastModifiedDate":"2023-09-16"},{"lineNumber":44,"author":{"gitId":"yeebinrong"},"content":"            break;","lastModifiedDate":"2023-09-07"},{"lineNumber":45,"author":{"gitId":"yeebinrong"},"content":"        case TODO:","lastModifiedDate":"2023-09-07"},{"lineNumber":46,"author":{"gitId":"yeebinrong"},"content":"            //Fallthrough","lastModifiedDate":"2023-09-07"},{"lineNumber":47,"author":{"gitId":"yeebinrong"},"content":"        case DEADLINE:","lastModifiedDate":"2023-09-07"},{"lineNumber":48,"author":{"gitId":"yeebinrong"},"content":"            //Fallthrough","lastModifiedDate":"2023-09-07"},{"lineNumber":49,"author":{"gitId":"yeebinrong"},"content":"        case EVENT:","lastModifiedDate":"2023-09-07"},{"lineNumber":50,"author":{"gitId":"yeebinrong"},"content":"            parseCmdToTask(cmdArg);","lastModifiedDate":"2023-09-16"},{"lineNumber":51,"author":{"gitId":"yeebinrong"},"content":"            break;","lastModifiedDate":"2023-09-07"},{"lineNumber":52,"author":{"gitId":"yeebinrong"},"content":"        default:","lastModifiedDate":"2023-09-07"},{"lineNumber":53,"author":{"gitId":"yeebinrong"},"content":"            throw new DukeManagerException(\"Unhandled command to be added: \" + cmdArg.getCmdLitr());","lastModifiedDate":"2023-09-16"},{"lineNumber":54,"author":{"gitId":"yeebinrong"},"content":"        }","lastModifiedDate":"2023-09-07"},{"lineNumber":55,"author":{"gitId":"yeebinrong"},"content":"    }","lastModifiedDate":"2023-09-06"},{"lineNumber":56,"author":{"gitId":"yeebinrong"},"content":"","lastModifiedDate":"2023-09-07"},{"lineNumber":57,"author":{"gitId":"yeebinrong"},"content":"    private static void modifyTask(CommandArgument cmdArg) throws DukeException {","lastModifiedDate":"2023-09-16"},{"lineNumber":58,"author":{"gitId":"yeebinrong"},"content":"        List\u003cString\u003e argList \u003d cmdArg.getArgList();","lastModifiedDate":"2023-09-16"},{"lineNumber":59,"author":{"gitId":"yeebinrong"},"content":"        if (validateArgs(argList, 1)) {","lastModifiedDate":"2023-09-07"},{"lineNumber":60,"author":{"gitId":"yeebinrong"},"content":"            try {","lastModifiedDate":"2023-09-07"},{"lineNumber":61,"author":{"gitId":"yeebinrong"},"content":"                int taskIdx \u003d Integer.parseInt(argList.get(0)) - 1;","lastModifiedDate":"2023-09-16"},{"lineNumber":62,"author":{"gitId":"yeebinrong"},"content":"                switch (cmdArg.getCmd()) {","lastModifiedDate":"2023-09-16"},{"lineNumber":63,"author":{"gitId":"yeebinrong"},"content":"                case MARK:","lastModifiedDate":"2023-09-07"},{"lineNumber":64,"author":{"gitId":"yeebinrong"},"content":"                    tasks.get(taskIdx).setDone(true);","lastModifiedDate":"2023-09-16"},{"lineNumber":65,"author":{"gitId":"yeebinrong"},"content":"                    break;","lastModifiedDate":"2023-09-07"},{"lineNumber":66,"author":{"gitId":"yeebinrong"},"content":"                case UNMARK:","lastModifiedDate":"2023-09-07"},{"lineNumber":67,"author":{"gitId":"yeebinrong"},"content":"                    tasks.get(taskIdx).setDone(false);","lastModifiedDate":"2023-09-16"},{"lineNumber":68,"author":{"gitId":"yeebinrong"},"content":"                    break;","lastModifiedDate":"2023-09-16"},{"lineNumber":69,"author":{"gitId":"yeebinrong"},"content":"                case DELETE:","lastModifiedDate":"2023-09-16"},{"lineNumber":70,"author":{"gitId":"yeebinrong"},"content":"                    try {","lastModifiedDate":"2023-09-16"},{"lineNumber":71,"author":{"gitId":"yeebinrong"},"content":"                        Task taskToDelete \u003d tasks.get(taskIdx);","lastModifiedDate":"2023-09-16"},{"lineNumber":72,"author":{"gitId":"yeebinrong"},"content":"                        tasks.remove(taskIdx);","lastModifiedDate":"2023-09-16"},{"lineNumber":73,"author":{"gitId":"yeebinrong"},"content":"                        WonkyLogger.taskDeleted(taskToDelete.description);","lastModifiedDate":"2023-09-16"},{"lineNumber":74,"author":{"gitId":"yeebinrong"},"content":"                    } catch (IndexOutOfBoundsException e) {","lastModifiedDate":"2023-09-16"},{"lineNumber":75,"author":{"gitId":"yeebinrong"},"content":"                        WonkyLogger.deleteTypo(taskIdx + 1);","lastModifiedDate":"2023-09-16"},{"lineNumber":76,"author":{"gitId":"yeebinrong"},"content":"                        break;","lastModifiedDate":"2023-09-16"},{"lineNumber":77,"author":{"gitId":"yeebinrong"},"content":"                    }","lastModifiedDate":"2023-09-16"},{"lineNumber":78,"author":{"gitId":"yeebinrong"},"content":"                    break;","lastModifiedDate":"2023-09-06"},{"lineNumber":79,"author":{"gitId":"yeebinrong"},"content":"                default:","lastModifiedDate":"2023-09-07"},{"lineNumber":80,"author":{"gitId":"yeebinrong"},"content":"                    throw new DukeManagerException(\"Unhandled modify task operation: \" + cmdArg.getCmdLitr());","lastModifiedDate":"2023-09-16"},{"lineNumber":81,"author":{"gitId":"yeebinrong"},"content":"                }","lastModifiedDate":"2023-09-07"},{"lineNumber":82,"author":{"gitId":"yeebinrong"},"content":"            } catch (NumberFormatException e) {","lastModifiedDate":"2023-09-07"},{"lineNumber":83,"author":{"gitId":"yeebinrong"},"content":"                WonkyLogger.expectedInteger(argList.get(0));","lastModifiedDate":"2023-09-07"},{"lineNumber":84,"author":{"gitId":"yeebinrong"},"content":"            }","lastModifiedDate":"2023-09-07"},{"lineNumber":85,"author":{"gitId":"yeebinrong"},"content":"        }","lastModifiedDate":"2023-09-07"},{"lineNumber":86,"author":{"gitId":"yeebinrong"},"content":"    }","lastModifiedDate":"2023-09-07"},{"lineNumber":87,"author":{"gitId":"yeebinrong"},"content":"","lastModifiedDate":"2023-09-07"},{"lineNumber":88,"author":{"gitId":"yeebinrong"},"content":"    private static void parseCmdToTask(CommandArgument cmdArg) throws DukeException {","lastModifiedDate":"2023-09-16"},{"lineNumber":89,"author":{"gitId":"yeebinrong"},"content":"        List\u003cString\u003e argList \u003d cmdArg.getArgList();","lastModifiedDate":"2023-09-16"},{"lineNumber":90,"author":{"gitId":"yeebinrong"},"content":"        switch (cmdArg.getCmd()) {","lastModifiedDate":"2023-09-16"},{"lineNumber":91,"author":{"gitId":"yeebinrong"},"content":"        case TODO:","lastModifiedDate":"2023-09-06"},{"lineNumber":92,"author":{"gitId":"yeebinrong"},"content":"            if (validateArgs(argList, TODO_ARGS)) {","lastModifiedDate":"2023-09-07"},{"lineNumber":93,"author":{"gitId":"yeebinrong"},"content":"                addTask(new Todo(argList.get(DESC_IDX)));","lastModifiedDate":"2023-09-07"},{"lineNumber":94,"author":{"gitId":"yeebinrong"},"content":"            }","lastModifiedDate":"2023-09-07"},{"lineNumber":95,"author":{"gitId":"yeebinrong"},"content":"            break;","lastModifiedDate":"2023-09-06"},{"lineNumber":96,"author":{"gitId":"yeebinrong"},"content":"        case DEADLINE:","lastModifiedDate":"2023-09-06"},{"lineNumber":97,"author":{"gitId":"yeebinrong"},"content":"            if (validateArgs(argList, DEADLINE_ARGS)) {","lastModifiedDate":"2023-09-07"},{"lineNumber":98,"author":{"gitId":"yeebinrong"},"content":"                addTask(","lastModifiedDate":"2023-09-07"},{"lineNumber":99,"author":{"gitId":"yeebinrong"},"content":"                    new Deadline(","lastModifiedDate":"2023-09-07"},{"lineNumber":100,"author":{"gitId":"yeebinrong"},"content":"                        argList.get(DESC_IDX),","lastModifiedDate":"2023-09-07"},{"lineNumber":101,"author":{"gitId":"yeebinrong"},"content":"                        argList.get(BY_IDX)","lastModifiedDate":"2023-09-07"},{"lineNumber":102,"author":{"gitId":"yeebinrong"},"content":"                    )","lastModifiedDate":"2023-09-07"},{"lineNumber":103,"author":{"gitId":"yeebinrong"},"content":"                );","lastModifiedDate":"2023-09-07"},{"lineNumber":104,"author":{"gitId":"yeebinrong"},"content":"            }","lastModifiedDate":"2023-09-07"},{"lineNumber":105,"author":{"gitId":"yeebinrong"},"content":"            break;","lastModifiedDate":"2023-09-06"},{"lineNumber":106,"author":{"gitId":"yeebinrong"},"content":"        case EVENT:","lastModifiedDate":"2023-09-06"},{"lineNumber":107,"author":{"gitId":"yeebinrong"},"content":"            if (validateArgs(argList, EVENT_ARGS)) {","lastModifiedDate":"2023-09-07"},{"lineNumber":108,"author":{"gitId":"yeebinrong"},"content":"                addTask(","lastModifiedDate":"2023-09-07"},{"lineNumber":109,"author":{"gitId":"yeebinrong"},"content":"                    new Event(","lastModifiedDate":"2023-09-07"},{"lineNumber":110,"author":{"gitId":"yeebinrong"},"content":"                        argList.get(DESC_IDX),","lastModifiedDate":"2023-09-07"},{"lineNumber":111,"author":{"gitId":"yeebinrong"},"content":"                        argList.get(FROM_IDX),","lastModifiedDate":"2023-09-07"},{"lineNumber":112,"author":{"gitId":"yeebinrong"},"content":"                        argList.get(TO_IDX)","lastModifiedDate":"2023-09-07"},{"lineNumber":113,"author":{"gitId":"yeebinrong"},"content":"                    )","lastModifiedDate":"2023-09-07"},{"lineNumber":114,"author":{"gitId":"yeebinrong"},"content":"                );","lastModifiedDate":"2023-09-07"},{"lineNumber":115,"author":{"gitId":"yeebinrong"},"content":"            }","lastModifiedDate":"2023-09-07"},{"lineNumber":116,"author":{"gitId":"yeebinrong"},"content":"            break;","lastModifiedDate":"2023-09-06"},{"lineNumber":117,"author":{"gitId":"yeebinrong"},"content":"        default:","lastModifiedDate":"2023-09-06"},{"lineNumber":118,"author":{"gitId":"yeebinrong"},"content":"            throw new DukeManagerException(\"Unhandled task to be added: \" + cmdArg.getCmdLitr());","lastModifiedDate":"2023-09-16"},{"lineNumber":119,"author":{"gitId":"yeebinrong"},"content":"        }","lastModifiedDate":"2023-09-07"},{"lineNumber":120,"author":{"gitId":"yeebinrong"},"content":"","lastModifiedDate":"2023-09-07"},{"lineNumber":121,"author":{"gitId":"yeebinrong"},"content":"    }","lastModifiedDate":"2023-09-07"},{"lineNumber":122,"author":{"gitId":"yeebinrong"},"content":"","lastModifiedDate":"2023-09-07"},{"lineNumber":123,"author":{"gitId":"yeebinrong"},"content":"    private static void addTask(Task toAdd) throws DukeException {","lastModifiedDate":"2023-09-07"},{"lineNumber":124,"author":{"gitId":"yeebinrong"},"content":"        tasks.add(toAdd);","lastModifiedDate":"2023-09-07"},{"lineNumber":125,"author":{"gitId":"yeebinrong"},"content":"        WonkyLogger.addedToList(toAdd.command.getLitr(), toAdd.description);","lastModifiedDate":"2023-09-07"},{"lineNumber":126,"author":{"gitId":"yeebinrong"},"content":"    }","lastModifiedDate":"2023-09-06"},{"lineNumber":127,"author":{"gitId":"yeebinrong"},"content":"","lastModifiedDate":"2023-09-07"},{"lineNumber":128,"author":{"gitId":"yeebinrong"},"content":"    private static boolean validateArgs(List\u003cString\u003e argList, int expectedSize) throws DukeException {","lastModifiedDate":"2023-09-07"},{"lineNumber":129,"author":{"gitId":"yeebinrong"},"content":"        if (argList.size() !\u003d expectedSize || argList.get(0).trim().isEmpty()) {","lastModifiedDate":"2023-09-16"},{"lineNumber":130,"author":{"gitId":"yeebinrong"},"content":"            WonkyLogger.mismatchArgs(getLastCmd().getLitr(), expectedSize);","lastModifiedDate":"2023-09-16"},{"lineNumber":131,"author":{"gitId":"yeebinrong"},"content":"            return false;","lastModifiedDate":"2023-09-07"},{"lineNumber":132,"author":{"gitId":"yeebinrong"},"content":"        }","lastModifiedDate":"2023-09-07"},{"lineNumber":133,"author":{"gitId":"yeebinrong"},"content":"        for (String arg : argList) {","lastModifiedDate":"2023-09-07"},{"lineNumber":134,"author":{"gitId":"yeebinrong"},"content":"            if (EMPTY_LITR.equals(arg)) {","lastModifiedDate":"2023-09-07"},{"lineNumber":135,"author":{"gitId":"yeebinrong"},"content":"                return false;","lastModifiedDate":"2023-09-07"},{"lineNumber":136,"author":{"gitId":"yeebinrong"},"content":"            }","lastModifiedDate":"2023-09-07"},{"lineNumber":137,"author":{"gitId":"yeebinrong"},"content":"        }","lastModifiedDate":"2023-09-07"},{"lineNumber":138,"author":{"gitId":"yeebinrong"},"content":"        return true;","lastModifiedDate":"2023-09-07"},{"lineNumber":139,"author":{"gitId":"yeebinrong"},"content":"    }","lastModifiedDate":"2023-09-07"},{"lineNumber":140,"author":{"gitId":"yeebinrong"},"content":"","lastModifiedDate":"2023-09-07"},{"lineNumber":141,"author":{"gitId":"yeebinrong"},"content":"    private static Command getLastCmd() {","lastModifiedDate":"2023-09-16"},{"lineNumber":142,"author":{"gitId":"yeebinrong"},"content":"        return cmdArgs.get(cmdArgs.size() - 1).getCmd();","lastModifiedDate":"2023-09-16"},{"lineNumber":143,"author":{"gitId":"yeebinrong"},"content":"    }","lastModifiedDate":"2023-09-06"},{"lineNumber":144,"author":{"gitId":"yeebinrong"},"content":"}","lastModifiedDate":"2023-08-27"}],"authorContributionMap":{"yeebinrong":144}},{"path":"text-ui-test/input.txt","fileType":"txt","lines":[{"lineNumber":1,"author":{"gitId":"yeebinrong"},"content":"lisq","lastModifiedDate":"2023-09-16"},{"lineNumber":2,"author":{"gitId":"yeebinrong"},"content":"invalidcmd","lastModifiedDate":"2023-09-16"},{"lineNumber":3,"author":{"gitId":"yeebinrong"},"content":" list ","lastModifiedDate":"2023-09-16"},{"lineNumber":4,"author":{"gitId":"yeebinrong"},"content":"todo","lastModifiedDate":"2023-09-16"},{"lineNumber":5,"author":{"gitId":"yeebinrong"},"content":"todo toomany / arguments","lastModifiedDate":"2023-09-16"},{"lineNumber":6,"author":{"gitId":"yeebinrong"},"content":"todo homework1 ","lastModifiedDate":"2023-09-16"},{"lineNumber":7,"author":{"gitId":"yeebinrong"},"content":"deadline","lastModifiedDate":"2023-09-16"},{"lineNumber":8,"author":{"gitId":"yeebinrong"},"content":"deadline toolittle","lastModifiedDate":"2023-09-16"},{"lineNumber":9,"author":{"gitId":"yeebinrong"},"content":"deadline toomany / 2 / 3","lastModifiedDate":"2023-09-16"},{"lineNumber":10,"author":{"gitId":"yeebinrong"},"content":"deadline    homework2/  today ","lastModifiedDate":"2023-09-16"},{"lineNumber":11,"author":{"gitId":"yeebinrong"},"content":"event homework3   /  tmr    /  tmrtmr  ","lastModifiedDate":"2023-09-16"},{"lineNumber":12,"author":{"gitId":"yeebinrong"},"content":"list ","lastModifiedDate":"2023-09-16"},{"lineNumber":13,"author":{"gitId":"yeebinrong"},"content":"mark 2","lastModifiedDate":"2023-09-16"},{"lineNumber":14,"author":{"gitId":"yeebinrong"},"content":"list","lastModifiedDate":"2023-09-16"},{"lineNumber":15,"author":{"gitId":"yeebinrong"},"content":"mark 3","lastModifiedDate":"2023-09-16"},{"lineNumber":16,"author":{"gitId":"yeebinrong"},"content":"unmark 2","lastModifiedDate":"2023-09-16"},{"lineNumber":17,"author":{"gitId":"yeebinrong"},"content":"mark 1","lastModifiedDate":"2023-09-16"},{"lineNumber":18,"author":{"gitId":"yeebinrong"},"content":"list","lastModifiedDate":"2023-09-16"},{"lineNumber":19,"author":{"gitId":"yeebinrong"},"content":"delete -5","lastModifiedDate":"2023-09-16"},{"lineNumber":20,"author":{"gitId":"yeebinrong"},"content":"delete 7","lastModifiedDate":"2023-09-16"},{"lineNumber":21,"author":{"gitId":"yeebinrong"},"content":"delete 0","lastModifiedDate":"2023-09-16"},{"lineNumber":22,"author":{"gitId":"yeebinrong"},"content":"delete 2","lastModifiedDate":"2023-09-16"},{"lineNumber":23,"author":{"gitId":"yeebinrong"},"content":"list","lastModifiedDate":"2023-09-16"},{"lineNumber":24,"author":{"gitId":"yeebinrong"},"content":"delete 3","lastModifiedDate":"2023-09-16"},{"lineNumber":25,"author":{"gitId":"yeebinrong"},"content":"delete 2","lastModifiedDate":"2023-09-16"},{"lineNumber":26,"author":{"gitId":"yeebinrong"},"content":"list","lastModifiedDate":"2023-09-16"},{"lineNumber":27,"author":{"gitId":"yeebinrong"},"content":"delete 1","lastModifiedDate":"2023-09-16"},{"lineNumber":28,"author":{"gitId":"yeebinrong"},"content":"list","lastModifiedDate":"2023-09-16"},{"lineNumber":29,"author":{"gitId":"yeebinrong"},"content":"bye","lastModifiedDate":"2023-09-16"}],"authorContributionMap":{"yeebinrong":29}},{"path":"text-ui-test/runtest.bat","fileType":"bat","lines":[{"lineNumber":1,"author":{"gitId":"-"},"content":"@ECHO OFF","lastModifiedDate":"2020-05-25"},{"lineNumber":2,"author":{"gitId":"-"},"content":"","lastModifiedDate":"2020-05-25"},{"lineNumber":3,"author":{"gitId":"-"},"content":"REM create bin directory if it doesn\u0027t exist","lastModifiedDate":"2020-05-25"},{"lineNumber":4,"author":{"gitId":"-"},"content":"if not exist ..\\bin mkdir ..\\bin","lastModifiedDate":"2020-05-25"},{"lineNumber":5,"author":{"gitId":"-"},"content":"","lastModifiedDate":"2020-05-25"},{"lineNumber":6,"author":{"gitId":"-"},"content":"REM delete output from previous run","lastModifiedDate":"2020-05-25"},{"lineNumber":7,"author":{"gitId":"-"},"content":"if exist ACTUAL.TXT del ACTUAL.TXT","lastModifiedDate":"2020-08-25"},{"lineNumber":8,"author":{"gitId":"-"},"content":"","lastModifiedDate":"2020-05-25"},{"lineNumber":9,"author":{"gitId":"-"},"content":"REM compile the code into the bin folder","lastModifiedDate":"2020-05-25"},{"lineNumber":10,"author":{"gitId":"-"},"content":"javac  -cp ..\\src\\main\\java -Xlint:none -d ..\\bin ..\\src\\main\\java\\*.java","lastModifiedDate":"2020-08-25"},{"lineNumber":11,"author":{"gitId":"-"},"content":"IF ERRORLEVEL 1 (","lastModifiedDate":"2020-05-25"},{"lineNumber":12,"author":{"gitId":"-"},"content":"    echo ********** BUILD FAILURE **********","lastModifiedDate":"2020-05-25"},{"lineNumber":13,"author":{"gitId":"-"},"content":"    exit /b 1","lastModifiedDate":"2020-05-25"},{"lineNumber":14,"author":{"gitId":"-"},"content":")","lastModifiedDate":"2020-05-25"},{"lineNumber":15,"author":{"gitId":"-"},"content":"REM no error here, errorlevel \u003d\u003d 0","lastModifiedDate":"2020-05-25"},{"lineNumber":16,"author":{"gitId":"-"},"content":"","lastModifiedDate":"2020-05-25"},{"lineNumber":17,"author":{"gitId":"-"},"content":"REM run the program, feed commands from input.txt file and redirect the output to the ACTUAL.TXT","lastModifiedDate":"2020-05-25"},{"lineNumber":18,"author":{"gitId":"yeebinrong"},"content":"java -classpath ..\\bin Duke test \u003c input.txt \u003e ACTUAL.TXT","lastModifiedDate":"2023-09-16"},{"lineNumber":19,"author":{"gitId":"-"},"content":"","lastModifiedDate":"2020-05-25"},{"lineNumber":20,"author":{"gitId":"-"},"content":"REM compare the output to the expected output","lastModifiedDate":"2020-05-25"},{"lineNumber":21,"author":{"gitId":"-"},"content":"FC ACTUAL.TXT EXPECTED.TXT","lastModifiedDate":"2020-05-25"}],"authorContributionMap":{"yeebinrong":1,"-":20}},{"path":"text-ui-test/runtest.sh","fileType":"sh","lines":[{"lineNumber":1,"author":{"gitId":"-"},"content":"#!/usr/bin/env bash","lastModifiedDate":"2020-05-25"},{"lineNumber":2,"author":{"gitId":"-"},"content":"","lastModifiedDate":"2020-05-25"},{"lineNumber":3,"author":{"gitId":"-"},"content":"# create bin directory if it doesn\u0027t exist","lastModifiedDate":"2020-05-25"},{"lineNumber":4,"author":{"gitId":"-"},"content":"if [ ! -d \"../bin\" ]","lastModifiedDate":"2020-05-25"},{"lineNumber":5,"author":{"gitId":"-"},"content":"then","lastModifiedDate":"2020-05-25"},{"lineNumber":6,"author":{"gitId":"-"},"content":"    mkdir ../bin","lastModifiedDate":"2020-05-25"},{"lineNumber":7,"author":{"gitId":"-"},"content":"fi","lastModifiedDate":"2020-05-25"},{"lineNumber":8,"author":{"gitId":"-"},"content":"","lastModifiedDate":"2020-05-25"},{"lineNumber":9,"author":{"gitId":"-"},"content":"# delete output from previous run","lastModifiedDate":"2020-05-25"},{"lineNumber":10,"author":{"gitId":"-"},"content":"if [ -e \"./ACTUAL.TXT\" ]","lastModifiedDate":"2020-05-25"},{"lineNumber":11,"author":{"gitId":"-"},"content":"then","lastModifiedDate":"2020-05-25"},{"lineNumber":12,"author":{"gitId":"-"},"content":"    rm ACTUAL.TXT","lastModifiedDate":"2020-05-25"},{"lineNumber":13,"author":{"gitId":"-"},"content":"fi","lastModifiedDate":"2020-05-25"},{"lineNumber":14,"author":{"gitId":"-"},"content":"","lastModifiedDate":"2020-05-25"},{"lineNumber":15,"author":{"gitId":"-"},"content":"# compile the code into the bin folder, terminates if error occurred","lastModifiedDate":"2020-05-25"},{"lineNumber":16,"author":{"gitId":"yeebinrong"},"content":"if ! javac -cp ../src/main/java -Xlint:none -d ../bin ../src/main/java/seedu/duke/*.java","lastModifiedDate":"2023-09-16"},{"lineNumber":17,"author":{"gitId":"-"},"content":"then","lastModifiedDate":"2020-05-25"},{"lineNumber":18,"author":{"gitId":"-"},"content":"    echo \"********** BUILD FAILURE **********\"","lastModifiedDate":"2020-05-25"},{"lineNumber":19,"author":{"gitId":"-"},"content":"    exit 1","lastModifiedDate":"2020-05-25"},{"lineNumber":20,"author":{"gitId":"-"},"content":"fi","lastModifiedDate":"2020-05-25"},{"lineNumber":21,"author":{"gitId":"-"},"content":"","lastModifiedDate":"2020-05-25"},{"lineNumber":22,"author":{"gitId":"-"},"content":"# run the program, feed commands from input.txt file and redirect the output to the ACTUAL.TXT","lastModifiedDate":"2020-05-25"},{"lineNumber":23,"author":{"gitId":"yeebinrong"},"content":"java -classpath ../bin seedu.duke.Duke test \u003c input.txt \u003e ACTUAL.TXT","lastModifiedDate":"2023-09-16"},{"lineNumber":24,"author":{"gitId":"-"},"content":"","lastModifiedDate":"2020-05-25"},{"lineNumber":25,"author":{"gitId":"-"},"content":"# convert to UNIX format","lastModifiedDate":"2020-05-25"},{"lineNumber":26,"author":{"gitId":"-"},"content":"cp EXPECTED.TXT EXPECTED-UNIX.TXT","lastModifiedDate":"2020-05-25"},{"lineNumber":27,"author":{"gitId":"-"},"content":"dos2unix ACTUAL.TXT EXPECTED-UNIX.TXT","lastModifiedDate":"2020-05-25"},{"lineNumber":28,"author":{"gitId":"-"},"content":"","lastModifiedDate":"2020-05-25"},{"lineNumber":29,"author":{"gitId":"-"},"content":"# compare the output to the expected output","lastModifiedDate":"2020-05-25"},{"lineNumber":30,"author":{"gitId":"-"},"content":"diff ACTUAL.TXT EXPECTED-UNIX.TXT","lastModifiedDate":"2020-05-25"},{"lineNumber":31,"author":{"gitId":"-"},"content":"if [ $? -eq 0 ]","lastModifiedDate":"2020-05-25"},{"lineNumber":32,"author":{"gitId":"-"},"content":"then","lastModifiedDate":"2020-05-25"},{"lineNumber":33,"author":{"gitId":"-"},"content":"    echo \"Test result: PASSED\"","lastModifiedDate":"2020-05-25"},{"lineNumber":34,"author":{"gitId":"-"},"content":"    exit 0","lastModifiedDate":"2020-05-25"},{"lineNumber":35,"author":{"gitId":"-"},"content":"else","lastModifiedDate":"2020-05-25"},{"lineNumber":36,"author":{"gitId":"-"},"content":"    echo \"Test result: FAILED\"","lastModifiedDate":"2020-05-25"},{"lineNumber":37,"author":{"gitId":"-"},"content":"    exit 1","lastModifiedDate":"2020-05-25"},{"lineNumber":38,"author":{"gitId":"-"},"content":"fi","lastModifiedDate":"2020-05-25"}],"authorContributionMap":{"yeebinrong":2,"-":36}}]
