{"authorDailyContributionsMap":{"yeebinrong":[{"date":"2023-08-27","commitResults":[{"hash":"53cb65001edf23478784ed7731875837b1595998","isMergeCommit":false,"messageTitle":"add wonkybot as name of bot","messageBody":"","fileTypesAndContributionMap":{"java":{"insertions":9,"deletions":5}}},{"hash":"2aafaef2264504ed0863990cb690c2875c0dacd7","isMergeCommit":false,"messageTitle":"implement initial skeletal ver for level-0","messageBody":"","tags":["Level-0"],"fileTypesAndContributionMap":{"java":{"insertions":3,"deletions":0}}},{"hash":"c375f19ab16f62541906a7a4005c11c952eb9401","isMergeCommit":true,"messageTitle":"Merge pull request #1 from yeebinrong/level-0","messageBody":"Level 0 - Initial Skeletal code ","fileTypesAndContributionMap":{}},{"hash":"641a2ba9deb2a1f055e5db0bdee44a076a19bdc2","isMergeCommit":false,"messageTitle":"add echo for level-1","messageBody":"","tags":["Level-1"],"fileTypesAndContributionMap":{"java":{"insertions":14,"deletions":4}}},{"hash":"a591d3b7a2ffdc485fec2d912dab3e3ac64bd4e5","isMergeCommit":true,"messageTitle":"Merge pull request #2 from yeebinrong/level-1","messageBody":"add echo for level-1","fileTypesAndContributionMap":{}},{"hash":"831182efff615d7c1c7bcd3d03fb9da5df59a1bb","isMergeCommit":false,"messageTitle":"level-2 add user commands to list and allow to echo back the list","messageBody":"","tags":["Level-2"],"fileTypesAndContributionMap":{"java":{"insertions":16,"deletions":6}}},{"hash":"8fd379e8fcc5c16c5bf384a7122f7b8b516c765d","isMergeCommit":true,"messageTitle":"Merge pull request #3 from yeebinrong/level-2","messageBody":"level-2 add user commands to list and allow to echo back the list","fileTypesAndContributionMap":{}},{"hash":"4526f0676200cfcfe4660bff8e2b6ca6a5f1c413","isMergeCommit":false,"messageTitle":"A - add class,inheritance,package,abstract","messageBody":"","tags":["A-Packages","A-Inheritance","A-Classes","A-AbstractClasses"],"fileTypesAndContributionMap":{"java":{"insertions":45,"deletions":4}}},{"hash":"3576517503ede2a77f22621515b8efec9fe6365d","isMergeCommit":true,"messageTitle":"Merge branch \u0027add-gradle-support\u0027 of https://github.com/yeebinrong/duke into a","messageBody":"","tags":["A-Gradle"],"fileTypesAndContributionMap":{}},{"hash":"a8021aa3718758a04e0a3d39aab1a641738cfa10","isMergeCommit":false,"messageTitle":"A - wip add wonkylogger","messageBody":"","fileTypesAndContributionMap":{"java":{"insertions":77,"deletions":46}}},{"hash":"7b8109da66e3c72a11d100ada4b34b01780d7158","isMergeCommit":true,"messageTitle":"Merge pull request #4 from yeebinrong/a","messageBody":"A - add wonkylogger and other improvements","fileTypesAndContributionMap":{}},{"hash":"414b594771eca73d35e24479ea8992ec5bfdeead","isMergeCommit":false,"messageTitle":"A - wip add scanner n manager","messageBody":"","fileTypesAndContributionMap":{"java":{"insertions":57,"deletions":9}}},{"hash":"e5a74757b5f13adcdf48419c152e3a49d6cde152","isMergeCommit":false,"messageTitle":"A - add custom exceptions","messageBody":"","tags":["A-Exceptions"],"fileTypesAndContributionMap":{"java":{"insertions":82,"deletions":33}}},{"hash":"7a5d62a97fa2b5bd5291f45892b3ca8deefcfd86","isMergeCommit":false,"messageTitle":"A - refactor, improve log msg and cmd suggestion for typo","messageBody":"","fileTypesAndContributionMap":{"java":{"insertions":119,"deletions":26}}},{"hash":"faec9912e906e3937bb620c40755529957b0ca97","isMergeCommit":true,"messageTitle":"Merge pull request #5 from yeebinrong/a","messageBody":"A - improvement","fileTypesAndContributionMap":{}},{"hash":"e71602ea983088125a052f49a8a8a202933fb5c8","isMergeCommit":false,"messageTitle":"refactor some code","messageBody":"","fileTypesAndContributionMap":{"java":{"insertions":6,"deletions":2}}},{"hash":"885ea78349394e3b9a0d513060c01f0a03bbb764","isMergeCommit":true,"messageTitle":"Merge pull request #6 from yeebinrong/a","messageBody":"refactor some code","fileTypesAndContributionMap":{}}]},{"date":"2023-09-06","commitResults":[{"hash":"0621acb68fab5210195def46e34db02af425a69a","isMergeCommit":false,"messageTitle":"WIP Level-3","messageBody":"","fileTypesAndContributionMap":{"java":{"insertions":149,"deletions":40}}}]},{"date":"2023-09-07","commitResults":[{"hash":"aaf26732f51a41b710d95fe79117a5b033d20ccc","isMergeCommit":false,"messageTitle":"add level3/4","messageBody":"","fileTypesAndContributionMap":{"java":{"insertions":347,"deletions":179}}},{"hash":"4779f667c9cb2aa13fd909c66181ed30b32ca803","isMergeCommit":true,"messageTitle":"Merge pull request #7 from yeebinrong/Level-3","messageBody":"Level 3/4","fileTypesAndContributionMap":{}},{"hash":"1b01da6931a7291a8a629e15cc93d8bf9ff41d7a","isMergeCommit":false,"messageTitle":"add comment","messageBody":"","fileTypesAndContributionMap":{"java":{"insertions":1,"deletions":0}}},{"hash":"32b37303eb5dec3973774cdee94d378771ff2cde","isMergeCommit":true,"messageTitle":"Merge pull request #8 from yeebinrong/Level-3","messageBody":"add comment","fileTypesAndContributionMap":{}},{"hash":"95c458689a679d75f53414985d3f6d70849259ed","isMergeCommit":false,"messageTitle":"remove extra print ln","messageBody":"","tags":["Level-4","Level-3"],"fileTypesAndContributionMap":{"java":{"insertions":0,"deletions":3}}},{"hash":"155c70613b7c738a9359b92d3946655c845439bd","isMergeCommit":true,"messageTitle":"Merge pull request #9 from yeebinrong/Level-3","messageBody":"remove extra print ln","fileTypesAndContributionMap":{}}]},{"date":"2023-09-16","commitResults":[{"hash":"2ea94d0a746e61e8d5364ad9f03abe886842e695","isMergeCommit":false,"messageTitle":"cleanup code and add text testing","messageBody":"","fileTypesAndContributionMap":{"txt":{"insertions":13,"deletions":0},"java":{"insertions":105,"deletions":115},"bat":{"insertions":1,"deletions":1},"sh":{"insertions":2,"deletions":2}}},{"hash":"c3cf7bb2928516f57a832ac0c73ab3b101536d85","isMergeCommit":false,"messageTitle":"add Level-6 delete","messageBody":"","fileTypesAndContributionMap":{"txt":{"insertions":16,"deletions":0},"java":{"insertions":49,"deletions":20}}},{"hash":"120d2b4779b5fb5cd9e6172f83c137e9054a5943","isMergeCommit":true,"messageTitle":"Merge pull request #10 from yeebinrong/cleanup","messageBody":"add text testing and level-6","tags":["Level-6","Level-5","A-TextUiTesting","A-Enums","A-Collections"],"fileTypesAndContributionMap":{}}]},{"date":"2023-10-13","commitResults":[{"hash":"029cee5fdecafb7604eb6c63b7b6da502ee425e9","isMergeCommit":false,"messageTitle":"add level 7 save","messageBody":"","fileTypesAndContributionMap":{"java":{"insertions":211,"deletions":25}}},{"hash":"a8bcb214251e3efde68d1f6fd5abe6578a6e1ece","isMergeCommit":true,"messageTitle":"Merge pull request #11 from yeebinrong/Level-7","messageBody":"add level 7 save","fileTypesAndContributionMap":{}},{"hash":"e3d733698d7cb5c8b72cff3136ec06266acfe4e2","isMergeCommit":false,"messageTitle":"improve storage","messageBody":"","tags":["Level-7","A-MoreOOP"],"fileTypesAndContributionMap":{"java":{"insertions":30,"deletions":25}}},{"hash":"cb980bbda2c44ead135984dbe13d2bc2f6d8e585","isMergeCommit":true,"messageTitle":"Merge pull request #12 from yeebinrong/Level-7","messageBody":"improve storage","fileTypesAndContributionMap":{}},{"hash":"3e468bd50bd1ce1fc9aec715d006b9d1f64131a3","isMergeCommit":false,"messageTitle":"fix text ui test","messageBody":"","fileTypesAndContributionMap":{"java":{"insertions":15,"deletions":14}}},{"hash":"4847f4855def51782d71aef0cedbaa680621c991","isMergeCommit":true,"messageTitle":"Merge pull request #13 from yeebinrong/Level-7","messageBody":"fix text ui test","fileTypesAndContributionMap":{}}]},{"date":"2023-10-27","commitResults":[{"hash":"1506556f0aa4b2f8b6eceb35401ae1ac572689b5","isMergeCommit":false,"messageTitle":"WIP","messageBody":"","fileTypesAndContributionMap":{"txt":{"insertions":4,"deletions":4},"java":{"insertions":168,"deletions":26}}}]},{"date":"2023-10-30","commitResults":[{"hash":"3b8cbcf4f8858f17b61c40b38270240f0aac17ee","isMergeCommit":false,"messageTitle":"remove println and improve error logging","messageBody":"","fileTypesAndContributionMap":{"java":{"insertions":20,"deletions":22}}},{"hash":"ddaa3f5f5a1d16928d0a64c79ab8785bd7a3b852","isMergeCommit":false,"messageTitle":"fix text test","messageBody":"","fileTypesAndContributionMap":{"txt":{"insertions":8,"deletions":2}}},{"hash":"f932cfca31ccd8f3c00711ee0e28e7a13430b2e8","isMergeCommit":false,"messageTitle":"add javadocs","messageBody":"","fileTypesAndContributionMap":{"java":{"insertions":390,"deletions":17}}}]},{"date":"2023-10-31","commitResults":[{"hash":"b4a16a88804a90ab6ef7410a215e115adb863ce1","isMergeCommit":false,"messageTitle":"add junit tests","messageBody":"","fileTypesAndContributionMap":{"java":{"insertions":193,"deletions":5}}},{"hash":"912d97512e6fd9772fa2b235c53588a2246cc743","isMergeCommit":false,"messageTitle":"fix lint","messageBody":"","fileTypesAndContributionMap":{"java":{"insertions":1,"deletions":2}}},{"hash":"3e676f7df115962c7656127fa33dcd8c57f27f8e","isMergeCommit":true,"messageTitle":"Merge pull request #14 from yeebinrong/lv-8","messageBody":"level 8","tags":["Level-8","A-JavaDoc","A-JUnit","A-CodingStandard","A-CodeQuality"],"fileTypesAndContributionMap":{}},{"hash":"8a4ed3437c76b73d5a76a71514c6e4e67c096e6f","isMergeCommit":false,"messageTitle":"add checkstyle","messageBody":"","fileTypesAndContributionMap":{"gradle":{"insertions":5,"deletions":0},"java":{"insertions":202,"deletions":90}}},{"hash":"6cc061d14bb77d33138273ed0409e5e81df759be","isMergeCommit":true,"messageTitle":"Merge pull request #15 from yeebinrong/lv-8","messageBody":"add checkstyle","fileTypesAndContributionMap":{}}]},{"date":"2023-11-03","commitResults":[{"hash":"0bda9f5d7eeb0865f50a996f55f3d6267bd46720","isMergeCommit":false,"messageTitle":"fix javadoc comments","messageBody":"","fileTypesAndContributionMap":{"java":{"insertions":106,"deletions":73}}},{"hash":"e214ca5a08190f9fddc5765d575d562a4951fd3c","isMergeCommit":false,"messageTitle":"Add find","messageBody":"","fileTypesAndContributionMap":{"java":{"insertions":66,"deletions":6}}},{"hash":"fc9397dd68dcafc6a62dc52e3412fcc3b3508981","isMergeCommit":false,"messageTitle":"add archive (stash)","messageBody":"","fileTypesAndContributionMap":{"java":{"insertions":159,"deletions":5}}},{"hash":"83bd8aa65049af033ca6ef822d4ea6671c04bfbb","isMergeCommit":false,"messageTitle":"add help","messageBody":"","fileTypesAndContributionMap":{"java":{"insertions":68,"deletions":23}}},{"hash":"b186b1a97e2256e74260ffbb423f31a737e7ca37","isMergeCommit":true,"messageTitle":"Merge pull request #17 from yeebinrong/lv-9","messageBody":"Lv 9","tags":["Level-9","C-NaturalDate","C-Help","C-Archive"],"fileTypesAndContributionMap":{}},{"hash":"bcf0dccd078633c68a13efa81ad04c98157072c6","isMergeCommit":false,"messageTitle":"add assert","messageBody":"","fileTypesAndContributionMap":{"java":{"insertions":10,"deletions":0}}},{"hash":"4cc7af194dd45db67dd996a57d8dd59429814b45","isMergeCommit":false,"messageTitle":"check style","messageBody":"","fileTypesAndContributionMap":{"java":{"insertions":127,"deletions":109}}},{"hash":"69714e319f76b4d0255a387f1f3f7276e908fc86","isMergeCommit":true,"messageTitle":"Merge pull request #18 from yeebinrong/lv-10","messageBody":"Lv 10","tags":["A-Jar","A-Assertions"],"fileTypesAndContributionMap":{}},{"hash":"ac68351651af85ae56c79774dde49e3c3e0b27b0","isMergeCommit":false,"messageTitle":"add gui","messageBody":"","fileTypesAndContributionMap":{"gradle":{"insertions":26,"deletions":0},"fxml":{"insertions":42,"deletions":0},"java":{"insertions":254,"deletions":95}}},{"hash":"ea3b8d667a0bf263ed40564e8232c44897bf47e7","isMergeCommit":false,"messageTitle":"checkstyle and update jar","messageBody":"","fileTypesAndContributionMap":{"gradle":{"insertions":1,"deletions":1},"java":{"insertions":13,"deletions":7}}},{"hash":"28c7847ed2e909008193f2ad39630aa61538832e","isMergeCommit":true,"messageTitle":"Merge pull request #19 from yeebinrong/lv-10","messageBody":"Lv 10","tags":["Level-10"],"fileTypesAndContributionMap":{}},{"hash":"68a448bc56fdedea33846fd0aac23ad77879263a","isMergeCommit":false,"messageTitle":"chng line separator","messageBody":"","fileTypesAndContributionMap":{"java":{"insertions":41,"deletions":41}}},{"hash":"8daa10de3c735223261bfa625284cca23521b851","isMergeCommit":false,"messageTitle":"update readme.md","messageBody":"","fileTypesAndContributionMap":{"md":{"insertions":10,"deletions":11}}},{"hash":"13e3c8a868f37745d65ef558864f6ca7ffc2b395","isMergeCommit":true,"messageTitle":"Merge pull request #20 from yeebinrong/lv-10","messageBody":"Lv 10","tags":["v0.3","A-Lambdas"],"fileTypesAndContributionMap":{}},{"hash":"fbb89dfdb4fe62d0a5486db7da57632a262d59a5","isMergeCommit":false,"messageTitle":"add userguide","messageBody":"","tags":["A-UserGuide","A-Release"],"fileTypesAndContributionMap":{"md":{"insertions":49,"deletions":17}}},{"hash":"e4532264ade7600d6b69dbab8b516f0cb345cace","isMergeCommit":false,"messageTitle":"fix javadoc comment issue","messageBody":"","fileTypesAndContributionMap":{"java":{"insertions":18,"deletions":22}}}]},{"date":"2023-11-09","commitResults":[{"hash":"728e737791a6acb1f3486c2c522bd79f303da6fd","isMergeCommit":false,"messageTitle":"fix boolean naming","messageBody":"","tags":["v0.4"],"fileTypesAndContributionMap":{"java":{"insertions":2,"deletions":2}}},{"hash":"d4eb38d31ddfde5ce79060de0910f104109045ae","isMergeCommit":false,"messageTitle":"fix bug","messageBody":"","fileTypesAndContributionMap":{"java":{"insertions":1,"deletions":1}}}]},{"date":"2023-11-10","commitResults":[{"hash":"bba99cef251be583df03084ea8080756b9dcc27b","isMergeCommit":false,"messageTitle":"remove static ref","messageBody":"","fileTypesAndContributionMap":{"java":{"insertions":295,"deletions":431}}},{"hash":"6d521ec3c23326f2b13e91524b71d583f3123e46","isMergeCommit":false,"messageTitle":"fix static ref error","messageBody":"","fileTypesAndContributionMap":{"gradle":{"insertions":2,"deletions":0},"java":{"insertions":245,"deletions":39}}},{"hash":"ee34466ea97709d1579bdc4a6d8ae50262fa4022","isMergeCommit":false,"messageTitle":"more oop","messageBody":"","fileTypesAndContributionMap":{"java":{"insertions":130,"deletions":467}}},{"hash":"ae3bd340e1dc64a1c477df4569732d537f515c30","isMergeCommit":false,"messageTitle":"more oop 2","messageBody":"","fileTypesAndContributionMap":{"java":{"insertions":552,"deletions":0}}},{"hash":"51333169719270a5361746cff123932c272a85d4","isMergeCommit":false,"messageTitle":"fix text ui test","messageBody":"","fileTypesAndContributionMap":{"java":{"insertions":27,"deletions":19}}},{"hash":"288bab933143c6c4201393f781357552f239599b","isMergeCommit":false,"messageTitle":"improve log msg and fix junit","messageBody":"","fileTypesAndContributionMap":{"java":{"insertions":181,"deletions":38},"md":{"insertions":3,"deletions":0}}},{"hash":"a65fe8b4c9797bb10eb7ea8801e50b2d4c0e638f","isMergeCommit":false,"messageTitle":"fix javadoc comment","messageBody":"","fileTypesAndContributionMap":{"java":{"insertions":1,"deletions":2}}}]}]},"authorFileTypeContributionMap":{"yeebinrong":{"java":2517,"md":61,"fxml":42,"sh":2,"bat":1,"gradle":34,"txt":35}},"authorContributionVariance":{"yeebinrong":97489.875},"authorDisplayNameMap":{"yeebinrong":"YEE ..RONG"}}
