{"authorDailyContributionsMap":{"yeebinrong":[{"date":"2023-08-27","commitResults":[{"hash":"53cb65001edf23478784ed7731875837b1595998","isMergeCommit":false,"messageTitle":"add wonkybot as name of bot","messageBody":"","fileTypesAndContributionMap":{"java":{"insertions":9,"deletions":5}}},{"hash":"2aafaef2264504ed0863990cb690c2875c0dacd7","isMergeCommit":false,"messageTitle":"implement initial skeletal ver for level-0","messageBody":"","tags":["Level-0"],"fileTypesAndContributionMap":{"java":{"insertions":3,"deletions":0}}},{"hash":"c375f19ab16f62541906a7a4005c11c952eb9401","isMergeCommit":true,"messageTitle":"Merge pull request #1 from yeebinrong/level-0","messageBody":"Level 0 - Initial Skeletal code ","fileTypesAndContributionMap":{}},{"hash":"641a2ba9deb2a1f055e5db0bdee44a076a19bdc2","isMergeCommit":false,"messageTitle":"add echo for level-1","messageBody":"","tags":["Level-1"],"fileTypesAndContributionMap":{"java":{"insertions":14,"deletions":4}}},{"hash":"a591d3b7a2ffdc485fec2d912dab3e3ac64bd4e5","isMergeCommit":true,"messageTitle":"Merge pull request #2 from yeebinrong/level-1","messageBody":"add echo for level-1","fileTypesAndContributionMap":{}},{"hash":"831182efff615d7c1c7bcd3d03fb9da5df59a1bb","isMergeCommit":false,"messageTitle":"level-2 add user commands to list and allow to echo back the list","messageBody":"","tags":["Level-2"],"fileTypesAndContributionMap":{"java":{"insertions":16,"deletions":6}}},{"hash":"8fd379e8fcc5c16c5bf384a7122f7b8b516c765d","isMergeCommit":true,"messageTitle":"Merge pull request #3 from yeebinrong/level-2","messageBody":"level-2 add user commands to list and allow to echo back the list","fileTypesAndContributionMap":{}},{"hash":"4526f0676200cfcfe4660bff8e2b6ca6a5f1c413","isMergeCommit":false,"messageTitle":"A - add class,inheritance,package,abstract","messageBody":"","tags":["A-Packages","A-Inheritance","A-Classes","A-AbstractClasses"],"fileTypesAndContributionMap":{"java":{"insertions":45,"deletions":4}}},{"hash":"3576517503ede2a77f22621515b8efec9fe6365d","isMergeCommit":true,"messageTitle":"Merge branch \u0027add-gradle-support\u0027 of https://github.com/yeebinrong/duke into a","messageBody":"","tags":["A-Gradle"],"fileTypesAndContributionMap":{}},{"hash":"a8021aa3718758a04e0a3d39aab1a641738cfa10","isMergeCommit":false,"messageTitle":"A - wip add wonkylogger","messageBody":"","fileTypesAndContributionMap":{"java":{"insertions":77,"deletions":46}}},{"hash":"7b8109da66e3c72a11d100ada4b34b01780d7158","isMergeCommit":true,"messageTitle":"Merge pull request #4 from yeebinrong/a","messageBody":"A - add wonkylogger and other improvements","fileTypesAndContributionMap":{}},{"hash":"414b594771eca73d35e24479ea8992ec5bfdeead","isMergeCommit":false,"messageTitle":"A - wip add scanner n manager","messageBody":"","fileTypesAndContributionMap":{"java":{"insertions":57,"deletions":9}}},{"hash":"e5a74757b5f13adcdf48419c152e3a49d6cde152","isMergeCommit":false,"messageTitle":"A - add custom exceptions","messageBody":"","tags":["A-Exceptions"],"fileTypesAndContributionMap":{"java":{"insertions":82,"deletions":33}}},{"hash":"7a5d62a97fa2b5bd5291f45892b3ca8deefcfd86","isMergeCommit":false,"messageTitle":"A - refactor, improve log msg and cmd suggestion for typo","messageBody":"","fileTypesAndContributionMap":{"java":{"insertions":119,"deletions":26}}},{"hash":"faec9912e906e3937bb620c40755529957b0ca97","isMergeCommit":true,"messageTitle":"Merge pull request #5 from yeebinrong/a","messageBody":"A - improvement","fileTypesAndContributionMap":{}},{"hash":"e71602ea983088125a052f49a8a8a202933fb5c8","isMergeCommit":false,"messageTitle":"refactor some code","messageBody":"","fileTypesAndContributionMap":{"java":{"insertions":6,"deletions":2}}},{"hash":"885ea78349394e3b9a0d513060c01f0a03bbb764","isMergeCommit":true,"messageTitle":"Merge pull request #6 from yeebinrong/a","messageBody":"refactor some code","fileTypesAndContributionMap":{}}]},{"date":"2023-09-06","commitResults":[{"hash":"0621acb68fab5210195def46e34db02af425a69a","isMergeCommit":false,"messageTitle":"WIP Level-3","messageBody":"","fileTypesAndContributionMap":{"java":{"insertions":149,"deletions":40}}}]},{"date":"2023-09-07","commitResults":[{"hash":"aaf26732f51a41b710d95fe79117a5b033d20ccc","isMergeCommit":false,"messageTitle":"add level3/4","messageBody":"","fileTypesAndContributionMap":{"java":{"insertions":347,"deletions":179}}},{"hash":"4779f667c9cb2aa13fd909c66181ed30b32ca803","isMergeCommit":true,"messageTitle":"Merge pull request #7 from yeebinrong/Level-3","messageBody":"Level 3/4","fileTypesAndContributionMap":{}},{"hash":"1b01da6931a7291a8a629e15cc93d8bf9ff41d7a","isMergeCommit":false,"messageTitle":"add comment","messageBody":"","fileTypesAndContributionMap":{"java":{"insertions":1,"deletions":0}}},{"hash":"32b37303eb5dec3973774cdee94d378771ff2cde","isMergeCommit":true,"messageTitle":"Merge pull request #8 from yeebinrong/Level-3","messageBody":"add comment","fileTypesAndContributionMap":{}},{"hash":"95c458689a679d75f53414985d3f6d70849259ed","isMergeCommit":false,"messageTitle":"remove extra print ln","messageBody":"","tags":["Level-4","Level-3"],"fileTypesAndContributionMap":{"java":{"insertions":0,"deletions":3}}},{"hash":"155c70613b7c738a9359b92d3946655c845439bd","isMergeCommit":true,"messageTitle":"Merge pull request #9 from yeebinrong/Level-3","messageBody":"remove extra print ln","fileTypesAndContributionMap":{}}]},{"date":"2023-09-16","commitResults":[{"hash":"2ea94d0a746e61e8d5364ad9f03abe886842e695","isMergeCommit":false,"messageTitle":"cleanup code and add text testing","messageBody":"","fileTypesAndContributionMap":{"txt":{"insertions":13,"deletions":0},"java":{"insertions":105,"deletions":115},"bat":{"insertions":1,"deletions":1},"sh":{"insertions":2,"deletions":2}}},{"hash":"c3cf7bb2928516f57a832ac0c73ab3b101536d85","isMergeCommit":false,"messageTitle":"add Level-6 delete","messageBody":"","fileTypesAndContributionMap":{"txt":{"insertions":16,"deletions":0},"java":{"insertions":49,"deletions":20}}},{"hash":"120d2b4779b5fb5cd9e6172f83c137e9054a5943","isMergeCommit":true,"messageTitle":"Merge pull request #10 from yeebinrong/cleanup","messageBody":"add text testing and level-6","tags":["Level-6","Level-5","A-TextUiTesting","A-Enums","A-Collections"],"fileTypesAndContributionMap":{}}]}]},"authorFileTypeContributionMap":{"yeebinrong":{"java":597,"md":0,"fxml":0,"sh":2,"bat":1,"gradle":0,"txt":29}},"authorContributionVariance":{"yeebinrong":19491.363},"authorDisplayNameMap":{"yeebinrong":"YEE ..RONG"}}
