{"authorDailyContributionsMap":{"ZiMing2983":[{"date":"2023-09-10","commitResults":[{"hash":"ebd50390c31a04abb68b646921aedc29ff790d1d","isMergeCommit":false,"messageTitle":"Level-0","messageBody":"","tags":["Level-0"],"fileTypesAndContributionMap":{"java":{"insertions":12,"deletions":6}}},{"hash":"19e23e29f978734e243dee23227d51e519799a61","isMergeCommit":false,"messageTitle":"Level-1","messageBody":"","tags":["Level-1"],"fileTypesAndContributionMap":{"java":{"insertions":17,"deletions":0}}},{"hash":"36cc3c02d87a31c056b6b79ebbd4bf6222cfa550","isMergeCommit":false,"messageTitle":"Level-2","messageBody":"","tags":["Level-2"],"fileTypesAndContributionMap":{"java":{"insertions":25,"deletions":6}}},{"hash":"87685fbbadccf4fc88e82671d3e0e34f00afb895","isMergeCommit":false,"messageTitle":"Improve Code quality","messageBody":"Refactoring, Using OOP\n","fileTypesAndContributionMap":{"java":{"insertions":102,"deletions":44}}},{"hash":"f3ebf9cf8eb5bd7d2128d510a27ca973149ea21f","isMergeCommit":false,"messageTitle":"Level-3","messageBody":"","tags":["Level-3"],"fileTypesAndContributionMap":{"java":{"insertions":139,"deletions":23}}}]},{"date":"2023-09-11","commitResults":[{"hash":"dc983a20f250fd1cde70ec0433889ca37409e084","isMergeCommit":false,"messageTitle":"refactoring","messageBody":"","fileTypesAndContributionMap":{"java":{"insertions":74,"deletions":13}}}]},{"date":"2023-09-16","commitResults":[{"hash":"42a0b838a48f3c557689d832c45dc3f863ceb4c9","isMergeCommit":false,"messageTitle":"A-TextUiTesting","messageBody":"","tags":["A-TextUiTesting"],"fileTypesAndContributionMap":{"txt":{"insertions":8,"deletions":0},"java":{"insertions":1,"deletions":1}}},{"hash":"1569a9a2f00db5ed89212798bf8c2130dcf1dc65","isMergeCommit":false,"messageTitle":"Level-4","messageBody":"","tags":["Level-4"],"fileTypesAndContributionMap":{"java":{"insertions":292,"deletions":77}}},{"hash":"afda87fc604839ec806d196e09981c43faa76bf5","isMergeCommit":false,"messageTitle":"Level-5","messageBody":"","tags":["Level-5","A-Exceptions"],"fileTypesAndContributionMap":{"java":{"insertions":34,"deletions":45}}}]},{"date":"2023-09-23","commitResults":[{"hash":"39b026621db83d0a59300ef43b95c2d75f90e969","isMergeCommit":false,"messageTitle":"Text display","messageBody":"","fileTypesAndContributionMap":{"txt":{"insertions":11,"deletions":6},"java":{"insertions":8,"deletions":8}}},{"hash":"23b5aa1e99e0f313ac195b40abe4ee94518b3f98","isMergeCommit":false,"messageTitle":"A-Collections","messageBody":"","tags":["A-Enums","A-Collections"],"fileTypesAndContributionMap":{"txt":{"insertions":3,"deletions":1},"java":{"insertions":46,"deletions":37}}},{"hash":"4831e75d62156000ce3914361ae3920678f0de49","isMergeCommit":false,"messageTitle":"Level-6","messageBody":"","tags":["Level-6"],"fileTypesAndContributionMap":{"txt":{"insertions":4,"deletions":0},"java":{"insertions":48,"deletions":15}}}]},{"date":"2023-10-11","commitResults":[{"hash":"e6f2ad503676b3c77fe083bf7b3e6cedf3119b40","isMergeCommit":false,"messageTitle":"Minior Improvement","messageBody":"","fileTypesAndContributionMap":{"java":{"insertions":96,"deletions":73}}},{"hash":"039b55fa860d650ac1795fd69e481bbbb85f2e37","isMergeCommit":false,"messageTitle":"bug fix","messageBody":"","fileTypesAndContributionMap":{"java":{"insertions":42,"deletions":18}}}]},{"date":"2023-10-12","commitResults":[{"hash":"399ac880e7c2529300a8ebda2ff460cc6faec93d","isMergeCommit":false,"messageTitle":"A-Inheritance","messageBody":"","tags":["A-Inheritance"],"fileTypesAndContributionMap":{"java":{"insertions":26,"deletions":9}}}]},{"date":"2023-10-13","commitResults":[{"hash":"2622b998b07148c333482526e0752bd0fc5d6a09","isMergeCommit":false,"messageTitle":"bug fix","messageBody":"","fileTypesAndContributionMap":{"txt":{"insertions":14,"deletions":7},"java":{"insertions":20,"deletions":17}}}]},{"date":"2023-10-14","commitResults":[{"hash":"8349748108a4ab8a366779d1510d5319a192d08e","isMergeCommit":false,"messageTitle":"Level-7","messageBody":"","tags":["Level-7"],"fileTypesAndContributionMap":{"txt":{"insertions":9,"deletions":2},"java":{"insertions":186,"deletions":28}}}]},{"date":"2023-10-15","commitResults":[{"hash":"2ef5b23c260f9a45460ec14bc9d000e2c989b73b","isMergeCommit":false,"messageTitle":"A-MoreOOP","messageBody":"A-MoreOOP\n","fileTypesAndContributionMap":{"txt":{"insertions":5,"deletions":6},"java":{"insertions":482,"deletions":405}}},{"hash":"c472cc8eba2db9293d44aa17a92dd5e8e49555ff","isMergeCommit":false,"messageTitle":"A-MoreOOP","messageBody":"","fileTypesAndContributionMap":{"txt":{"insertions":0,"deletions":5}}},{"hash":"3975300c674485a1a78398fd705554ea2d7d60b6","isMergeCommit":false,"messageTitle":"A-MoreOOP","messageBody":"A-MoreOOP\n","fileTypesAndContributionMap":{"txt":{"insertions":5,"deletions":6},"java":{"insertions":482,"deletions":405}}},{"hash":"57688fa75c61a97eff2ac489802d5b18a46edd30","isMergeCommit":true,"messageTitle":"Merge branch \u0027squash-commit\u0027","messageBody":"","fileTypesAndContributionMap":{}},{"hash":"e5822361acf22c73f4dda84b399701e3ec1b5413","isMergeCommit":false,"messageTitle":"A-Packages","messageBody":"","tags":["A-Packages"],"fileTypesAndContributionMap":{"txt":{"insertions":5,"deletions":5},"java":{"insertions":439,"deletions":349},"sh":{"insertions":5,"deletions":1}}}]},{"date":"2023-10-22","commitResults":[{"hash":"37fe1f8fd75e1e912a632ad31c41a109ac576fee","isMergeCommit":false,"messageTitle":" Level 8. Dates and Times","messageBody":"","tags":["Level-8"],"fileTypesAndContributionMap":{"txt":{"insertions":1,"deletions":5},"java":{"insertions":153,"deletions":55}}},{"hash":"0a040dd871edc44e21b64568aae784e5e1c07843","isMergeCommit":false,"messageTitle":"A-JavaDoc","messageBody":"","tags":["A-JavaDoc"],"fileTypesAndContributionMap":{"java":{"insertions":370,"deletions":61}}},{"hash":"2e1de2ddf1d83a0a1a6b32ef9922a62a4d1cebeb","isMergeCommit":true,"messageTitle":"Merge branch \u0027add-gradle-support\u0027","messageBody":"","fileTypesAndContributionMap":{}}]},{"date":"2023-10-23","commitResults":[{"hash":"856e122672b41325c8cf99798dabcccd7b211da0","isMergeCommit":false,"messageTitle":"Stretch goal for level 8","messageBody":"","fileTypesAndContributionMap":{"txt":{"insertions":2,"deletions":0},"java":{"insertions":242,"deletions":40}}}]},{"date":"2023-10-24","commitResults":[{"hash":"6f8bdb6d9e29e706c885fa35c05b957ee2231bb7","isMergeCommit":false,"messageTitle":"A-Gradle","messageBody":"","tags":["A-Gradle"],"fileTypesAndContributionMap":{"gradle":{"insertions":3,"deletions":1},"java":{"insertions":1813,"deletions":1534},"bat":{"insertions":1,"deletions":1},"md":{"insertions":2,"deletions":2}}}]},{"date":"2023-10-29","commitResults":[{"hash":"64a49e2351234419baccacaa41aa672f1cc062a7","isMergeCommit":false,"messageTitle":"Bug fix","messageBody":"","fileTypesAndContributionMap":{"txt":{"insertions":2,"deletions":3},"java":{"insertions":301,"deletions":98}}}]},{"date":"2023-10-30","commitResults":[{"hash":"0f967ef367525d663218ae8e89c4dc60e8c25fe5","isMergeCommit":false,"messageTitle":"Update comments","messageBody":"","fileTypesAndContributionMap":{"txt":{"insertions":1,"deletions":2},"java":{"insertions":257,"deletions":203}}},{"hash":"4e1d7ee72ee19fa1cd079dd97e89e679350790cb","isMergeCommit":false,"messageTitle":"restore stash","messageBody":"","fileTypesAndContributionMap":{"txt":{"insertions":4,"deletions":0},"java":{"insertions":175,"deletions":1}}},{"hash":"d995fd91e7f239201f53529c35472c4505d244e6","isMergeCommit":false,"messageTitle":"Revert \"restore stash\"","messageBody":"This reverts commit 4e1d7ee72ee19fa1cd079dd97e89e679350790cb.\n","fileTypesAndContributionMap":{"txt":{"insertions":0,"deletions":4},"java":{"insertions":1,"deletions":175}}},{"hash":"be109da46dad226dc2f25cdc5cfd87890b4a1f36","isMergeCommit":false,"messageTitle":"Minor improvement","messageBody":"","fileTypesAndContributionMap":{"txt":{"insertions":2,"deletions":1},"java":{"insertions":112,"deletions":76}}}]},{"date":"2023-11-01","commitResults":[{"hash":"d34f2e47770d7919a669dbf7c88921fb4ffe104a","isMergeCommit":false,"messageTitle":"Add Junit Test","messageBody":"Add Junit Test 2\n\nA-JUnit\n","fileTypesAndContributionMap":{"txt":{"insertions":3,"deletions":2},"java":{"insertions":883,"deletions":270}}},{"hash":"b34cebab902fc5c8978cc0e23153c8e9b73d777a","isMergeCommit":false,"messageTitle":"Add Junit Test","messageBody":"","fileTypesAndContributionMap":{"txt":{"insertions":3,"deletions":2},"java":{"insertions":883,"deletions":270}}}]}]},"authorFileTypeContributionMap":{"ZiMing2983":{"java":2719,"md":2,"fxml":0,"sh":5,"bat":1,"gradle":3,"txt":30}},"authorContributionVariance":{"ZiMing2983":296536.06},"authorDisplayNameMap":{"ZiMing2983":"GAO ..MING"}}
