{"authorDailyContributionsMap":{"ZiMing2983":[{"date":"2023-09-10","commitResults":[{"hash":"ebd50390c31a04abb68b646921aedc29ff790d1d","isMergeCommit":false,"messageTitle":"Level-0","messageBody":"","tags":["Level-0"],"fileTypesAndContributionMap":{"java":{"insertions":12,"deletions":6}}},{"hash":"19e23e29f978734e243dee23227d51e519799a61","isMergeCommit":false,"messageTitle":"Level-1","messageBody":"","tags":["Level-1"],"fileTypesAndContributionMap":{"java":{"insertions":17,"deletions":0}}},{"hash":"36cc3c02d87a31c056b6b79ebbd4bf6222cfa550","isMergeCommit":false,"messageTitle":"Level-2","messageBody":"","tags":["Level-2"],"fileTypesAndContributionMap":{"java":{"insertions":25,"deletions":6}}},{"hash":"87685fbbadccf4fc88e82671d3e0e34f00afb895","isMergeCommit":false,"messageTitle":"Improve Code quality","messageBody":"Refactoring, Using OOP\n","fileTypesAndContributionMap":{"java":{"insertions":102,"deletions":44}}},{"hash":"f3ebf9cf8eb5bd7d2128d510a27ca973149ea21f","isMergeCommit":false,"messageTitle":"Level-3","messageBody":"","tags":["Level-3"],"fileTypesAndContributionMap":{"java":{"insertions":139,"deletions":23}}}]},{"date":"2023-09-11","commitResults":[{"hash":"dc983a20f250fd1cde70ec0433889ca37409e084","isMergeCommit":false,"messageTitle":"refactoring","messageBody":"","fileTypesAndContributionMap":{"java":{"insertions":74,"deletions":13}}}]},{"date":"2023-09-16","commitResults":[{"hash":"42a0b838a48f3c557689d832c45dc3f863ceb4c9","isMergeCommit":false,"messageTitle":"A-TextUiTesting","messageBody":"","tags":["A-TextUiTesting"],"fileTypesAndContributionMap":{"txt":{"insertions":8,"deletions":0},"java":{"insertions":1,"deletions":1}}},{"hash":"1569a9a2f00db5ed89212798bf8c2130dcf1dc65","isMergeCommit":false,"messageTitle":"Level-4","messageBody":"","tags":["Level-4"],"fileTypesAndContributionMap":{"java":{"insertions":292,"deletions":77}}},{"hash":"afda87fc604839ec806d196e09981c43faa76bf5","isMergeCommit":false,"messageTitle":"Level-5","messageBody":"","tags":["Level-5"],"fileTypesAndContributionMap":{"java":{"insertions":34,"deletions":45}}}]},{"date":"2023-09-23","commitResults":[{"hash":"39b026621db83d0a59300ef43b95c2d75f90e969","isMergeCommit":false,"messageTitle":"Text display","messageBody":"","fileTypesAndContributionMap":{"txt":{"insertions":11,"deletions":6},"java":{"insertions":8,"deletions":8}}},{"hash":"23b5aa1e99e0f313ac195b40abe4ee94518b3f98","isMergeCommit":false,"messageTitle":"A-Collections","messageBody":"","tags":["A-Enums","A-Collections"],"fileTypesAndContributionMap":{"txt":{"insertions":3,"deletions":1},"java":{"insertions":46,"deletions":37}}},{"hash":"4831e75d62156000ce3914361ae3920678f0de49","isMergeCommit":false,"messageTitle":"Level-6","messageBody":"","tags":["Level-6"],"fileTypesAndContributionMap":{"txt":{"insertions":4,"deletions":0},"java":{"insertions":48,"deletions":15}}}]}]},"authorFileTypeContributionMap":{"ZiMing2983":{"java":528,"md":0,"fxml":0,"sh":0,"bat":0,"gradle":0,"txt":19}},"authorContributionVariance":{"ZiMing2983":8837.634},"authorDisplayNameMap":{"ZiMing2983":"GAO ..MING"}}
