[{"path":"src/main/java/duke/Duke.java","fileType":"java","lines":[{"lineNumber":1,"author":{"gitId":"chanjansen"},"content":"package duke;","lastModifiedDate":"2023-11-20"},{"lineNumber":2,"author":{"gitId":"chanjansen"},"content":"","lastModifiedDate":"2023-11-20"},{"lineNumber":3,"author":{"gitId":"chanjansen"},"content":"import duke.ui.Parser;","lastModifiedDate":"2023-11-20"},{"lineNumber":4,"author":{"gitId":"chanjansen"},"content":"import duke.ui.Ui;","lastModifiedDate":"2023-11-20"},{"lineNumber":5,"author":{"gitId":"chanjansen"},"content":"import duke.command.Command;","lastModifiedDate":"2023-11-20"},{"lineNumber":6,"author":{"gitId":"chanjansen"},"content":"import duke.exception.DukeException;","lastModifiedDate":"2023-11-20"},{"lineNumber":7,"author":{"gitId":"chanjansen"},"content":"import duke.storage.Storage;","lastModifiedDate":"2023-11-20"},{"lineNumber":8,"author":{"gitId":"chanjansen"},"content":"import duke.task.TaskList;","lastModifiedDate":"2023-11-20"},{"lineNumber":9,"author":{"gitId":"chanjansen"},"content":"","lastModifiedDate":"2023-11-20"},{"lineNumber":10,"author":{"gitId":"chanjansen"},"content":"","lastModifiedDate":"2023-11-20"},{"lineNumber":11,"author":{"gitId":"chanjansen"},"content":"public class Duke {","lastModifiedDate":"2023-11-20"},{"lineNumber":12,"author":{"gitId":"chanjansen"},"content":"","lastModifiedDate":"2023-11-20"},{"lineNumber":13,"author":{"gitId":"chanjansen"},"content":"  private Storage storage;","lastModifiedDate":"2023-11-20"},{"lineNumber":14,"author":{"gitId":"chanjansen"},"content":"  private TaskList tasks;","lastModifiedDate":"2023-11-20"},{"lineNumber":15,"author":{"gitId":"chanjansen"},"content":"  private Ui ui;","lastModifiedDate":"2023-11-20"},{"lineNumber":16,"author":{"gitId":"chanjansen"},"content":"  private String username;","lastModifiedDate":"2023-11-20"},{"lineNumber":17,"author":{"gitId":"chanjansen"},"content":"","lastModifiedDate":"2023-11-20"},{"lineNumber":18,"author":{"gitId":"chanjansen"},"content":"  public Duke(String chatbotName) {","lastModifiedDate":"2023-11-20"},{"lineNumber":19,"author":{"gitId":"chanjansen"},"content":"    ui \u003d new Ui(chatbotName);","lastModifiedDate":"2023-11-20"},{"lineNumber":20,"author":{"gitId":"chanjansen"},"content":"    this.username \u003d ui.getName();","lastModifiedDate":"2023-11-20"},{"lineNumber":21,"author":{"gitId":"chanjansen"},"content":"    String filePath \u003d \"./data/\" + username + \"_tasks.txt\";","lastModifiedDate":"2023-11-20"},{"lineNumber":22,"author":{"gitId":"chanjansen"},"content":"    storage \u003d new Storage(filePath);","lastModifiedDate":"2023-11-20"},{"lineNumber":23,"author":{"gitId":"chanjansen"},"content":"    tasks \u003d new TaskList(storage.loadTasks()); ","lastModifiedDate":"2023-11-20"},{"lineNumber":24,"author":{"gitId":"chanjansen"},"content":"  }","lastModifiedDate":"2023-11-20"},{"lineNumber":25,"author":{"gitId":"chanjansen"},"content":"","lastModifiedDate":"2023-11-20"},{"lineNumber":26,"author":{"gitId":"chanjansen"},"content":"  public void run() {","lastModifiedDate":"2023-11-20"},{"lineNumber":27,"author":{"gitId":"chanjansen"},"content":"","lastModifiedDate":"2023-11-20"},{"lineNumber":28,"author":{"gitId":"chanjansen"},"content":"    boolean isExit \u003d false;","lastModifiedDate":"2023-11-20"},{"lineNumber":29,"author":{"gitId":"chanjansen"},"content":"    ui.welcomeMsg(username);","lastModifiedDate":"2023-11-20"},{"lineNumber":30,"author":{"gitId":"chanjansen"},"content":"    while (!isExit) {","lastModifiedDate":"2023-11-20"},{"lineNumber":31,"author":{"gitId":"chanjansen"},"content":"      try {","lastModifiedDate":"2023-11-20"},{"lineNumber":32,"author":{"gitId":"chanjansen"},"content":"        String fullCommand \u003d ui.readCommand();","lastModifiedDate":"2023-11-20"},{"lineNumber":33,"author":{"gitId":"chanjansen"},"content":"        Command c \u003d Parser.parse(fullCommand, username);","lastModifiedDate":"2023-11-20"},{"lineNumber":34,"author":{"gitId":"chanjansen"},"content":"        c.execute(tasks, ui, storage);","lastModifiedDate":"2023-11-20"},{"lineNumber":35,"author":{"gitId":"chanjansen"},"content":"        isExit \u003d c.isExit();","lastModifiedDate":"2023-11-20"},{"lineNumber":36,"author":{"gitId":"chanjansen"},"content":"      } catch (DukeException e) {","lastModifiedDate":"2023-11-20"},{"lineNumber":37,"author":{"gitId":"chanjansen"},"content":"        ui.print(e.getMessage());","lastModifiedDate":"2023-11-20"},{"lineNumber":38,"author":{"gitId":"chanjansen"},"content":"      }","lastModifiedDate":"2023-11-20"},{"lineNumber":39,"author":{"gitId":"chanjansen"},"content":"    }","lastModifiedDate":"2023-11-20"},{"lineNumber":40,"author":{"gitId":"chanjansen"},"content":"","lastModifiedDate":"2023-11-20"},{"lineNumber":41,"author":{"gitId":"chanjansen"},"content":"  }","lastModifiedDate":"2023-11-20"},{"lineNumber":42,"author":{"gitId":"chanjansen"},"content":"","lastModifiedDate":"2023-11-20"},{"lineNumber":43,"author":{"gitId":"chanjansen"},"content":"  public static void main(String[] args) {","lastModifiedDate":"2023-11-20"},{"lineNumber":44,"author":{"gitId":"chanjansen"},"content":"    Duke duke \u003d new Duke(\"Tweety\");","lastModifiedDate":"2023-11-20"},{"lineNumber":45,"author":{"gitId":"chanjansen"},"content":"    duke.run();","lastModifiedDate":"2023-11-20"},{"lineNumber":46,"author":{"gitId":"chanjansen"},"content":"  }","lastModifiedDate":"2023-11-20"},{"lineNumber":47,"author":{"gitId":"chanjansen"},"content":"}","lastModifiedDate":"2023-11-20"},{"lineNumber":48,"author":{"gitId":"chanjansen"},"content":"","lastModifiedDate":"2023-11-20"},{"lineNumber":49,"author":{"gitId":"chanjansen"},"content":"    ","lastModifiedDate":"2023-11-20"}],"authorContributionMap":{"chanjansen":49}},{"path":"src/main/java/duke/command/AddCommand.java","fileType":"java","lines":[{"lineNumber":1,"author":{"gitId":"chanjansen"},"content":"package duke.command;","lastModifiedDate":"2023-11-20"},{"lineNumber":2,"author":{"gitId":"chanjansen"},"content":"","lastModifiedDate":"2023-11-20"},{"lineNumber":3,"author":{"gitId":"chanjansen"},"content":"import duke.ui.Ui;","lastModifiedDate":"2023-11-20"},{"lineNumber":4,"author":{"gitId":"chanjansen"},"content":"import duke.exception.DukeException;","lastModifiedDate":"2023-11-20"},{"lineNumber":5,"author":{"gitId":"chanjansen"},"content":"import duke.storage.Storage;","lastModifiedDate":"2023-11-20"},{"lineNumber":6,"author":{"gitId":"chanjansen"},"content":"import duke.task.Deadline;","lastModifiedDate":"2023-11-20"},{"lineNumber":7,"author":{"gitId":"chanjansen"},"content":"import duke.task.Event;","lastModifiedDate":"2023-11-20"},{"lineNumber":8,"author":{"gitId":"chanjansen"},"content":"import duke.task.Task;","lastModifiedDate":"2023-11-20"},{"lineNumber":9,"author":{"gitId":"chanjansen"},"content":"import duke.task.TaskList;","lastModifiedDate":"2023-11-20"},{"lineNumber":10,"author":{"gitId":"chanjansen"},"content":"import duke.task.Todo;","lastModifiedDate":"2023-11-20"},{"lineNumber":11,"author":{"gitId":"chanjansen"},"content":"","lastModifiedDate":"2023-11-20"},{"lineNumber":12,"author":{"gitId":"chanjansen"},"content":"","lastModifiedDate":"2023-11-20"},{"lineNumber":13,"author":{"gitId":"chanjansen"},"content":"public class AddCommand extends Command {","lastModifiedDate":"2023-11-20"},{"lineNumber":14,"author":{"gitId":"chanjansen"},"content":"    private String taskType;","lastModifiedDate":"2023-11-20"},{"lineNumber":15,"author":{"gitId":"chanjansen"},"content":"    private String taskDetails;","lastModifiedDate":"2023-11-20"},{"lineNumber":16,"author":{"gitId":"chanjansen"},"content":"","lastModifiedDate":"2023-11-20"},{"lineNumber":17,"author":{"gitId":"chanjansen"},"content":"    public AddCommand(String taskType, String taskDetails) {","lastModifiedDate":"2023-11-20"},{"lineNumber":18,"author":{"gitId":"chanjansen"},"content":"        this.taskType \u003d taskType;","lastModifiedDate":"2023-11-20"},{"lineNumber":19,"author":{"gitId":"chanjansen"},"content":"        this.taskDetails \u003d taskDetails;","lastModifiedDate":"2023-11-20"},{"lineNumber":20,"author":{"gitId":"chanjansen"},"content":"    }","lastModifiedDate":"2023-11-20"},{"lineNumber":21,"author":{"gitId":"chanjansen"},"content":"","lastModifiedDate":"2023-11-20"},{"lineNumber":22,"author":{"gitId":"chanjansen"},"content":"    @Override","lastModifiedDate":"2023-11-20"},{"lineNumber":23,"author":{"gitId":"chanjansen"},"content":"    public void execute(TaskList tasks, Ui ui, Storage storage) throws DukeException {","lastModifiedDate":"2023-11-20"},{"lineNumber":24,"author":{"gitId":"chanjansen"},"content":"        Task newTask \u003d null;","lastModifiedDate":"2023-11-20"},{"lineNumber":25,"author":{"gitId":"chanjansen"},"content":"        switch (taskType) {","lastModifiedDate":"2023-11-20"},{"lineNumber":26,"author":{"gitId":"chanjansen"},"content":"            case \"todo\":","lastModifiedDate":"2023-11-20"},{"lineNumber":27,"author":{"gitId":"chanjansen"},"content":"                if (taskDetails.isEmpty()) {","lastModifiedDate":"2023-11-20"},{"lineNumber":28,"author":{"gitId":"chanjansen"},"content":"                    throw new DukeException(\"Incorrect format for todo. Use todo [description].\");","lastModifiedDate":"2023-11-20"},{"lineNumber":29,"author":{"gitId":"chanjansen"},"content":"                }","lastModifiedDate":"2023-11-20"},{"lineNumber":30,"author":{"gitId":"chanjansen"},"content":"                newTask \u003d new Todo(taskDetails);","lastModifiedDate":"2023-11-20"},{"lineNumber":31,"author":{"gitId":"chanjansen"},"content":"                break;","lastModifiedDate":"2023-11-20"},{"lineNumber":32,"author":{"gitId":"chanjansen"},"content":"            case \"deadline\":","lastModifiedDate":"2023-11-20"},{"lineNumber":33,"author":{"gitId":"chanjansen"},"content":"                String[] deadlineParts \u003d taskDetails.split(\"/by\");","lastModifiedDate":"2023-11-20"},{"lineNumber":34,"author":{"gitId":"chanjansen"},"content":"                if (deadlineParts.length \u003c 2) {","lastModifiedDate":"2023-11-20"},{"lineNumber":35,"author":{"gitId":"chanjansen"},"content":"                    throw new DukeException(\"Incorrect format for deadline. Use: deadline [description] /by [time]\");","lastModifiedDate":"2023-11-20"},{"lineNumber":36,"author":{"gitId":"chanjansen"},"content":"                }","lastModifiedDate":"2023-11-20"},{"lineNumber":37,"author":{"gitId":"chanjansen"},"content":"                newTask \u003d new Deadline(deadlineParts[0].trim(), deadlineParts[1].trim());","lastModifiedDate":"2023-11-20"},{"lineNumber":38,"author":{"gitId":"chanjansen"},"content":"                break;","lastModifiedDate":"2023-11-20"},{"lineNumber":39,"author":{"gitId":"chanjansen"},"content":"            case \"event\":","lastModifiedDate":"2023-11-20"},{"lineNumber":40,"author":{"gitId":"chanjansen"},"content":"                String[] eventParts \u003d taskDetails.split(\"/from|/to\");","lastModifiedDate":"2023-11-20"},{"lineNumber":41,"author":{"gitId":"chanjansen"},"content":"                if (eventParts.length \u003c 3) {","lastModifiedDate":"2023-11-20"},{"lineNumber":42,"author":{"gitId":"chanjansen"},"content":"                    throw new DukeException(\"Incorrect format for event. Use: event [description] /from [start time] /to [end time]\");","lastModifiedDate":"2023-11-20"},{"lineNumber":43,"author":{"gitId":"chanjansen"},"content":"                }","lastModifiedDate":"2023-11-20"},{"lineNumber":44,"author":{"gitId":"chanjansen"},"content":"                newTask \u003d new Event(eventParts[0].trim(), eventParts[1].trim(), eventParts[2].trim());","lastModifiedDate":"2023-11-20"},{"lineNumber":45,"author":{"gitId":"chanjansen"},"content":"                break;","lastModifiedDate":"2023-11-20"},{"lineNumber":46,"author":{"gitId":"chanjansen"},"content":"            default:","lastModifiedDate":"2023-11-20"},{"lineNumber":47,"author":{"gitId":"chanjansen"},"content":"                throw new DukeException(\"Unknown task type: \" + taskType);","lastModifiedDate":"2023-11-20"},{"lineNumber":48,"author":{"gitId":"chanjansen"},"content":"        }","lastModifiedDate":"2023-11-20"},{"lineNumber":49,"author":{"gitId":"chanjansen"},"content":"        tasks.addTask(newTask);","lastModifiedDate":"2023-11-20"},{"lineNumber":50,"author":{"gitId":"chanjansen"},"content":"        storage.saveTasks(tasks);","lastModifiedDate":"2023-11-20"},{"lineNumber":51,"author":{"gitId":"chanjansen"},"content":"        ui.print(\"Got it. I\u0027ve added this task:\\n    \" + newTask + \"\\nNow you have \" + tasks.getTaskCount() + \" tasks in the list.\");","lastModifiedDate":"2023-11-20"},{"lineNumber":52,"author":{"gitId":"chanjansen"},"content":"    }","lastModifiedDate":"2023-11-20"},{"lineNumber":53,"author":{"gitId":"chanjansen"},"content":"","lastModifiedDate":"2023-11-20"},{"lineNumber":54,"author":{"gitId":"chanjansen"},"content":"    @Override","lastModifiedDate":"2023-11-20"},{"lineNumber":55,"author":{"gitId":"chanjansen"},"content":"    public boolean isExit() {","lastModifiedDate":"2023-11-20"},{"lineNumber":56,"author":{"gitId":"chanjansen"},"content":"        return false;","lastModifiedDate":"2023-11-20"},{"lineNumber":57,"author":{"gitId":"chanjansen"},"content":"    }","lastModifiedDate":"2023-11-20"},{"lineNumber":58,"author":{"gitId":"chanjansen"},"content":"}","lastModifiedDate":"2023-11-20"},{"lineNumber":59,"author":{"gitId":"chanjansen"},"content":"","lastModifiedDate":"2023-11-20"}],"authorContributionMap":{"chanjansen":59}},{"path":"src/main/java/duke/command/Command.java","fileType":"java","lines":[{"lineNumber":1,"author":{"gitId":"chanjansen"},"content":"package duke.command;","lastModifiedDate":"2023-11-20"},{"lineNumber":2,"author":{"gitId":"chanjansen"},"content":"","lastModifiedDate":"2023-11-20"},{"lineNumber":3,"author":{"gitId":"chanjansen"},"content":"import duke.ui.Ui;","lastModifiedDate":"2023-11-20"},{"lineNumber":4,"author":{"gitId":"chanjansen"},"content":"import duke.exception.DukeException;","lastModifiedDate":"2023-11-20"},{"lineNumber":5,"author":{"gitId":"chanjansen"},"content":"import duke.storage.Storage;","lastModifiedDate":"2023-11-20"},{"lineNumber":6,"author":{"gitId":"chanjansen"},"content":"import duke.task.TaskList;","lastModifiedDate":"2023-11-20"},{"lineNumber":7,"author":{"gitId":"chanjansen"},"content":"","lastModifiedDate":"2023-11-20"},{"lineNumber":8,"author":{"gitId":"chanjansen"},"content":"","lastModifiedDate":"2023-11-20"},{"lineNumber":9,"author":{"gitId":"chanjansen"},"content":"public abstract class Command {","lastModifiedDate":"2023-11-20"},{"lineNumber":10,"author":{"gitId":"chanjansen"},"content":"  public abstract void execute(TaskList tasks, Ui ui, Storage storage) throws DukeException;","lastModifiedDate":"2023-11-20"},{"lineNumber":11,"author":{"gitId":"chanjansen"},"content":"  public abstract boolean isExit();","lastModifiedDate":"2023-11-20"},{"lineNumber":12,"author":{"gitId":"chanjansen"},"content":"}","lastModifiedDate":"2023-11-20"}],"authorContributionMap":{"chanjansen":12}},{"path":"src/main/java/duke/command/DeleteCommand.java","fileType":"java","lines":[{"lineNumber":1,"author":{"gitId":"chanjansen"},"content":"package duke.command;","lastModifiedDate":"2023-11-20"},{"lineNumber":2,"author":{"gitId":"chanjansen"},"content":"","lastModifiedDate":"2023-11-20"},{"lineNumber":3,"author":{"gitId":"chanjansen"},"content":"import duke.ui.Ui;","lastModifiedDate":"2023-11-20"},{"lineNumber":4,"author":{"gitId":"chanjansen"},"content":"import duke.exception.DukeException;","lastModifiedDate":"2023-11-20"},{"lineNumber":5,"author":{"gitId":"chanjansen"},"content":"import duke.storage.Storage;","lastModifiedDate":"2023-11-20"},{"lineNumber":6,"author":{"gitId":"chanjansen"},"content":"import duke.task.Task;","lastModifiedDate":"2023-11-20"},{"lineNumber":7,"author":{"gitId":"chanjansen"},"content":"import duke.task.TaskList;","lastModifiedDate":"2023-11-20"},{"lineNumber":8,"author":{"gitId":"chanjansen"},"content":"","lastModifiedDate":"2023-11-20"},{"lineNumber":9,"author":{"gitId":"chanjansen"},"content":"","lastModifiedDate":"2023-11-20"},{"lineNumber":10,"author":{"gitId":"chanjansen"},"content":"public class DeleteCommand extends Command {","lastModifiedDate":"2023-11-20"},{"lineNumber":11,"author":{"gitId":"chanjansen"},"content":"    private int index;","lastModifiedDate":"2023-11-20"},{"lineNumber":12,"author":{"gitId":"chanjansen"},"content":"","lastModifiedDate":"2023-11-20"},{"lineNumber":13,"author":{"gitId":"chanjansen"},"content":"    public DeleteCommand(int index) {","lastModifiedDate":"2023-11-20"},{"lineNumber":14,"author":{"gitId":"chanjansen"},"content":"        this.index \u003d index;","lastModifiedDate":"2023-11-20"},{"lineNumber":15,"author":{"gitId":"chanjansen"},"content":"    }","lastModifiedDate":"2023-11-20"},{"lineNumber":16,"author":{"gitId":"chanjansen"},"content":"","lastModifiedDate":"2023-11-20"},{"lineNumber":17,"author":{"gitId":"chanjansen"},"content":"    @Override","lastModifiedDate":"2023-11-20"},{"lineNumber":18,"author":{"gitId":"chanjansen"},"content":"    public void execute(TaskList tasks, Ui ui, Storage storage) throws DukeException {","lastModifiedDate":"2023-11-20"},{"lineNumber":19,"author":{"gitId":"chanjansen"},"content":"        if (index \u003c 0 || index \u003e\u003d tasks.getTaskCount()) {","lastModifiedDate":"2023-11-20"},{"lineNumber":20,"author":{"gitId":"chanjansen"},"content":"            throw new DukeException(\"Invalid task number.\");","lastModifiedDate":"2023-11-20"},{"lineNumber":21,"author":{"gitId":"chanjansen"},"content":"        }","lastModifiedDate":"2023-11-20"},{"lineNumber":22,"author":{"gitId":"chanjansen"},"content":"        Task task \u003d tasks.getTask(index); // Adjusting the index here","lastModifiedDate":"2023-11-20"},{"lineNumber":23,"author":{"gitId":"chanjansen"},"content":"        tasks.removeTask(index);","lastModifiedDate":"2023-11-20"},{"lineNumber":24,"author":{"gitId":"chanjansen"},"content":"        storage.saveTasks(tasks);","lastModifiedDate":"2023-11-20"},{"lineNumber":25,"author":{"gitId":"chanjansen"},"content":"        ui.print(\"Noted. I\u0027ve removed this task:\\n    \" + task + \"\\nNow you have \" + tasks.getTaskCount() + \" tasks in the list.\");","lastModifiedDate":"2023-11-20"},{"lineNumber":26,"author":{"gitId":"chanjansen"},"content":"    }","lastModifiedDate":"2023-11-20"},{"lineNumber":27,"author":{"gitId":"chanjansen"},"content":"","lastModifiedDate":"2023-11-20"},{"lineNumber":28,"author":{"gitId":"chanjansen"},"content":"    @Override","lastModifiedDate":"2023-11-20"},{"lineNumber":29,"author":{"gitId":"chanjansen"},"content":"    public boolean isExit() {","lastModifiedDate":"2023-11-20"},{"lineNumber":30,"author":{"gitId":"chanjansen"},"content":"        return false;","lastModifiedDate":"2023-11-20"},{"lineNumber":31,"author":{"gitId":"chanjansen"},"content":"    }","lastModifiedDate":"2023-11-20"},{"lineNumber":32,"author":{"gitId":"chanjansen"},"content":"}","lastModifiedDate":"2023-11-20"}],"authorContributionMap":{"chanjansen":32}},{"path":"src/main/java/duke/command/ExitCommand.java","fileType":"java","lines":[{"lineNumber":1,"author":{"gitId":"chanjansen"},"content":"package duke.command;","lastModifiedDate":"2023-11-20"},{"lineNumber":2,"author":{"gitId":"chanjansen"},"content":"","lastModifiedDate":"2023-11-20"},{"lineNumber":3,"author":{"gitId":"chanjansen"},"content":"import duke.ui.Ui;","lastModifiedDate":"2023-11-20"},{"lineNumber":4,"author":{"gitId":"chanjansen"},"content":"import duke.storage.Storage;","lastModifiedDate":"2023-11-20"},{"lineNumber":5,"author":{"gitId":"chanjansen"},"content":"import duke.task.TaskList;","lastModifiedDate":"2023-11-20"},{"lineNumber":6,"author":{"gitId":"chanjansen"},"content":"","lastModifiedDate":"2023-11-20"},{"lineNumber":7,"author":{"gitId":"chanjansen"},"content":"public class ExitCommand extends Command {","lastModifiedDate":"2023-11-20"},{"lineNumber":8,"author":{"gitId":"chanjansen"},"content":"","lastModifiedDate":"2023-11-20"},{"lineNumber":9,"author":{"gitId":"chanjansen"},"content":"  private String username;","lastModifiedDate":"2023-11-20"},{"lineNumber":10,"author":{"gitId":"chanjansen"},"content":"","lastModifiedDate":"2023-11-20"},{"lineNumber":11,"author":{"gitId":"chanjansen"},"content":"  public ExitCommand(String username) {","lastModifiedDate":"2023-11-20"},{"lineNumber":12,"author":{"gitId":"chanjansen"},"content":"    this.username \u003d username;","lastModifiedDate":"2023-11-20"},{"lineNumber":13,"author":{"gitId":"chanjansen"},"content":"  }","lastModifiedDate":"2023-11-20"},{"lineNumber":14,"author":{"gitId":"chanjansen"},"content":"","lastModifiedDate":"2023-11-20"},{"lineNumber":15,"author":{"gitId":"chanjansen"},"content":"    @Override","lastModifiedDate":"2023-11-20"},{"lineNumber":16,"author":{"gitId":"chanjansen"},"content":"    public void execute(TaskList tasks, Ui ui, Storage storage) {","lastModifiedDate":"2023-11-20"},{"lineNumber":17,"author":{"gitId":"chanjansen"},"content":"        ui.sayGoodbye(username);","lastModifiedDate":"2023-11-20"},{"lineNumber":18,"author":{"gitId":"chanjansen"},"content":"    }","lastModifiedDate":"2023-11-20"},{"lineNumber":19,"author":{"gitId":"chanjansen"},"content":"","lastModifiedDate":"2023-11-20"},{"lineNumber":20,"author":{"gitId":"chanjansen"},"content":"  public boolean isExit() {","lastModifiedDate":"2023-11-20"},{"lineNumber":21,"author":{"gitId":"chanjansen"},"content":"        return true;","lastModifiedDate":"2023-11-20"},{"lineNumber":22,"author":{"gitId":"chanjansen"},"content":"    }","lastModifiedDate":"2023-11-20"},{"lineNumber":23,"author":{"gitId":"chanjansen"},"content":"}","lastModifiedDate":"2023-11-20"},{"lineNumber":24,"author":{"gitId":"chanjansen"},"content":"","lastModifiedDate":"2023-11-20"}],"authorContributionMap":{"chanjansen":24}},{"path":"src/main/java/duke/command/ListCommand.java","fileType":"java","lines":[{"lineNumber":1,"author":{"gitId":"chanjansen"},"content":"package duke.command;","lastModifiedDate":"2023-11-20"},{"lineNumber":2,"author":{"gitId":"chanjansen"},"content":"","lastModifiedDate":"2023-11-20"},{"lineNumber":3,"author":{"gitId":"chanjansen"},"content":"import duke.ui.Ui;","lastModifiedDate":"2023-11-20"},{"lineNumber":4,"author":{"gitId":"chanjansen"},"content":"import duke.storage.Storage;","lastModifiedDate":"2023-11-20"},{"lineNumber":5,"author":{"gitId":"chanjansen"},"content":"import duke.task.TaskList;","lastModifiedDate":"2023-11-20"},{"lineNumber":6,"author":{"gitId":"chanjansen"},"content":"","lastModifiedDate":"2023-11-20"},{"lineNumber":7,"author":{"gitId":"chanjansen"},"content":"public class ListCommand extends Command {","lastModifiedDate":"2023-11-20"},{"lineNumber":8,"author":{"gitId":"chanjansen"},"content":"    @Override","lastModifiedDate":"2023-11-20"},{"lineNumber":9,"author":{"gitId":"chanjansen"},"content":"    public void execute(TaskList tasks, Ui ui, Storage storage) {","lastModifiedDate":"2023-11-20"},{"lineNumber":10,"author":{"gitId":"chanjansen"},"content":"      if (tasks.getTaskCount() \u003d\u003d 0) {","lastModifiedDate":"2023-11-20"},{"lineNumber":11,"author":{"gitId":"chanjansen"},"content":"        ui.print(\"There are no tasks in your list\");","lastModifiedDate":"2023-11-20"},{"lineNumber":12,"author":{"gitId":"chanjansen"},"content":"      } else {","lastModifiedDate":"2023-11-20"},{"lineNumber":13,"author":{"gitId":"chanjansen"},"content":"        ui.printList(tasks);","lastModifiedDate":"2023-11-20"},{"lineNumber":14,"author":{"gitId":"chanjansen"},"content":"      }   ","lastModifiedDate":"2023-11-20"},{"lineNumber":15,"author":{"gitId":"chanjansen"},"content":"    }","lastModifiedDate":"2023-11-20"},{"lineNumber":16,"author":{"gitId":"chanjansen"},"content":"","lastModifiedDate":"2023-11-20"},{"lineNumber":17,"author":{"gitId":"chanjansen"},"content":"    @Override","lastModifiedDate":"2023-11-20"},{"lineNumber":18,"author":{"gitId":"chanjansen"},"content":"    public boolean isExit() {","lastModifiedDate":"2023-11-20"},{"lineNumber":19,"author":{"gitId":"chanjansen"},"content":"        return false;","lastModifiedDate":"2023-11-20"},{"lineNumber":20,"author":{"gitId":"chanjansen"},"content":"    }","lastModifiedDate":"2023-11-20"},{"lineNumber":21,"author":{"gitId":"chanjansen"},"content":"}","lastModifiedDate":"2023-11-20"},{"lineNumber":22,"author":{"gitId":"chanjansen"},"content":"","lastModifiedDate":"2023-11-20"}],"authorContributionMap":{"chanjansen":22}},{"path":"src/main/java/duke/command/MarkCommand.java","fileType":"java","lines":[{"lineNumber":1,"author":{"gitId":"chanjansen"},"content":"package duke.command;","lastModifiedDate":"2023-11-20"},{"lineNumber":2,"author":{"gitId":"chanjansen"},"content":"","lastModifiedDate":"2023-11-20"},{"lineNumber":3,"author":{"gitId":"chanjansen"},"content":"import duke.ui.Ui;","lastModifiedDate":"2023-11-20"},{"lineNumber":4,"author":{"gitId":"chanjansen"},"content":"import duke.exception.DukeException;","lastModifiedDate":"2023-11-20"},{"lineNumber":5,"author":{"gitId":"chanjansen"},"content":"import duke.storage.Storage;","lastModifiedDate":"2023-11-20"},{"lineNumber":6,"author":{"gitId":"chanjansen"},"content":"import duke.task.Task;","lastModifiedDate":"2023-11-20"},{"lineNumber":7,"author":{"gitId":"chanjansen"},"content":"import duke.task.TaskList;","lastModifiedDate":"2023-11-20"},{"lineNumber":8,"author":{"gitId":"chanjansen"},"content":"","lastModifiedDate":"2023-11-20"},{"lineNumber":9,"author":{"gitId":"chanjansen"},"content":"public class MarkCommand extends Command {","lastModifiedDate":"2023-11-20"},{"lineNumber":10,"author":{"gitId":"chanjansen"},"content":"    private int index;","lastModifiedDate":"2023-11-20"},{"lineNumber":11,"author":{"gitId":"chanjansen"},"content":"","lastModifiedDate":"2023-11-20"},{"lineNumber":12,"author":{"gitId":"chanjansen"},"content":"    public MarkCommand(int index) {","lastModifiedDate":"2023-11-20"},{"lineNumber":13,"author":{"gitId":"chanjansen"},"content":"        this.index \u003d index;","lastModifiedDate":"2023-11-20"},{"lineNumber":14,"author":{"gitId":"chanjansen"},"content":"    }","lastModifiedDate":"2023-11-20"},{"lineNumber":15,"author":{"gitId":"chanjansen"},"content":"","lastModifiedDate":"2023-11-20"},{"lineNumber":16,"author":{"gitId":"chanjansen"},"content":"    @Override","lastModifiedDate":"2023-11-20"},{"lineNumber":17,"author":{"gitId":"chanjansen"},"content":"    public void execute(TaskList tasks, Ui ui, Storage storage) throws DukeException {","lastModifiedDate":"2023-11-20"},{"lineNumber":18,"author":{"gitId":"chanjansen"},"content":"        if (index \u003c 0 || index \u003e\u003d tasks.getTaskCount()) {","lastModifiedDate":"2023-11-20"},{"lineNumber":19,"author":{"gitId":"chanjansen"},"content":"            throw new DukeException(\"Invalid task number.\");","lastModifiedDate":"2023-11-20"},{"lineNumber":20,"author":{"gitId":"chanjansen"},"content":"        }","lastModifiedDate":"2023-11-20"},{"lineNumber":21,"author":{"gitId":"chanjansen"},"content":"        Task task \u003d tasks.getTask(index); ","lastModifiedDate":"2023-11-20"},{"lineNumber":22,"author":{"gitId":"chanjansen"},"content":"        task.setDone();","lastModifiedDate":"2023-11-20"},{"lineNumber":23,"author":{"gitId":"chanjansen"},"content":"        storage.saveTasks(tasks);","lastModifiedDate":"2023-11-20"},{"lineNumber":24,"author":{"gitId":"chanjansen"},"content":"        ui.print(\"Nice! I\u0027ve marked this task as done:\\n    \" + task);","lastModifiedDate":"2023-11-20"},{"lineNumber":25,"author":{"gitId":"chanjansen"},"content":"    }","lastModifiedDate":"2023-11-20"},{"lineNumber":26,"author":{"gitId":"chanjansen"},"content":"    @Override","lastModifiedDate":"2023-11-20"},{"lineNumber":27,"author":{"gitId":"chanjansen"},"content":"    public boolean isExit() {","lastModifiedDate":"2023-11-20"},{"lineNumber":28,"author":{"gitId":"chanjansen"},"content":"        return false;","lastModifiedDate":"2023-11-20"},{"lineNumber":29,"author":{"gitId":"chanjansen"},"content":"    }","lastModifiedDate":"2023-11-20"},{"lineNumber":30,"author":{"gitId":"chanjansen"},"content":"}","lastModifiedDate":"2023-11-20"},{"lineNumber":31,"author":{"gitId":"chanjansen"},"content":"","lastModifiedDate":"2023-11-20"}],"authorContributionMap":{"chanjansen":31}},{"path":"src/main/java/duke/command/UnmarkCommand.java","fileType":"java","lines":[{"lineNumber":1,"author":{"gitId":"chanjansen"},"content":"package duke.command;","lastModifiedDate":"2023-11-20"},{"lineNumber":2,"author":{"gitId":"chanjansen"},"content":"","lastModifiedDate":"2023-11-20"},{"lineNumber":3,"author":{"gitId":"chanjansen"},"content":"import duke.ui.Ui;","lastModifiedDate":"2023-11-20"},{"lineNumber":4,"author":{"gitId":"chanjansen"},"content":"import duke.exception.DukeException;","lastModifiedDate":"2023-11-20"},{"lineNumber":5,"author":{"gitId":"chanjansen"},"content":"import duke.storage.Storage;","lastModifiedDate":"2023-11-20"},{"lineNumber":6,"author":{"gitId":"chanjansen"},"content":"import duke.task.Task;","lastModifiedDate":"2023-11-20"},{"lineNumber":7,"author":{"gitId":"chanjansen"},"content":"import duke.task.TaskList;","lastModifiedDate":"2023-11-20"},{"lineNumber":8,"author":{"gitId":"chanjansen"},"content":"","lastModifiedDate":"2023-11-20"},{"lineNumber":9,"author":{"gitId":"chanjansen"},"content":"public class UnmarkCommand extends Command {","lastModifiedDate":"2023-11-20"},{"lineNumber":10,"author":{"gitId":"chanjansen"},"content":"    private int index;","lastModifiedDate":"2023-11-20"},{"lineNumber":11,"author":{"gitId":"chanjansen"},"content":"","lastModifiedDate":"2023-11-20"},{"lineNumber":12,"author":{"gitId":"chanjansen"},"content":"    public UnmarkCommand(int index) {","lastModifiedDate":"2023-11-20"},{"lineNumber":13,"author":{"gitId":"chanjansen"},"content":"        this.index \u003d index;","lastModifiedDate":"2023-11-20"},{"lineNumber":14,"author":{"gitId":"chanjansen"},"content":"    }","lastModifiedDate":"2023-11-20"},{"lineNumber":15,"author":{"gitId":"chanjansen"},"content":"","lastModifiedDate":"2023-11-20"},{"lineNumber":16,"author":{"gitId":"chanjansen"},"content":"    @Override","lastModifiedDate":"2023-11-20"},{"lineNumber":17,"author":{"gitId":"chanjansen"},"content":"    public void execute(TaskList tasks, Ui ui, Storage storage) throws DukeException {","lastModifiedDate":"2023-11-20"},{"lineNumber":18,"author":{"gitId":"chanjansen"},"content":"        if (index \u003c 0 || index \u003e\u003d tasks.getTaskCount()) {","lastModifiedDate":"2023-11-20"},{"lineNumber":19,"author":{"gitId":"chanjansen"},"content":"            throw new DukeException(\"Invalid task number.\");","lastModifiedDate":"2023-11-20"},{"lineNumber":20,"author":{"gitId":"chanjansen"},"content":"        }","lastModifiedDate":"2023-11-20"},{"lineNumber":21,"author":{"gitId":"chanjansen"},"content":"        Task task \u003d tasks.getTask(index); // Adjusting the index here","lastModifiedDate":"2023-11-20"},{"lineNumber":22,"author":{"gitId":"chanjansen"},"content":"        task.setUndone();","lastModifiedDate":"2023-11-20"},{"lineNumber":23,"author":{"gitId":"chanjansen"},"content":"        storage.saveTasks(tasks);","lastModifiedDate":"2023-11-20"},{"lineNumber":24,"author":{"gitId":"chanjansen"},"content":"        ui.print(\"OK, I\u0027ve marked this task as not done yet:\\n    \" + task);","lastModifiedDate":"2023-11-20"},{"lineNumber":25,"author":{"gitId":"chanjansen"},"content":"    }","lastModifiedDate":"2023-11-20"},{"lineNumber":26,"author":{"gitId":"chanjansen"},"content":"","lastModifiedDate":"2023-11-20"},{"lineNumber":27,"author":{"gitId":"chanjansen"},"content":"    @Override","lastModifiedDate":"2023-11-20"},{"lineNumber":28,"author":{"gitId":"chanjansen"},"content":"    public boolean isExit() {","lastModifiedDate":"2023-11-20"},{"lineNumber":29,"author":{"gitId":"chanjansen"},"content":"        return false;","lastModifiedDate":"2023-11-20"},{"lineNumber":30,"author":{"gitId":"chanjansen"},"content":"    }","lastModifiedDate":"2023-11-20"},{"lineNumber":31,"author":{"gitId":"chanjansen"},"content":"}","lastModifiedDate":"2023-11-20"},{"lineNumber":32,"author":{"gitId":"chanjansen"},"content":"","lastModifiedDate":"2023-11-20"}],"authorContributionMap":{"chanjansen":32}},{"path":"src/main/java/duke/exception/DukeException.java","fileType":"java","lines":[{"lineNumber":1,"author":{"gitId":"chanjansen"},"content":"package duke.exception;","lastModifiedDate":"2023-11-20"},{"lineNumber":2,"author":{"gitId":"chanjansen"},"content":"","lastModifiedDate":"2023-11-20"},{"lineNumber":3,"author":{"gitId":"chanjansen"},"content":"public class DukeException extends Exception {","lastModifiedDate":"2023-10-22"},{"lineNumber":4,"author":{"gitId":"chanjansen"},"content":"  public DukeException(String message) {","lastModifiedDate":"2023-10-22"},{"lineNumber":5,"author":{"gitId":"chanjansen"},"content":"    super(message);","lastModifiedDate":"2023-10-22"},{"lineNumber":6,"author":{"gitId":"chanjansen"},"content":"  }","lastModifiedDate":"2023-10-22"},{"lineNumber":7,"author":{"gitId":"chanjansen"},"content":"}","lastModifiedDate":"2023-10-22"}],"authorContributionMap":{"chanjansen":7}},{"path":"src/main/java/duke/storage/Storage.java","fileType":"java","lines":[{"lineNumber":1,"author":{"gitId":"chanjansen"},"content":"package duke.storage;","lastModifiedDate":"2023-11-20"},{"lineNumber":2,"author":{"gitId":"chanjansen"},"content":"import java.io.File;","lastModifiedDate":"2023-11-20"},{"lineNumber":3,"author":{"gitId":"chanjansen"},"content":"import java.io.FileNotFoundException;","lastModifiedDate":"2023-11-20"},{"lineNumber":4,"author":{"gitId":"chanjansen"},"content":"import java.io.FileWriter;","lastModifiedDate":"2023-11-20"},{"lineNumber":5,"author":{"gitId":"chanjansen"},"content":"import java.io.IOException;","lastModifiedDate":"2023-11-20"},{"lineNumber":6,"author":{"gitId":"chanjansen"},"content":"import java.util.ArrayList;","lastModifiedDate":"2023-11-20"},{"lineNumber":7,"author":{"gitId":"chanjansen"},"content":"import java.util.Scanner;","lastModifiedDate":"2023-11-20"},{"lineNumber":8,"author":{"gitId":"chanjansen"},"content":"","lastModifiedDate":"2023-11-20"},{"lineNumber":9,"author":{"gitId":"chanjansen"},"content":"import duke.task.Deadline;","lastModifiedDate":"2023-11-20"},{"lineNumber":10,"author":{"gitId":"chanjansen"},"content":"import duke.task.Event;","lastModifiedDate":"2023-11-20"},{"lineNumber":11,"author":{"gitId":"chanjansen"},"content":"import duke.task.Task;","lastModifiedDate":"2023-11-20"},{"lineNumber":12,"author":{"gitId":"chanjansen"},"content":"import duke.task.TaskList;","lastModifiedDate":"2023-11-20"},{"lineNumber":13,"author":{"gitId":"chanjansen"},"content":"import duke.task.Todo;","lastModifiedDate":"2023-11-20"},{"lineNumber":14,"author":{"gitId":"chanjansen"},"content":"","lastModifiedDate":"2023-11-20"},{"lineNumber":15,"author":{"gitId":"chanjansen"},"content":"public class Storage {","lastModifiedDate":"2023-11-20"},{"lineNumber":16,"author":{"gitId":"chanjansen"},"content":"","lastModifiedDate":"2023-11-20"},{"lineNumber":17,"author":{"gitId":"chanjansen"},"content":"  private String filepath;","lastModifiedDate":"2023-11-20"},{"lineNumber":18,"author":{"gitId":"chanjansen"},"content":"","lastModifiedDate":"2023-11-20"},{"lineNumber":19,"author":{"gitId":"chanjansen"},"content":"  public Storage(String filepath) {","lastModifiedDate":"2023-11-20"},{"lineNumber":20,"author":{"gitId":"chanjansen"},"content":"    this.filepath \u003d filepath;","lastModifiedDate":"2023-11-20"},{"lineNumber":21,"author":{"gitId":"chanjansen"},"content":"  }","lastModifiedDate":"2023-11-20"},{"lineNumber":22,"author":{"gitId":"chanjansen"},"content":"","lastModifiedDate":"2023-11-20"},{"lineNumber":23,"author":{"gitId":"chanjansen"},"content":"  public ArrayList\u003cTask\u003e loadTasks() {","lastModifiedDate":"2023-11-20"},{"lineNumber":24,"author":{"gitId":"chanjansen"},"content":"    ArrayList\u003cTask\u003e tasks \u003d new ArrayList\u003c\u003e();","lastModifiedDate":"2023-11-20"},{"lineNumber":25,"author":{"gitId":"chanjansen"},"content":"    try {","lastModifiedDate":"2023-11-20"},{"lineNumber":26,"author":{"gitId":"chanjansen"},"content":"      File file \u003d new File(filepath);","lastModifiedDate":"2023-11-20"},{"lineNumber":27,"author":{"gitId":"chanjansen"},"content":"      if (file.exists()) {","lastModifiedDate":"2023-11-20"},{"lineNumber":28,"author":{"gitId":"chanjansen"},"content":"        Scanner scanner \u003d new Scanner(file);","lastModifiedDate":"2023-11-20"},{"lineNumber":29,"author":{"gitId":"chanjansen"},"content":"        while (scanner.hasNextLine()) {","lastModifiedDate":"2023-11-20"},{"lineNumber":30,"author":{"gitId":"chanjansen"},"content":"          String line \u003d scanner.nextLine();","lastModifiedDate":"2023-11-20"},{"lineNumber":31,"author":{"gitId":"chanjansen"},"content":"          String type \u003d line.split(\" \\\\| \")[0];","lastModifiedDate":"2023-11-20"},{"lineNumber":32,"author":{"gitId":"chanjansen"},"content":"          Task task;","lastModifiedDate":"2023-11-20"},{"lineNumber":33,"author":{"gitId":"chanjansen"},"content":"          switch (type) {","lastModifiedDate":"2023-11-20"},{"lineNumber":34,"author":{"gitId":"chanjansen"},"content":"            case \"T\":","lastModifiedDate":"2023-11-20"},{"lineNumber":35,"author":{"gitId":"chanjansen"},"content":"              task \u003d Todo.fromFileString(line);","lastModifiedDate":"2023-11-20"},{"lineNumber":36,"author":{"gitId":"chanjansen"},"content":"              break;","lastModifiedDate":"2023-11-20"},{"lineNumber":37,"author":{"gitId":"chanjansen"},"content":"            case \"D\":","lastModifiedDate":"2023-11-20"},{"lineNumber":38,"author":{"gitId":"chanjansen"},"content":"              task \u003d Deadline.fromFileString(line);","lastModifiedDate":"2023-11-20"},{"lineNumber":39,"author":{"gitId":"chanjansen"},"content":"              break;","lastModifiedDate":"2023-11-20"},{"lineNumber":40,"author":{"gitId":"chanjansen"},"content":"            case \"E\":","lastModifiedDate":"2023-11-20"},{"lineNumber":41,"author":{"gitId":"chanjansen"},"content":"              task \u003d Event.fromFileString(line);","lastModifiedDate":"2023-11-20"},{"lineNumber":42,"author":{"gitId":"chanjansen"},"content":"              break;","lastModifiedDate":"2023-11-20"},{"lineNumber":43,"author":{"gitId":"chanjansen"},"content":"            default:","lastModifiedDate":"2023-11-20"},{"lineNumber":44,"author":{"gitId":"chanjansen"},"content":"              throw new IllegalArgumentException(\"Unknown task type: \" + type);","lastModifiedDate":"2023-11-20"},{"lineNumber":45,"author":{"gitId":"chanjansen"},"content":"          }","lastModifiedDate":"2023-11-20"},{"lineNumber":46,"author":{"gitId":"chanjansen"},"content":"          tasks.add(task);","lastModifiedDate":"2023-11-20"},{"lineNumber":47,"author":{"gitId":"chanjansen"},"content":"        }","lastModifiedDate":"2023-11-20"},{"lineNumber":48,"author":{"gitId":"chanjansen"},"content":"        scanner.close();","lastModifiedDate":"2023-11-20"},{"lineNumber":49,"author":{"gitId":"chanjansen"},"content":"      }","lastModifiedDate":"2023-11-20"},{"lineNumber":50,"author":{"gitId":"chanjansen"},"content":"    } catch (FileNotFoundException e) {","lastModifiedDate":"2023-11-20"},{"lineNumber":51,"author":{"gitId":"chanjansen"},"content":"      e.printStackTrace();","lastModifiedDate":"2023-11-20"},{"lineNumber":52,"author":{"gitId":"chanjansen"},"content":"    }","lastModifiedDate":"2023-11-20"},{"lineNumber":53,"author":{"gitId":"chanjansen"},"content":"    return tasks;","lastModifiedDate":"2023-11-20"},{"lineNumber":54,"author":{"gitId":"chanjansen"},"content":"  }","lastModifiedDate":"2023-11-20"},{"lineNumber":55,"author":{"gitId":"chanjansen"},"content":"","lastModifiedDate":"2023-11-20"},{"lineNumber":56,"author":{"gitId":"chanjansen"},"content":"  public void saveTasks(TaskList taskList) {","lastModifiedDate":"2023-11-20"},{"lineNumber":57,"author":{"gitId":"chanjansen"},"content":"    try {","lastModifiedDate":"2023-11-20"},{"lineNumber":58,"author":{"gitId":"chanjansen"},"content":"      File file \u003d new File(filepath);","lastModifiedDate":"2023-11-20"},{"lineNumber":59,"author":{"gitId":"chanjansen"},"content":"      file.getParentFile().mkdirs();","lastModifiedDate":"2023-11-20"},{"lineNumber":60,"author":{"gitId":"chanjansen"},"content":"      FileWriter fw \u003d new FileWriter(file);","lastModifiedDate":"2023-11-20"},{"lineNumber":61,"author":{"gitId":"chanjansen"},"content":"      for (int i \u003d 0; i \u003c taskList.getTaskCount(); i++) {","lastModifiedDate":"2023-11-20"},{"lineNumber":62,"author":{"gitId":"chanjansen"},"content":"        Task task \u003d taskList.getTask(i);","lastModifiedDate":"2023-11-20"},{"lineNumber":63,"author":{"gitId":"chanjansen"},"content":"        fw.write(task.toFileString() + \"\\n\");","lastModifiedDate":"2023-11-20"},{"lineNumber":64,"author":{"gitId":"chanjansen"},"content":"      }","lastModifiedDate":"2023-11-20"},{"lineNumber":65,"author":{"gitId":"chanjansen"},"content":"      fw.close();","lastModifiedDate":"2023-11-20"},{"lineNumber":66,"author":{"gitId":"chanjansen"},"content":"    } catch (IOException e) {","lastModifiedDate":"2023-11-20"},{"lineNumber":67,"author":{"gitId":"chanjansen"},"content":"      e.printStackTrace();","lastModifiedDate":"2023-11-20"},{"lineNumber":68,"author":{"gitId":"chanjansen"},"content":"    }","lastModifiedDate":"2023-11-20"},{"lineNumber":69,"author":{"gitId":"chanjansen"},"content":"  }","lastModifiedDate":"2023-11-20"},{"lineNumber":70,"author":{"gitId":"chanjansen"},"content":"}","lastModifiedDate":"2023-11-20"}],"authorContributionMap":{"chanjansen":70}},{"path":"src/main/java/duke/task/Deadline.java","fileType":"java","lines":[{"lineNumber":1,"author":{"gitId":"chanjansen"},"content":"package duke.task;","lastModifiedDate":"2023-11-20"},{"lineNumber":2,"author":{"gitId":"chanjansen"},"content":"","lastModifiedDate":"2023-11-20"},{"lineNumber":3,"author":{"gitId":"chanjansen"},"content":"public class Deadline extends Task {","lastModifiedDate":"2023-11-20"},{"lineNumber":4,"author":{"gitId":"chanjansen"},"content":"  ","lastModifiedDate":"2023-11-20"},{"lineNumber":5,"author":{"gitId":"chanjansen"},"content":"  protected String by;","lastModifiedDate":"2023-11-20"},{"lineNumber":6,"author":{"gitId":"chanjansen"},"content":"","lastModifiedDate":"2023-11-20"},{"lineNumber":7,"author":{"gitId":"chanjansen"},"content":"  public Deadline(String description, String by) {","lastModifiedDate":"2023-11-20"},{"lineNumber":8,"author":{"gitId":"chanjansen"},"content":"    super(description);","lastModifiedDate":"2023-11-20"},{"lineNumber":9,"author":{"gitId":"chanjansen"},"content":"    this.by \u003d by;","lastModifiedDate":"2023-11-20"},{"lineNumber":10,"author":{"gitId":"chanjansen"},"content":"  }","lastModifiedDate":"2023-11-20"},{"lineNumber":11,"author":{"gitId":"chanjansen"},"content":"","lastModifiedDate":"2023-11-20"},{"lineNumber":12,"author":{"gitId":"chanjansen"},"content":"  @Override","lastModifiedDate":"2023-11-20"},{"lineNumber":13,"author":{"gitId":"chanjansen"},"content":"  public String toString() {","lastModifiedDate":"2023-11-20"},{"lineNumber":14,"author":{"gitId":"chanjansen"},"content":"    return \"[D]\" + super.toString() + \" (by: \" + by + \")\";","lastModifiedDate":"2023-11-20"},{"lineNumber":15,"author":{"gitId":"chanjansen"},"content":"  }","lastModifiedDate":"2023-11-20"},{"lineNumber":16,"author":{"gitId":"chanjansen"},"content":"","lastModifiedDate":"2023-11-20"},{"lineNumber":17,"author":{"gitId":"chanjansen"},"content":"  public static Deadline fromFileString(String str) {","lastModifiedDate":"2023-11-20"},{"lineNumber":18,"author":{"gitId":"chanjansen"},"content":"    String[] parts \u003d str.split(\" \\\\| \");","lastModifiedDate":"2023-11-20"},{"lineNumber":19,"author":{"gitId":"chanjansen"},"content":"    Deadline deadline \u003d new Deadline(parts[2], parts[3]);","lastModifiedDate":"2023-11-20"},{"lineNumber":20,"author":{"gitId":"chanjansen"},"content":"    if (parts[1].equals(\"1\")) {","lastModifiedDate":"2023-11-20"},{"lineNumber":21,"author":{"gitId":"chanjansen"},"content":"      deadline.setDone();","lastModifiedDate":"2023-11-20"},{"lineNumber":22,"author":{"gitId":"chanjansen"},"content":"    }","lastModifiedDate":"2023-11-20"},{"lineNumber":23,"author":{"gitId":"chanjansen"},"content":"    return deadline;","lastModifiedDate":"2023-11-20"},{"lineNumber":24,"author":{"gitId":"chanjansen"},"content":"  }","lastModifiedDate":"2023-11-20"},{"lineNumber":25,"author":{"gitId":"chanjansen"},"content":"","lastModifiedDate":"2023-11-20"},{"lineNumber":26,"author":{"gitId":"chanjansen"},"content":"  public String toFileString() {","lastModifiedDate":"2023-11-20"},{"lineNumber":27,"author":{"gitId":"chanjansen"},"content":"    return \"D | \" + (isDone ? \"1\" : \"0\") + \" | \" + description + \" | \" + by;","lastModifiedDate":"2023-11-20"},{"lineNumber":28,"author":{"gitId":"chanjansen"},"content":"  }","lastModifiedDate":"2023-11-20"},{"lineNumber":29,"author":{"gitId":"chanjansen"},"content":"","lastModifiedDate":"2023-11-20"},{"lineNumber":30,"author":{"gitId":"chanjansen"},"content":"}","lastModifiedDate":"2023-11-20"}],"authorContributionMap":{"chanjansen":30}},{"path":"src/main/java/duke/task/Event.java","fileType":"java","lines":[{"lineNumber":1,"author":{"gitId":"chanjansen"},"content":"package duke.task;","lastModifiedDate":"2023-11-20"},{"lineNumber":2,"author":{"gitId":"chanjansen"},"content":"","lastModifiedDate":"2023-11-20"},{"lineNumber":3,"author":{"gitId":"chanjansen"},"content":"public class Event extends Task {","lastModifiedDate":"2023-11-20"},{"lineNumber":4,"author":{"gitId":"chanjansen"},"content":"","lastModifiedDate":"2023-11-20"},{"lineNumber":5,"author":{"gitId":"chanjansen"},"content":"  protected String from;","lastModifiedDate":"2023-11-20"},{"lineNumber":6,"author":{"gitId":"chanjansen"},"content":"  protected String to;","lastModifiedDate":"2023-11-20"},{"lineNumber":7,"author":{"gitId":"chanjansen"},"content":"","lastModifiedDate":"2023-11-20"},{"lineNumber":8,"author":{"gitId":"chanjansen"},"content":"  public Event(String description, String from, String to) {","lastModifiedDate":"2023-11-20"},{"lineNumber":9,"author":{"gitId":"chanjansen"},"content":"    super(description);","lastModifiedDate":"2023-11-20"},{"lineNumber":10,"author":{"gitId":"chanjansen"},"content":"    this.from \u003d from;","lastModifiedDate":"2023-11-20"},{"lineNumber":11,"author":{"gitId":"chanjansen"},"content":"    this.to \u003d to;","lastModifiedDate":"2023-11-20"},{"lineNumber":12,"author":{"gitId":"chanjansen"},"content":"  }","lastModifiedDate":"2023-11-20"},{"lineNumber":13,"author":{"gitId":"chanjansen"},"content":"","lastModifiedDate":"2023-11-20"},{"lineNumber":14,"author":{"gitId":"chanjansen"},"content":"  @Override","lastModifiedDate":"2023-11-20"},{"lineNumber":15,"author":{"gitId":"chanjansen"},"content":"  public String toString() {","lastModifiedDate":"2023-11-20"},{"lineNumber":16,"author":{"gitId":"chanjansen"},"content":"    return \"[E]\" + super.toString() + \" (from: \" + from + \" to: \" + to + \")\";","lastModifiedDate":"2023-11-20"},{"lineNumber":17,"author":{"gitId":"chanjansen"},"content":"  }","lastModifiedDate":"2023-11-20"},{"lineNumber":18,"author":{"gitId":"chanjansen"},"content":"","lastModifiedDate":"2023-11-20"},{"lineNumber":19,"author":{"gitId":"chanjansen"},"content":"  public static Event fromFileString(String str) {","lastModifiedDate":"2023-11-20"},{"lineNumber":20,"author":{"gitId":"chanjansen"},"content":"    String[] parts \u003d str.split(\" \\\\| \");","lastModifiedDate":"2023-11-20"},{"lineNumber":21,"author":{"gitId":"chanjansen"},"content":"    Event event \u003d new Event(parts[2], parts[3], parts[4]);","lastModifiedDate":"2023-11-20"},{"lineNumber":22,"author":{"gitId":"chanjansen"},"content":"    if (parts[1].equals(\"1\")) {","lastModifiedDate":"2023-11-20"},{"lineNumber":23,"author":{"gitId":"chanjansen"},"content":"      event.setDone();","lastModifiedDate":"2023-11-20"},{"lineNumber":24,"author":{"gitId":"chanjansen"},"content":"    }","lastModifiedDate":"2023-11-20"},{"lineNumber":25,"author":{"gitId":"chanjansen"},"content":"    return event;","lastModifiedDate":"2023-11-20"},{"lineNumber":26,"author":{"gitId":"chanjansen"},"content":"  }","lastModifiedDate":"2023-11-20"},{"lineNumber":27,"author":{"gitId":"chanjansen"},"content":"","lastModifiedDate":"2023-11-20"},{"lineNumber":28,"author":{"gitId":"chanjansen"},"content":"  public String toFileString() {","lastModifiedDate":"2023-11-20"},{"lineNumber":29,"author":{"gitId":"chanjansen"},"content":"        return \"E | \" + (isDone ? \"1\" : \"0\") + \" | \" + description + \" | \" + from + \" | \" + to;","lastModifiedDate":"2023-11-20"},{"lineNumber":30,"author":{"gitId":"chanjansen"},"content":"  }","lastModifiedDate":"2023-11-20"},{"lineNumber":31,"author":{"gitId":"chanjansen"},"content":"}","lastModifiedDate":"2023-11-20"}],"authorContributionMap":{"chanjansen":31}},{"path":"src/main/java/duke/task/Task.java","fileType":"java","lines":[{"lineNumber":1,"author":{"gitId":"chanjansen"},"content":"package duke.task;","lastModifiedDate":"2023-11-20"},{"lineNumber":2,"author":{"gitId":"chanjansen"},"content":"","lastModifiedDate":"2023-11-20"},{"lineNumber":3,"author":{"gitId":"chanjansen"},"content":"public abstract class Task {","lastModifiedDate":"2023-11-20"},{"lineNumber":4,"author":{"gitId":"chanjansen"},"content":"  protected String description;","lastModifiedDate":"2023-10-08"},{"lineNumber":5,"author":{"gitId":"chanjansen"},"content":"  protected boolean isDone;","lastModifiedDate":"2023-10-08"},{"lineNumber":6,"author":{"gitId":"chanjansen"},"content":"","lastModifiedDate":"2023-10-08"},{"lineNumber":7,"author":{"gitId":"chanjansen"},"content":"  public Task(String description) {","lastModifiedDate":"2023-10-08"},{"lineNumber":8,"author":{"gitId":"chanjansen"},"content":"    this.description \u003d description;","lastModifiedDate":"2023-10-08"},{"lineNumber":9,"author":{"gitId":"chanjansen"},"content":"    this.isDone \u003d false;","lastModifiedDate":"2023-10-08"},{"lineNumber":10,"author":{"gitId":"chanjansen"},"content":"  }","lastModifiedDate":"2023-10-08"},{"lineNumber":11,"author":{"gitId":"chanjansen"},"content":"","lastModifiedDate":"2023-10-08"},{"lineNumber":12,"author":{"gitId":"chanjansen"},"content":"public String getDescription() {","lastModifiedDate":"2023-10-08"},{"lineNumber":13,"author":{"gitId":"chanjansen"},"content":"    return this.description;","lastModifiedDate":"2023-10-08"},{"lineNumber":14,"author":{"gitId":"chanjansen"},"content":"  }","lastModifiedDate":"2023-10-08"},{"lineNumber":15,"author":{"gitId":"chanjansen"},"content":"","lastModifiedDate":"2023-10-08"},{"lineNumber":16,"author":{"gitId":"chanjansen"},"content":"","lastModifiedDate":"2023-10-08"},{"lineNumber":17,"author":{"gitId":"chanjansen"},"content":"  public String getStatusIcon() {","lastModifiedDate":"2023-10-08"},{"lineNumber":18,"author":{"gitId":"chanjansen"},"content":"    return (isDone? \"X\": \" \");","lastModifiedDate":"2023-10-08"},{"lineNumber":19,"author":{"gitId":"chanjansen"},"content":"  }","lastModifiedDate":"2023-10-08"},{"lineNumber":20,"author":{"gitId":"chanjansen"},"content":"","lastModifiedDate":"2023-10-08"},{"lineNumber":21,"author":{"gitId":"chanjansen"},"content":"  public String toString() {","lastModifiedDate":"2023-10-08"},{"lineNumber":22,"author":{"gitId":"chanjansen"},"content":"    return \"[\" + getStatusIcon() + \"] \" + description;","lastModifiedDate":"2023-10-08"},{"lineNumber":23,"author":{"gitId":"chanjansen"},"content":"  }","lastModifiedDate":"2023-10-08"},{"lineNumber":24,"author":{"gitId":"chanjansen"},"content":"","lastModifiedDate":"2023-10-08"},{"lineNumber":25,"author":{"gitId":"chanjansen"},"content":"  public void setDone() {","lastModifiedDate":"2023-10-08"},{"lineNumber":26,"author":{"gitId":"chanjansen"},"content":"    this.isDone \u003d true;","lastModifiedDate":"2023-10-08"},{"lineNumber":27,"author":{"gitId":"chanjansen"},"content":"  }","lastModifiedDate":"2023-10-08"},{"lineNumber":28,"author":{"gitId":"chanjansen"},"content":"","lastModifiedDate":"2023-10-08"},{"lineNumber":29,"author":{"gitId":"chanjansen"},"content":"  public void setUndone() {","lastModifiedDate":"2023-10-08"},{"lineNumber":30,"author":{"gitId":"chanjansen"},"content":"    this.isDone \u003d false;","lastModifiedDate":"2023-10-08"},{"lineNumber":31,"author":{"gitId":"chanjansen"},"content":"  }","lastModifiedDate":"2023-10-08"},{"lineNumber":32,"author":{"gitId":"chanjansen"},"content":"","lastModifiedDate":"2023-11-20"},{"lineNumber":33,"author":{"gitId":"chanjansen"},"content":"  public abstract String toFileString();","lastModifiedDate":"2023-11-20"},{"lineNumber":34,"author":{"gitId":"chanjansen"},"content":"","lastModifiedDate":"2023-11-20"},{"lineNumber":35,"author":{"gitId":"chanjansen"},"content":"}","lastModifiedDate":"2023-10-08"}],"authorContributionMap":{"chanjansen":35}},{"path":"src/main/java/duke/task/TaskList.java","fileType":"java","lines":[{"lineNumber":1,"author":{"gitId":"chanjansen"},"content":"package duke.task;","lastModifiedDate":"2023-11-20"},{"lineNumber":2,"author":{"gitId":"chanjansen"},"content":"","lastModifiedDate":"2023-11-20"},{"lineNumber":3,"author":{"gitId":"chanjansen"},"content":"import java.util.ArrayList;","lastModifiedDate":"2023-11-20"},{"lineNumber":4,"author":{"gitId":"chanjansen"},"content":"","lastModifiedDate":"2023-11-20"},{"lineNumber":5,"author":{"gitId":"chanjansen"},"content":"public class TaskList {","lastModifiedDate":"2023-11-20"},{"lineNumber":6,"author":{"gitId":"chanjansen"},"content":"  ","lastModifiedDate":"2023-11-20"},{"lineNumber":7,"author":{"gitId":"chanjansen"},"content":"  private ArrayList\u003cTask\u003e tasks;","lastModifiedDate":"2023-11-20"},{"lineNumber":8,"author":{"gitId":"chanjansen"},"content":"","lastModifiedDate":"2023-11-20"},{"lineNumber":9,"author":{"gitId":"chanjansen"},"content":"  public TaskList() {","lastModifiedDate":"2023-11-20"},{"lineNumber":10,"author":{"gitId":"chanjansen"},"content":"    tasks \u003d new ArrayList\u003c\u003e();","lastModifiedDate":"2023-11-20"},{"lineNumber":11,"author":{"gitId":"chanjansen"},"content":"  }","lastModifiedDate":"2023-11-20"},{"lineNumber":12,"author":{"gitId":"chanjansen"},"content":"","lastModifiedDate":"2023-11-20"},{"lineNumber":13,"author":{"gitId":"chanjansen"},"content":"  public TaskList(ArrayList\u003cTask\u003e tasks) {","lastModifiedDate":"2023-11-20"},{"lineNumber":14,"author":{"gitId":"chanjansen"},"content":"    this.tasks \u003d tasks;","lastModifiedDate":"2023-11-20"},{"lineNumber":15,"author":{"gitId":"chanjansen"},"content":"  }","lastModifiedDate":"2023-11-20"},{"lineNumber":16,"author":{"gitId":"chanjansen"},"content":"","lastModifiedDate":"2023-11-20"},{"lineNumber":17,"author":{"gitId":"chanjansen"},"content":"  public void addTask(Task task) {","lastModifiedDate":"2023-11-20"},{"lineNumber":18,"author":{"gitId":"chanjansen"},"content":"    tasks.add(task);","lastModifiedDate":"2023-11-20"},{"lineNumber":19,"author":{"gitId":"chanjansen"},"content":"  }","lastModifiedDate":"2023-11-20"},{"lineNumber":20,"author":{"gitId":"chanjansen"},"content":"","lastModifiedDate":"2023-11-20"},{"lineNumber":21,"author":{"gitId":"chanjansen"},"content":"  public void removeTask(int index) {","lastModifiedDate":"2023-11-20"},{"lineNumber":22,"author":{"gitId":"chanjansen"},"content":"    tasks.remove(index);","lastModifiedDate":"2023-11-20"},{"lineNumber":23,"author":{"gitId":"chanjansen"},"content":"  }","lastModifiedDate":"2023-11-20"},{"lineNumber":24,"author":{"gitId":"chanjansen"},"content":"","lastModifiedDate":"2023-11-20"},{"lineNumber":25,"author":{"gitId":"chanjansen"},"content":"  public Task getTask(int index) {","lastModifiedDate":"2023-11-20"},{"lineNumber":26,"author":{"gitId":"chanjansen"},"content":"    return tasks.get(index);","lastModifiedDate":"2023-11-20"},{"lineNumber":27,"author":{"gitId":"chanjansen"},"content":"  }","lastModifiedDate":"2023-11-20"},{"lineNumber":28,"author":{"gitId":"chanjansen"},"content":"","lastModifiedDate":"2023-11-20"},{"lineNumber":29,"author":{"gitId":"chanjansen"},"content":"  public int getTaskCount() {","lastModifiedDate":"2023-11-20"},{"lineNumber":30,"author":{"gitId":"chanjansen"},"content":"    return tasks.size();","lastModifiedDate":"2023-11-20"},{"lineNumber":31,"author":{"gitId":"chanjansen"},"content":"  }","lastModifiedDate":"2023-11-20"},{"lineNumber":32,"author":{"gitId":"chanjansen"},"content":"","lastModifiedDate":"2023-11-20"},{"lineNumber":33,"author":{"gitId":"chanjansen"},"content":"}","lastModifiedDate":"2023-11-20"}],"authorContributionMap":{"chanjansen":33}},{"path":"src/main/java/duke/task/Todo.java","fileType":"java","lines":[{"lineNumber":1,"author":{"gitId":"chanjansen"},"content":"package duke.task;","lastModifiedDate":"2023-11-20"},{"lineNumber":2,"author":{"gitId":"chanjansen"},"content":"","lastModifiedDate":"2023-11-20"},{"lineNumber":3,"author":{"gitId":"chanjansen"},"content":"public class Todo extends Task {","lastModifiedDate":"2023-11-20"},{"lineNumber":4,"author":{"gitId":"chanjansen"},"content":"  protected String by;","lastModifiedDate":"2023-11-20"},{"lineNumber":5,"author":{"gitId":"chanjansen"},"content":"","lastModifiedDate":"2023-11-20"},{"lineNumber":6,"author":{"gitId":"chanjansen"},"content":"  public Todo(String description) {","lastModifiedDate":"2023-11-20"},{"lineNumber":7,"author":{"gitId":"chanjansen"},"content":"    super(description);","lastModifiedDate":"2023-11-20"},{"lineNumber":8,"author":{"gitId":"chanjansen"},"content":"  }","lastModifiedDate":"2023-11-20"},{"lineNumber":9,"author":{"gitId":"chanjansen"},"content":"","lastModifiedDate":"2023-11-20"},{"lineNumber":10,"author":{"gitId":"chanjansen"},"content":"  @Override","lastModifiedDate":"2023-11-20"},{"lineNumber":11,"author":{"gitId":"chanjansen"},"content":"  public String toString() {","lastModifiedDate":"2023-11-20"},{"lineNumber":12,"author":{"gitId":"chanjansen"},"content":"    return \"[T]\" + super.toString();","lastModifiedDate":"2023-11-20"},{"lineNumber":13,"author":{"gitId":"chanjansen"},"content":"  }","lastModifiedDate":"2023-11-20"},{"lineNumber":14,"author":{"gitId":"chanjansen"},"content":"","lastModifiedDate":"2023-11-20"},{"lineNumber":15,"author":{"gitId":"chanjansen"},"content":"  public static Todo fromFileString(String str) {","lastModifiedDate":"2023-11-20"},{"lineNumber":16,"author":{"gitId":"chanjansen"},"content":"    String[] parts \u003d str.split(\" \\\\| \");","lastModifiedDate":"2023-11-20"},{"lineNumber":17,"author":{"gitId":"chanjansen"},"content":"    Todo todo \u003d new Todo(parts[2]);","lastModifiedDate":"2023-11-20"},{"lineNumber":18,"author":{"gitId":"chanjansen"},"content":"    if (parts[1].equals(\"1\")) {","lastModifiedDate":"2023-11-20"},{"lineNumber":19,"author":{"gitId":"chanjansen"},"content":"      todo.setDone();","lastModifiedDate":"2023-11-20"},{"lineNumber":20,"author":{"gitId":"chanjansen"},"content":"    }","lastModifiedDate":"2023-11-20"},{"lineNumber":21,"author":{"gitId":"chanjansen"},"content":"    return todo;","lastModifiedDate":"2023-11-20"},{"lineNumber":22,"author":{"gitId":"chanjansen"},"content":"  }","lastModifiedDate":"2023-11-20"},{"lineNumber":23,"author":{"gitId":"chanjansen"},"content":"","lastModifiedDate":"2023-11-20"},{"lineNumber":24,"author":{"gitId":"chanjansen"},"content":"  public String toFileString() {","lastModifiedDate":"2023-11-20"},{"lineNumber":25,"author":{"gitId":"chanjansen"},"content":"    return \"T | \" + (isDone ? \"1\" : \"0\") + \" | \" + description;","lastModifiedDate":"2023-11-20"},{"lineNumber":26,"author":{"gitId":"chanjansen"},"content":"  }","lastModifiedDate":"2023-11-20"},{"lineNumber":27,"author":{"gitId":"chanjansen"},"content":"}","lastModifiedDate":"2023-11-20"}],"authorContributionMap":{"chanjansen":27}},{"path":"src/main/java/duke/ui/Parser.java","fileType":"java","lines":[{"lineNumber":1,"author":{"gitId":"chanjansen"},"content":"package duke.ui;","lastModifiedDate":"2023-11-20"},{"lineNumber":2,"author":{"gitId":"chanjansen"},"content":"","lastModifiedDate":"2023-11-20"},{"lineNumber":3,"author":{"gitId":"chanjansen"},"content":"import duke.command.AddCommand;","lastModifiedDate":"2023-11-20"},{"lineNumber":4,"author":{"gitId":"chanjansen"},"content":"import duke.command.Command;","lastModifiedDate":"2023-11-20"},{"lineNumber":5,"author":{"gitId":"chanjansen"},"content":"import duke.command.DeleteCommand;","lastModifiedDate":"2023-11-20"},{"lineNumber":6,"author":{"gitId":"chanjansen"},"content":"import duke.command.ExitCommand;","lastModifiedDate":"2023-11-20"},{"lineNumber":7,"author":{"gitId":"chanjansen"},"content":"import duke.command.ListCommand;","lastModifiedDate":"2023-11-20"},{"lineNumber":8,"author":{"gitId":"chanjansen"},"content":"import duke.command.MarkCommand;","lastModifiedDate":"2023-11-20"},{"lineNumber":9,"author":{"gitId":"chanjansen"},"content":"import duke.command.UnmarkCommand;","lastModifiedDate":"2023-11-20"},{"lineNumber":10,"author":{"gitId":"chanjansen"},"content":"import duke.exception.DukeException;","lastModifiedDate":"2023-11-20"},{"lineNumber":11,"author":{"gitId":"chanjansen"},"content":"","lastModifiedDate":"2023-11-20"},{"lineNumber":12,"author":{"gitId":"chanjansen"},"content":"public class Parser {","lastModifiedDate":"2023-11-20"},{"lineNumber":13,"author":{"gitId":"chanjansen"},"content":"  public static Command parse(String fullCommand, String username) throws DukeException {","lastModifiedDate":"2023-11-20"},{"lineNumber":14,"author":{"gitId":"chanjansen"},"content":"    String[] commandStrings \u003d fullCommand.split(\" \", 2);","lastModifiedDate":"2023-11-20"},{"lineNumber":15,"author":{"gitId":"chanjansen"},"content":"    String command \u003d commandStrings[0];","lastModifiedDate":"2023-11-20"},{"lineNumber":16,"author":{"gitId":"chanjansen"},"content":"    String arguments \u003d commandStrings.length \u003e 1? commandStrings[1] : \"\";","lastModifiedDate":"2023-11-20"},{"lineNumber":17,"author":{"gitId":"chanjansen"},"content":"","lastModifiedDate":"2023-11-20"},{"lineNumber":18,"author":{"gitId":"chanjansen"},"content":"    switch (command) {","lastModifiedDate":"2023-11-20"},{"lineNumber":19,"author":{"gitId":"chanjansen"},"content":"            case \"list\":","lastModifiedDate":"2023-11-20"},{"lineNumber":20,"author":{"gitId":"chanjansen"},"content":"                return new ListCommand();","lastModifiedDate":"2023-11-20"},{"lineNumber":21,"author":{"gitId":"chanjansen"},"content":"            case \"mark\":","lastModifiedDate":"2023-11-20"},{"lineNumber":22,"author":{"gitId":"chanjansen"},"content":"            case \"unmark\":","lastModifiedDate":"2023-11-20"},{"lineNumber":23,"author":{"gitId":"chanjansen"},"content":"            case \"delete\":","lastModifiedDate":"2023-11-20"},{"lineNumber":24,"author":{"gitId":"chanjansen"},"content":"                if (arguments.isEmpty()) {","lastModifiedDate":"2023-11-20"},{"lineNumber":25,"author":{"gitId":"chanjansen"},"content":"                    throw new DukeException(\"The command \u0027\" + command + \"\u0027 requires a task number.\");","lastModifiedDate":"2023-11-20"},{"lineNumber":26,"author":{"gitId":"chanjansen"},"content":"                }","lastModifiedDate":"2023-11-20"},{"lineNumber":27,"author":{"gitId":"chanjansen"},"content":"                try {","lastModifiedDate":"2023-11-20"},{"lineNumber":28,"author":{"gitId":"chanjansen"},"content":"                    int index \u003d Integer.parseInt(arguments) - 1;","lastModifiedDate":"2023-11-20"},{"lineNumber":29,"author":{"gitId":"chanjansen"},"content":"                    switch (command) {","lastModifiedDate":"2023-11-20"},{"lineNumber":30,"author":{"gitId":"chanjansen"},"content":"                        case \"mark\":","lastModifiedDate":"2023-11-20"},{"lineNumber":31,"author":{"gitId":"chanjansen"},"content":"                            return new MarkCommand(index);","lastModifiedDate":"2023-11-20"},{"lineNumber":32,"author":{"gitId":"chanjansen"},"content":"                        case \"unmark\":","lastModifiedDate":"2023-11-20"},{"lineNumber":33,"author":{"gitId":"chanjansen"},"content":"                            return new UnmarkCommand(index);","lastModifiedDate":"2023-11-20"},{"lineNumber":34,"author":{"gitId":"chanjansen"},"content":"                        case \"delete\":","lastModifiedDate":"2023-11-20"},{"lineNumber":35,"author":{"gitId":"chanjansen"},"content":"                            return new DeleteCommand(index);","lastModifiedDate":"2023-11-20"},{"lineNumber":36,"author":{"gitId":"chanjansen"},"content":"                    }","lastModifiedDate":"2023-11-20"},{"lineNumber":37,"author":{"gitId":"chanjansen"},"content":"                } catch (NumberFormatException e) {","lastModifiedDate":"2023-11-20"},{"lineNumber":38,"author":{"gitId":"chanjansen"},"content":"                    throw new DukeException(\"The command \u0027\" + command + \"\u0027 requires a numerical value.\");","lastModifiedDate":"2023-11-20"},{"lineNumber":39,"author":{"gitId":"chanjansen"},"content":"                }","lastModifiedDate":"2023-11-20"},{"lineNumber":40,"author":{"gitId":"chanjansen"},"content":"                break;","lastModifiedDate":"2023-11-20"},{"lineNumber":41,"author":{"gitId":"chanjansen"},"content":"            case \"todo\":               ","lastModifiedDate":"2023-11-20"},{"lineNumber":42,"author":{"gitId":"chanjansen"},"content":"            case \"deadline\":                ","lastModifiedDate":"2023-11-20"},{"lineNumber":43,"author":{"gitId":"chanjansen"},"content":"            case \"event\":                ","lastModifiedDate":"2023-11-20"},{"lineNumber":44,"author":{"gitId":"chanjansen"},"content":"                return new AddCommand(command, arguments);","lastModifiedDate":"2023-11-20"},{"lineNumber":45,"author":{"gitId":"chanjansen"},"content":"            case \"bye\":","lastModifiedDate":"2023-11-20"},{"lineNumber":46,"author":{"gitId":"chanjansen"},"content":"                return new ExitCommand(username);","lastModifiedDate":"2023-11-20"},{"lineNumber":47,"author":{"gitId":"chanjansen"},"content":"            default:","lastModifiedDate":"2023-11-20"},{"lineNumber":48,"author":{"gitId":"chanjansen"},"content":"                throw new DukeException(\"OOPS!!! I\u0027m sorry, but I don\u0027t know what that means :-(\");","lastModifiedDate":"2023-11-20"},{"lineNumber":49,"author":{"gitId":"chanjansen"},"content":"        }","lastModifiedDate":"2023-11-20"},{"lineNumber":50,"author":{"gitId":"chanjansen"},"content":"         throw new DukeException(\"Unexpected error in parsing command.\");","lastModifiedDate":"2023-11-20"},{"lineNumber":51,"author":{"gitId":"chanjansen"},"content":"    }","lastModifiedDate":"2023-11-20"},{"lineNumber":52,"author":{"gitId":"chanjansen"},"content":"}","lastModifiedDate":"2023-11-20"}],"authorContributionMap":{"chanjansen":52}},{"path":"src/main/java/duke/ui/Ui.java","fileType":"java","lines":[{"lineNumber":1,"author":{"gitId":"chanjansen"},"content":"package duke.ui;","lastModifiedDate":"2023-11-20"},{"lineNumber":2,"author":{"gitId":"chanjansen"},"content":"","lastModifiedDate":"2023-11-20"},{"lineNumber":3,"author":{"gitId":"chanjansen"},"content":"import java.util.Scanner;","lastModifiedDate":"2023-11-20"},{"lineNumber":4,"author":{"gitId":"chanjansen"},"content":"","lastModifiedDate":"2023-11-20"},{"lineNumber":5,"author":{"gitId":"chanjansen"},"content":"import duke.task.Task;","lastModifiedDate":"2023-11-20"},{"lineNumber":6,"author":{"gitId":"chanjansen"},"content":"import duke.task.TaskList;","lastModifiedDate":"2023-11-20"},{"lineNumber":7,"author":{"gitId":"chanjansen"},"content":"","lastModifiedDate":"2023-11-20"},{"lineNumber":8,"author":{"gitId":"chanjansen"},"content":"","lastModifiedDate":"2023-11-20"},{"lineNumber":9,"author":{"gitId":"chanjansen"},"content":"public class Ui {","lastModifiedDate":"2023-11-20"},{"lineNumber":10,"author":{"gitId":"chanjansen"},"content":"","lastModifiedDate":"2023-11-20"},{"lineNumber":11,"author":{"gitId":"chanjansen"},"content":"  static String indent \u003d \"    \";","lastModifiedDate":"2023-11-20"},{"lineNumber":12,"author":{"gitId":"chanjansen"},"content":"  private Scanner scanner;","lastModifiedDate":"2023-11-20"},{"lineNumber":13,"author":{"gitId":"chanjansen"},"content":"  private String chatbotName;","lastModifiedDate":"2023-11-20"},{"lineNumber":14,"author":{"gitId":"chanjansen"},"content":"","lastModifiedDate":"2023-11-20"},{"lineNumber":15,"author":{"gitId":"chanjansen"},"content":"  public Ui(String chatbotName) {","lastModifiedDate":"2023-11-20"},{"lineNumber":16,"author":{"gitId":"chanjansen"},"content":"    this.scanner \u003d new Scanner(System.in);","lastModifiedDate":"2023-11-20"},{"lineNumber":17,"author":{"gitId":"chanjansen"},"content":"    this.chatbotName \u003d chatbotName;","lastModifiedDate":"2023-11-20"},{"lineNumber":18,"author":{"gitId":"chanjansen"},"content":"  }","lastModifiedDate":"2023-11-20"},{"lineNumber":19,"author":{"gitId":"chanjansen"},"content":"","lastModifiedDate":"2023-11-20"},{"lineNumber":20,"author":{"gitId":"chanjansen"},"content":"  public void printLine() {","lastModifiedDate":"2023-11-20"},{"lineNumber":21,"author":{"gitId":"chanjansen"},"content":"    System.out.println(","lastModifiedDate":"2023-11-20"},{"lineNumber":22,"author":{"gitId":"chanjansen"},"content":"      indent + \"____________________________________________________________\"","lastModifiedDate":"2023-11-20"},{"lineNumber":23,"author":{"gitId":"chanjansen"},"content":"    );","lastModifiedDate":"2023-11-20"},{"lineNumber":24,"author":{"gitId":"chanjansen"},"content":"  }","lastModifiedDate":"2023-11-20"},{"lineNumber":25,"author":{"gitId":"chanjansen"},"content":"","lastModifiedDate":"2023-11-20"},{"lineNumber":26,"author":{"gitId":"chanjansen"},"content":"  public void print(String msg) {","lastModifiedDate":"2023-11-20"},{"lineNumber":27,"author":{"gitId":"chanjansen"},"content":"    printLine();","lastModifiedDate":"2023-11-20"},{"lineNumber":28,"author":{"gitId":"chanjansen"},"content":"    String[] lines \u003d msg.split(\"\\n\");","lastModifiedDate":"2023-11-20"},{"lineNumber":29,"author":{"gitId":"chanjansen"},"content":"    for (String line : lines) {","lastModifiedDate":"2023-11-20"},{"lineNumber":30,"author":{"gitId":"chanjansen"},"content":"      System.out.println(indent + line);","lastModifiedDate":"2023-11-20"},{"lineNumber":31,"author":{"gitId":"chanjansen"},"content":"    }","lastModifiedDate":"2023-11-20"},{"lineNumber":32,"author":{"gitId":"chanjansen"},"content":"    printLine();","lastModifiedDate":"2023-11-20"},{"lineNumber":33,"author":{"gitId":"chanjansen"},"content":"  }","lastModifiedDate":"2023-11-20"},{"lineNumber":34,"author":{"gitId":"chanjansen"},"content":"","lastModifiedDate":"2023-11-20"},{"lineNumber":35,"author":{"gitId":"chanjansen"},"content":"  public String getName() {","lastModifiedDate":"2023-11-20"},{"lineNumber":36,"author":{"gitId":"chanjansen"},"content":"    print(\"Hello! I\u0027m \" +  chatbotName + \"\\nBefore we start, can I have your name?\");","lastModifiedDate":"2023-11-20"},{"lineNumber":37,"author":{"gitId":"chanjansen"},"content":"    return scanner.nextLine().trim();","lastModifiedDate":"2023-11-20"},{"lineNumber":38,"author":{"gitId":"chanjansen"},"content":"  }","lastModifiedDate":"2023-11-20"},{"lineNumber":39,"author":{"gitId":"chanjansen"},"content":"","lastModifiedDate":"2023-11-20"},{"lineNumber":40,"author":{"gitId":"chanjansen"},"content":"  public void welcomeMsg(String username) {","lastModifiedDate":"2023-11-20"},{"lineNumber":41,"author":{"gitId":"chanjansen"},"content":"    String msg \u003d \"Hello \" + username + \"! \" + \"I\u0027m \" + chatbotName + \", your personal assistant.\\n\" +","lastModifiedDate":"2023-11-20"},{"lineNumber":42,"author":{"gitId":"chanjansen"},"content":"                 \"You can ask me to add, list, mark, unmark, or delete tasks.\\n\" + ","lastModifiedDate":"2023-11-20"},{"lineNumber":43,"author":{"gitId":"chanjansen"},"content":"                 \"Just type \u0027todo\u0027, \u0027deadline\u0027, \u0027event\u0027, \u0027list\u0027, \u0027mark\u0027, \u0027unmark\u0027 or \u0027delete\u0027 followed by your task details.\\n\" +","lastModifiedDate":"2023-11-20"},{"lineNumber":44,"author":{"gitId":"chanjansen"},"content":"                 \"Type \u0027bye\u0027 when you\u0027re done. How can I assist you today?\";","lastModifiedDate":"2023-11-20"},{"lineNumber":45,"author":{"gitId":"chanjansen"},"content":"    print(msg);","lastModifiedDate":"2023-11-20"},{"lineNumber":46,"author":{"gitId":"chanjansen"},"content":"  }","lastModifiedDate":"2023-11-20"},{"lineNumber":47,"author":{"gitId":"chanjansen"},"content":"","lastModifiedDate":"2023-11-20"},{"lineNumber":48,"author":{"gitId":"chanjansen"},"content":"","lastModifiedDate":"2023-11-20"},{"lineNumber":49,"author":{"gitId":"chanjansen"},"content":"  public void sayGoodbye(String username) {","lastModifiedDate":"2023-11-20"},{"lineNumber":50,"author":{"gitId":"chanjansen"},"content":"    print(\"Bye \" + username + \". Just enter the same name again to retrieve your tasks!\\nHope to see you again soon!\");","lastModifiedDate":"2023-11-20"},{"lineNumber":51,"author":{"gitId":"chanjansen"},"content":"  }","lastModifiedDate":"2023-11-20"},{"lineNumber":52,"author":{"gitId":"chanjansen"},"content":"","lastModifiedDate":"2023-11-20"},{"lineNumber":53,"author":{"gitId":"chanjansen"},"content":"  public void printList(TaskList taskList) {","lastModifiedDate":"2023-11-20"},{"lineNumber":54,"author":{"gitId":"chanjansen"},"content":"    String msg \u003d \"Here are the tasks in your list:\\n\";","lastModifiedDate":"2023-11-20"},{"lineNumber":55,"author":{"gitId":"chanjansen"},"content":"    for (int i \u003d 0; i \u003c taskList.getTaskCount(); i++) {","lastModifiedDate":"2023-11-20"},{"lineNumber":56,"author":{"gitId":"chanjansen"},"content":"      Task item \u003d taskList.getTask(i);","lastModifiedDate":"2023-11-20"},{"lineNumber":57,"author":{"gitId":"chanjansen"},"content":"      msg +\u003d (i + 1) + \". \" + item.toString() + \"\\n\";","lastModifiedDate":"2023-11-20"},{"lineNumber":58,"author":{"gitId":"chanjansen"},"content":"    }","lastModifiedDate":"2023-11-20"},{"lineNumber":59,"author":{"gitId":"chanjansen"},"content":"    print(msg);","lastModifiedDate":"2023-11-20"},{"lineNumber":60,"author":{"gitId":"chanjansen"},"content":"  }","lastModifiedDate":"2023-11-20"},{"lineNumber":61,"author":{"gitId":"chanjansen"},"content":"","lastModifiedDate":"2023-11-20"},{"lineNumber":62,"author":{"gitId":"chanjansen"},"content":"  public void showLoadingError() {","lastModifiedDate":"2023-11-20"},{"lineNumber":63,"author":{"gitId":"chanjansen"},"content":"    print(\"Unable to load file\");","lastModifiedDate":"2023-11-20"},{"lineNumber":64,"author":{"gitId":"chanjansen"},"content":"  }","lastModifiedDate":"2023-11-20"},{"lineNumber":65,"author":{"gitId":"chanjansen"},"content":"","lastModifiedDate":"2023-11-20"},{"lineNumber":66,"author":{"gitId":"chanjansen"},"content":"  public String readCommand() {","lastModifiedDate":"2023-11-20"},{"lineNumber":67,"author":{"gitId":"chanjansen"},"content":"    return scanner.nextLine();","lastModifiedDate":"2023-11-20"},{"lineNumber":68,"author":{"gitId":"chanjansen"},"content":"  }","lastModifiedDate":"2023-11-20"},{"lineNumber":69,"author":{"gitId":"chanjansen"},"content":"","lastModifiedDate":"2023-11-20"},{"lineNumber":70,"author":{"gitId":"chanjansen"},"content":"  public void closeScanner() {","lastModifiedDate":"2023-11-20"},{"lineNumber":71,"author":{"gitId":"chanjansen"},"content":"    if (scanner !\u003d null) {","lastModifiedDate":"2023-11-20"},{"lineNumber":72,"author":{"gitId":"chanjansen"},"content":"      scanner.close();","lastModifiedDate":"2023-11-20"},{"lineNumber":73,"author":{"gitId":"chanjansen"},"content":"    }","lastModifiedDate":"2023-11-20"},{"lineNumber":74,"author":{"gitId":"chanjansen"},"content":"  }","lastModifiedDate":"2023-11-20"},{"lineNumber":75,"author":{"gitId":"chanjansen"},"content":"","lastModifiedDate":"2023-11-20"},{"lineNumber":76,"author":{"gitId":"chanjansen"},"content":"}","lastModifiedDate":"2023-11-20"}],"authorContributionMap":{"chanjansen":76}}]
