[{"path":"src/main/java/Deadline.java","fileType":"java","lines":[{"lineNumber":1,"author":{"gitId":"chanjansen"},"content":"public class Deadline extends Task {","lastModifiedDate":"2023-10-08"},{"lineNumber":2,"author":{"gitId":"chanjansen"},"content":"  ","lastModifiedDate":"2023-10-08"},{"lineNumber":3,"author":{"gitId":"chanjansen"},"content":"  protected String by;","lastModifiedDate":"2023-10-08"},{"lineNumber":4,"author":{"gitId":"chanjansen"},"content":"","lastModifiedDate":"2023-10-08"},{"lineNumber":5,"author":{"gitId":"chanjansen"},"content":"  public Deadline(String description, String by) {","lastModifiedDate":"2023-10-08"},{"lineNumber":6,"author":{"gitId":"chanjansen"},"content":"    super(description);","lastModifiedDate":"2023-10-08"},{"lineNumber":7,"author":{"gitId":"chanjansen"},"content":"    this.by \u003d by;","lastModifiedDate":"2023-10-08"},{"lineNumber":8,"author":{"gitId":"chanjansen"},"content":"  }","lastModifiedDate":"2023-10-08"},{"lineNumber":9,"author":{"gitId":"chanjansen"},"content":"","lastModifiedDate":"2023-10-08"},{"lineNumber":10,"author":{"gitId":"chanjansen"},"content":"  @Override","lastModifiedDate":"2023-10-08"},{"lineNumber":11,"author":{"gitId":"chanjansen"},"content":"  public String toString() {","lastModifiedDate":"2023-10-08"},{"lineNumber":12,"author":{"gitId":"chanjansen"},"content":"    return \"[D]\" + super.toString() + \" (by: \" + by + \")\";","lastModifiedDate":"2023-10-08"},{"lineNumber":13,"author":{"gitId":"chanjansen"},"content":"  }","lastModifiedDate":"2023-10-08"},{"lineNumber":14,"author":{"gitId":"chanjansen"},"content":"}","lastModifiedDate":"2023-10-08"}],"authorContributionMap":{"chanjansen":14}},{"path":"src/main/java/Duke.java","fileType":"java","lines":[{"lineNumber":1,"author":{"gitId":"chanjansen"},"content":"import java.util.Scanner;","lastModifiedDate":"2023-09-17"},{"lineNumber":2,"author":{"gitId":"chanjansen"},"content":"import java.util.ArrayList;","lastModifiedDate":"2023-09-17"},{"lineNumber":3,"author":{"gitId":"chanjansen"},"content":"","lastModifiedDate":"2023-09-17"},{"lineNumber":4,"author":{"gitId":"chanjansen"},"content":"","lastModifiedDate":"2023-09-17"},{"lineNumber":5,"author":{"gitId":"-"},"content":"public class Duke {","lastModifiedDate":"2019-07-29"},{"lineNumber":6,"author":{"gitId":"chanjansen"},"content":"","lastModifiedDate":"2023-09-17"},{"lineNumber":7,"author":{"gitId":"chanjansen"},"content":"    static String name \u003d \"Tweety\";","lastModifiedDate":"2023-09-17"},{"lineNumber":8,"author":{"gitId":"chanjansen"},"content":"    static String indent \u003d \"    \";","lastModifiedDate":"2023-09-17"},{"lineNumber":9,"author":{"gitId":"chanjansen"},"content":"","lastModifiedDate":"2023-09-17"},{"lineNumber":10,"author":{"gitId":"chanjansen"},"content":"","lastModifiedDate":"2023-10-08"},{"lineNumber":11,"author":{"gitId":"chanjansen"},"content":"    private static void printLine() {","lastModifiedDate":"2023-09-17"},{"lineNumber":12,"author":{"gitId":"chanjansen"},"content":"        System.out.println(indent + \"____________________________________________________________\");","lastModifiedDate":"2023-09-17"},{"lineNumber":13,"author":{"gitId":"chanjansen"},"content":"    }","lastModifiedDate":"2023-09-17"},{"lineNumber":14,"author":{"gitId":"chanjansen"},"content":"","lastModifiedDate":"2023-09-17"},{"lineNumber":15,"author":{"gitId":"chanjansen"},"content":"    private static void print(String msg) {","lastModifiedDate":"2023-09-17"},{"lineNumber":16,"author":{"gitId":"chanjansen"},"content":"        printLine();","lastModifiedDate":"2023-09-17"},{"lineNumber":17,"author":{"gitId":"chanjansen"},"content":"        String[] lines \u003d msg.split(\"\\n\");","lastModifiedDate":"2023-09-17"},{"lineNumber":18,"author":{"gitId":"chanjansen"},"content":"        for (String line: lines) {","lastModifiedDate":"2023-09-17"},{"lineNumber":19,"author":{"gitId":"chanjansen"},"content":"            System.out.println(indent + line);","lastModifiedDate":"2023-09-17"},{"lineNumber":20,"author":{"gitId":"chanjansen"},"content":"        }","lastModifiedDate":"2023-09-17"},{"lineNumber":21,"author":{"gitId":"chanjansen"},"content":"        printLine();","lastModifiedDate":"2023-09-17"},{"lineNumber":22,"author":{"gitId":"chanjansen"},"content":"    }","lastModifiedDate":"2023-09-17"},{"lineNumber":23,"author":{"gitId":"chanjansen"},"content":"","lastModifiedDate":"2023-09-17"},{"lineNumber":24,"author":{"gitId":"chanjansen"},"content":"    ","lastModifiedDate":"2023-09-17"},{"lineNumber":25,"author":{"gitId":"chanjansen"},"content":"","lastModifiedDate":"2023-10-08"},{"lineNumber":26,"author":{"gitId":"chanjansen"},"content":"    private static void printList(ArrayList\u003cTask\u003e list) {","lastModifiedDate":"2023-10-08"},{"lineNumber":27,"author":{"gitId":"chanjansen"},"content":"        String msg \u003d\"Here are the tasks in your list:\\n\";","lastModifiedDate":"2023-10-08"},{"lineNumber":28,"author":{"gitId":"chanjansen"},"content":"        for (int i \u003d 0; i \u003c list.size(); i++) {","lastModifiedDate":"2023-09-17"},{"lineNumber":29,"author":{"gitId":"chanjansen"},"content":"            Task item \u003d list.get(i);","lastModifiedDate":"2023-10-08"},{"lineNumber":30,"author":{"gitId":"chanjansen"},"content":"            msg +\u003d (i+1) + \". \" + item.toString() + \"\\n\";","lastModifiedDate":"2023-10-08"},{"lineNumber":31,"author":{"gitId":"chanjansen"},"content":"        }","lastModifiedDate":"2023-10-08"},{"lineNumber":32,"author":{"gitId":"chanjansen"},"content":"        print(msg);","lastModifiedDate":"2023-10-08"},{"lineNumber":33,"author":{"gitId":"chanjansen"},"content":"    }","lastModifiedDate":"2023-09-17"},{"lineNumber":34,"author":{"gitId":"chanjansen"},"content":"","lastModifiedDate":"2023-09-17"},{"lineNumber":35,"author":{"gitId":"chanjansen"},"content":"    private static void markTask(Task task) {","lastModifiedDate":"2023-10-08"},{"lineNumber":36,"author":{"gitId":"chanjansen"},"content":"        task.setDone();","lastModifiedDate":"2023-10-08"},{"lineNumber":37,"author":{"gitId":"chanjansen"},"content":"        String msg \u003d \"Nice! I\u0027ve marked this task as done:\\n\";","lastModifiedDate":"2023-10-08"},{"lineNumber":38,"author":{"gitId":"chanjansen"},"content":"        msg +\u003d indent + task.toString() + \"\\n\";","lastModifiedDate":"2023-10-08"},{"lineNumber":39,"author":{"gitId":"chanjansen"},"content":"        print(msg);","lastModifiedDate":"2023-10-08"},{"lineNumber":40,"author":{"gitId":"chanjansen"},"content":"    }","lastModifiedDate":"2023-10-08"},{"lineNumber":41,"author":{"gitId":"chanjansen"},"content":"","lastModifiedDate":"2023-10-08"},{"lineNumber":42,"author":{"gitId":"chanjansen"},"content":"    private static void unMarkTask(Task task) {","lastModifiedDate":"2023-10-08"},{"lineNumber":43,"author":{"gitId":"chanjansen"},"content":"        task.setUndone();","lastModifiedDate":"2023-10-08"},{"lineNumber":44,"author":{"gitId":"chanjansen"},"content":"        String msg \u003d \"Ok, I\u0027ve marked this task as not done yet:\\n\";","lastModifiedDate":"2023-10-08"},{"lineNumber":45,"author":{"gitId":"chanjansen"},"content":"        msg +\u003d indent + task.toString() + \"\\n\";","lastModifiedDate":"2023-10-08"},{"lineNumber":46,"author":{"gitId":"chanjansen"},"content":"        print(msg);","lastModifiedDate":"2023-10-08"},{"lineNumber":47,"author":{"gitId":"chanjansen"},"content":"    }","lastModifiedDate":"2023-09-17"},{"lineNumber":48,"author":{"gitId":"chanjansen"},"content":"","lastModifiedDate":"2023-09-17"},{"lineNumber":49,"author":{"gitId":"chanjansen"},"content":"","lastModifiedDate":"2023-10-08"},{"lineNumber":50,"author":{"gitId":"-"},"content":"    public static void main(String[] args) {","lastModifiedDate":"2019-07-29"},{"lineNumber":51,"author":{"gitId":"chanjansen"},"content":"","lastModifiedDate":"2023-09-17"},{"lineNumber":52,"author":{"gitId":"chanjansen"},"content":"        String greeting \u003d \"Hello I\u0027m \" + name + \"\\n\" + \"What can I do for you?\";","lastModifiedDate":"2023-09-17"},{"lineNumber":53,"author":{"gitId":"chanjansen"},"content":"        String goodbye \u003d \"Bye. Hope to see you again soon!\";","lastModifiedDate":"2023-09-17"},{"lineNumber":54,"author":{"gitId":"chanjansen"},"content":"","lastModifiedDate":"2023-09-17"},{"lineNumber":55,"author":{"gitId":"chanjansen"},"content":"        ArrayList\u003cTask\u003e tasks \u003d new ArrayList\u003c\u003e();","lastModifiedDate":"2023-10-08"},{"lineNumber":56,"author":{"gitId":"chanjansen"},"content":"        print(greeting);","lastModifiedDate":"2023-09-17"},{"lineNumber":57,"author":{"gitId":"chanjansen"},"content":"","lastModifiedDate":"2023-09-17"},{"lineNumber":58,"author":{"gitId":"chanjansen"},"content":"        Scanner in \u003d new Scanner(System.in);","lastModifiedDate":"2023-09-17"},{"lineNumber":59,"author":{"gitId":"chanjansen"},"content":"        String msg \u003d\"\";","lastModifiedDate":"2023-09-17"},{"lineNumber":60,"author":{"gitId":"chanjansen"},"content":"","lastModifiedDate":"2023-09-17"},{"lineNumber":61,"author":{"gitId":"chanjansen"},"content":"        while (!msg.equals(\"bye\")) {","lastModifiedDate":"2023-09-17"},{"lineNumber":62,"author":{"gitId":"chanjansen"},"content":"","lastModifiedDate":"2023-09-17"},{"lineNumber":63,"author":{"gitId":"chanjansen"},"content":"            msg \u003d in.nextLine();","lastModifiedDate":"2023-09-17"},{"lineNumber":64,"author":{"gitId":"chanjansen"},"content":"            if (msg.equals(\"list\")) {","lastModifiedDate":"2023-09-17"},{"lineNumber":65,"author":{"gitId":"chanjansen"},"content":"                printList(tasks);","lastModifiedDate":"2023-10-08"},{"lineNumber":66,"author":{"gitId":"chanjansen"},"content":"            }","lastModifiedDate":"2023-10-08"},{"lineNumber":67,"author":{"gitId":"chanjansen"},"content":"            else if (msg.startsWith(\"mark\")) {","lastModifiedDate":"2023-10-08"},{"lineNumber":68,"author":{"gitId":"chanjansen"},"content":"                int itemNo \u003d Integer.parseInt(msg.split(\" \")[1]) -1;","lastModifiedDate":"2023-10-08"},{"lineNumber":69,"author":{"gitId":"chanjansen"},"content":"                if (itemNo \u003e\u003d 0 \u0026\u0026 itemNo \u003c tasks.size()) {","lastModifiedDate":"2023-10-08"},{"lineNumber":70,"author":{"gitId":"chanjansen"},"content":"                    markTask(tasks.get(itemNo));","lastModifiedDate":"2023-10-08"},{"lineNumber":71,"author":{"gitId":"chanjansen"},"content":"                } else {","lastModifiedDate":"2023-10-08"},{"lineNumber":72,"author":{"gitId":"chanjansen"},"content":"                    print(\"Invalid task number\");","lastModifiedDate":"2023-10-08"},{"lineNumber":73,"author":{"gitId":"chanjansen"},"content":"                }","lastModifiedDate":"2023-10-08"},{"lineNumber":74,"author":{"gitId":"chanjansen"},"content":"            } else if (msg.startsWith(\"unmark\")) {","lastModifiedDate":"2023-10-08"},{"lineNumber":75,"author":{"gitId":"chanjansen"},"content":"                int itemNo \u003d Integer.parseInt(msg.split(\" \")[1]) -1;","lastModifiedDate":"2023-10-08"},{"lineNumber":76,"author":{"gitId":"chanjansen"},"content":"                if (itemNo \u003e\u003d 0 \u0026\u0026 itemNo \u003c tasks.size()) {","lastModifiedDate":"2023-10-08"},{"lineNumber":77,"author":{"gitId":"chanjansen"},"content":"                    unMarkTask(tasks.get(itemNo));","lastModifiedDate":"2023-10-08"},{"lineNumber":78,"author":{"gitId":"chanjansen"},"content":"                } else {","lastModifiedDate":"2023-09-17"},{"lineNumber":79,"author":{"gitId":"chanjansen"},"content":"                    print(\"Invalid task number\");","lastModifiedDate":"2023-10-08"},{"lineNumber":80,"author":{"gitId":"chanjansen"},"content":"                }","lastModifiedDate":"2023-10-08"},{"lineNumber":81,"author":{"gitId":"chanjansen"},"content":"            } ","lastModifiedDate":"2023-10-08"},{"lineNumber":82,"author":{"gitId":"chanjansen"},"content":"            else {","lastModifiedDate":"2023-10-08"},{"lineNumber":83,"author":{"gitId":"chanjansen"},"content":"                String taskType \u003d msg.split(\" \")[0];","lastModifiedDate":"2023-10-08"},{"lineNumber":84,"author":{"gitId":"chanjansen"},"content":"                String description;","lastModifiedDate":"2023-10-08"},{"lineNumber":85,"author":{"gitId":"chanjansen"},"content":"                switch (taskType) {","lastModifiedDate":"2023-10-08"},{"lineNumber":86,"author":{"gitId":"chanjansen"},"content":"                    case \"todo\":","lastModifiedDate":"2023-10-08"},{"lineNumber":87,"author":{"gitId":"chanjansen"},"content":"                        description \u003d msg.substring(4).trim(); ","lastModifiedDate":"2023-10-08"},{"lineNumber":88,"author":{"gitId":"chanjansen"},"content":"                        tasks.add(new Todo(description));","lastModifiedDate":"2023-10-08"},{"lineNumber":89,"author":{"gitId":"chanjansen"},"content":"                        print(\"Got it. I\u0027ve added this task:\\n\" + indent + tasks.get(tasks.size()-1).toString() + \"\\nNow you have \" + tasks.size() + \" tasks in the list.\");","lastModifiedDate":"2023-10-08"},{"lineNumber":90,"author":{"gitId":"chanjansen"},"content":"                        break;","lastModifiedDate":"2023-10-08"},{"lineNumber":91,"author":{"gitId":"chanjansen"},"content":"","lastModifiedDate":"2023-10-08"},{"lineNumber":92,"author":{"gitId":"chanjansen"},"content":"                    case \"deadline\":","lastModifiedDate":"2023-10-08"},{"lineNumber":93,"author":{"gitId":"chanjansen"},"content":"                        String[] deadlineDetails \u003d msg.split(\"deadline|/by\");","lastModifiedDate":"2023-10-08"},{"lineNumber":94,"author":{"gitId":"chanjansen"},"content":"                        description \u003d deadlineDetails[1].trim();","lastModifiedDate":"2023-10-08"},{"lineNumber":95,"author":{"gitId":"chanjansen"},"content":"                        String by \u003d deadlineDetails[2].trim();","lastModifiedDate":"2023-10-08"},{"lineNumber":96,"author":{"gitId":"chanjansen"},"content":"                        tasks.add(new Deadline(description, by));","lastModifiedDate":"2023-10-08"},{"lineNumber":97,"author":{"gitId":"chanjansen"},"content":"                        print(\"Got it. I\u0027ve added this task:\\n\" + indent +  tasks.get(tasks.size()-1).toString() + \"\\nNow you have \" + tasks.size() + \" tasks in the list.\");","lastModifiedDate":"2023-10-08"},{"lineNumber":98,"author":{"gitId":"chanjansen"},"content":"                        break;","lastModifiedDate":"2023-10-08"},{"lineNumber":99,"author":{"gitId":"chanjansen"},"content":"","lastModifiedDate":"2023-10-08"},{"lineNumber":100,"author":{"gitId":"chanjansen"},"content":"                    case \"event\":","lastModifiedDate":"2023-10-08"},{"lineNumber":101,"author":{"gitId":"chanjansen"},"content":"                        String[] eventDetails \u003d msg.split(\"/from|/to\");","lastModifiedDate":"2023-10-08"},{"lineNumber":102,"author":{"gitId":"chanjansen"},"content":"                        description \u003d eventDetails[0].substring(6).trim();","lastModifiedDate":"2023-10-08"},{"lineNumber":103,"author":{"gitId":"chanjansen"},"content":"                        String from \u003d eventDetails[1].trim();","lastModifiedDate":"2023-10-08"},{"lineNumber":104,"author":{"gitId":"chanjansen"},"content":"                        String to \u003d eventDetails[2].trim();","lastModifiedDate":"2023-10-08"},{"lineNumber":105,"author":{"gitId":"chanjansen"},"content":"                        tasks.add(new Event(description, from, to));","lastModifiedDate":"2023-10-08"},{"lineNumber":106,"author":{"gitId":"chanjansen"},"content":"                        print(\"Got it. I\u0027ve added this task:\\n\" + indent + tasks.get(tasks.size()-1).toString() + \"\\nNow you have \" + tasks.size() + \" tasks in the list.\");","lastModifiedDate":"2023-10-08"},{"lineNumber":107,"author":{"gitId":"chanjansen"},"content":"                        break;","lastModifiedDate":"2023-10-08"},{"lineNumber":108,"author":{"gitId":"chanjansen"},"content":"                }","lastModifiedDate":"2023-10-08"},{"lineNumber":109,"author":{"gitId":"chanjansen"},"content":"            }","lastModifiedDate":"2023-09-17"},{"lineNumber":110,"author":{"gitId":"chanjansen"},"content":"        }","lastModifiedDate":"2023-09-17"},{"lineNumber":111,"author":{"gitId":"chanjansen"},"content":"","lastModifiedDate":"2023-09-17"},{"lineNumber":112,"author":{"gitId":"chanjansen"},"content":"        print(goodbye);","lastModifiedDate":"2023-09-17"},{"lineNumber":113,"author":{"gitId":"-"},"content":"    }","lastModifiedDate":"2019-07-29"},{"lineNumber":114,"author":{"gitId":"-"},"content":"}","lastModifiedDate":"2019-07-29"}],"authorContributionMap":{"chanjansen":110,"-":4}},{"path":"src/main/java/Event.java","fileType":"java","lines":[{"lineNumber":1,"author":{"gitId":"chanjansen"},"content":"public class Event extends Task {","lastModifiedDate":"2023-10-08"},{"lineNumber":2,"author":{"gitId":"chanjansen"},"content":"  protected String from;","lastModifiedDate":"2023-10-08"},{"lineNumber":3,"author":{"gitId":"chanjansen"},"content":"  protected String to;","lastModifiedDate":"2023-10-08"},{"lineNumber":4,"author":{"gitId":"chanjansen"},"content":"","lastModifiedDate":"2023-10-08"},{"lineNumber":5,"author":{"gitId":"chanjansen"},"content":"  public Event(String description, String from, String to) {","lastModifiedDate":"2023-10-08"},{"lineNumber":6,"author":{"gitId":"chanjansen"},"content":"    super(description);","lastModifiedDate":"2023-10-08"},{"lineNumber":7,"author":{"gitId":"chanjansen"},"content":"    this.from \u003d from;","lastModifiedDate":"2023-10-08"},{"lineNumber":8,"author":{"gitId":"chanjansen"},"content":"    this.to \u003d to;","lastModifiedDate":"2023-10-08"},{"lineNumber":9,"author":{"gitId":"chanjansen"},"content":"  }","lastModifiedDate":"2023-10-08"},{"lineNumber":10,"author":{"gitId":"chanjansen"},"content":"","lastModifiedDate":"2023-10-08"},{"lineNumber":11,"author":{"gitId":"chanjansen"},"content":"  @Override","lastModifiedDate":"2023-10-08"},{"lineNumber":12,"author":{"gitId":"chanjansen"},"content":"  public String toString() {","lastModifiedDate":"2023-10-08"},{"lineNumber":13,"author":{"gitId":"chanjansen"},"content":"    return \"[E]\" + super.toString() + \" (from: \" + from + \" to: \" + to + \")\";","lastModifiedDate":"2023-10-08"},{"lineNumber":14,"author":{"gitId":"chanjansen"},"content":"  }","lastModifiedDate":"2023-10-08"},{"lineNumber":15,"author":{"gitId":"chanjansen"},"content":"}","lastModifiedDate":"2023-10-08"}],"authorContributionMap":{"chanjansen":15}},{"path":"src/main/java/Task.java","fileType":"java","lines":[{"lineNumber":1,"author":{"gitId":"chanjansen"},"content":"public class Task {","lastModifiedDate":"2023-10-08"},{"lineNumber":2,"author":{"gitId":"chanjansen"},"content":"  protected String description;","lastModifiedDate":"2023-10-08"},{"lineNumber":3,"author":{"gitId":"chanjansen"},"content":"  protected boolean isDone;","lastModifiedDate":"2023-10-08"},{"lineNumber":4,"author":{"gitId":"chanjansen"},"content":"","lastModifiedDate":"2023-10-08"},{"lineNumber":5,"author":{"gitId":"chanjansen"},"content":"  public Task(String description) {","lastModifiedDate":"2023-10-08"},{"lineNumber":6,"author":{"gitId":"chanjansen"},"content":"    this.description \u003d description;","lastModifiedDate":"2023-10-08"},{"lineNumber":7,"author":{"gitId":"chanjansen"},"content":"    this.isDone \u003d false;","lastModifiedDate":"2023-10-08"},{"lineNumber":8,"author":{"gitId":"chanjansen"},"content":"  }","lastModifiedDate":"2023-10-08"},{"lineNumber":9,"author":{"gitId":"chanjansen"},"content":"","lastModifiedDate":"2023-10-08"},{"lineNumber":10,"author":{"gitId":"chanjansen"},"content":"public String getDescription() {","lastModifiedDate":"2023-10-08"},{"lineNumber":11,"author":{"gitId":"chanjansen"},"content":"    return this.description;","lastModifiedDate":"2023-10-08"},{"lineNumber":12,"author":{"gitId":"chanjansen"},"content":"  }","lastModifiedDate":"2023-10-08"},{"lineNumber":13,"author":{"gitId":"chanjansen"},"content":"","lastModifiedDate":"2023-10-08"},{"lineNumber":14,"author":{"gitId":"chanjansen"},"content":"","lastModifiedDate":"2023-10-08"},{"lineNumber":15,"author":{"gitId":"chanjansen"},"content":"  public String getStatusIcon() {","lastModifiedDate":"2023-10-08"},{"lineNumber":16,"author":{"gitId":"chanjansen"},"content":"    return (isDone? \"X\": \" \");","lastModifiedDate":"2023-10-08"},{"lineNumber":17,"author":{"gitId":"chanjansen"},"content":"  }","lastModifiedDate":"2023-10-08"},{"lineNumber":18,"author":{"gitId":"chanjansen"},"content":"","lastModifiedDate":"2023-10-08"},{"lineNumber":19,"author":{"gitId":"chanjansen"},"content":"  public String toString() {","lastModifiedDate":"2023-10-08"},{"lineNumber":20,"author":{"gitId":"chanjansen"},"content":"    return \"[\" + getStatusIcon() + \"] \" + description;","lastModifiedDate":"2023-10-08"},{"lineNumber":21,"author":{"gitId":"chanjansen"},"content":"  }","lastModifiedDate":"2023-10-08"},{"lineNumber":22,"author":{"gitId":"chanjansen"},"content":"","lastModifiedDate":"2023-10-08"},{"lineNumber":23,"author":{"gitId":"chanjansen"},"content":"  public void setDone() {","lastModifiedDate":"2023-10-08"},{"lineNumber":24,"author":{"gitId":"chanjansen"},"content":"    this.isDone \u003d true;","lastModifiedDate":"2023-10-08"},{"lineNumber":25,"author":{"gitId":"chanjansen"},"content":"  }","lastModifiedDate":"2023-10-08"},{"lineNumber":26,"author":{"gitId":"chanjansen"},"content":"","lastModifiedDate":"2023-10-08"},{"lineNumber":27,"author":{"gitId":"chanjansen"},"content":"  public void setUndone() {","lastModifiedDate":"2023-10-08"},{"lineNumber":28,"author":{"gitId":"chanjansen"},"content":"    this.isDone \u003d false;","lastModifiedDate":"2023-10-08"},{"lineNumber":29,"author":{"gitId":"chanjansen"},"content":"  }","lastModifiedDate":"2023-10-08"},{"lineNumber":30,"author":{"gitId":"chanjansen"},"content":"}","lastModifiedDate":"2023-10-08"}],"authorContributionMap":{"chanjansen":30}},{"path":"src/main/java/Todo.java","fileType":"java","lines":[{"lineNumber":1,"author":{"gitId":"chanjansen"},"content":"public class Todo extends Task {","lastModifiedDate":"2023-10-08"},{"lineNumber":2,"author":{"gitId":"chanjansen"},"content":"  protected String by;","lastModifiedDate":"2023-10-08"},{"lineNumber":3,"author":{"gitId":"chanjansen"},"content":"","lastModifiedDate":"2023-10-08"},{"lineNumber":4,"author":{"gitId":"chanjansen"},"content":"  public Todo(String description) {","lastModifiedDate":"2023-10-08"},{"lineNumber":5,"author":{"gitId":"chanjansen"},"content":"    super(description);","lastModifiedDate":"2023-10-08"},{"lineNumber":6,"author":{"gitId":"chanjansen"},"content":"  }","lastModifiedDate":"2023-10-08"},{"lineNumber":7,"author":{"gitId":"chanjansen"},"content":"","lastModifiedDate":"2023-10-08"},{"lineNumber":8,"author":{"gitId":"chanjansen"},"content":"  @Override","lastModifiedDate":"2023-10-08"},{"lineNumber":9,"author":{"gitId":"chanjansen"},"content":"  public String toString() {","lastModifiedDate":"2023-10-08"},{"lineNumber":10,"author":{"gitId":"chanjansen"},"content":"    return \"[T]\" + super.toString();","lastModifiedDate":"2023-10-08"},{"lineNumber":11,"author":{"gitId":"chanjansen"},"content":"  }","lastModifiedDate":"2023-10-08"},{"lineNumber":12,"author":{"gitId":"chanjansen"},"content":"}","lastModifiedDate":"2023-10-08"}],"authorContributionMap":{"chanjansen":12}},{"path":"src/main/java/tempCodeRunnerFile.java","fileType":"java","lines":[{"lineNumber":1,"author":{"gitId":"chanjansen"},"content":"import java.util.Scanner;","lastModifiedDate":"2023-10-08"},{"lineNumber":2,"author":{"gitId":"chanjansen"},"content":"import java.util.ArrayList;","lastModifiedDate":"2023-10-08"},{"lineNumber":3,"author":{"gitId":"chanjansen"},"content":"","lastModifiedDate":"2023-09-17"},{"lineNumber":4,"author":{"gitId":"chanjansen"},"content":"","lastModifiedDate":"2023-10-08"},{"lineNumber":5,"author":{"gitId":"chanjansen"},"content":"public class Duke {","lastModifiedDate":"2023-10-08"},{"lineNumber":6,"author":{"gitId":"chanjansen"},"content":"","lastModifiedDate":"2023-10-08"},{"lineNumber":7,"author":{"gitId":"chanjansen"},"content":"    static String name \u003d \"Tweety\";","lastModifiedDate":"2023-10-08"},{"lineNumber":8,"author":{"gitId":"chanjansen"},"content":"    static String indent \u003d \"    \";","lastModifiedDate":"2023-10-08"},{"lineNumber":9,"author":{"gitId":"chanjansen"},"content":"","lastModifiedDate":"2023-10-08"},{"lineNumber":10,"author":{"gitId":"chanjansen"},"content":"","lastModifiedDate":"2023-10-08"},{"lineNumber":11,"author":{"gitId":"chanjansen"},"content":"    private static void printLine() {","lastModifiedDate":"2023-10-08"},{"lineNumber":12,"author":{"gitId":"chanjansen"},"content":"        System.out.println(indent + \"____________________________________________________________\");","lastModifiedDate":"2023-10-08"},{"lineNumber":13,"author":{"gitId":"chanjansen"},"content":"    }","lastModifiedDate":"2023-10-08"},{"lineNumber":14,"author":{"gitId":"chanjansen"},"content":"","lastModifiedDate":"2023-10-08"},{"lineNumber":15,"author":{"gitId":"chanjansen"},"content":"    private static void print(String msg) {","lastModifiedDate":"2023-10-08"},{"lineNumber":16,"author":{"gitId":"chanjansen"},"content":"        printLine();","lastModifiedDate":"2023-10-08"},{"lineNumber":17,"author":{"gitId":"chanjansen"},"content":"        String[] lines \u003d msg.split(\"\\n\");","lastModifiedDate":"2023-09-17"},{"lineNumber":18,"author":{"gitId":"chanjansen"},"content":"        for (String line: lines) {","lastModifiedDate":"2023-10-08"},{"lineNumber":19,"author":{"gitId":"chanjansen"},"content":"            System.out.println(indent + line);","lastModifiedDate":"2023-10-08"},{"lineNumber":20,"author":{"gitId":"chanjansen"},"content":"        }","lastModifiedDate":"2023-10-08"},{"lineNumber":21,"author":{"gitId":"chanjansen"},"content":"        printLine();","lastModifiedDate":"2023-10-08"},{"lineNumber":22,"author":{"gitId":"chanjansen"},"content":"    }","lastModifiedDate":"2023-10-08"},{"lineNumber":23,"author":{"gitId":"chanjansen"},"content":"","lastModifiedDate":"2023-10-08"},{"lineNumber":24,"author":{"gitId":"chanjansen"},"content":"    ","lastModifiedDate":"2023-10-08"},{"lineNumber":25,"author":{"gitId":"chanjansen"},"content":"","lastModifiedDate":"2023-10-08"},{"lineNumber":26,"author":{"gitId":"chanjansen"},"content":"    private static void printList(ArrayList\u003cTask\u003e list) {","lastModifiedDate":"2023-10-08"},{"lineNumber":27,"author":{"gitId":"chanjansen"},"content":"        String msg \u003d\"Here are the tasks in your list:\\n\";","lastModifiedDate":"2023-10-08"},{"lineNumber":28,"author":{"gitId":"chanjansen"},"content":"        for (int i \u003d 0; i \u003c list.size(); i++) {","lastModifiedDate":"2023-10-08"},{"lineNumber":29,"author":{"gitId":"chanjansen"},"content":"            Task item \u003d list.get(i);","lastModifiedDate":"2023-10-08"},{"lineNumber":30,"author":{"gitId":"chanjansen"},"content":"            msg +\u003d (i+1) + item.toString() + \"\\n\";","lastModifiedDate":"2023-10-08"},{"lineNumber":31,"author":{"gitId":"chanjansen"},"content":"        }","lastModifiedDate":"2023-10-08"},{"lineNumber":32,"author":{"gitId":"chanjansen"},"content":"        print(msg);","lastModifiedDate":"2023-10-08"},{"lineNumber":33,"author":{"gitId":"chanjansen"},"content":"    }","lastModifiedDate":"2023-10-08"},{"lineNumber":34,"author":{"gitId":"chanjansen"},"content":"","lastModifiedDate":"2023-10-08"},{"lineNumber":35,"author":{"gitId":"chanjansen"},"content":"    private static void markTask(Task task) {","lastModifiedDate":"2023-10-08"},{"lineNumber":36,"author":{"gitId":"chanjansen"},"content":"        task.setDone();","lastModifiedDate":"2023-10-08"},{"lineNumber":37,"author":{"gitId":"chanjansen"},"content":"        String msg \u003d \"Nice! I\u0027ve marked this task as done:\\n\";","lastModifiedDate":"2023-10-08"},{"lineNumber":38,"author":{"gitId":"chanjansen"},"content":"        msg +\u003d indent + task.toString() + \"\\n\";","lastModifiedDate":"2023-10-08"},{"lineNumber":39,"author":{"gitId":"chanjansen"},"content":"        print(msg);","lastModifiedDate":"2023-10-08"},{"lineNumber":40,"author":{"gitId":"chanjansen"},"content":"    }","lastModifiedDate":"2023-10-08"},{"lineNumber":41,"author":{"gitId":"chanjansen"},"content":"","lastModifiedDate":"2023-10-08"},{"lineNumber":42,"author":{"gitId":"chanjansen"},"content":"    private static void unMarkTask(Task task) {","lastModifiedDate":"2023-10-08"},{"lineNumber":43,"author":{"gitId":"chanjansen"},"content":"        task.setUndone();","lastModifiedDate":"2023-10-08"},{"lineNumber":44,"author":{"gitId":"chanjansen"},"content":"        String msg \u003d \"Ok, I\u0027ve marked this task as not done yet:\\n\";","lastModifiedDate":"2023-10-08"},{"lineNumber":45,"author":{"gitId":"chanjansen"},"content":"        msg +\u003d indent + task.toString() + \"\\n\";","lastModifiedDate":"2023-10-08"},{"lineNumber":46,"author":{"gitId":"chanjansen"},"content":"        print(msg);","lastModifiedDate":"2023-10-08"},{"lineNumber":47,"author":{"gitId":"chanjansen"},"content":"    }","lastModifiedDate":"2023-10-08"},{"lineNumber":48,"author":{"gitId":"chanjansen"},"content":"","lastModifiedDate":"2023-10-08"},{"lineNumber":49,"author":{"gitId":"chanjansen"},"content":"","lastModifiedDate":"2023-10-08"},{"lineNumber":50,"author":{"gitId":"chanjansen"},"content":"    public static void main(String[] args) {","lastModifiedDate":"2023-10-08"},{"lineNumber":51,"author":{"gitId":"chanjansen"},"content":"","lastModifiedDate":"2023-10-08"},{"lineNumber":52,"author":{"gitId":"chanjansen"},"content":"        String greeting \u003d \"Hello I\u0027m \" + name + \"\\n\" + \"What can I do for you?\";","lastModifiedDate":"2023-10-08"},{"lineNumber":53,"author":{"gitId":"chanjansen"},"content":"        String goodbye \u003d \"Bye. Hope to see you again soon!\";","lastModifiedDate":"2023-10-08"},{"lineNumber":54,"author":{"gitId":"chanjansen"},"content":"","lastModifiedDate":"2023-10-08"},{"lineNumber":55,"author":{"gitId":"chanjansen"},"content":"        ArrayList\u003cTask\u003e tasks \u003d new ArrayList\u003c\u003e();","lastModifiedDate":"2023-10-08"},{"lineNumber":56,"author":{"gitId":"chanjansen"},"content":"        print(greeting);","lastModifiedDate":"2023-10-08"},{"lineNumber":57,"author":{"gitId":"chanjansen"},"content":"","lastModifiedDate":"2023-10-08"},{"lineNumber":58,"author":{"gitId":"chanjansen"},"content":"        Scanner in \u003d new Scanner(System.in);","lastModifiedDate":"2023-10-08"},{"lineNumber":59,"author":{"gitId":"chanjansen"},"content":"        String msg \u003d\"\";","lastModifiedDate":"2023-10-08"},{"lineNumber":60,"author":{"gitId":"chanjansen"},"content":"","lastModifiedDate":"2023-10-08"},{"lineNumber":61,"author":{"gitId":"chanjansen"},"content":"        while (!msg.equals(\"bye\")) {","lastModifiedDate":"2023-10-08"},{"lineNumber":62,"author":{"gitId":"chanjansen"},"content":"","lastModifiedDate":"2023-10-08"},{"lineNumber":63,"author":{"gitId":"chanjansen"},"content":"            msg \u003d in.nextLine();","lastModifiedDate":"2023-10-08"},{"lineNumber":64,"author":{"gitId":"chanjansen"},"content":"            if (msg.equals(\"list\")) {","lastModifiedDate":"2023-10-08"},{"lineNumber":65,"author":{"gitId":"chanjansen"},"content":"                printList(tasks);","lastModifiedDate":"2023-10-08"},{"lineNumber":66,"author":{"gitId":"chanjansen"},"content":"            }","lastModifiedDate":"2023-10-08"},{"lineNumber":67,"author":{"gitId":"chanjansen"},"content":"            else if (msg.startsWith(\"mark\")) {","lastModifiedDate":"2023-10-08"},{"lineNumber":68,"author":{"gitId":"chanjansen"},"content":"                int itemNo \u003d Integer.parseInt(msg.split(\" \")[1]) -1;","lastModifiedDate":"2023-10-08"},{"lineNumber":69,"author":{"gitId":"chanjansen"},"content":"                if (itemNo \u003e\u003d 0 \u0026\u0026 itemNo \u003c tasks.size()) {","lastModifiedDate":"2023-10-08"},{"lineNumber":70,"author":{"gitId":"chanjansen"},"content":"                    markTask(tasks.get(itemNo));","lastModifiedDate":"2023-10-08"},{"lineNumber":71,"author":{"gitId":"chanjansen"},"content":"                } else {","lastModifiedDate":"2023-10-08"},{"lineNumber":72,"author":{"gitId":"chanjansen"},"content":"                    print(\"Invalid task number\");","lastModifiedDate":"2023-10-08"},{"lineNumber":73,"author":{"gitId":"chanjansen"},"content":"                }","lastModifiedDate":"2023-10-08"},{"lineNumber":74,"author":{"gitId":"chanjansen"},"content":"            } else if (msg.startsWith(\"unmark\")) {","lastModifiedDate":"2023-10-08"},{"lineNumber":75,"author":{"gitId":"chanjansen"},"content":"                int itemNo \u003d Integer.parseInt(msg.split(\" \")[1]) -1;","lastModifiedDate":"2023-10-08"},{"lineNumber":76,"author":{"gitId":"chanjansen"},"content":"                if (itemNo \u003e\u003d 0 \u0026\u0026 itemNo \u003c tasks.size()) {","lastModifiedDate":"2023-10-08"},{"lineNumber":77,"author":{"gitId":"chanjansen"},"content":"                    unMarkTask(tasks.get(itemNo));","lastModifiedDate":"2023-10-08"},{"lineNumber":78,"author":{"gitId":"chanjansen"},"content":"                } else {","lastModifiedDate":"2023-10-08"},{"lineNumber":79,"author":{"gitId":"chanjansen"},"content":"                    print(\"Invalid task number\");","lastModifiedDate":"2023-10-08"},{"lineNumber":80,"author":{"gitId":"chanjansen"},"content":"                }","lastModifiedDate":"2023-10-08"},{"lineNumber":81,"author":{"gitId":"chanjansen"},"content":"            } ","lastModifiedDate":"2023-10-08"},{"lineNumber":82,"author":{"gitId":"chanjansen"},"content":"            else {","lastModifiedDate":"2023-10-08"},{"lineNumber":83,"author":{"gitId":"chanjansen"},"content":"                String taskType \u003d msg.split(\" \")[0];","lastModifiedDate":"2023-10-08"},{"lineNumber":84,"author":{"gitId":"chanjansen"},"content":"                String description;","lastModifiedDate":"2023-10-08"},{"lineNumber":85,"author":{"gitId":"chanjansen"},"content":"                switch (taskType) {","lastModifiedDate":"2023-10-08"},{"lineNumber":86,"author":{"gitId":"chanjansen"},"content":"                    case \"todo\":","lastModifiedDate":"2023-10-08"},{"lineNumber":87,"author":{"gitId":"chanjansen"},"content":"                        description \u003d msg.substring(4).trim(); ","lastModifiedDate":"2023-10-08"},{"lineNumber":88,"author":{"gitId":"chanjansen"},"content":"                        tasks.add(new Todo(description));","lastModifiedDate":"2023-10-08"},{"lineNumber":89,"author":{"gitId":"chanjansen"},"content":"                        print(\"Got it. I\u0027ve added this task:\\n\" + tasks.get(tasks.size()-1).toString() + \"\\nNow you have \" + tasks.size() + \" in the list.\");","lastModifiedDate":"2023-10-08"},{"lineNumber":90,"author":{"gitId":"chanjansen"},"content":"                        break;","lastModifiedDate":"2023-10-08"},{"lineNumber":91,"author":{"gitId":"chanjansen"},"content":"","lastModifiedDate":"2023-10-08"},{"lineNumber":92,"author":{"gitId":"chanjansen"},"content":"                    case \"deadline\":","lastModifiedDate":"2023-10-08"},{"lineNumber":93,"author":{"gitId":"chanjansen"},"content":"                        String[] deadlineDetails \u003d msg.split(\"deadline|/by\");","lastModifiedDate":"2023-10-08"},{"lineNumber":94,"author":{"gitId":"chanjansen"},"content":"                        description \u003d deadlineDetails[1].trim();","lastModifiedDate":"2023-10-08"},{"lineNumber":95,"author":{"gitId":"chanjansen"},"content":"                        String by \u003d deadlineDetails[2].trim();","lastModifiedDate":"2023-10-08"},{"lineNumber":96,"author":{"gitId":"chanjansen"},"content":"                        tasks.add(new Deadline(description, by));","lastModifiedDate":"2023-10-08"},{"lineNumber":97,"author":{"gitId":"chanjansen"},"content":"                        print(\"Got it. I\u0027ve added this task:\\n\" + tasks.get(tasks.size()-1).toString() + \"\\nNow you have \" + tasks.size() + \"tasks in the list.\");","lastModifiedDate":"2023-10-08"},{"lineNumber":98,"author":{"gitId":"chanjansen"},"content":"                        break;","lastModifiedDate":"2023-10-08"},{"lineNumber":99,"author":{"gitId":"chanjansen"},"content":"","lastModifiedDate":"2023-10-08"},{"lineNumber":100,"author":{"gitId":"chanjansen"},"content":"                    case \"event\":","lastModifiedDate":"2023-10-08"},{"lineNumber":101,"author":{"gitId":"chanjansen"},"content":"                        String[] eventDetails \u003d msg.split(\"/from|/to\");","lastModifiedDate":"2023-10-08"},{"lineNumber":102,"author":{"gitId":"chanjansen"},"content":"                        description \u003d eventDetails[0].substring(6).trim();","lastModifiedDate":"2023-10-08"},{"lineNumber":103,"author":{"gitId":"chanjansen"},"content":"                        String from \u003d eventDetails[1].trim();","lastModifiedDate":"2023-10-08"},{"lineNumber":104,"author":{"gitId":"chanjansen"},"content":"                        String to \u003d eventDetails[2].trim();","lastModifiedDate":"2023-10-08"},{"lineNumber":105,"author":{"gitId":"chanjansen"},"content":"                        tasks.add(new Event(description, from, to));","lastModifiedDate":"2023-10-08"},{"lineNumber":106,"author":{"gitId":"chanjansen"},"content":"                        print(\"Got it. I\u0027ve added this task:\\n\" + tasks.get(tasks.size()-1).toString() + \"\\nNow you have \" + tasks.size() + \" tasks in the list.\");","lastModifiedDate":"2023-10-08"},{"lineNumber":107,"author":{"gitId":"chanjansen"},"content":"                        break;","lastModifiedDate":"2023-10-08"},{"lineNumber":108,"author":{"gitId":"chanjansen"},"content":"                }","lastModifiedDate":"2023-10-08"},{"lineNumber":109,"author":{"gitId":"chanjansen"},"content":"            }","lastModifiedDate":"2023-10-08"},{"lineNumber":110,"author":{"gitId":"chanjansen"},"content":"        }","lastModifiedDate":"2023-10-08"},{"lineNumber":111,"author":{"gitId":"chanjansen"},"content":"","lastModifiedDate":"2023-10-08"},{"lineNumber":112,"author":{"gitId":"chanjansen"},"content":"        print(goodbye);","lastModifiedDate":"2023-10-08"},{"lineNumber":113,"author":{"gitId":"chanjansen"},"content":"    }","lastModifiedDate":"2023-10-08"},{"lineNumber":114,"author":{"gitId":"chanjansen"},"content":"}","lastModifiedDate":"2023-10-08"}],"authorContributionMap":{"chanjansen":114}}]
