{"authorDailyContributionsMap":{"chanjansen":[{"date":"2023-09-17","commitResults":[{"hash":"ee388442eb6987d8278a66288d8761c93795f2b1","isMergeCommit":false,"messageTitle":"Level-0","messageBody":"","tags":["Level-0"],"fileTypesAndContributionMap":{"java":{"insertions":8,"deletions":6}}},{"hash":"b37679633701554b44b0458af0d3c3a842b7e3f4","isMergeCommit":false,"messageTitle":"Level-1","messageBody":"","tags":["Level-1"],"fileTypesAndContributionMap":{"java":{"insertions":33,"deletions":8}}},{"hash":"04c5e718ffd679b9c19f0177ac252d9878e9d5bd","isMergeCommit":false,"messageTitle":"Level-2","messageBody":"","tags":["Level-2"],"fileTypesAndContributionMap":{"java":{"insertions":25,"deletions":3}}}]},{"date":"2023-10-08","commitResults":[{"hash":"cc3b399a77e84092a365110758ae7fd2763808a9","isMergeCommit":false,"messageTitle":"Level-3","messageBody":"","tags":["Level-3"],"fileTypesAndContributionMap":{"java":{"insertions":142,"deletions":9}}},{"hash":"0bd1fd1f67886f931cc381b6434adab4322bf83c","isMergeCommit":false,"messageTitle":"Level-4","messageBody":"","tags":["Level-4"],"fileTypesAndContributionMap":{"java":{"insertions":120,"deletions":13}}}]}]},"authorFileTypeContributionMap":{"chanjansen":{"java":295,"md":0,"fxml":0,"sh":0,"bat":0,"gradle":0,"txt":0}},"authorContributionVariance":{"chanjansen":1520.3544},"authorDisplayNameMap":{"chanjansen":"CHAN..NDA)"}}
