[{"path":"src/main/java/Duke.java","fileType":"java","lines":[{"lineNumber":1,"author":{"gitId":"huiting-ht"},"content":"import ui.UserInterface;","lastModifiedDate":"2023-10-15"},{"lineNumber":2,"author":{"gitId":"huiting-ht"},"content":"import parser.Parser;","lastModifiedDate":"2023-10-15"},{"lineNumber":3,"author":{"gitId":"huiting-ht"},"content":"import commands.Command;","lastModifiedDate":"2023-10-15"},{"lineNumber":4,"author":{"gitId":"huiting-ht"},"content":"import commands.ExitCommand;","lastModifiedDate":"2023-10-15"},{"lineNumber":5,"author":{"gitId":"huiting-ht"},"content":"","lastModifiedDate":"2023-09-02"},{"lineNumber":6,"author":{"gitId":"huiting-ht"},"content":"import java.util.ArrayList;","lastModifiedDate":"2023-10-15"},{"lineNumber":7,"author":{"gitId":"huiting-ht"},"content":"","lastModifiedDate":"2023-09-17"},{"lineNumber":8,"author":{"gitId":"-"},"content":"public class Duke {","lastModifiedDate":"2023-10-15"},{"lineNumber":9,"author":{"gitId":"huiting-ht"},"content":"    private UserInterface userInterface;","lastModifiedDate":"2023-10-15"},{"lineNumber":10,"author":{"gitId":"huiting-ht"},"content":"","lastModifiedDate":"2023-10-15"},{"lineNumber":11,"author":{"gitId":"-"},"content":"    public static void main(String[] args) {","lastModifiedDate":"2023-10-15"},{"lineNumber":12,"author":{"gitId":"huiting-ht"},"content":"        Duke amebot \u003d new Duke();","lastModifiedDate":"2023-10-15"},{"lineNumber":13,"author":{"gitId":"huiting-ht"},"content":"        amebot.launch();","lastModifiedDate":"2023-10-15"},{"lineNumber":14,"author":{"gitId":"huiting-ht"},"content":"    }","lastModifiedDate":"2023-09-02"},{"lineNumber":15,"author":{"gitId":"huiting-ht"},"content":"","lastModifiedDate":"2023-09-02"},{"lineNumber":16,"author":{"gitId":"huiting-ht"},"content":"    public void launch() {","lastModifiedDate":"2023-10-15"},{"lineNumber":17,"author":{"gitId":"huiting-ht"},"content":"        this.userInterface \u003d new UserInterface();","lastModifiedDate":"2023-10-15"},{"lineNumber":18,"author":{"gitId":"huiting-ht"},"content":"        this.userInterface.printWelcome();","lastModifiedDate":"2023-10-15"},{"lineNumber":19,"author":{"gitId":"huiting-ht"},"content":"","lastModifiedDate":"2023-10-15"},{"lineNumber":20,"author":{"gitId":"huiting-ht"},"content":"        render();","lastModifiedDate":"2023-10-15"},{"lineNumber":21,"author":{"gitId":"huiting-ht"},"content":"    }","lastModifiedDate":"2023-10-15"},{"lineNumber":22,"author":{"gitId":"huiting-ht"},"content":"","lastModifiedDate":"2023-10-15"},{"lineNumber":23,"author":{"gitId":"huiting-ht"},"content":"    public void render() {","lastModifiedDate":"2023-10-15"},{"lineNumber":24,"author":{"gitId":"huiting-ht"},"content":"        String commandLine;","lastModifiedDate":"2023-10-15"},{"lineNumber":25,"author":{"gitId":"huiting-ht"},"content":"        Command command \u003d new Command();","lastModifiedDate":"2023-10-15"},{"lineNumber":26,"author":{"gitId":"huiting-ht"},"content":"","lastModifiedDate":"2023-09-02"},{"lineNumber":27,"author":{"gitId":"huiting-ht"},"content":"        do {","lastModifiedDate":"2023-10-15"},{"lineNumber":28,"author":{"gitId":"huiting-ht"},"content":"            commandLine \u003d this.userInterface.getInputCommand();","lastModifiedDate":"2023-10-15"},{"lineNumber":29,"author":{"gitId":"huiting-ht"},"content":"            ArrayList\u003cString\u003e parsedCommand \u003d new Parser().parseCommand(commandLine);","lastModifiedDate":"2023-10-15"},{"lineNumber":30,"author":{"gitId":"huiting-ht"},"content":"            ArrayList\u003cString\u003e logs \u003d command.executeCommand(parsedCommand);","lastModifiedDate":"2023-10-15"},{"lineNumber":31,"author":{"gitId":"huiting-ht"},"content":"            this.userInterface.printOutput(logs);","lastModifiedDate":"2023-10-15"},{"lineNumber":32,"author":{"gitId":"huiting-ht"},"content":"        } while (!ExitCommand.isExit(commandLine));","lastModifiedDate":"2023-10-15"},{"lineNumber":33,"author":{"gitId":"-"},"content":"    }","lastModifiedDate":"2019-07-29"},{"lineNumber":34,"author":{"gitId":"-"},"content":"}","lastModifiedDate":"2019-07-29"}],"authorContributionMap":{"huiting-ht":30,"-":4}},{"path":"src/main/java/commands/AddCommand.java","fileType":"java","lines":[{"lineNumber":1,"author":{"gitId":"huiting-ht"},"content":"package commands;","lastModifiedDate":"2023-10-15"},{"lineNumber":2,"author":{"gitId":"huiting-ht"},"content":"","lastModifiedDate":"2023-10-15"},{"lineNumber":3,"author":{"gitId":"huiting-ht"},"content":"import common.Messages;","lastModifiedDate":"2023-10-15"},{"lineNumber":4,"author":{"gitId":"huiting-ht"},"content":"import tasks.Task;","lastModifiedDate":"2023-10-15"},{"lineNumber":5,"author":{"gitId":"huiting-ht"},"content":"import tasks.ToDo;","lastModifiedDate":"2023-10-15"},{"lineNumber":6,"author":{"gitId":"huiting-ht"},"content":"import tasks.Event;","lastModifiedDate":"2023-10-15"},{"lineNumber":7,"author":{"gitId":"huiting-ht"},"content":"import tasks.Deadline;","lastModifiedDate":"2023-10-15"},{"lineNumber":8,"author":{"gitId":"huiting-ht"},"content":"","lastModifiedDate":"2023-10-15"},{"lineNumber":9,"author":{"gitId":"huiting-ht"},"content":"public class AddCommand extends Command {","lastModifiedDate":"2023-10-15"},{"lineNumber":10,"author":{"gitId":"huiting-ht"},"content":"    protected Task item;","lastModifiedDate":"2023-10-15"},{"lineNumber":11,"author":{"gitId":"huiting-ht"},"content":"","lastModifiedDate":"2023-10-15"},{"lineNumber":12,"author":{"gitId":"huiting-ht"},"content":"    public AddCommand(String description) {","lastModifiedDate":"2023-10-15"},{"lineNumber":13,"author":{"gitId":"huiting-ht"},"content":"        item \u003d new ToDo(description);","lastModifiedDate":"2023-10-15"},{"lineNumber":14,"author":{"gitId":"huiting-ht"},"content":"        tasks.add(item);","lastModifiedDate":"2023-10-15"},{"lineNumber":15,"author":{"gitId":"huiting-ht"},"content":"        saveLogs();","lastModifiedDate":"2023-10-15"},{"lineNumber":16,"author":{"gitId":"huiting-ht"},"content":"    }","lastModifiedDate":"2023-10-15"},{"lineNumber":17,"author":{"gitId":"huiting-ht"},"content":"","lastModifiedDate":"2023-10-15"},{"lineNumber":18,"author":{"gitId":"huiting-ht"},"content":"    public AddCommand(String description, String fromDateTime, String toDateTime) {","lastModifiedDate":"2023-10-15"},{"lineNumber":19,"author":{"gitId":"huiting-ht"},"content":"        item \u003d new Event(description, fromDateTime, toDateTime);","lastModifiedDate":"2023-10-15"},{"lineNumber":20,"author":{"gitId":"huiting-ht"},"content":"        tasks.add(item);","lastModifiedDate":"2023-10-15"},{"lineNumber":21,"author":{"gitId":"huiting-ht"},"content":"        saveLogs();","lastModifiedDate":"2023-10-15"},{"lineNumber":22,"author":{"gitId":"huiting-ht"},"content":"    }","lastModifiedDate":"2023-10-15"},{"lineNumber":23,"author":{"gitId":"huiting-ht"},"content":"","lastModifiedDate":"2023-10-15"},{"lineNumber":24,"author":{"gitId":"huiting-ht"},"content":"    public AddCommand(String description, String dueDateTime) {","lastModifiedDate":"2023-10-15"},{"lineNumber":25,"author":{"gitId":"huiting-ht"},"content":"        item \u003d new Deadline(description, dueDateTime);","lastModifiedDate":"2023-10-15"},{"lineNumber":26,"author":{"gitId":"huiting-ht"},"content":"        tasks.add(item);","lastModifiedDate":"2023-10-15"},{"lineNumber":27,"author":{"gitId":"huiting-ht"},"content":"        saveLogs();","lastModifiedDate":"2023-10-15"},{"lineNumber":28,"author":{"gitId":"huiting-ht"},"content":"    }","lastModifiedDate":"2023-10-15"},{"lineNumber":29,"author":{"gitId":"huiting-ht"},"content":"","lastModifiedDate":"2023-10-15"},{"lineNumber":30,"author":{"gitId":"huiting-ht"},"content":"    public void saveLogs() {","lastModifiedDate":"2023-10-15"},{"lineNumber":31,"author":{"gitId":"huiting-ht"},"content":"        logs.add(item.getTask());","lastModifiedDate":"2023-10-15"},{"lineNumber":32,"author":{"gitId":"huiting-ht"},"content":"        logs.add(Messages.SUCCESS_ADD_MESSAGE);","lastModifiedDate":"2023-10-15"},{"lineNumber":33,"author":{"gitId":"huiting-ht"},"content":"        logs.add(tasks.size() + Messages.CURRENT_LIST);","lastModifiedDate":"2023-10-15"},{"lineNumber":34,"author":{"gitId":"huiting-ht"},"content":"    }","lastModifiedDate":"2023-10-15"},{"lineNumber":35,"author":{"gitId":"huiting-ht"},"content":"}","lastModifiedDate":"2023-10-15"}],"authorContributionMap":{"huiting-ht":35}},{"path":"src/main/java/commands/Command.java","fileType":"java","lines":[{"lineNumber":1,"author":{"gitId":"huiting-ht"},"content":"package commands;","lastModifiedDate":"2023-10-15"},{"lineNumber":2,"author":{"gitId":"huiting-ht"},"content":"","lastModifiedDate":"2023-10-15"},{"lineNumber":3,"author":{"gitId":"huiting-ht"},"content":"import common.Messages;","lastModifiedDate":"2023-10-15"},{"lineNumber":4,"author":{"gitId":"huiting-ht"},"content":"import enumerations.Keyword;","lastModifiedDate":"2023-10-15"},{"lineNumber":5,"author":{"gitId":"huiting-ht"},"content":"import tasks.Task;","lastModifiedDate":"2023-10-15"},{"lineNumber":6,"author":{"gitId":"huiting-ht"},"content":"","lastModifiedDate":"2023-10-15"},{"lineNumber":7,"author":{"gitId":"huiting-ht"},"content":"import java.util.ArrayList;","lastModifiedDate":"2023-10-15"},{"lineNumber":8,"author":{"gitId":"huiting-ht"},"content":"","lastModifiedDate":"2023-10-15"},{"lineNumber":9,"author":{"gitId":"huiting-ht"},"content":"public class Command {","lastModifiedDate":"2023-10-15"},{"lineNumber":10,"author":{"gitId":"huiting-ht"},"content":"    protected static ArrayList\u003cTask\u003e tasks \u003d new ArrayList\u003c\u003e();","lastModifiedDate":"2023-10-15"},{"lineNumber":11,"author":{"gitId":"huiting-ht"},"content":"    protected static ArrayList\u003cString\u003e logs;","lastModifiedDate":"2023-10-15"},{"lineNumber":12,"author":{"gitId":"huiting-ht"},"content":"","lastModifiedDate":"2023-10-15"},{"lineNumber":13,"author":{"gitId":"huiting-ht"},"content":"    public ArrayList\u003cString\u003e executeCommand(ArrayList\u003cString\u003e parsedCommand) {","lastModifiedDate":"2023-10-15"},{"lineNumber":14,"author":{"gitId":"huiting-ht"},"content":"        logs \u003d new ArrayList\u003c\u003e();","lastModifiedDate":"2023-10-15"},{"lineNumber":15,"author":{"gitId":"huiting-ht"},"content":"","lastModifiedDate":"2023-10-15"},{"lineNumber":16,"author":{"gitId":"huiting-ht"},"content":"        if (!parsedCommand.isEmpty()) {","lastModifiedDate":"2023-10-15"},{"lineNumber":17,"author":{"gitId":"huiting-ht"},"content":"            Keyword commandType \u003d Keyword.valueOf(parsedCommand.get(0));","lastModifiedDate":"2023-10-15"},{"lineNumber":18,"author":{"gitId":"huiting-ht"},"content":"            String description;","lastModifiedDate":"2023-10-15"},{"lineNumber":19,"author":{"gitId":"huiting-ht"},"content":"            int index;","lastModifiedDate":"2023-10-15"},{"lineNumber":20,"author":{"gitId":"huiting-ht"},"content":"","lastModifiedDate":"2023-10-15"},{"lineNumber":21,"author":{"gitId":"huiting-ht"},"content":"            switch (commandType) {","lastModifiedDate":"2023-10-15"},{"lineNumber":22,"author":{"gitId":"huiting-ht"},"content":"                case TODO:","lastModifiedDate":"2023-10-15"},{"lineNumber":23,"author":{"gitId":"huiting-ht"},"content":"                    description \u003d parsedCommand.get(1);","lastModifiedDate":"2023-10-15"},{"lineNumber":24,"author":{"gitId":"huiting-ht"},"content":"                    new AddCommand(description);","lastModifiedDate":"2023-10-15"},{"lineNumber":25,"author":{"gitId":"huiting-ht"},"content":"                    break;","lastModifiedDate":"2023-10-15"},{"lineNumber":26,"author":{"gitId":"huiting-ht"},"content":"                case EVENT:","lastModifiedDate":"2023-10-15"},{"lineNumber":27,"author":{"gitId":"huiting-ht"},"content":"                    description \u003d parsedCommand.get(1);","lastModifiedDate":"2023-10-15"},{"lineNumber":28,"author":{"gitId":"huiting-ht"},"content":"                    String fromDateTime \u003d parsedCommand.get(2);","lastModifiedDate":"2023-10-15"},{"lineNumber":29,"author":{"gitId":"huiting-ht"},"content":"                    String toDateTime \u003d parsedCommand.get(3);","lastModifiedDate":"2023-10-15"},{"lineNumber":30,"author":{"gitId":"huiting-ht"},"content":"                    new AddCommand(description, fromDateTime, toDateTime);","lastModifiedDate":"2023-10-15"},{"lineNumber":31,"author":{"gitId":"huiting-ht"},"content":"                    break;","lastModifiedDate":"2023-10-15"},{"lineNumber":32,"author":{"gitId":"huiting-ht"},"content":"                case DEADLINE:","lastModifiedDate":"2023-10-15"},{"lineNumber":33,"author":{"gitId":"huiting-ht"},"content":"                    description \u003d parsedCommand.get(1);","lastModifiedDate":"2023-10-15"},{"lineNumber":34,"author":{"gitId":"huiting-ht"},"content":"                    String dueTime \u003d parsedCommand.get(2);","lastModifiedDate":"2023-10-15"},{"lineNumber":35,"author":{"gitId":"huiting-ht"},"content":"                    new AddCommand(description, dueTime);","lastModifiedDate":"2023-10-15"},{"lineNumber":36,"author":{"gitId":"huiting-ht"},"content":"                    break;","lastModifiedDate":"2023-10-15"},{"lineNumber":37,"author":{"gitId":"huiting-ht"},"content":"                case SELECT:","lastModifiedDate":"2023-10-15"},{"lineNumber":38,"author":{"gitId":"huiting-ht"},"content":"                    // Fallthrough","lastModifiedDate":"2023-10-15"},{"lineNumber":39,"author":{"gitId":"huiting-ht"},"content":"                case UNSELECT:","lastModifiedDate":"2023-10-15"},{"lineNumber":40,"author":{"gitId":"huiting-ht"},"content":"                    index \u003d Integer.parseInt(parsedCommand.get(1));","lastModifiedDate":"2023-10-15"},{"lineNumber":41,"author":{"gitId":"huiting-ht"},"content":"                    new UpdateCommand(index, commandType.toString());","lastModifiedDate":"2023-10-15"},{"lineNumber":42,"author":{"gitId":"huiting-ht"},"content":"                    break;","lastModifiedDate":"2023-10-15"},{"lineNumber":43,"author":{"gitId":"huiting-ht"},"content":"                case REMOVE:","lastModifiedDate":"2023-10-15"},{"lineNumber":44,"author":{"gitId":"huiting-ht"},"content":"                    index \u003d Integer.parseInt(parsedCommand.get(1));","lastModifiedDate":"2023-10-15"},{"lineNumber":45,"author":{"gitId":"huiting-ht"},"content":"                    new DeleteCommand(index);","lastModifiedDate":"2023-10-15"},{"lineNumber":46,"author":{"gitId":"huiting-ht"},"content":"                    break;","lastModifiedDate":"2023-10-15"},{"lineNumber":47,"author":{"gitId":"huiting-ht"},"content":"                case LIST:","lastModifiedDate":"2023-10-15"},{"lineNumber":48,"author":{"gitId":"huiting-ht"},"content":"                    new ListCommand();","lastModifiedDate":"2023-10-15"},{"lineNumber":49,"author":{"gitId":"huiting-ht"},"content":"                    break;","lastModifiedDate":"2023-10-15"},{"lineNumber":50,"author":{"gitId":"huiting-ht"},"content":"                case BYE:","lastModifiedDate":"2023-10-15"},{"lineNumber":51,"author":{"gitId":"huiting-ht"},"content":"                    new ExitCommand();","lastModifiedDate":"2023-10-15"},{"lineNumber":52,"author":{"gitId":"huiting-ht"},"content":"                    logs.add(Messages.EXIT_MESSAGE);","lastModifiedDate":"2023-10-15"},{"lineNumber":53,"author":{"gitId":"huiting-ht"},"content":"                    break;","lastModifiedDate":"2023-10-15"},{"lineNumber":54,"author":{"gitId":"huiting-ht"},"content":"            }","lastModifiedDate":"2023-10-15"},{"lineNumber":55,"author":{"gitId":"huiting-ht"},"content":"        }","lastModifiedDate":"2023-10-15"},{"lineNumber":56,"author":{"gitId":"huiting-ht"},"content":"","lastModifiedDate":"2023-10-15"},{"lineNumber":57,"author":{"gitId":"huiting-ht"},"content":"        return logs;","lastModifiedDate":"2023-10-15"},{"lineNumber":58,"author":{"gitId":"huiting-ht"},"content":"    }","lastModifiedDate":"2023-10-15"},{"lineNumber":59,"author":{"gitId":"huiting-ht"},"content":"","lastModifiedDate":"2023-10-15"},{"lineNumber":60,"author":{"gitId":"huiting-ht"},"content":"    public static ArrayList\u003cTask\u003e getTasks() {","lastModifiedDate":"2023-10-15"},{"lineNumber":61,"author":{"gitId":"huiting-ht"},"content":"        return tasks;","lastModifiedDate":"2023-10-15"},{"lineNumber":62,"author":{"gitId":"huiting-ht"},"content":"    }","lastModifiedDate":"2023-10-15"},{"lineNumber":63,"author":{"gitId":"huiting-ht"},"content":"}","lastModifiedDate":"2023-10-15"}],"authorContributionMap":{"huiting-ht":63}},{"path":"src/main/java/commands/DeleteCommand.java","fileType":"java","lines":[{"lineNumber":1,"author":{"gitId":"huiting-ht"},"content":"package commands;","lastModifiedDate":"2023-10-15"},{"lineNumber":2,"author":{"gitId":"huiting-ht"},"content":"","lastModifiedDate":"2023-10-15"},{"lineNumber":3,"author":{"gitId":"huiting-ht"},"content":"import common.Messages;","lastModifiedDate":"2023-10-15"},{"lineNumber":4,"author":{"gitId":"huiting-ht"},"content":"","lastModifiedDate":"2023-10-15"},{"lineNumber":5,"author":{"gitId":"huiting-ht"},"content":"public class DeleteCommand extends Command {","lastModifiedDate":"2023-10-15"},{"lineNumber":6,"author":{"gitId":"huiting-ht"},"content":"    public DeleteCommand(int index) {","lastModifiedDate":"2023-10-15"},{"lineNumber":7,"author":{"gitId":"huiting-ht"},"content":"        if (index \u003e -1 \u0026\u0026 index \u003c\u003d tasks.size()) {","lastModifiedDate":"2023-10-15"},{"lineNumber":8,"author":{"gitId":"huiting-ht"},"content":"            logs.add(tasks.get(index - 1).getTask());","lastModifiedDate":"2023-10-15"},{"lineNumber":9,"author":{"gitId":"huiting-ht"},"content":"            tasks.remove(index - 1);","lastModifiedDate":"2023-10-15"},{"lineNumber":10,"author":{"gitId":"huiting-ht"},"content":"            saveOutput();","lastModifiedDate":"2023-10-15"},{"lineNumber":11,"author":{"gitId":"huiting-ht"},"content":"        }","lastModifiedDate":"2023-10-15"},{"lineNumber":12,"author":{"gitId":"huiting-ht"},"content":"    }","lastModifiedDate":"2023-10-15"},{"lineNumber":13,"author":{"gitId":"huiting-ht"},"content":"","lastModifiedDate":"2023-10-15"},{"lineNumber":14,"author":{"gitId":"huiting-ht"},"content":"    public void saveOutput() {","lastModifiedDate":"2023-10-15"},{"lineNumber":15,"author":{"gitId":"huiting-ht"},"content":"        logs.add(Messages.SUCCESS_REMOVE_MESSAGE);","lastModifiedDate":"2023-10-15"},{"lineNumber":16,"author":{"gitId":"huiting-ht"},"content":"        logs.add(tasks.size() + Messages.CURRENT_LIST);","lastModifiedDate":"2023-10-15"},{"lineNumber":17,"author":{"gitId":"huiting-ht"},"content":"    }","lastModifiedDate":"2023-10-15"},{"lineNumber":18,"author":{"gitId":"huiting-ht"},"content":"}","lastModifiedDate":"2023-10-15"}],"authorContributionMap":{"huiting-ht":18}},{"path":"src/main/java/commands/ExitCommand.java","fileType":"java","lines":[{"lineNumber":1,"author":{"gitId":"huiting-ht"},"content":"package commands;","lastModifiedDate":"2023-10-15"},{"lineNumber":2,"author":{"gitId":"huiting-ht"},"content":"","lastModifiedDate":"2023-10-15"},{"lineNumber":3,"author":{"gitId":"huiting-ht"},"content":"public class ExitCommand extends Command {","lastModifiedDate":"2023-10-15"},{"lineNumber":4,"author":{"gitId":"huiting-ht"},"content":"    public static boolean isExit(String command) {","lastModifiedDate":"2023-10-15"},{"lineNumber":5,"author":{"gitId":"huiting-ht"},"content":"        return command.equalsIgnoreCase(\"bye\");","lastModifiedDate":"2023-10-15"},{"lineNumber":6,"author":{"gitId":"huiting-ht"},"content":"    }","lastModifiedDate":"2023-10-15"},{"lineNumber":7,"author":{"gitId":"huiting-ht"},"content":"}","lastModifiedDate":"2023-10-15"}],"authorContributionMap":{"huiting-ht":7}},{"path":"src/main/java/commands/ListCommand.java","fileType":"java","lines":[{"lineNumber":1,"author":{"gitId":"huiting-ht"},"content":"package commands;","lastModifiedDate":"2023-10-15"},{"lineNumber":2,"author":{"gitId":"huiting-ht"},"content":"","lastModifiedDate":"2023-10-15"},{"lineNumber":3,"author":{"gitId":"huiting-ht"},"content":"import common.Messages;","lastModifiedDate":"2023-10-15"},{"lineNumber":4,"author":{"gitId":"huiting-ht"},"content":"import tasks.Task;","lastModifiedDate":"2023-10-15"},{"lineNumber":5,"author":{"gitId":"huiting-ht"},"content":"","lastModifiedDate":"2023-10-15"},{"lineNumber":6,"author":{"gitId":"huiting-ht"},"content":"public class ListCommand extends Command {","lastModifiedDate":"2023-10-15"},{"lineNumber":7,"author":{"gitId":"huiting-ht"},"content":"    public ListCommand() {","lastModifiedDate":"2023-10-15"},{"lineNumber":8,"author":{"gitId":"huiting-ht"},"content":"        if (tasks.isEmpty()) {","lastModifiedDate":"2023-10-15"},{"lineNumber":9,"author":{"gitId":"huiting-ht"},"content":"            logs.add(Messages.EMPTY_LIST);","lastModifiedDate":"2023-10-15"},{"lineNumber":10,"author":{"gitId":"huiting-ht"},"content":"        } else {","lastModifiedDate":"2023-10-15"},{"lineNumber":11,"author":{"gitId":"huiting-ht"},"content":"            saveLogs();","lastModifiedDate":"2023-10-15"},{"lineNumber":12,"author":{"gitId":"huiting-ht"},"content":"        }","lastModifiedDate":"2023-10-15"},{"lineNumber":13,"author":{"gitId":"huiting-ht"},"content":"    }","lastModifiedDate":"2023-10-15"},{"lineNumber":14,"author":{"gitId":"huiting-ht"},"content":"","lastModifiedDate":"2023-10-15"},{"lineNumber":15,"author":{"gitId":"huiting-ht"},"content":"    public void saveLogs() {","lastModifiedDate":"2023-10-15"},{"lineNumber":16,"author":{"gitId":"huiting-ht"},"content":"        int itemNum \u003d 1;","lastModifiedDate":"2023-10-15"},{"lineNumber":17,"author":{"gitId":"huiting-ht"},"content":"","lastModifiedDate":"2023-10-15"},{"lineNumber":18,"author":{"gitId":"huiting-ht"},"content":"        logs.add(Messages.FULL_LIST);","lastModifiedDate":"2023-10-15"},{"lineNumber":19,"author":{"gitId":"huiting-ht"},"content":"        for (Task task : tasks) {","lastModifiedDate":"2023-10-15"},{"lineNumber":20,"author":{"gitId":"huiting-ht"},"content":"            logs.add(itemNum + \". \" + task.getTask());","lastModifiedDate":"2023-10-15"},{"lineNumber":21,"author":{"gitId":"huiting-ht"},"content":"            itemNum++;","lastModifiedDate":"2023-10-15"},{"lineNumber":22,"author":{"gitId":"huiting-ht"},"content":"        }","lastModifiedDate":"2023-10-15"},{"lineNumber":23,"author":{"gitId":"huiting-ht"},"content":"    }","lastModifiedDate":"2023-10-15"},{"lineNumber":24,"author":{"gitId":"huiting-ht"},"content":"}","lastModifiedDate":"2023-10-15"}],"authorContributionMap":{"huiting-ht":24}},{"path":"src/main/java/commands/UpdateCommand.java","fileType":"java","lines":[{"lineNumber":1,"author":{"gitId":"huiting-ht"},"content":"package commands;","lastModifiedDate":"2023-10-15"},{"lineNumber":2,"author":{"gitId":"huiting-ht"},"content":"","lastModifiedDate":"2023-10-15"},{"lineNumber":3,"author":{"gitId":"huiting-ht"},"content":"import common.Messages;","lastModifiedDate":"2023-10-15"},{"lineNumber":4,"author":{"gitId":"huiting-ht"},"content":"","lastModifiedDate":"2023-10-15"},{"lineNumber":5,"author":{"gitId":"huiting-ht"},"content":"public class UpdateCommand extends Command {","lastModifiedDate":"2023-10-15"},{"lineNumber":6,"author":{"gitId":"huiting-ht"},"content":"    public UpdateCommand(int index, String commandType) {","lastModifiedDate":"2023-10-15"},{"lineNumber":7,"author":{"gitId":"huiting-ht"},"content":"        if (index \u003e -1) {","lastModifiedDate":"2023-10-15"},{"lineNumber":8,"author":{"gitId":"huiting-ht"},"content":"            if (commandType.equalsIgnoreCase(\"select\")) {","lastModifiedDate":"2023-10-15"},{"lineNumber":9,"author":{"gitId":"huiting-ht"},"content":"                tasks.get(index - 1).setSelectStatus();","lastModifiedDate":"2023-10-15"},{"lineNumber":10,"author":{"gitId":"huiting-ht"},"content":"                logs.add(Messages.STATUS_SELECTED);","lastModifiedDate":"2023-10-15"},{"lineNumber":11,"author":{"gitId":"huiting-ht"},"content":"            } else {","lastModifiedDate":"2023-10-15"},{"lineNumber":12,"author":{"gitId":"huiting-ht"},"content":"                tasks.get(index - 1).setUnselectStatus();","lastModifiedDate":"2023-10-15"},{"lineNumber":13,"author":{"gitId":"huiting-ht"},"content":"                logs.add(Messages.STATUS_UNSELECTED);","lastModifiedDate":"2023-10-15"},{"lineNumber":14,"author":{"gitId":"huiting-ht"},"content":"            }","lastModifiedDate":"2023-10-15"},{"lineNumber":15,"author":{"gitId":"huiting-ht"},"content":"","lastModifiedDate":"2023-10-15"},{"lineNumber":16,"author":{"gitId":"huiting-ht"},"content":"            logs.add(tasks.get(index - 1).getTask());","lastModifiedDate":"2023-10-15"},{"lineNumber":17,"author":{"gitId":"huiting-ht"},"content":"        }","lastModifiedDate":"2023-10-15"},{"lineNumber":18,"author":{"gitId":"huiting-ht"},"content":"    }","lastModifiedDate":"2023-10-15"},{"lineNumber":19,"author":{"gitId":"huiting-ht"},"content":"}","lastModifiedDate":"2023-10-15"}],"authorContributionMap":{"huiting-ht":19}},{"path":"src/main/java/common/Messages.java","fileType":"java","lines":[{"lineNumber":1,"author":{"gitId":"huiting-ht"},"content":"package common;","lastModifiedDate":"2023-10-15"},{"lineNumber":2,"author":{"gitId":"huiting-ht"},"content":"","lastModifiedDate":"2023-10-15"},{"lineNumber":3,"author":{"gitId":"huiting-ht"},"content":"public class Messages {","lastModifiedDate":"2023-10-15"},{"lineNumber":4,"author":{"gitId":"huiting-ht"},"content":"    public static final String TOP_BORDER \u003d \"________________________________________________________________________________\";","lastModifiedDate":"2023-10-15"},{"lineNumber":5,"author":{"gitId":"huiting-ht"},"content":"    public static final String BOTTOM_BORDER \u003d \"--------------------------------------------------------------------------------\" + System.lineSeparator();","lastModifiedDate":"2023-10-15"},{"lineNumber":6,"author":{"gitId":"huiting-ht"},"content":"    public static final String FILE_NOT_FOUND \u003d \"File not found in this directory!\";","lastModifiedDate":"2023-10-15"},{"lineNumber":7,"author":{"gitId":"huiting-ht"},"content":"    public static final String INVALID_FILE_FORMAT \u003d \"Invalid file format! Please save as text file format~\";","lastModifiedDate":"2023-10-15"},{"lineNumber":8,"author":{"gitId":"huiting-ht"},"content":"    public static final String EMPTY_FILE \u003d \"File content is empty!\";","lastModifiedDate":"2023-10-15"},{"lineNumber":9,"author":{"gitId":"huiting-ht"},"content":"    public static final String EMPTY_LINE \u003d \"Current line is empty!\";","lastModifiedDate":"2023-10-15"},{"lineNumber":10,"author":{"gitId":"huiting-ht"},"content":"    public static final String INVALID_COMMAND \u003d \"You\u0027ve entered an invalid command!\";","lastModifiedDate":"2023-10-15"},{"lineNumber":11,"author":{"gitId":"huiting-ht"},"content":"    public static final String INVALID_COMMAND_FORMAT \u003d \"You\u0027ve entered an invalid command format!\";","lastModifiedDate":"2023-10-15"},{"lineNumber":12,"author":{"gitId":"huiting-ht"},"content":"    public static final String INVALID_DESC \u003d \"Description is empty!\";","lastModifiedDate":"2023-10-15"},{"lineNumber":13,"author":{"gitId":"huiting-ht"},"content":"    public static final String INVALID_DATE \u003d \"You\u0027ve entered an invalid date!\";","lastModifiedDate":"2023-10-15"},{"lineNumber":14,"author":{"gitId":"huiting-ht"},"content":"    public static final String INVALID_INDEX \u003d \"Index is out of bound! Please enter list command for more information\";","lastModifiedDate":"2023-10-15"},{"lineNumber":15,"author":{"gitId":"huiting-ht"},"content":"    public static final String STATUS_SELECTED \u003d \"You\u0027ve completed this item!\";","lastModifiedDate":"2023-10-15"},{"lineNumber":16,"author":{"gitId":"huiting-ht"},"content":"    public static final String STATUS_UNSELECTED \u003d \"Pending item\";","lastModifiedDate":"2023-10-15"},{"lineNumber":17,"author":{"gitId":"huiting-ht"},"content":"    public static final String EMPTY_LIST \u003d \"List is empty!\";","lastModifiedDate":"2023-10-15"},{"lineNumber":18,"author":{"gitId":"huiting-ht"},"content":"    public static final String SUCCESS_ADD_MESSAGE \u003d \"Successfully added to list!\";","lastModifiedDate":"2023-10-15"},{"lineNumber":19,"author":{"gitId":"huiting-ht"},"content":"    public static final String SUCCESS_REMOVE_MESSAGE \u003d \"Successfully removed from list!\";","lastModifiedDate":"2023-10-15"},{"lineNumber":20,"author":{"gitId":"huiting-ht"},"content":"    public static final String CURRENT_LIST \u003d \" item(s) in list~\";","lastModifiedDate":"2023-10-15"},{"lineNumber":21,"author":{"gitId":"huiting-ht"},"content":"    public static final String FULL_LIST \u003d \"All item(s) in current list:\";","lastModifiedDate":"2023-10-15"},{"lineNumber":22,"author":{"gitId":"huiting-ht"},"content":"    public static final String ERROR_MESSAGE \u003d \"File is not executable!\";","lastModifiedDate":"2023-10-15"},{"lineNumber":23,"author":{"gitId":"huiting-ht"},"content":"    public static final String EXIT_MESSAGE \u003d \"Thanks for using AMEBOT~!\";","lastModifiedDate":"2023-10-15"},{"lineNumber":24,"author":{"gitId":"huiting-ht"},"content":"}","lastModifiedDate":"2023-10-15"}],"authorContributionMap":{"huiting-ht":24}},{"path":"src/main/java/common/Title.java","fileType":"java","lines":[{"lineNumber":1,"author":{"gitId":"huiting-ht"},"content":"package common;","lastModifiedDate":"2023-10-15"},{"lineNumber":2,"author":{"gitId":"huiting-ht"},"content":"","lastModifiedDate":"2023-10-15"},{"lineNumber":3,"author":{"gitId":"huiting-ht"},"content":"public class Title {","lastModifiedDate":"2023-10-15"},{"lineNumber":4,"author":{"gitId":"huiting-ht"},"content":"    private static final String BORDER \u003d \"\u003d\u003d\u003d\u003d\u003d\u003d\u003d\u003d\u003d\u003d\u003d\u003d\u003d\u003d\u003d\u003d\u003d\u003d\u003d\u003d\u003d\u003d\u003d\u003d\u003d\u003d\u003d\u003d\u003d\u003d\u003d\u003d\u003d\u003d\u003d\u003d\u003d\u003d\u003d\u003d\u003d\u003d\u003d\u003d\u003d\u003d\u003d\u003d\u003d\u003d\u003d\u003d\u003d\u003d\u003d\u003d\u003d\u003d\u003d\u003d\u003d\u003d\u003d\u003d\u003d\u003d\u003d\u003d\u003d\u003d\u003d\u003d\u003d\u003d\u003d\u003d\u003d\u003d\u003d\u003d\" + System.lineSeparator();","lastModifiedDate":"2023-10-15"},{"lineNumber":5,"author":{"gitId":"huiting-ht"},"content":"","lastModifiedDate":"2023-10-15"},{"lineNumber":6,"author":{"gitId":"huiting-ht"},"content":"    private static final String MESSAGE \u003d \"                               _|\" + System.lineSeparator()","lastModifiedDate":"2023-10-15"},{"lineNumber":7,"author":{"gitId":"huiting-ht"},"content":"            + \"           _|    _|    _|_|    _|  _|      _|_|      _|_|_|    _|_|\" + System.lineSeparator()","lastModifiedDate":"2023-10-15"},{"lineNumber":8,"author":{"gitId":"huiting-ht"},"content":"            + \"           _|    _|  _|    _|  _|_|      _|    _|  _|_|      _|    _|\" + System.lineSeparator()","lastModifiedDate":"2023-10-15"},{"lineNumber":9,"author":{"gitId":"huiting-ht"},"content":"            + \"           _|    _|  _|    _|  _|  _|    _|    _|      _|_|  _|    _|\" + System.lineSeparator()","lastModifiedDate":"2023-10-15"},{"lineNumber":10,"author":{"gitId":"huiting-ht"},"content":"            + \"             _|_|_|    _|_|    _|    _|    _|_|    _|_|_|      _|_|\" + System.lineSeparator()","lastModifiedDate":"2023-10-15"},{"lineNumber":11,"author":{"gitId":"huiting-ht"},"content":"            + \"                 _|\" + System.lineSeparator()","lastModifiedDate":"2023-10-15"},{"lineNumber":12,"author":{"gitId":"huiting-ht"},"content":"            + \"             _|_|\" + System.lineSeparator();","lastModifiedDate":"2023-10-15"},{"lineNumber":13,"author":{"gitId":"huiting-ht"},"content":"","lastModifiedDate":"2023-10-15"},{"lineNumber":14,"author":{"gitId":"huiting-ht"},"content":"    private static final String LOGO \u003d \"    _     _      _     _      _     _      _     _      _     _      _     _\" + System.lineSeparator()","lastModifiedDate":"2023-10-15"},{"lineNumber":15,"author":{"gitId":"huiting-ht"},"content":"            + \"   (c).-.(c)    (c).-.(c)    (c).-.(c)    (c).-.(c)    (c).-.(c)    (c).-.(c)\" + System.lineSeparator()","lastModifiedDate":"2023-10-15"},{"lineNumber":16,"author":{"gitId":"huiting-ht"},"content":"            + \"    / ._. \\\\      / ._. \\\\      / ._. \\\\      / ._. \\\\      / ._. \\\\      / ._. \\\\\" + System.lineSeparator()","lastModifiedDate":"2023-10-15"},{"lineNumber":17,"author":{"gitId":"huiting-ht"},"content":"            + \"  __\\\\( Y )/__  __\\\\( Y )/__  __\\\\( Y )/__  __\\\\( Y )/__  __\\\\( Y )/__  __\\\\( Y )/__\" + System.lineSeparator()","lastModifiedDate":"2023-10-15"},{"lineNumber":18,"author":{"gitId":"huiting-ht"},"content":"            + \" (_.-/\u0027-\u0027\\\\-._)(_.-/\u0027-\u0027\\\\-._)(_.-/\u0027-\u0027\\\\-._)(_.-/\u0027-\u0027\\\\-._)(_.-/\u0027-\u0027\\\\-._)(_.-/\u0027-\u0027\\\\-._)\" + System.lineSeparator()","lastModifiedDate":"2023-10-15"},{"lineNumber":19,"author":{"gitId":"huiting-ht"},"content":"            + \"    || A ||      || M ||      || E ||      || B ||      || O ||      || T ||\" + System.lineSeparator()","lastModifiedDate":"2023-10-15"},{"lineNumber":20,"author":{"gitId":"huiting-ht"},"content":"            + \"  _.\u0027 `-\u0027 \u0027._  _.\u0027 `-\u0027 \u0027._  _.\u0027 `-\u0027 \u0027._  _.\u0027 `-\u0027 \u0027._  _.\u0027 `-\u0027 \u0027._  _.\u0027 `-\u0027 \u0027._\" + System.lineSeparator()","lastModifiedDate":"2023-10-15"},{"lineNumber":21,"author":{"gitId":"huiting-ht"},"content":"            + \" (.-./`-\u0027\\\\.-.)(.-./`-\u0027\\\\.-.)(.-./`-\u0027\\\\.-.)(.-./`-\u0027\\\\.-.)(.-./`-\u0027\\\\.-.)(.-./`-\u0027\\\\.-.)\" + System.lineSeparator()","lastModifiedDate":"2023-10-15"},{"lineNumber":22,"author":{"gitId":"huiting-ht"},"content":"            + \"  `-\u0027     `-\u0027  `-\u0027     `-\u0027  `-\u0027     `-\u0027  `-\u0027     `-\u0027  `-\u0027     `-\u0027  `-\u0027     `-\u0027\" + System.lineSeparator();","lastModifiedDate":"2023-10-15"},{"lineNumber":23,"author":{"gitId":"huiting-ht"},"content":"","lastModifiedDate":"2023-10-15"},{"lineNumber":24,"author":{"gitId":"huiting-ht"},"content":"    private static final String GREETING \u003d \"Yokoso, your personal assistant AMEBOT~!\" + System.lineSeparator()","lastModifiedDate":"2023-10-15"},{"lineNumber":25,"author":{"gitId":"huiting-ht"},"content":"            + \"Please enter the command(s):\";","lastModifiedDate":"2023-10-15"},{"lineNumber":26,"author":{"gitId":"huiting-ht"},"content":"","lastModifiedDate":"2023-10-15"},{"lineNumber":27,"author":{"gitId":"huiting-ht"},"content":"    public static void printHeader() {","lastModifiedDate":"2023-10-15"},{"lineNumber":28,"author":{"gitId":"huiting-ht"},"content":"        System.out.print(BORDER","lastModifiedDate":"2023-10-15"},{"lineNumber":29,"author":{"gitId":"huiting-ht"},"content":"                + MESSAGE","lastModifiedDate":"2023-10-15"},{"lineNumber":30,"author":{"gitId":"huiting-ht"},"content":"                + LOGO","lastModifiedDate":"2023-10-15"},{"lineNumber":31,"author":{"gitId":"huiting-ht"},"content":"                + BORDER);","lastModifiedDate":"2023-10-15"},{"lineNumber":32,"author":{"gitId":"huiting-ht"},"content":"    }","lastModifiedDate":"2023-10-15"},{"lineNumber":33,"author":{"gitId":"huiting-ht"},"content":"","lastModifiedDate":"2023-10-15"},{"lineNumber":34,"author":{"gitId":"huiting-ht"},"content":"    public static void printGreeting() {","lastModifiedDate":"2023-10-15"},{"lineNumber":35,"author":{"gitId":"huiting-ht"},"content":"        System.out.println(GREETING);","lastModifiedDate":"2023-10-15"},{"lineNumber":36,"author":{"gitId":"huiting-ht"},"content":"    }","lastModifiedDate":"2023-10-15"},{"lineNumber":37,"author":{"gitId":"huiting-ht"},"content":"}","lastModifiedDate":"2023-10-15"}],"authorContributionMap":{"huiting-ht":37}},{"path":"src/main/java/enumerations/Keyword.java","fileType":"java","lines":[{"lineNumber":1,"author":{"gitId":"huiting-ht"},"content":"package enumerations;","lastModifiedDate":"2023-10-15"},{"lineNumber":2,"author":{"gitId":"huiting-ht"},"content":"","lastModifiedDate":"2023-10-15"},{"lineNumber":3,"author":{"gitId":"huiting-ht"},"content":"public enum Keyword {","lastModifiedDate":"2023-10-15"},{"lineNumber":4,"author":{"gitId":"huiting-ht"},"content":"    TODO, EVENT, DEADLINE, LIST, SELECT, UNSELECT, REMOVE, BYE","lastModifiedDate":"2023-10-15"},{"lineNumber":5,"author":{"gitId":"huiting-ht"},"content":"}","lastModifiedDate":"2023-10-15"}],"authorContributionMap":{"huiting-ht":5}},{"path":"src/main/java/exceptions/AmebotException.java","fileType":"java","lines":[{"lineNumber":1,"author":{"gitId":"huiting-ht"},"content":"package exceptions;","lastModifiedDate":"2023-10-15"},{"lineNumber":2,"author":{"gitId":"huiting-ht"},"content":"","lastModifiedDate":"2023-09-22"},{"lineNumber":3,"author":{"gitId":"huiting-ht"},"content":"public class AmebotException extends Exception {","lastModifiedDate":"2023-09-22"},{"lineNumber":4,"author":{"gitId":"huiting-ht"},"content":"    public AmebotException(String err) {","lastModifiedDate":"2023-09-22"},{"lineNumber":5,"author":{"gitId":"huiting-ht"},"content":"        super(err);","lastModifiedDate":"2023-09-22"},{"lineNumber":6,"author":{"gitId":"huiting-ht"},"content":"    }","lastModifiedDate":"2023-09-22"},{"lineNumber":7,"author":{"gitId":"huiting-ht"},"content":"}","lastModifiedDate":"2023-09-22"}],"authorContributionMap":{"huiting-ht":7}},{"path":"src/main/java/parser/Parser.java","fileType":"java","lines":[{"lineNumber":1,"author":{"gitId":"huiting-ht"},"content":"package parser;","lastModifiedDate":"2023-10-15"},{"lineNumber":2,"author":{"gitId":"huiting-ht"},"content":"","lastModifiedDate":"2023-10-15"},{"lineNumber":3,"author":{"gitId":"huiting-ht"},"content":"import common.Messages;","lastModifiedDate":"2023-10-15"},{"lineNumber":4,"author":{"gitId":"huiting-ht"},"content":"import enumerations.Keyword;","lastModifiedDate":"2023-10-15"},{"lineNumber":5,"author":{"gitId":"huiting-ht"},"content":"import tasks.Task;","lastModifiedDate":"2023-10-15"},{"lineNumber":6,"author":{"gitId":"huiting-ht"},"content":"","lastModifiedDate":"2023-10-15"},{"lineNumber":7,"author":{"gitId":"huiting-ht"},"content":"import java.util.EnumSet;","lastModifiedDate":"2023-10-15"},{"lineNumber":8,"author":{"gitId":"huiting-ht"},"content":"import java.util.ArrayList;","lastModifiedDate":"2023-10-15"},{"lineNumber":9,"author":{"gitId":"huiting-ht"},"content":"","lastModifiedDate":"2023-10-15"},{"lineNumber":10,"author":{"gitId":"huiting-ht"},"content":"public class Parser {","lastModifiedDate":"2023-10-15"},{"lineNumber":11,"author":{"gitId":"huiting-ht"},"content":"    protected ArrayList\u003cString\u003e parsedCommand \u003d new ArrayList\u003c\u003e();","lastModifiedDate":"2023-10-15"},{"lineNumber":12,"author":{"gitId":"huiting-ht"},"content":"    protected final String LIST_REGEX \u003d \"^list$\";","lastModifiedDate":"2023-10-15"},{"lineNumber":13,"author":{"gitId":"huiting-ht"},"content":"    protected final String TODO_REGEX \u003d \"^todo(?!\\\\s*$).+$\";","lastModifiedDate":"2023-10-15"},{"lineNumber":14,"author":{"gitId":"huiting-ht"},"content":"    protected final String EVENT_REGEX \u003d \"^event .+ /from .+ /to .+$\";","lastModifiedDate":"2023-10-15"},{"lineNumber":15,"author":{"gitId":"huiting-ht"},"content":"    protected final String FROM_REGEX \u003d \" /from \";","lastModifiedDate":"2023-10-15"},{"lineNumber":16,"author":{"gitId":"huiting-ht"},"content":"    protected final String TO_REGEX \u003d \" /to \";","lastModifiedDate":"2023-10-15"},{"lineNumber":17,"author":{"gitId":"huiting-ht"},"content":"    protected final String DEADLINE_REGEX \u003d \"^deadline .+ /due .+$\";","lastModifiedDate":"2023-10-15"},{"lineNumber":18,"author":{"gitId":"huiting-ht"},"content":"    protected final String DUE_REGEX \u003d \" /due \";","lastModifiedDate":"2023-10-15"},{"lineNumber":19,"author":{"gitId":"huiting-ht"},"content":"    protected final String SELECT_INDEX_REGEX \u003d \"^(select|unselect) [1-9][0-9]*$\";","lastModifiedDate":"2023-10-15"},{"lineNumber":20,"author":{"gitId":"huiting-ht"},"content":"    protected final String REMOVE_INDEX_REGEX \u003d \"^(remove) [0-9]+$\";","lastModifiedDate":"2023-10-15"},{"lineNumber":21,"author":{"gitId":"huiting-ht"},"content":"    protected final String BYE_REGEX \u003d \"^bye$\";","lastModifiedDate":"2023-10-15"},{"lineNumber":22,"author":{"gitId":"huiting-ht"},"content":"","lastModifiedDate":"2023-10-15"},{"lineNumber":23,"author":{"gitId":"huiting-ht"},"content":"    public ArrayList\u003cString\u003e parseCommand(String command) {","lastModifiedDate":"2023-10-15"},{"lineNumber":24,"author":{"gitId":"huiting-ht"},"content":"        String[] words \u003d command.trim().split(\" \");","lastModifiedDate":"2023-10-15"},{"lineNumber":25,"author":{"gitId":"huiting-ht"},"content":"        String commandName \u003d words[0].toUpperCase();","lastModifiedDate":"2023-10-15"},{"lineNumber":26,"author":{"gitId":"huiting-ht"},"content":"","lastModifiedDate":"2023-10-15"},{"lineNumber":27,"author":{"gitId":"huiting-ht"},"content":"        if (isValidCommand(commandName)) {","lastModifiedDate":"2023-10-15"},{"lineNumber":28,"author":{"gitId":"huiting-ht"},"content":"            Keyword commandType \u003d Keyword.valueOf(commandName);","lastModifiedDate":"2023-10-15"},{"lineNumber":29,"author":{"gitId":"huiting-ht"},"content":"","lastModifiedDate":"2023-10-15"},{"lineNumber":30,"author":{"gitId":"huiting-ht"},"content":"            switch (commandType) {","lastModifiedDate":"2023-10-15"},{"lineNumber":31,"author":{"gitId":"huiting-ht"},"content":"                case TODO:","lastModifiedDate":"2023-10-15"},{"lineNumber":32,"author":{"gitId":"huiting-ht"},"content":"                    parseTodo(commandName, command);","lastModifiedDate":"2023-10-15"},{"lineNumber":33,"author":{"gitId":"huiting-ht"},"content":"                    break;","lastModifiedDate":"2023-10-15"},{"lineNumber":34,"author":{"gitId":"huiting-ht"},"content":"                case EVENT:","lastModifiedDate":"2023-10-15"},{"lineNumber":35,"author":{"gitId":"huiting-ht"},"content":"                    parseEvent(commandName, command);","lastModifiedDate":"2023-10-15"},{"lineNumber":36,"author":{"gitId":"huiting-ht"},"content":"                    break;","lastModifiedDate":"2023-10-15"},{"lineNumber":37,"author":{"gitId":"huiting-ht"},"content":"                case DEADLINE:","lastModifiedDate":"2023-10-15"},{"lineNumber":38,"author":{"gitId":"huiting-ht"},"content":"                    parseDeadline(commandName, command);","lastModifiedDate":"2023-10-15"},{"lineNumber":39,"author":{"gitId":"huiting-ht"},"content":"                    break;","lastModifiedDate":"2023-10-15"},{"lineNumber":40,"author":{"gitId":"huiting-ht"},"content":"                case SELECT:","lastModifiedDate":"2023-10-15"},{"lineNumber":41,"author":{"gitId":"huiting-ht"},"content":"                    // Fallthrough","lastModifiedDate":"2023-10-15"},{"lineNumber":42,"author":{"gitId":"huiting-ht"},"content":"                case UNSELECT:","lastModifiedDate":"2023-10-15"},{"lineNumber":43,"author":{"gitId":"huiting-ht"},"content":"                    // Fallthrough","lastModifiedDate":"2023-10-15"},{"lineNumber":44,"author":{"gitId":"huiting-ht"},"content":"                case REMOVE:","lastModifiedDate":"2023-10-15"},{"lineNumber":45,"author":{"gitId":"huiting-ht"},"content":"                    parseUpdate(commandName, command, words);","lastModifiedDate":"2023-10-15"},{"lineNumber":46,"author":{"gitId":"huiting-ht"},"content":"                    break;","lastModifiedDate":"2023-10-15"},{"lineNumber":47,"author":{"gitId":"huiting-ht"},"content":"                default:","lastModifiedDate":"2023-10-15"},{"lineNumber":48,"author":{"gitId":"huiting-ht"},"content":"                    parseDefault(commandName, command);","lastModifiedDate":"2023-10-15"},{"lineNumber":49,"author":{"gitId":"huiting-ht"},"content":"                    break;","lastModifiedDate":"2023-10-15"},{"lineNumber":50,"author":{"gitId":"huiting-ht"},"content":"            }","lastModifiedDate":"2023-10-15"},{"lineNumber":51,"author":{"gitId":"huiting-ht"},"content":"        } else {","lastModifiedDate":"2023-10-15"},{"lineNumber":52,"author":{"gitId":"huiting-ht"},"content":"            System.out.println(Messages.INVALID_COMMAND);","lastModifiedDate":"2023-10-15"},{"lineNumber":53,"author":{"gitId":"huiting-ht"},"content":"        }","lastModifiedDate":"2023-10-15"},{"lineNumber":54,"author":{"gitId":"huiting-ht"},"content":"","lastModifiedDate":"2023-10-15"},{"lineNumber":55,"author":{"gitId":"huiting-ht"},"content":"        return parsedCommand;","lastModifiedDate":"2023-10-15"},{"lineNumber":56,"author":{"gitId":"huiting-ht"},"content":"    }","lastModifiedDate":"2023-10-15"},{"lineNumber":57,"author":{"gitId":"huiting-ht"},"content":"","lastModifiedDate":"2023-10-15"},{"lineNumber":58,"author":{"gitId":"huiting-ht"},"content":"    public boolean isValidCommand(String commandName) {","lastModifiedDate":"2023-10-15"},{"lineNumber":59,"author":{"gitId":"huiting-ht"},"content":"        EnumSet\u003cKeyword\u003e commandList \u003d EnumSet.allOf(Keyword.class);","lastModifiedDate":"2023-10-15"},{"lineNumber":60,"author":{"gitId":"huiting-ht"},"content":"","lastModifiedDate":"2023-10-15"},{"lineNumber":61,"author":{"gitId":"huiting-ht"},"content":"        for (Keyword commandType : commandList) {","lastModifiedDate":"2023-10-15"},{"lineNumber":62,"author":{"gitId":"huiting-ht"},"content":"            boolean isMatch \u003d commandType.toString().equalsIgnoreCase(commandName);","lastModifiedDate":"2023-10-15"},{"lineNumber":63,"author":{"gitId":"huiting-ht"},"content":"","lastModifiedDate":"2023-10-15"},{"lineNumber":64,"author":{"gitId":"huiting-ht"},"content":"            if (isMatch) {","lastModifiedDate":"2023-10-15"},{"lineNumber":65,"author":{"gitId":"huiting-ht"},"content":"                return true;","lastModifiedDate":"2023-10-15"},{"lineNumber":66,"author":{"gitId":"huiting-ht"},"content":"            }","lastModifiedDate":"2023-10-15"},{"lineNumber":67,"author":{"gitId":"huiting-ht"},"content":"        }","lastModifiedDate":"2023-10-15"},{"lineNumber":68,"author":{"gitId":"huiting-ht"},"content":"","lastModifiedDate":"2023-10-15"},{"lineNumber":69,"author":{"gitId":"huiting-ht"},"content":"        return false;","lastModifiedDate":"2023-10-15"},{"lineNumber":70,"author":{"gitId":"huiting-ht"},"content":"    }","lastModifiedDate":"2023-10-15"},{"lineNumber":71,"author":{"gitId":"huiting-ht"},"content":"","lastModifiedDate":"2023-10-15"},{"lineNumber":72,"author":{"gitId":"huiting-ht"},"content":"    public void parseTodo(String commandName, String command) {","lastModifiedDate":"2023-10-15"},{"lineNumber":73,"author":{"gitId":"huiting-ht"},"content":"        if (isValidCommandFormat(command)) {","lastModifiedDate":"2023-10-15"},{"lineNumber":74,"author":{"gitId":"huiting-ht"},"content":"            parsedCommand.add(commandName);","lastModifiedDate":"2023-10-15"},{"lineNumber":75,"author":{"gitId":"huiting-ht"},"content":"            int size \u003d command.length();","lastModifiedDate":"2023-10-15"},{"lineNumber":76,"author":{"gitId":"huiting-ht"},"content":"            setDescription(command, 5, size);","lastModifiedDate":"2023-10-15"},{"lineNumber":77,"author":{"gitId":"huiting-ht"},"content":"        } else {","lastModifiedDate":"2023-10-15"},{"lineNumber":78,"author":{"gitId":"huiting-ht"},"content":"            System.out.println(Messages.INVALID_COMMAND_FORMAT);","lastModifiedDate":"2023-10-15"},{"lineNumber":79,"author":{"gitId":"huiting-ht"},"content":"        }","lastModifiedDate":"2023-10-15"},{"lineNumber":80,"author":{"gitId":"huiting-ht"},"content":"    }","lastModifiedDate":"2023-10-15"},{"lineNumber":81,"author":{"gitId":"huiting-ht"},"content":"","lastModifiedDate":"2023-10-15"},{"lineNumber":82,"author":{"gitId":"huiting-ht"},"content":"    public void parseEvent(String commandName, String command) {","lastModifiedDate":"2023-10-15"},{"lineNumber":83,"author":{"gitId":"huiting-ht"},"content":"        if (isValidCommandFormat(command)) {","lastModifiedDate":"2023-10-15"},{"lineNumber":84,"author":{"gitId":"huiting-ht"},"content":"            parsedCommand.add(commandName);","lastModifiedDate":"2023-10-15"},{"lineNumber":85,"author":{"gitId":"huiting-ht"},"content":"            int index \u003d command.indexOf(FROM_REGEX);","lastModifiedDate":"2023-10-15"},{"lineNumber":86,"author":{"gitId":"huiting-ht"},"content":"            setDescription(command, 6, index);","lastModifiedDate":"2023-10-15"},{"lineNumber":87,"author":{"gitId":"huiting-ht"},"content":"            setDateTime(command, index);","lastModifiedDate":"2023-10-15"},{"lineNumber":88,"author":{"gitId":"huiting-ht"},"content":"        } else {","lastModifiedDate":"2023-10-15"},{"lineNumber":89,"author":{"gitId":"huiting-ht"},"content":"            System.out.println(Messages.INVALID_COMMAND_FORMAT);","lastModifiedDate":"2023-10-15"},{"lineNumber":90,"author":{"gitId":"huiting-ht"},"content":"        }","lastModifiedDate":"2023-10-15"},{"lineNumber":91,"author":{"gitId":"huiting-ht"},"content":"    }","lastModifiedDate":"2023-10-15"},{"lineNumber":92,"author":{"gitId":"huiting-ht"},"content":"","lastModifiedDate":"2023-10-15"},{"lineNumber":93,"author":{"gitId":"huiting-ht"},"content":"    public void parseDeadline(String commandName, String command) {","lastModifiedDate":"2023-10-15"},{"lineNumber":94,"author":{"gitId":"huiting-ht"},"content":"        if (isValidCommandFormat(command)) {","lastModifiedDate":"2023-10-15"},{"lineNumber":95,"author":{"gitId":"huiting-ht"},"content":"            parsedCommand.add(commandName);","lastModifiedDate":"2023-10-15"},{"lineNumber":96,"author":{"gitId":"huiting-ht"},"content":"            int index \u003d command.indexOf(DUE_REGEX);","lastModifiedDate":"2023-10-15"},{"lineNumber":97,"author":{"gitId":"huiting-ht"},"content":"            setDescription(command, 9, index);","lastModifiedDate":"2023-10-15"},{"lineNumber":98,"author":{"gitId":"huiting-ht"},"content":"            setDateTime(command, index);","lastModifiedDate":"2023-10-15"},{"lineNumber":99,"author":{"gitId":"huiting-ht"},"content":"        } else {","lastModifiedDate":"2023-10-15"},{"lineNumber":100,"author":{"gitId":"huiting-ht"},"content":"            System.out.println(Messages.INVALID_COMMAND_FORMAT);","lastModifiedDate":"2023-10-15"},{"lineNumber":101,"author":{"gitId":"huiting-ht"},"content":"        }","lastModifiedDate":"2023-10-15"},{"lineNumber":102,"author":{"gitId":"huiting-ht"},"content":"    }","lastModifiedDate":"2023-10-15"},{"lineNumber":103,"author":{"gitId":"huiting-ht"},"content":"","lastModifiedDate":"2023-10-15"},{"lineNumber":104,"author":{"gitId":"huiting-ht"},"content":"    public void setDescription(String command, int startIndex, int endIndex) {","lastModifiedDate":"2023-10-15"},{"lineNumber":105,"author":{"gitId":"huiting-ht"},"content":"        if (startIndex \u003c endIndex) {","lastModifiedDate":"2023-10-15"},{"lineNumber":106,"author":{"gitId":"huiting-ht"},"content":"            String description \u003d command.substring(startIndex, endIndex);","lastModifiedDate":"2023-10-15"},{"lineNumber":107,"author":{"gitId":"huiting-ht"},"content":"            parsedCommand.add(description);","lastModifiedDate":"2023-10-15"},{"lineNumber":108,"author":{"gitId":"huiting-ht"},"content":"        } else {","lastModifiedDate":"2023-10-15"},{"lineNumber":109,"author":{"gitId":"huiting-ht"},"content":"            System.out.println(Messages.INVALID_DESC);","lastModifiedDate":"2023-10-15"},{"lineNumber":110,"author":{"gitId":"huiting-ht"},"content":"        }","lastModifiedDate":"2023-10-15"},{"lineNumber":111,"author":{"gitId":"huiting-ht"},"content":"    }","lastModifiedDate":"2023-10-15"},{"lineNumber":112,"author":{"gitId":"huiting-ht"},"content":"","lastModifiedDate":"2023-10-15"},{"lineNumber":113,"author":{"gitId":"huiting-ht"},"content":"    public void setDateTime(String command, int index) {","lastModifiedDate":"2023-10-15"},{"lineNumber":114,"author":{"gitId":"huiting-ht"},"content":"        int size \u003d command.length();","lastModifiedDate":"2023-10-15"},{"lineNumber":115,"author":{"gitId":"huiting-ht"},"content":"        String dateTime \u003d command.substring(index, size);","lastModifiedDate":"2023-10-15"},{"lineNumber":116,"author":{"gitId":"huiting-ht"},"content":"","lastModifiedDate":"2023-10-15"},{"lineNumber":117,"author":{"gitId":"huiting-ht"},"content":"        if (isValidDate(dateTime)) {","lastModifiedDate":"2023-10-15"},{"lineNumber":118,"author":{"gitId":"huiting-ht"},"content":"            splitDateTime(dateTime);","lastModifiedDate":"2023-10-15"},{"lineNumber":119,"author":{"gitId":"huiting-ht"},"content":"        } else {","lastModifiedDate":"2023-10-15"},{"lineNumber":120,"author":{"gitId":"huiting-ht"},"content":"            System.out.println(Messages.INVALID_DATE);","lastModifiedDate":"2023-10-15"},{"lineNumber":121,"author":{"gitId":"huiting-ht"},"content":"        }","lastModifiedDate":"2023-10-15"},{"lineNumber":122,"author":{"gitId":"huiting-ht"},"content":"    }","lastModifiedDate":"2023-10-15"},{"lineNumber":123,"author":{"gitId":"huiting-ht"},"content":"","lastModifiedDate":"2023-10-15"},{"lineNumber":124,"author":{"gitId":"huiting-ht"},"content":"    public boolean isValidDate(String date) {","lastModifiedDate":"2023-10-15"},{"lineNumber":125,"author":{"gitId":"huiting-ht"},"content":"        boolean isEventDate \u003d date.contains(FROM_REGEX) \u0026\u0026 date.contains(TO_REGEX);","lastModifiedDate":"2023-10-15"},{"lineNumber":126,"author":{"gitId":"huiting-ht"},"content":"        boolean isDeadlineDate \u003d date.contains(DUE_REGEX);","lastModifiedDate":"2023-10-15"},{"lineNumber":127,"author":{"gitId":"huiting-ht"},"content":"","lastModifiedDate":"2023-10-15"},{"lineNumber":128,"author":{"gitId":"huiting-ht"},"content":"        return isEventDate || isDeadlineDate;","lastModifiedDate":"2023-10-15"},{"lineNumber":129,"author":{"gitId":"huiting-ht"},"content":"    }","lastModifiedDate":"2023-10-15"},{"lineNumber":130,"author":{"gitId":"huiting-ht"},"content":"","lastModifiedDate":"2023-10-15"},{"lineNumber":131,"author":{"gitId":"huiting-ht"},"content":"    public void splitDateTime(String date) {","lastModifiedDate":"2023-10-15"},{"lineNumber":132,"author":{"gitId":"huiting-ht"},"content":"        int size \u003d date.length();","lastModifiedDate":"2023-10-15"},{"lineNumber":133,"author":{"gitId":"huiting-ht"},"content":"","lastModifiedDate":"2023-10-15"},{"lineNumber":134,"author":{"gitId":"huiting-ht"},"content":"        if (date.contains(FROM_REGEX)) {","lastModifiedDate":"2023-10-15"},{"lineNumber":135,"author":{"gitId":"huiting-ht"},"content":"            int index \u003d date.indexOf(TO_REGEX);","lastModifiedDate":"2023-10-15"},{"lineNumber":136,"author":{"gitId":"huiting-ht"},"content":"","lastModifiedDate":"2023-10-15"},{"lineNumber":137,"author":{"gitId":"huiting-ht"},"content":"            String from \u003d date.substring(0, 6).replace(\u0027/\u0027, \u0027(\u0027);","lastModifiedDate":"2023-10-15"},{"lineNumber":138,"author":{"gitId":"huiting-ht"},"content":"            String fromTime \u003d date.substring(6, index);","lastModifiedDate":"2023-10-15"},{"lineNumber":139,"author":{"gitId":"huiting-ht"},"content":"            String fromDate \u003d from + \":\" + fromTime;","lastModifiedDate":"2023-10-15"},{"lineNumber":140,"author":{"gitId":"huiting-ht"},"content":"","lastModifiedDate":"2023-10-15"},{"lineNumber":141,"author":{"gitId":"huiting-ht"},"content":"            String to \u003d date.substring(index + 1, index + 4).replace(\u0027/\u0027, \u0027 \u0027);","lastModifiedDate":"2023-10-15"},{"lineNumber":142,"author":{"gitId":"huiting-ht"},"content":"            String toTime \u003d date.substring(index + 4, size);","lastModifiedDate":"2023-10-15"},{"lineNumber":143,"author":{"gitId":"huiting-ht"},"content":"            String toDate \u003d to + \":\" + toTime + \")\";","lastModifiedDate":"2023-10-15"},{"lineNumber":144,"author":{"gitId":"huiting-ht"},"content":"","lastModifiedDate":"2023-10-15"},{"lineNumber":145,"author":{"gitId":"huiting-ht"},"content":"            parsedCommand.add(fromDate);","lastModifiedDate":"2023-10-15"},{"lineNumber":146,"author":{"gitId":"huiting-ht"},"content":"            parsedCommand.add(toDate);","lastModifiedDate":"2023-10-15"},{"lineNumber":147,"author":{"gitId":"huiting-ht"},"content":"        } else {","lastModifiedDate":"2023-10-15"},{"lineNumber":148,"author":{"gitId":"huiting-ht"},"content":"            String dueDate \u003d date.substring(0, 5).replace(\u0027/\u0027, \u0027(\u0027);","lastModifiedDate":"2023-10-15"},{"lineNumber":149,"author":{"gitId":"huiting-ht"},"content":"            String dueDateTime \u003d date.substring(5);","lastModifiedDate":"2023-10-15"},{"lineNumber":150,"author":{"gitId":"huiting-ht"},"content":"            String due \u003d dueDate + \":\" + dueDateTime + \")\";","lastModifiedDate":"2023-10-15"},{"lineNumber":151,"author":{"gitId":"huiting-ht"},"content":"","lastModifiedDate":"2023-10-15"},{"lineNumber":152,"author":{"gitId":"huiting-ht"},"content":"            parsedCommand.add(due);","lastModifiedDate":"2023-10-15"},{"lineNumber":153,"author":{"gitId":"huiting-ht"},"content":"        }","lastModifiedDate":"2023-10-15"},{"lineNumber":154,"author":{"gitId":"huiting-ht"},"content":"    }","lastModifiedDate":"2023-10-15"},{"lineNumber":155,"author":{"gitId":"huiting-ht"},"content":"","lastModifiedDate":"2023-10-15"},{"lineNumber":156,"author":{"gitId":"huiting-ht"},"content":"    public void parseUpdate(String commandName, String command, String[] words) {","lastModifiedDate":"2023-10-15"},{"lineNumber":157,"author":{"gitId":"huiting-ht"},"content":"        if (isValidCommandFormat(command)) {","lastModifiedDate":"2023-10-15"},{"lineNumber":158,"author":{"gitId":"huiting-ht"},"content":"            parsedCommand.add(commandName);","lastModifiedDate":"2023-10-15"},{"lineNumber":159,"author":{"gitId":"huiting-ht"},"content":"            setIndex(words[1]);","lastModifiedDate":"2023-10-15"},{"lineNumber":160,"author":{"gitId":"huiting-ht"},"content":"        } else {","lastModifiedDate":"2023-10-15"},{"lineNumber":161,"author":{"gitId":"huiting-ht"},"content":"            System.out.println(Messages.INVALID_COMMAND_FORMAT);","lastModifiedDate":"2023-10-15"},{"lineNumber":162,"author":{"gitId":"huiting-ht"},"content":"        }","lastModifiedDate":"2023-10-15"},{"lineNumber":163,"author":{"gitId":"huiting-ht"},"content":"    }","lastModifiedDate":"2023-10-15"},{"lineNumber":164,"author":{"gitId":"huiting-ht"},"content":"","lastModifiedDate":"2023-10-15"},{"lineNumber":165,"author":{"gitId":"huiting-ht"},"content":"    public void setIndex(String index) {","lastModifiedDate":"2023-10-15"},{"lineNumber":166,"author":{"gitId":"huiting-ht"},"content":"        int taskIndex \u003d Integer.parseInt(index);","lastModifiedDate":"2023-10-15"},{"lineNumber":167,"author":{"gitId":"huiting-ht"},"content":"","lastModifiedDate":"2023-10-15"},{"lineNumber":168,"author":{"gitId":"huiting-ht"},"content":"        if (isValidIndex(taskIndex)) {","lastModifiedDate":"2023-10-15"},{"lineNumber":169,"author":{"gitId":"huiting-ht"},"content":"            parsedCommand.add(index);","lastModifiedDate":"2023-10-15"},{"lineNumber":170,"author":{"gitId":"huiting-ht"},"content":"        } else {","lastModifiedDate":"2023-10-15"},{"lineNumber":171,"author":{"gitId":"huiting-ht"},"content":"            parsedCommand.add(\"-1\");","lastModifiedDate":"2023-10-15"},{"lineNumber":172,"author":{"gitId":"huiting-ht"},"content":"            System.out.println(Messages.INVALID_INDEX);","lastModifiedDate":"2023-10-15"},{"lineNumber":173,"author":{"gitId":"huiting-ht"},"content":"        }","lastModifiedDate":"2023-10-15"},{"lineNumber":174,"author":{"gitId":"huiting-ht"},"content":"    }","lastModifiedDate":"2023-10-15"},{"lineNumber":175,"author":{"gitId":"huiting-ht"},"content":"","lastModifiedDate":"2023-10-15"},{"lineNumber":176,"author":{"gitId":"huiting-ht"},"content":"    public boolean isValidIndex(int taskIndex) {","lastModifiedDate":"2023-10-15"},{"lineNumber":177,"author":{"gitId":"huiting-ht"},"content":"        return taskIndex \u003c\u003d Task.getListSize();","lastModifiedDate":"2023-10-15"},{"lineNumber":178,"author":{"gitId":"huiting-ht"},"content":"    }","lastModifiedDate":"2023-10-15"},{"lineNumber":179,"author":{"gitId":"huiting-ht"},"content":"","lastModifiedDate":"2023-10-15"},{"lineNumber":180,"author":{"gitId":"huiting-ht"},"content":"    public void parseDefault(String commandName, String command) {","lastModifiedDate":"2023-10-15"},{"lineNumber":181,"author":{"gitId":"huiting-ht"},"content":"        if (isValidCommandFormat(command)) {","lastModifiedDate":"2023-10-15"},{"lineNumber":182,"author":{"gitId":"huiting-ht"},"content":"            parsedCommand.add(commandName);","lastModifiedDate":"2023-10-15"},{"lineNumber":183,"author":{"gitId":"huiting-ht"},"content":"        } else {","lastModifiedDate":"2023-10-15"},{"lineNumber":184,"author":{"gitId":"huiting-ht"},"content":"            System.out.println(Messages.INVALID_COMMAND_FORMAT);","lastModifiedDate":"2023-10-15"},{"lineNumber":185,"author":{"gitId":"huiting-ht"},"content":"        }","lastModifiedDate":"2023-10-15"},{"lineNumber":186,"author":{"gitId":"huiting-ht"},"content":"    }","lastModifiedDate":"2023-10-15"},{"lineNumber":187,"author":{"gitId":"huiting-ht"},"content":"","lastModifiedDate":"2023-10-15"},{"lineNumber":188,"author":{"gitId":"huiting-ht"},"content":"    public boolean isValidCommandFormat(String command) {","lastModifiedDate":"2023-10-15"},{"lineNumber":189,"author":{"gitId":"huiting-ht"},"content":"        return command.matches(TODO_REGEX) || command.matches(EVENT_REGEX) || command.matches(DEADLINE_REGEX) ||","lastModifiedDate":"2023-10-15"},{"lineNumber":190,"author":{"gitId":"huiting-ht"},"content":"                command.matches(SELECT_INDEX_REGEX) || command.matches(LIST_REGEX) ||","lastModifiedDate":"2023-10-15"},{"lineNumber":191,"author":{"gitId":"huiting-ht"},"content":"                command.matches(REMOVE_INDEX_REGEX) || command.matches(BYE_REGEX);","lastModifiedDate":"2023-10-15"},{"lineNumber":192,"author":{"gitId":"huiting-ht"},"content":"    }","lastModifiedDate":"2023-10-15"},{"lineNumber":193,"author":{"gitId":"huiting-ht"},"content":"}","lastModifiedDate":"2023-10-15"}],"authorContributionMap":{"huiting-ht":193}},{"path":"src/main/java/tasks/Deadline.java","fileType":"java","lines":[{"lineNumber":1,"author":{"gitId":"huiting-ht"},"content":"package tasks;","lastModifiedDate":"2023-10-15"},{"lineNumber":2,"author":{"gitId":"huiting-ht"},"content":"","lastModifiedDate":"2023-10-15"},{"lineNumber":3,"author":{"gitId":"huiting-ht"},"content":"public class Deadline extends Task {","lastModifiedDate":"2023-10-15"},{"lineNumber":4,"author":{"gitId":"huiting-ht"},"content":"    protected final String DEADLINE \u003d \"[DEADLINE] \";","lastModifiedDate":"2023-10-15"},{"lineNumber":5,"author":{"gitId":"huiting-ht"},"content":"    protected String dueDateTime;","lastModifiedDate":"2023-10-15"},{"lineNumber":6,"author":{"gitId":"huiting-ht"},"content":"","lastModifiedDate":"2023-10-15"},{"lineNumber":7,"author":{"gitId":"huiting-ht"},"content":"    public Deadline(String description, String dueDateTime) {","lastModifiedDate":"2023-10-15"},{"lineNumber":8,"author":{"gitId":"huiting-ht"},"content":"        super(description);","lastModifiedDate":"2023-10-15"},{"lineNumber":9,"author":{"gitId":"huiting-ht"},"content":"        super.type \u003d DEADLINE;","lastModifiedDate":"2023-10-15"},{"lineNumber":10,"author":{"gitId":"huiting-ht"},"content":"        this.dueDateTime \u003d dueDateTime.toUpperCase();","lastModifiedDate":"2023-10-15"},{"lineNumber":11,"author":{"gitId":"huiting-ht"},"content":"    }","lastModifiedDate":"2023-10-15"},{"lineNumber":12,"author":{"gitId":"huiting-ht"},"content":"","lastModifiedDate":"2023-10-15"},{"lineNumber":13,"author":{"gitId":"huiting-ht"},"content":"    @Override","lastModifiedDate":"2023-10-15"},{"lineNumber":14,"author":{"gitId":"huiting-ht"},"content":"    public String getTask() {","lastModifiedDate":"2023-10-15"},{"lineNumber":15,"author":{"gitId":"huiting-ht"},"content":"        return type + status + description + dueDateTime;","lastModifiedDate":"2023-10-15"},{"lineNumber":16,"author":{"gitId":"huiting-ht"},"content":"    }","lastModifiedDate":"2023-10-15"},{"lineNumber":17,"author":{"gitId":"huiting-ht"},"content":"","lastModifiedDate":"2023-10-15"},{"lineNumber":18,"author":{"gitId":"huiting-ht"},"content":"    public String getDueDateTime() {","lastModifiedDate":"2023-10-15"},{"lineNumber":19,"author":{"gitId":"huiting-ht"},"content":"        return dueDateTime;","lastModifiedDate":"2023-10-15"},{"lineNumber":20,"author":{"gitId":"huiting-ht"},"content":"    }","lastModifiedDate":"2023-10-15"},{"lineNumber":21,"author":{"gitId":"huiting-ht"},"content":"}","lastModifiedDate":"2023-10-15"}],"authorContributionMap":{"huiting-ht":21}},{"path":"src/main/java/tasks/Event.java","fileType":"java","lines":[{"lineNumber":1,"author":{"gitId":"huiting-ht"},"content":"package tasks;","lastModifiedDate":"2023-10-15"},{"lineNumber":2,"author":{"gitId":"huiting-ht"},"content":"","lastModifiedDate":"2023-10-15"},{"lineNumber":3,"author":{"gitId":"huiting-ht"},"content":"public class Event extends Task {","lastModifiedDate":"2023-10-15"},{"lineNumber":4,"author":{"gitId":"huiting-ht"},"content":"    protected final String EVENT \u003d \"[EVENT] \";","lastModifiedDate":"2023-10-15"},{"lineNumber":5,"author":{"gitId":"huiting-ht"},"content":"    protected String fromDateTime;","lastModifiedDate":"2023-10-15"},{"lineNumber":6,"author":{"gitId":"huiting-ht"},"content":"    protected String toDateTime;","lastModifiedDate":"2023-10-15"},{"lineNumber":7,"author":{"gitId":"huiting-ht"},"content":"","lastModifiedDate":"2023-10-15"},{"lineNumber":8,"author":{"gitId":"huiting-ht"},"content":"    public Event(String description, String fromDateTime, String toDateTime) {","lastModifiedDate":"2023-10-15"},{"lineNumber":9,"author":{"gitId":"huiting-ht"},"content":"        super(description);","lastModifiedDate":"2023-10-15"},{"lineNumber":10,"author":{"gitId":"huiting-ht"},"content":"        super.type \u003d EVENT;","lastModifiedDate":"2023-10-15"},{"lineNumber":11,"author":{"gitId":"huiting-ht"},"content":"        this.fromDateTime \u003d fromDateTime.toUpperCase();","lastModifiedDate":"2023-10-15"},{"lineNumber":12,"author":{"gitId":"huiting-ht"},"content":"        this.toDateTime \u003d toDateTime.toUpperCase();","lastModifiedDate":"2023-10-15"},{"lineNumber":13,"author":{"gitId":"huiting-ht"},"content":"    }","lastModifiedDate":"2023-10-15"},{"lineNumber":14,"author":{"gitId":"huiting-ht"},"content":"","lastModifiedDate":"2023-10-15"},{"lineNumber":15,"author":{"gitId":"huiting-ht"},"content":"    @Override","lastModifiedDate":"2023-10-15"},{"lineNumber":16,"author":{"gitId":"huiting-ht"},"content":"    public String getTask() {","lastModifiedDate":"2023-10-15"},{"lineNumber":17,"author":{"gitId":"huiting-ht"},"content":"        return type + status + description + fromDateTime + toDateTime;","lastModifiedDate":"2023-10-15"},{"lineNumber":18,"author":{"gitId":"huiting-ht"},"content":"    }","lastModifiedDate":"2023-10-15"},{"lineNumber":19,"author":{"gitId":"huiting-ht"},"content":"","lastModifiedDate":"2023-10-15"},{"lineNumber":20,"author":{"gitId":"huiting-ht"},"content":"    public String getFromDateTime() {","lastModifiedDate":"2023-10-15"},{"lineNumber":21,"author":{"gitId":"huiting-ht"},"content":"        return fromDateTime;","lastModifiedDate":"2023-10-15"},{"lineNumber":22,"author":{"gitId":"huiting-ht"},"content":"    }","lastModifiedDate":"2023-10-15"},{"lineNumber":23,"author":{"gitId":"huiting-ht"},"content":"","lastModifiedDate":"2023-10-15"},{"lineNumber":24,"author":{"gitId":"huiting-ht"},"content":"    public String getToDateTime() {","lastModifiedDate":"2023-10-15"},{"lineNumber":25,"author":{"gitId":"huiting-ht"},"content":"        return toDateTime;","lastModifiedDate":"2023-10-15"},{"lineNumber":26,"author":{"gitId":"huiting-ht"},"content":"    }","lastModifiedDate":"2023-10-15"},{"lineNumber":27,"author":{"gitId":"huiting-ht"},"content":"}","lastModifiedDate":"2023-10-15"}],"authorContributionMap":{"huiting-ht":27}},{"path":"src/main/java/tasks/Task.java","fileType":"java","lines":[{"lineNumber":1,"author":{"gitId":"huiting-ht"},"content":"package tasks;","lastModifiedDate":"2023-10-15"},{"lineNumber":2,"author":{"gitId":"huiting-ht"},"content":"","lastModifiedDate":"2023-10-15"},{"lineNumber":3,"author":{"gitId":"huiting-ht"},"content":"public abstract class Task {","lastModifiedDate":"2023-10-15"},{"lineNumber":4,"author":{"gitId":"huiting-ht"},"content":"    protected String type;","lastModifiedDate":"2023-10-15"},{"lineNumber":5,"author":{"gitId":"huiting-ht"},"content":"    protected String description;","lastModifiedDate":"2023-10-15"},{"lineNumber":6,"author":{"gitId":"huiting-ht"},"content":"    protected String status;","lastModifiedDate":"2023-10-15"},{"lineNumber":7,"author":{"gitId":"huiting-ht"},"content":"    protected final String SELECT \u003d \"[✓] \";","lastModifiedDate":"2023-10-15"},{"lineNumber":8,"author":{"gitId":"huiting-ht"},"content":"    protected final String UNSELECT \u003d \"[ ] \";","lastModifiedDate":"2023-10-15"},{"lineNumber":9,"author":{"gitId":"huiting-ht"},"content":"    protected static int listSize;","lastModifiedDate":"2023-10-15"},{"lineNumber":10,"author":{"gitId":"huiting-ht"},"content":"","lastModifiedDate":"2023-10-15"},{"lineNumber":11,"author":{"gitId":"huiting-ht"},"content":"    public Task(String description) {","lastModifiedDate":"2023-10-15"},{"lineNumber":12,"author":{"gitId":"huiting-ht"},"content":"        type \u003d \"\";","lastModifiedDate":"2023-10-15"},{"lineNumber":13,"author":{"gitId":"huiting-ht"},"content":"        this.description \u003d description.toUpperCase();","lastModifiedDate":"2023-10-15"},{"lineNumber":14,"author":{"gitId":"huiting-ht"},"content":"        status \u003d UNSELECT;","lastModifiedDate":"2023-10-15"},{"lineNumber":15,"author":{"gitId":"huiting-ht"},"content":"        listSize++;","lastModifiedDate":"2023-10-15"},{"lineNumber":16,"author":{"gitId":"huiting-ht"},"content":"    }","lastModifiedDate":"2023-10-15"},{"lineNumber":17,"author":{"gitId":"huiting-ht"},"content":"","lastModifiedDate":"2023-10-15"},{"lineNumber":18,"author":{"gitId":"huiting-ht"},"content":"    public abstract String getTask();","lastModifiedDate":"2023-10-15"},{"lineNumber":19,"author":{"gitId":"huiting-ht"},"content":"","lastModifiedDate":"2023-10-15"},{"lineNumber":20,"author":{"gitId":"huiting-ht"},"content":"    public void setType(String type) {","lastModifiedDate":"2023-10-15"},{"lineNumber":21,"author":{"gitId":"huiting-ht"},"content":"        this.type \u003d type;","lastModifiedDate":"2023-10-15"},{"lineNumber":22,"author":{"gitId":"huiting-ht"},"content":"    }","lastModifiedDate":"2023-10-15"},{"lineNumber":23,"author":{"gitId":"huiting-ht"},"content":"","lastModifiedDate":"2023-10-15"},{"lineNumber":24,"author":{"gitId":"huiting-ht"},"content":"    public String getType() {","lastModifiedDate":"2023-10-15"},{"lineNumber":25,"author":{"gitId":"huiting-ht"},"content":"        return type;","lastModifiedDate":"2023-10-15"},{"lineNumber":26,"author":{"gitId":"huiting-ht"},"content":"    }","lastModifiedDate":"2023-10-15"},{"lineNumber":27,"author":{"gitId":"huiting-ht"},"content":"","lastModifiedDate":"2023-10-15"},{"lineNumber":28,"author":{"gitId":"huiting-ht"},"content":"    public void setDescription(String desc) {","lastModifiedDate":"2023-10-15"},{"lineNumber":29,"author":{"gitId":"huiting-ht"},"content":"        this.description \u003d desc;","lastModifiedDate":"2023-10-15"},{"lineNumber":30,"author":{"gitId":"huiting-ht"},"content":"    }","lastModifiedDate":"2023-10-15"},{"lineNumber":31,"author":{"gitId":"huiting-ht"},"content":"","lastModifiedDate":"2023-10-15"},{"lineNumber":32,"author":{"gitId":"huiting-ht"},"content":"    public String getDescription() {","lastModifiedDate":"2023-10-15"},{"lineNumber":33,"author":{"gitId":"huiting-ht"},"content":"        return description;","lastModifiedDate":"2023-10-15"},{"lineNumber":34,"author":{"gitId":"huiting-ht"},"content":"    }","lastModifiedDate":"2023-10-15"},{"lineNumber":35,"author":{"gitId":"huiting-ht"},"content":"","lastModifiedDate":"2023-10-15"},{"lineNumber":36,"author":{"gitId":"huiting-ht"},"content":"    public void setSelectStatus() {","lastModifiedDate":"2023-10-15"},{"lineNumber":37,"author":{"gitId":"huiting-ht"},"content":"        this.status \u003d SELECT;","lastModifiedDate":"2023-10-15"},{"lineNumber":38,"author":{"gitId":"huiting-ht"},"content":"    }","lastModifiedDate":"2023-10-15"},{"lineNumber":39,"author":{"gitId":"huiting-ht"},"content":"","lastModifiedDate":"2023-10-15"},{"lineNumber":40,"author":{"gitId":"huiting-ht"},"content":"    public void setUnselectStatus() {","lastModifiedDate":"2023-10-15"},{"lineNumber":41,"author":{"gitId":"huiting-ht"},"content":"        this.status \u003d UNSELECT;","lastModifiedDate":"2023-10-15"},{"lineNumber":42,"author":{"gitId":"huiting-ht"},"content":"    }","lastModifiedDate":"2023-10-15"},{"lineNumber":43,"author":{"gitId":"huiting-ht"},"content":"","lastModifiedDate":"2023-10-15"},{"lineNumber":44,"author":{"gitId":"huiting-ht"},"content":"    public String getStatus() {","lastModifiedDate":"2023-10-15"},{"lineNumber":45,"author":{"gitId":"huiting-ht"},"content":"        return status;","lastModifiedDate":"2023-10-15"},{"lineNumber":46,"author":{"gitId":"huiting-ht"},"content":"    }","lastModifiedDate":"2023-10-15"},{"lineNumber":47,"author":{"gitId":"huiting-ht"},"content":"","lastModifiedDate":"2023-10-15"},{"lineNumber":48,"author":{"gitId":"huiting-ht"},"content":"    public static int getListSize() {","lastModifiedDate":"2023-10-15"},{"lineNumber":49,"author":{"gitId":"huiting-ht"},"content":"        return listSize;","lastModifiedDate":"2023-10-15"},{"lineNumber":50,"author":{"gitId":"huiting-ht"},"content":"    }","lastModifiedDate":"2023-10-15"},{"lineNumber":51,"author":{"gitId":"huiting-ht"},"content":"}","lastModifiedDate":"2023-10-15"}],"authorContributionMap":{"huiting-ht":51}},{"path":"src/main/java/tasks/ToDo.java","fileType":"java","lines":[{"lineNumber":1,"author":{"gitId":"huiting-ht"},"content":"package tasks;","lastModifiedDate":"2023-10-15"},{"lineNumber":2,"author":{"gitId":"huiting-ht"},"content":"","lastModifiedDate":"2023-10-15"},{"lineNumber":3,"author":{"gitId":"huiting-ht"},"content":"public class ToDo extends Task {","lastModifiedDate":"2023-10-15"},{"lineNumber":4,"author":{"gitId":"huiting-ht"},"content":"    protected final String TODO \u003d \"[TODO] \";","lastModifiedDate":"2023-10-15"},{"lineNumber":5,"author":{"gitId":"huiting-ht"},"content":"","lastModifiedDate":"2023-10-15"},{"lineNumber":6,"author":{"gitId":"huiting-ht"},"content":"    public ToDo(String description) {","lastModifiedDate":"2023-10-15"},{"lineNumber":7,"author":{"gitId":"huiting-ht"},"content":"        super(description);","lastModifiedDate":"2023-10-15"},{"lineNumber":8,"author":{"gitId":"huiting-ht"},"content":"        super.type \u003d TODO;","lastModifiedDate":"2023-10-15"},{"lineNumber":9,"author":{"gitId":"huiting-ht"},"content":"    }","lastModifiedDate":"2023-10-15"},{"lineNumber":10,"author":{"gitId":"huiting-ht"},"content":"","lastModifiedDate":"2023-10-15"},{"lineNumber":11,"author":{"gitId":"huiting-ht"},"content":"    @Override","lastModifiedDate":"2023-10-15"},{"lineNumber":12,"author":{"gitId":"huiting-ht"},"content":"    public String getTask() {","lastModifiedDate":"2023-10-15"},{"lineNumber":13,"author":{"gitId":"huiting-ht"},"content":"        return type + status + description;","lastModifiedDate":"2023-10-15"},{"lineNumber":14,"author":{"gitId":"huiting-ht"},"content":"    }","lastModifiedDate":"2023-10-15"},{"lineNumber":15,"author":{"gitId":"huiting-ht"},"content":"}","lastModifiedDate":"2023-10-15"}],"authorContributionMap":{"huiting-ht":15}},{"path":"src/main/java/ui/UserInterface.java","fileType":"java","lines":[{"lineNumber":1,"author":{"gitId":"huiting-ht"},"content":"package ui;","lastModifiedDate":"2023-10-15"},{"lineNumber":2,"author":{"gitId":"huiting-ht"},"content":"","lastModifiedDate":"2023-10-15"},{"lineNumber":3,"author":{"gitId":"huiting-ht"},"content":"import common.Title;","lastModifiedDate":"2023-10-15"},{"lineNumber":4,"author":{"gitId":"huiting-ht"},"content":"import common.Messages;","lastModifiedDate":"2023-10-15"},{"lineNumber":5,"author":{"gitId":"huiting-ht"},"content":"","lastModifiedDate":"2023-10-15"},{"lineNumber":6,"author":{"gitId":"huiting-ht"},"content":"import java.util.Scanner;","lastModifiedDate":"2023-10-15"},{"lineNumber":7,"author":{"gitId":"huiting-ht"},"content":"import java.util.ArrayList;","lastModifiedDate":"2023-10-15"},{"lineNumber":8,"author":{"gitId":"huiting-ht"},"content":"","lastModifiedDate":"2023-10-15"},{"lineNumber":9,"author":{"gitId":"huiting-ht"},"content":"public class UserInterface {","lastModifiedDate":"2023-10-15"},{"lineNumber":10,"author":{"gitId":"huiting-ht"},"content":"    public void printWelcome() {","lastModifiedDate":"2023-10-15"},{"lineNumber":11,"author":{"gitId":"huiting-ht"},"content":"        Title.printHeader();","lastModifiedDate":"2023-10-15"},{"lineNumber":12,"author":{"gitId":"huiting-ht"},"content":"        Title.printGreeting();","lastModifiedDate":"2023-10-15"},{"lineNumber":13,"author":{"gitId":"huiting-ht"},"content":"    }","lastModifiedDate":"2023-10-15"},{"lineNumber":14,"author":{"gitId":"huiting-ht"},"content":"","lastModifiedDate":"2023-10-15"},{"lineNumber":15,"author":{"gitId":"huiting-ht"},"content":"    public String getInputCommand() {","lastModifiedDate":"2023-10-15"},{"lineNumber":16,"author":{"gitId":"huiting-ht"},"content":"        Scanner scanInput \u003d new Scanner(System.in);","lastModifiedDate":"2023-10-15"},{"lineNumber":17,"author":{"gitId":"huiting-ht"},"content":"        return scanInput.nextLine().toLowerCase();","lastModifiedDate":"2023-10-15"},{"lineNumber":18,"author":{"gitId":"huiting-ht"},"content":"    }","lastModifiedDate":"2023-10-15"},{"lineNumber":19,"author":{"gitId":"huiting-ht"},"content":"","lastModifiedDate":"2023-10-15"},{"lineNumber":20,"author":{"gitId":"huiting-ht"},"content":"    public void printOutput(ArrayList\u003cString\u003e logs) {","lastModifiedDate":"2023-10-15"},{"lineNumber":21,"author":{"gitId":"huiting-ht"},"content":"        if (!logs.isEmpty()) {","lastModifiedDate":"2023-10-15"},{"lineNumber":22,"author":{"gitId":"huiting-ht"},"content":"            System.out.println(Messages.TOP_BORDER);","lastModifiedDate":"2023-10-15"},{"lineNumber":23,"author":{"gitId":"huiting-ht"},"content":"","lastModifiedDate":"2023-10-15"},{"lineNumber":24,"author":{"gitId":"huiting-ht"},"content":"            for (String log : logs) {","lastModifiedDate":"2023-10-15"},{"lineNumber":25,"author":{"gitId":"huiting-ht"},"content":"                System.out.println(log);","lastModifiedDate":"2023-10-15"},{"lineNumber":26,"author":{"gitId":"huiting-ht"},"content":"            }","lastModifiedDate":"2023-10-15"},{"lineNumber":27,"author":{"gitId":"huiting-ht"},"content":"","lastModifiedDate":"2023-10-15"},{"lineNumber":28,"author":{"gitId":"huiting-ht"},"content":"            System.out.println(Messages.BOTTOM_BORDER);","lastModifiedDate":"2023-10-15"},{"lineNumber":29,"author":{"gitId":"huiting-ht"},"content":"        }","lastModifiedDate":"2023-10-15"},{"lineNumber":30,"author":{"gitId":"huiting-ht"},"content":"    }","lastModifiedDate":"2023-10-15"},{"lineNumber":31,"author":{"gitId":"huiting-ht"},"content":"}","lastModifiedDate":"2023-10-15"}],"authorContributionMap":{"huiting-ht":31}},{"path":"text-ui-test/input.txt","fileType":"txt","lines":[{"lineNumber":1,"author":{"gitId":"huiting-ht"},"content":"list","lastModifiedDate":"2023-09-09"},{"lineNumber":2,"author":{"gitId":"huiting-ht"},"content":"todo Ride a shinkansen","lastModifiedDate":"2023-09-17"},{"lineNumber":3,"author":{"gitId":"huiting-ht"},"content":"event Go-kart around Tokyo /from Wednesday 1pm /to 3pm","lastModifiedDate":"2023-09-17"},{"lineNumber":4,"author":{"gitId":"huiting-ht"},"content":"todo Enter Universal Studios Japan","lastModifiedDate":"2023-09-17"},{"lineNumber":5,"author":{"gitId":"huiting-ht"},"content":"todo Visit an arcade","lastModifiedDate":"2023-09-17"},{"lineNumber":6,"author":{"gitId":"huiting-ht"},"content":"event Make your own takoyaki /from Sunday 1pm /to 3pm","lastModifiedDate":"2023-09-17"},{"lineNumber":7,"author":{"gitId":"huiting-ht"},"content":"event Learn the art of tea ceremony /from September 15th 9am /to 11am","lastModifiedDate":"2023-09-17"},{"lineNumber":8,"author":{"gitId":"huiting-ht"},"content":"todo Visit an izakaya","lastModifiedDate":"2023-09-17"},{"lineNumber":9,"author":{"gitId":"huiting-ht"},"content":"event Go cherry blossom viewing /from TBC 7am /to 8am","lastModifiedDate":"2023-09-17"},{"lineNumber":10,"author":{"gitId":"huiting-ht"},"content":"todo Climb Mount Fuji","lastModifiedDate":"2023-09-17"},{"lineNumber":11,"author":{"gitId":"huiting-ht"},"content":"todo Visit bamboo forest","lastModifiedDate":"2023-09-17"},{"lineNumber":12,"author":{"gitId":"huiting-ht"},"content":"deadline Spend a night in Ryokan /due Friday","lastModifiedDate":"2023-09-17"},{"lineNumber":13,"author":{"gitId":"huiting-ht"},"content":"todo Test remove function","lastModifiedDate":"2023-10-08"},{"lineNumber":14,"author":{"gitId":"huiting-ht"},"content":"todo Visit an Onsen","lastModifiedDate":"2023-09-17"},{"lineNumber":15,"author":{"gitId":"huiting-ht"},"content":"list","lastModifiedDate":"2023-09-09"},{"lineNumber":16,"author":{"gitId":"huiting-ht"},"content":"Check 4","lastModifiedDate":"2023-09-09"},{"lineNumber":17,"author":{"gitId":"huiting-ht"},"content":"Check 5","lastModifiedDate":"2023-09-09"},{"lineNumber":18,"author":{"gitId":"huiting-ht"},"content":"Check 7","lastModifiedDate":"2023-09-09"},{"lineNumber":19,"author":{"gitId":"huiting-ht"},"content":"Check 11","lastModifiedDate":"2023-09-09"},{"lineNumber":20,"author":{"gitId":"huiting-ht"},"content":"Uncheck 11","lastModifiedDate":"2023-09-09"},{"lineNumber":21,"author":{"gitId":"huiting-ht"},"content":"remove 12","lastModifiedDate":"2023-10-08"},{"lineNumber":22,"author":{"gitId":"huiting-ht"},"content":"","lastModifiedDate":"2023-09-09"},{"lineNumber":23,"author":{"gitId":"huiting-ht"},"content":"abc","lastModifiedDate":"2023-09-17"},{"lineNumber":24,"author":{"gitId":"huiting-ht"},"content":"todo","lastModifiedDate":"2023-09-17"},{"lineNumber":25,"author":{"gitId":"huiting-ht"},"content":"check","lastModifiedDate":"2023-09-22"},{"lineNumber":26,"author":{"gitId":"huiting-ht"},"content":"list","lastModifiedDate":"2023-09-09"},{"lineNumber":27,"author":{"gitId":"huiting-ht"},"content":"bye","lastModifiedDate":"2023-09-09"}],"authorContributionMap":{"huiting-ht":27}},{"path":"text-ui-test/runtest.sh","fileType":"sh","lines":[{"lineNumber":1,"author":{"gitId":"-"},"content":"#!/usr/bin/env bash","lastModifiedDate":"2020-05-25"},{"lineNumber":2,"author":{"gitId":"-"},"content":"","lastModifiedDate":"2020-05-25"},{"lineNumber":3,"author":{"gitId":"-"},"content":"# create bin directory if it doesn\u0027t exist","lastModifiedDate":"2020-05-25"},{"lineNumber":4,"author":{"gitId":"-"},"content":"if [ ! -d \"../bin\" ]","lastModifiedDate":"2020-05-25"},{"lineNumber":5,"author":{"gitId":"-"},"content":"then","lastModifiedDate":"2020-05-25"},{"lineNumber":6,"author":{"gitId":"-"},"content":"    mkdir ../bin","lastModifiedDate":"2020-05-25"},{"lineNumber":7,"author":{"gitId":"-"},"content":"fi","lastModifiedDate":"2020-05-25"},{"lineNumber":8,"author":{"gitId":"-"},"content":"","lastModifiedDate":"2020-05-25"},{"lineNumber":9,"author":{"gitId":"-"},"content":"# delete output from previous run","lastModifiedDate":"2020-05-25"},{"lineNumber":10,"author":{"gitId":"-"},"content":"if [ -e \"./ACTUAL.TXT\" ]","lastModifiedDate":"2020-05-25"},{"lineNumber":11,"author":{"gitId":"-"},"content":"then","lastModifiedDate":"2020-05-25"},{"lineNumber":12,"author":{"gitId":"-"},"content":"    rm ACTUAL.TXT","lastModifiedDate":"2020-05-25"},{"lineNumber":13,"author":{"gitId":"-"},"content":"fi","lastModifiedDate":"2020-05-25"},{"lineNumber":14,"author":{"gitId":"-"},"content":"","lastModifiedDate":"2020-05-25"},{"lineNumber":15,"author":{"gitId":"-"},"content":"# compile the code into the bin folder, terminates if error occurred","lastModifiedDate":"2020-05-25"},{"lineNumber":16,"author":{"gitId":"huiting-ht"},"content":"if ! javac -cp ../src/main/java -Xlint:none -d ../bin ../src/main/java/*.java ../src/main/java/amebot/*.java ../src/main/java/amebot/tasks/*.java ../src/main/java/amebot/tasks/commands/*.java ../src/main/java/amebot/exceptions/*.java","lastModifiedDate":"2023-09-17"},{"lineNumber":17,"author":{"gitId":"-"},"content":"then","lastModifiedDate":"2020-05-25"},{"lineNumber":18,"author":{"gitId":"-"},"content":"    echo \"********** BUILD FAILURE **********\"","lastModifiedDate":"2020-05-25"},{"lineNumber":19,"author":{"gitId":"-"},"content":"    exit 1","lastModifiedDate":"2020-05-25"},{"lineNumber":20,"author":{"gitId":"-"},"content":"fi","lastModifiedDate":"2020-05-25"},{"lineNumber":21,"author":{"gitId":"-"},"content":"","lastModifiedDate":"2020-05-25"},{"lineNumber":22,"author":{"gitId":"-"},"content":"# run the program, feed commands from input.txt file and redirect the output to the ACTUAL.TXT","lastModifiedDate":"2020-05-25"},{"lineNumber":23,"author":{"gitId":"-"},"content":"java -classpath ../bin Duke \u003c input.txt \u003e ACTUAL.TXT","lastModifiedDate":"2020-05-25"},{"lineNumber":24,"author":{"gitId":"-"},"content":"","lastModifiedDate":"2020-05-25"},{"lineNumber":25,"author":{"gitId":"-"},"content":"# convert to UNIX format","lastModifiedDate":"2020-05-25"},{"lineNumber":26,"author":{"gitId":"-"},"content":"cp EXPECTED.TXT EXPECTED-UNIX.TXT","lastModifiedDate":"2020-05-25"},{"lineNumber":27,"author":{"gitId":"-"},"content":"dos2unix ACTUAL.TXT EXPECTED-UNIX.TXT","lastModifiedDate":"2020-05-25"},{"lineNumber":28,"author":{"gitId":"-"},"content":"","lastModifiedDate":"2020-05-25"},{"lineNumber":29,"author":{"gitId":"-"},"content":"# compare the output to the expected output","lastModifiedDate":"2020-05-25"},{"lineNumber":30,"author":{"gitId":"-"},"content":"diff ACTUAL.TXT EXPECTED-UNIX.TXT","lastModifiedDate":"2020-05-25"},{"lineNumber":31,"author":{"gitId":"-"},"content":"if [ $? -eq 0 ]","lastModifiedDate":"2020-05-25"},{"lineNumber":32,"author":{"gitId":"-"},"content":"then","lastModifiedDate":"2020-05-25"},{"lineNumber":33,"author":{"gitId":"-"},"content":"    echo \"Test result: PASSED\"","lastModifiedDate":"2020-05-25"},{"lineNumber":34,"author":{"gitId":"-"},"content":"    exit 0","lastModifiedDate":"2020-05-25"},{"lineNumber":35,"author":{"gitId":"-"},"content":"else","lastModifiedDate":"2020-05-25"},{"lineNumber":36,"author":{"gitId":"-"},"content":"    echo \"Test result: FAILED\"","lastModifiedDate":"2020-05-25"},{"lineNumber":37,"author":{"gitId":"-"},"content":"    exit 1","lastModifiedDate":"2020-05-25"},{"lineNumber":38,"author":{"gitId":"-"},"content":"fi","lastModifiedDate":"2020-05-25"}],"authorContributionMap":{"huiting-ht":1,"-":37}}]
