[{"path":"src/main/java/Duke.java","fileType":"java","lines":[{"lineNumber":1,"author":{"gitId":"huiting-ht"},"content":"import amebot.App;","lastModifiedDate":"2023-09-17"},{"lineNumber":2,"author":{"gitId":"huiting-ht"},"content":"","lastModifiedDate":"2023-09-02"},{"lineNumber":3,"author":{"gitId":"-"},"content":"public class Duke {","lastModifiedDate":"2019-07-29"},{"lineNumber":4,"author":{"gitId":"huiting-ht"},"content":"    private static final String BORDER \u003d \"\u003d\u003d\u003d\u003d\u003d\u003d\u003d\u003d\u003d\u003d\u003d\u003d\u003d\u003d\u003d\u003d\u003d\u003d\u003d\u003d\u003d\u003d\u003d\u003d\u003d\u003d\u003d\u003d\u003d\u003d\u003d\u003d\u003d\u003d\u003d\u003d\u003d\u003d\u003d\u003d\u003d\u003d\u003d\u003d\u003d\u003d\u003d\u003d\u003d\u003d\u003d\u003d\u003d\u003d\u003d\u003d\u003d\u003d\u003d\u003d\u003d\u003d\u003d\u003d\u003d\u003d\u003d\u003d\u003d\u003d\u003d\u003d\u003d\u003d\u003d\u003d\u003d\u003d\u003d\u003d\\n\";","lastModifiedDate":"2023-09-17"},{"lineNumber":5,"author":{"gitId":"huiting-ht"},"content":"","lastModifiedDate":"2023-09-17"},{"lineNumber":6,"author":{"gitId":"huiting-ht"},"content":"    private static final String MESSAGE \u003d \"                               _|\\n\"","lastModifiedDate":"2023-09-17"},{"lineNumber":7,"author":{"gitId":"huiting-ht"},"content":"            + \"           _|    _|    _|_|    _|  _|      _|_|      _|_|_|    _|_|\\n\"","lastModifiedDate":"2023-09-02"},{"lineNumber":8,"author":{"gitId":"huiting-ht"},"content":"            + \"           _|    _|  _|    _|  _|_|      _|    _|  _|_|      _|    _|\\n\"","lastModifiedDate":"2023-09-02"},{"lineNumber":9,"author":{"gitId":"huiting-ht"},"content":"            + \"           _|    _|  _|    _|  _|  _|    _|    _|      _|_|  _|    _|\\n\"","lastModifiedDate":"2023-09-02"},{"lineNumber":10,"author":{"gitId":"huiting-ht"},"content":"            + \"             _|_|_|    _|_|    _|    _|    _|_|    _|_|_|      _|_|\\n\"","lastModifiedDate":"2023-09-02"},{"lineNumber":11,"author":{"gitId":"huiting-ht"},"content":"            + \"                 _|\\n\"","lastModifiedDate":"2023-09-02"},{"lineNumber":12,"author":{"gitId":"huiting-ht"},"content":"            + \"             _|_|\\n\";","lastModifiedDate":"2023-09-02"},{"lineNumber":13,"author":{"gitId":"huiting-ht"},"content":"    private static final String LOGO \u003d \"    _     _      _     _      _     _      _     _      _     _      _     _\\n\"","lastModifiedDate":"2023-09-17"},{"lineNumber":14,"author":{"gitId":"huiting-ht"},"content":"            + \"   (c).-.(c)    (c).-.(c)    (c).-.(c)    (c).-.(c)    (c).-.(c)    (c).-.(c)\\n\"","lastModifiedDate":"2023-09-02"},{"lineNumber":15,"author":{"gitId":"huiting-ht"},"content":"            + \"    / ._. \\\\      / ._. \\\\      / ._. \\\\      / ._. \\\\      / ._. \\\\      / ._. \\\\\\n\"","lastModifiedDate":"2023-09-02"},{"lineNumber":16,"author":{"gitId":"huiting-ht"},"content":"            + \"  __\\\\( Y )/__  __\\\\( Y )/__  __\\\\( Y )/__  __\\\\( Y )/__  __\\\\( Y )/__  __\\\\( Y )/__\\n\"","lastModifiedDate":"2023-09-02"},{"lineNumber":17,"author":{"gitId":"huiting-ht"},"content":"            + \" (_.-/\u0027-\u0027\\\\-._)(_.-/\u0027-\u0027\\\\-._)(_.-/\u0027-\u0027\\\\-._)(_.-/\u0027-\u0027\\\\-._)(_.-/\u0027-\u0027\\\\-._)(_.-/\u0027-\u0027\\\\-._)\\n\"","lastModifiedDate":"2023-09-02"},{"lineNumber":18,"author":{"gitId":"huiting-ht"},"content":"            + \"    || A ||      || M ||      || E ||      || B ||      || O ||      || T ||\\n\"","lastModifiedDate":"2023-09-02"},{"lineNumber":19,"author":{"gitId":"huiting-ht"},"content":"            + \"  _.\u0027 `-\u0027 \u0027._  _.\u0027 `-\u0027 \u0027._  _.\u0027 `-\u0027 \u0027._  _.\u0027 `-\u0027 \u0027._  _.\u0027 `-\u0027 \u0027._  _.\u0027 `-\u0027 \u0027._\\n\"","lastModifiedDate":"2023-09-02"},{"lineNumber":20,"author":{"gitId":"huiting-ht"},"content":"            + \" (.-./`-\u0027\\\\.-.)(.-./`-\u0027\\\\.-.)(.-./`-\u0027\\\\.-.)(.-./`-\u0027\\\\.-.)(.-./`-\u0027\\\\.-.)(.-./`-\u0027\\\\.-.)\\n\"","lastModifiedDate":"2023-09-02"},{"lineNumber":21,"author":{"gitId":"huiting-ht"},"content":"            + \"  `-\u0027     `-\u0027  `-\u0027     `-\u0027  `-\u0027     `-\u0027  `-\u0027     `-\u0027  `-\u0027     `-\u0027  `-\u0027     `-\u0027\\n\";","lastModifiedDate":"2023-09-02"},{"lineNumber":22,"author":{"gitId":"huiting-ht"},"content":"","lastModifiedDate":"2023-09-02"},{"lineNumber":23,"author":{"gitId":"huiting-ht"},"content":"    private static final String GREETING \u003d \"Yokoso, your personal assistant AMEBOT~!\\n\"","lastModifiedDate":"2023-09-17"},{"lineNumber":24,"author":{"gitId":"huiting-ht"},"content":"            + \"Please enter the command(s):\";","lastModifiedDate":"2023-09-17"},{"lineNumber":25,"author":{"gitId":"huiting-ht"},"content":"","lastModifiedDate":"2023-09-17"},{"lineNumber":26,"author":{"gitId":"huiting-ht"},"content":"    public static void printHeader() {","lastModifiedDate":"2023-09-17"},{"lineNumber":27,"author":{"gitId":"huiting-ht"},"content":"        System.out.print(BORDER","lastModifiedDate":"2023-09-17"},{"lineNumber":28,"author":{"gitId":"huiting-ht"},"content":"                + MESSAGE","lastModifiedDate":"2023-09-17"},{"lineNumber":29,"author":{"gitId":"huiting-ht"},"content":"                + LOGO","lastModifiedDate":"2023-09-22"},{"lineNumber":30,"author":{"gitId":"huiting-ht"},"content":"                + BORDER);","lastModifiedDate":"2023-09-22"},{"lineNumber":31,"author":{"gitId":"huiting-ht"},"content":"    }","lastModifiedDate":"2023-09-17"},{"lineNumber":32,"author":{"gitId":"huiting-ht"},"content":"","lastModifiedDate":"2023-09-17"},{"lineNumber":33,"author":{"gitId":"huiting-ht"},"content":"    public static void printGreeting() {","lastModifiedDate":"2023-09-17"},{"lineNumber":34,"author":{"gitId":"huiting-ht"},"content":"        System.out.println(GREETING);","lastModifiedDate":"2023-09-22"},{"lineNumber":35,"author":{"gitId":"huiting-ht"},"content":"    }","lastModifiedDate":"2023-09-02"},{"lineNumber":36,"author":{"gitId":"huiting-ht"},"content":"","lastModifiedDate":"2023-09-02"},{"lineNumber":37,"author":{"gitId":"-"},"content":"    public static void main(String[] args) {","lastModifiedDate":"2019-07-29"},{"lineNumber":38,"author":{"gitId":"huiting-ht"},"content":"        printHeader();","lastModifiedDate":"2023-09-17"},{"lineNumber":39,"author":{"gitId":"huiting-ht"},"content":"        printGreeting();","lastModifiedDate":"2023-09-17"},{"lineNumber":40,"author":{"gitId":"huiting-ht"},"content":"","lastModifiedDate":"2023-09-02"},{"lineNumber":41,"author":{"gitId":"huiting-ht"},"content":"        App.launch();","lastModifiedDate":"2023-09-17"},{"lineNumber":42,"author":{"gitId":"-"},"content":"    }","lastModifiedDate":"2019-07-29"},{"lineNumber":43,"author":{"gitId":"-"},"content":"}","lastModifiedDate":"2019-07-29"}],"authorContributionMap":{"huiting-ht":39,"-":4}},{"path":"src/main/java/amebot/App.java","fileType":"java","lines":[{"lineNumber":1,"author":{"gitId":"huiting-ht"},"content":"package amebot;","lastModifiedDate":"2023-09-17"},{"lineNumber":2,"author":{"gitId":"huiting-ht"},"content":"","lastModifiedDate":"2023-09-17"},{"lineNumber":3,"author":{"gitId":"huiting-ht"},"content":"import java.util.Scanner;","lastModifiedDate":"2023-09-17"},{"lineNumber":4,"author":{"gitId":"huiting-ht"},"content":"","lastModifiedDate":"2023-09-17"},{"lineNumber":5,"author":{"gitId":"huiting-ht"},"content":"import amebot.exceptions.AmebotException;","lastModifiedDate":"2023-09-22"},{"lineNumber":6,"author":{"gitId":"huiting-ht"},"content":"import amebot.tasks.commands.Command;","lastModifiedDate":"2023-09-17"},{"lineNumber":7,"author":{"gitId":"huiting-ht"},"content":"","lastModifiedDate":"2023-09-17"},{"lineNumber":8,"author":{"gitId":"huiting-ht"},"content":"public class App {","lastModifiedDate":"2023-09-17"},{"lineNumber":9,"author":{"gitId":"huiting-ht"},"content":"    public static final String TOP_BORDER \u003d \"________________________________________________________________________________\";","lastModifiedDate":"2023-09-17"},{"lineNumber":10,"author":{"gitId":"huiting-ht"},"content":"    public static final String BOTTOM_BORDER \u003d \"--------------------------------------------------------------------------------\";","lastModifiedDate":"2023-09-17"},{"lineNumber":11,"author":{"gitId":"huiting-ht"},"content":"    private static boolean isLaunch \u003d true;","lastModifiedDate":"2023-09-17"},{"lineNumber":12,"author":{"gitId":"huiting-ht"},"content":"","lastModifiedDate":"2023-09-17"},{"lineNumber":13,"author":{"gitId":"huiting-ht"},"content":"    public static void launch() {","lastModifiedDate":"2023-09-17"},{"lineNumber":14,"author":{"gitId":"huiting-ht"},"content":"        Scanner scanInput \u003d new Scanner(System.in);","lastModifiedDate":"2023-09-17"},{"lineNumber":15,"author":{"gitId":"huiting-ht"},"content":"        String input \u003d \"\";","lastModifiedDate":"2023-09-17"},{"lineNumber":16,"author":{"gitId":"huiting-ht"},"content":"","lastModifiedDate":"2023-09-17"},{"lineNumber":17,"author":{"gitId":"huiting-ht"},"content":"        while (App.isLaunch) {","lastModifiedDate":"2023-09-17"},{"lineNumber":18,"author":{"gitId":"huiting-ht"},"content":"            try {","lastModifiedDate":"2023-09-17"},{"lineNumber":19,"author":{"gitId":"huiting-ht"},"content":"                input \u003d scanInput.nextLine().toLowerCase();","lastModifiedDate":"2023-09-17"},{"lineNumber":20,"author":{"gitId":"huiting-ht"},"content":"                Command.render(input);","lastModifiedDate":"2023-09-17"},{"lineNumber":21,"author":{"gitId":"huiting-ht"},"content":"            } catch (AmebotException err) {","lastModifiedDate":"2023-09-22"},{"lineNumber":22,"author":{"gitId":"huiting-ht"},"content":"                System.out.print(\"\\n\");","lastModifiedDate":"2023-09-17"},{"lineNumber":23,"author":{"gitId":"huiting-ht"},"content":"            }","lastModifiedDate":"2023-09-17"},{"lineNumber":24,"author":{"gitId":"huiting-ht"},"content":"        }","lastModifiedDate":"2023-09-17"},{"lineNumber":25,"author":{"gitId":"huiting-ht"},"content":"    }","lastModifiedDate":"2023-09-17"},{"lineNumber":26,"author":{"gitId":"huiting-ht"},"content":"","lastModifiedDate":"2023-09-17"},{"lineNumber":27,"author":{"gitId":"huiting-ht"},"content":"    public static void exit() {","lastModifiedDate":"2023-09-17"},{"lineNumber":28,"author":{"gitId":"huiting-ht"},"content":"        isLaunch \u003d false;","lastModifiedDate":"2023-09-17"},{"lineNumber":29,"author":{"gitId":"huiting-ht"},"content":"","lastModifiedDate":"2023-09-17"},{"lineNumber":30,"author":{"gitId":"huiting-ht"},"content":"        System.out.println(TOP_BORDER);","lastModifiedDate":"2023-09-17"},{"lineNumber":31,"author":{"gitId":"huiting-ht"},"content":"        System.out.println(\"Thanks for using AMEBOT~!\");","lastModifiedDate":"2023-09-17"},{"lineNumber":32,"author":{"gitId":"huiting-ht"},"content":"        System.out.println(BOTTOM_BORDER + \"\\n\");","lastModifiedDate":"2023-09-17"},{"lineNumber":33,"author":{"gitId":"huiting-ht"},"content":"    }","lastModifiedDate":"2023-09-17"},{"lineNumber":34,"author":{"gitId":"huiting-ht"},"content":"}","lastModifiedDate":"2023-09-17"}],"authorContributionMap":{"huiting-ht":34}},{"path":"src/main/java/amebot/exceptions/AmebotException.java","fileType":"java","lines":[{"lineNumber":1,"author":{"gitId":"huiting-ht"},"content":"package amebot.exceptions;","lastModifiedDate":"2023-09-22"},{"lineNumber":2,"author":{"gitId":"huiting-ht"},"content":"","lastModifiedDate":"2023-09-22"},{"lineNumber":3,"author":{"gitId":"huiting-ht"},"content":"public class AmebotException extends Exception {","lastModifiedDate":"2023-09-22"},{"lineNumber":4,"author":{"gitId":"huiting-ht"},"content":"    public AmebotException(String err) {","lastModifiedDate":"2023-09-22"},{"lineNumber":5,"author":{"gitId":"huiting-ht"},"content":"        super(err);","lastModifiedDate":"2023-09-22"},{"lineNumber":6,"author":{"gitId":"huiting-ht"},"content":"    }","lastModifiedDate":"2023-09-22"},{"lineNumber":7,"author":{"gitId":"huiting-ht"},"content":"}","lastModifiedDate":"2023-09-22"}],"authorContributionMap":{"huiting-ht":7}},{"path":"src/main/java/amebot/tasks/Deadline.java","fileType":"java","lines":[{"lineNumber":1,"author":{"gitId":"huiting-ht"},"content":"package amebot.tasks;","lastModifiedDate":"2023-09-17"},{"lineNumber":2,"author":{"gitId":"huiting-ht"},"content":"","lastModifiedDate":"2023-09-17"},{"lineNumber":3,"author":{"gitId":"huiting-ht"},"content":"public class Deadline extends Task {","lastModifiedDate":"2023-09-17"},{"lineNumber":4,"author":{"gitId":"huiting-ht"},"content":"    protected final String DEADLINE \u003d \"[DEADLINE] \";","lastModifiedDate":"2023-09-17"},{"lineNumber":5,"author":{"gitId":"huiting-ht"},"content":"    protected String due;","lastModifiedDate":"2023-09-17"},{"lineNumber":6,"author":{"gitId":"huiting-ht"},"content":"","lastModifiedDate":"2023-09-17"},{"lineNumber":7,"author":{"gitId":"huiting-ht"},"content":"    public Deadline(String desc, String due) {","lastModifiedDate":"2023-09-17"},{"lineNumber":8,"author":{"gitId":"huiting-ht"},"content":"        super(desc);","lastModifiedDate":"2023-09-17"},{"lineNumber":9,"author":{"gitId":"huiting-ht"},"content":"        super.type \u003d DEADLINE;","lastModifiedDate":"2023-09-17"},{"lineNumber":10,"author":{"gitId":"huiting-ht"},"content":"        this.due \u003d due.toUpperCase();","lastModifiedDate":"2023-09-17"},{"lineNumber":11,"author":{"gitId":"huiting-ht"},"content":"    }","lastModifiedDate":"2023-09-17"},{"lineNumber":12,"author":{"gitId":"huiting-ht"},"content":"","lastModifiedDate":"2023-09-17"},{"lineNumber":13,"author":{"gitId":"huiting-ht"},"content":"    @Override","lastModifiedDate":"2023-09-17"},{"lineNumber":14,"author":{"gitId":"huiting-ht"},"content":"    public void printTask() {","lastModifiedDate":"2023-09-17"},{"lineNumber":15,"author":{"gitId":"huiting-ht"},"content":"        System.out.println(type + status + desc + due);","lastModifiedDate":"2023-09-17"},{"lineNumber":16,"author":{"gitId":"huiting-ht"},"content":"    }","lastModifiedDate":"2023-09-17"},{"lineNumber":17,"author":{"gitId":"huiting-ht"},"content":"}","lastModifiedDate":"2023-09-17"}],"authorContributionMap":{"huiting-ht":17}},{"path":"src/main/java/amebot/tasks/Event.java","fileType":"java","lines":[{"lineNumber":1,"author":{"gitId":"huiting-ht"},"content":"package amebot.tasks;","lastModifiedDate":"2023-09-17"},{"lineNumber":2,"author":{"gitId":"huiting-ht"},"content":"","lastModifiedDate":"2023-09-17"},{"lineNumber":3,"author":{"gitId":"huiting-ht"},"content":"public class Event extends Task {","lastModifiedDate":"2023-09-17"},{"lineNumber":4,"author":{"gitId":"huiting-ht"},"content":"    protected final String EVENT \u003d \"[EVENT] \";","lastModifiedDate":"2023-09-17"},{"lineNumber":5,"author":{"gitId":"huiting-ht"},"content":"    protected String fromDate;","lastModifiedDate":"2023-09-17"},{"lineNumber":6,"author":{"gitId":"huiting-ht"},"content":"    protected String toDate;","lastModifiedDate":"2023-09-17"},{"lineNumber":7,"author":{"gitId":"huiting-ht"},"content":"","lastModifiedDate":"2023-09-17"},{"lineNumber":8,"author":{"gitId":"huiting-ht"},"content":"    public Event(String desc, String fromDate, String toDate) {","lastModifiedDate":"2023-09-17"},{"lineNumber":9,"author":{"gitId":"huiting-ht"},"content":"        super(desc);","lastModifiedDate":"2023-09-17"},{"lineNumber":10,"author":{"gitId":"huiting-ht"},"content":"        super.type \u003d EVENT;","lastModifiedDate":"2023-09-17"},{"lineNumber":11,"author":{"gitId":"huiting-ht"},"content":"        this.fromDate \u003d fromDate.toUpperCase();","lastModifiedDate":"2023-09-17"},{"lineNumber":12,"author":{"gitId":"huiting-ht"},"content":"        this.toDate \u003d toDate.toUpperCase();","lastModifiedDate":"2023-09-17"},{"lineNumber":13,"author":{"gitId":"huiting-ht"},"content":"    }","lastModifiedDate":"2023-09-17"},{"lineNumber":14,"author":{"gitId":"huiting-ht"},"content":"","lastModifiedDate":"2023-09-17"},{"lineNumber":15,"author":{"gitId":"huiting-ht"},"content":"    @Override","lastModifiedDate":"2023-09-17"},{"lineNumber":16,"author":{"gitId":"huiting-ht"},"content":"    public void printTask() {","lastModifiedDate":"2023-09-17"},{"lineNumber":17,"author":{"gitId":"huiting-ht"},"content":"        System.out.println(type + status + desc + fromDate + toDate);","lastModifiedDate":"2023-09-17"},{"lineNumber":18,"author":{"gitId":"huiting-ht"},"content":"    }","lastModifiedDate":"2023-09-17"},{"lineNumber":19,"author":{"gitId":"huiting-ht"},"content":"}","lastModifiedDate":"2023-09-17"}],"authorContributionMap":{"huiting-ht":19}},{"path":"src/main/java/amebot/tasks/Task.java","fileType":"java","lines":[{"lineNumber":1,"author":{"gitId":"huiting-ht"},"content":"package amebot.tasks;","lastModifiedDate":"2023-09-17"},{"lineNumber":2,"author":{"gitId":"huiting-ht"},"content":"","lastModifiedDate":"2023-09-17"},{"lineNumber":3,"author":{"gitId":"huiting-ht"},"content":"public abstract class Task {","lastModifiedDate":"2023-09-17"},{"lineNumber":4,"author":{"gitId":"huiting-ht"},"content":"    protected String type;","lastModifiedDate":"2023-09-17"},{"lineNumber":5,"author":{"gitId":"huiting-ht"},"content":"    protected String desc;","lastModifiedDate":"2023-09-17"},{"lineNumber":6,"author":{"gitId":"huiting-ht"},"content":"    protected String status;","lastModifiedDate":"2023-09-17"},{"lineNumber":7,"author":{"gitId":"huiting-ht"},"content":"    protected final String SELECT \u003d \"[✓] \";","lastModifiedDate":"2023-09-17"},{"lineNumber":8,"author":{"gitId":"huiting-ht"},"content":"    protected final String UNSELECT \u003d \"[ ] \";","lastModifiedDate":"2023-09-17"},{"lineNumber":9,"author":{"gitId":"huiting-ht"},"content":"    protected static int listSize;","lastModifiedDate":"2023-09-17"},{"lineNumber":10,"author":{"gitId":"huiting-ht"},"content":"","lastModifiedDate":"2023-09-17"},{"lineNumber":11,"author":{"gitId":"huiting-ht"},"content":"    public Task(String desc) {","lastModifiedDate":"2023-09-17"},{"lineNumber":12,"author":{"gitId":"huiting-ht"},"content":"        type \u003d \"\";","lastModifiedDate":"2023-09-17"},{"lineNumber":13,"author":{"gitId":"huiting-ht"},"content":"        this.desc \u003d desc.toUpperCase();","lastModifiedDate":"2023-09-17"},{"lineNumber":14,"author":{"gitId":"huiting-ht"},"content":"        status \u003d UNSELECT;","lastModifiedDate":"2023-09-17"},{"lineNumber":15,"author":{"gitId":"huiting-ht"},"content":"        listSize++;","lastModifiedDate":"2023-09-17"},{"lineNumber":16,"author":{"gitId":"huiting-ht"},"content":"    }","lastModifiedDate":"2023-09-17"},{"lineNumber":17,"author":{"gitId":"huiting-ht"},"content":"","lastModifiedDate":"2023-09-17"},{"lineNumber":18,"author":{"gitId":"huiting-ht"},"content":"    public abstract void printTask();","lastModifiedDate":"2023-09-22"},{"lineNumber":19,"author":{"gitId":"huiting-ht"},"content":"","lastModifiedDate":"2023-09-22"},{"lineNumber":20,"author":{"gitId":"huiting-ht"},"content":"    public void setTaskType(String type) {","lastModifiedDate":"2023-09-22"},{"lineNumber":21,"author":{"gitId":"huiting-ht"},"content":"        this.type \u003d type;","lastModifiedDate":"2023-09-22"},{"lineNumber":22,"author":{"gitId":"huiting-ht"},"content":"    }","lastModifiedDate":"2023-09-17"},{"lineNumber":23,"author":{"gitId":"huiting-ht"},"content":"","lastModifiedDate":"2023-09-17"},{"lineNumber":24,"author":{"gitId":"huiting-ht"},"content":"    public String getTaskType() {","lastModifiedDate":"2023-09-17"},{"lineNumber":25,"author":{"gitId":"huiting-ht"},"content":"        return type;","lastModifiedDate":"2023-09-17"},{"lineNumber":26,"author":{"gitId":"huiting-ht"},"content":"    }","lastModifiedDate":"2023-09-17"},{"lineNumber":27,"author":{"gitId":"huiting-ht"},"content":"","lastModifiedDate":"2023-09-17"},{"lineNumber":28,"author":{"gitId":"huiting-ht"},"content":"    public void setTaskDesc(String desc) {","lastModifiedDate":"2023-09-22"},{"lineNumber":29,"author":{"gitId":"huiting-ht"},"content":"        this.desc \u003d desc;","lastModifiedDate":"2023-09-22"},{"lineNumber":30,"author":{"gitId":"huiting-ht"},"content":"    }","lastModifiedDate":"2023-09-22"},{"lineNumber":31,"author":{"gitId":"huiting-ht"},"content":"","lastModifiedDate":"2023-09-22"},{"lineNumber":32,"author":{"gitId":"huiting-ht"},"content":"    public String getTaskDesc() {","lastModifiedDate":"2023-09-17"},{"lineNumber":33,"author":{"gitId":"huiting-ht"},"content":"        return desc;","lastModifiedDate":"2023-09-17"},{"lineNumber":34,"author":{"gitId":"huiting-ht"},"content":"    }","lastModifiedDate":"2023-09-17"},{"lineNumber":35,"author":{"gitId":"huiting-ht"},"content":"","lastModifiedDate":"2023-09-17"},{"lineNumber":36,"author":{"gitId":"huiting-ht"},"content":"    public String setTaskStatus(String status) {","lastModifiedDate":"2023-09-17"},{"lineNumber":37,"author":{"gitId":"huiting-ht"},"content":"        String message \u003d \"\";","lastModifiedDate":"2023-09-17"},{"lineNumber":38,"author":{"gitId":"huiting-ht"},"content":"","lastModifiedDate":"2023-09-17"},{"lineNumber":39,"author":{"gitId":"huiting-ht"},"content":"        if (status.equals(\"check\")) {","lastModifiedDate":"2023-09-17"},{"lineNumber":40,"author":{"gitId":"huiting-ht"},"content":"            this.status \u003d SELECT;","lastModifiedDate":"2023-09-17"},{"lineNumber":41,"author":{"gitId":"huiting-ht"},"content":"            message \u003d \"You\u0027ve completed this item!\";","lastModifiedDate":"2023-09-17"},{"lineNumber":42,"author":{"gitId":"huiting-ht"},"content":"        } else {","lastModifiedDate":"2023-09-17"},{"lineNumber":43,"author":{"gitId":"huiting-ht"},"content":"            this.status \u003d UNSELECT;","lastModifiedDate":"2023-09-17"},{"lineNumber":44,"author":{"gitId":"huiting-ht"},"content":"            message \u003d \"Pending item!\";","lastModifiedDate":"2023-09-17"},{"lineNumber":45,"author":{"gitId":"huiting-ht"},"content":"        }","lastModifiedDate":"2023-09-17"},{"lineNumber":46,"author":{"gitId":"huiting-ht"},"content":"","lastModifiedDate":"2023-09-17"},{"lineNumber":47,"author":{"gitId":"huiting-ht"},"content":"        return message;","lastModifiedDate":"2023-09-17"},{"lineNumber":48,"author":{"gitId":"huiting-ht"},"content":"    }","lastModifiedDate":"2023-09-17"},{"lineNumber":49,"author":{"gitId":"huiting-ht"},"content":"","lastModifiedDate":"2023-09-17"},{"lineNumber":50,"author":{"gitId":"huiting-ht"},"content":"    public String getTaskStatus() {","lastModifiedDate":"2023-09-17"},{"lineNumber":51,"author":{"gitId":"huiting-ht"},"content":"        return status;","lastModifiedDate":"2023-09-17"},{"lineNumber":52,"author":{"gitId":"huiting-ht"},"content":"    }","lastModifiedDate":"2023-09-17"},{"lineNumber":53,"author":{"gitId":"huiting-ht"},"content":"","lastModifiedDate":"2023-09-17"},{"lineNumber":54,"author":{"gitId":"huiting-ht"},"content":"    public static int getTaskListSize() {","lastModifiedDate":"2023-09-17"},{"lineNumber":55,"author":{"gitId":"huiting-ht"},"content":"        return listSize;","lastModifiedDate":"2023-09-17"},{"lineNumber":56,"author":{"gitId":"huiting-ht"},"content":"    }","lastModifiedDate":"2023-09-17"},{"lineNumber":57,"author":{"gitId":"huiting-ht"},"content":"}","lastModifiedDate":"2023-09-17"}],"authorContributionMap":{"huiting-ht":57}},{"path":"src/main/java/amebot/tasks/ToDo.java","fileType":"java","lines":[{"lineNumber":1,"author":{"gitId":"huiting-ht"},"content":"package amebot.tasks;","lastModifiedDate":"2023-09-17"},{"lineNumber":2,"author":{"gitId":"huiting-ht"},"content":"","lastModifiedDate":"2023-09-17"},{"lineNumber":3,"author":{"gitId":"huiting-ht"},"content":"public class ToDo extends Task {","lastModifiedDate":"2023-09-17"},{"lineNumber":4,"author":{"gitId":"huiting-ht"},"content":"    protected final String TODO \u003d \"[TODO] \";","lastModifiedDate":"2023-09-17"},{"lineNumber":5,"author":{"gitId":"huiting-ht"},"content":"","lastModifiedDate":"2023-09-17"},{"lineNumber":6,"author":{"gitId":"huiting-ht"},"content":"    public ToDo(String desc) {","lastModifiedDate":"2023-09-17"},{"lineNumber":7,"author":{"gitId":"huiting-ht"},"content":"        super(desc);","lastModifiedDate":"2023-09-17"},{"lineNumber":8,"author":{"gitId":"huiting-ht"},"content":"        super.type \u003d TODO;","lastModifiedDate":"2023-09-17"},{"lineNumber":9,"author":{"gitId":"huiting-ht"},"content":"    }","lastModifiedDate":"2023-09-17"},{"lineNumber":10,"author":{"gitId":"huiting-ht"},"content":"","lastModifiedDate":"2023-09-22"},{"lineNumber":11,"author":{"gitId":"huiting-ht"},"content":"    @Override","lastModifiedDate":"2023-09-22"},{"lineNumber":12,"author":{"gitId":"huiting-ht"},"content":"    public void printTask() {","lastModifiedDate":"2023-09-22"},{"lineNumber":13,"author":{"gitId":"huiting-ht"},"content":"        System.out.println(type + status + desc);","lastModifiedDate":"2023-09-22"},{"lineNumber":14,"author":{"gitId":"huiting-ht"},"content":"    }","lastModifiedDate":"2023-09-22"},{"lineNumber":15,"author":{"gitId":"huiting-ht"},"content":"}","lastModifiedDate":"2023-09-17"}],"authorContributionMap":{"huiting-ht":15}},{"path":"src/main/java/amebot/tasks/commands/AddTask.java","fileType":"java","lines":[{"lineNumber":1,"author":{"gitId":"huiting-ht"},"content":"package amebot.tasks.commands;","lastModifiedDate":"2023-09-17"},{"lineNumber":2,"author":{"gitId":"huiting-ht"},"content":"","lastModifiedDate":"2023-09-17"},{"lineNumber":3,"author":{"gitId":"huiting-ht"},"content":"import amebot.tasks.Task;","lastModifiedDate":"2023-09-17"},{"lineNumber":4,"author":{"gitId":"huiting-ht"},"content":"import amebot.tasks.ToDo;","lastModifiedDate":"2023-09-17"},{"lineNumber":5,"author":{"gitId":"huiting-ht"},"content":"import amebot.tasks.Event;","lastModifiedDate":"2023-09-17"},{"lineNumber":6,"author":{"gitId":"huiting-ht"},"content":"import amebot.tasks.Deadline;","lastModifiedDate":"2023-09-17"},{"lineNumber":7,"author":{"gitId":"huiting-ht"},"content":"","lastModifiedDate":"2023-09-17"},{"lineNumber":8,"author":{"gitId":"huiting-ht"},"content":"public class AddTask extends Command {","lastModifiedDate":"2023-09-17"},{"lineNumber":9,"author":{"gitId":"huiting-ht"},"content":"    public static void add(String desc, String date) {","lastModifiedDate":"2023-09-17"},{"lineNumber":10,"author":{"gitId":"huiting-ht"},"content":"        try {","lastModifiedDate":"2023-09-17"},{"lineNumber":11,"author":{"gitId":"huiting-ht"},"content":"            int size \u003d date.length();","lastModifiedDate":"2023-09-17"},{"lineNumber":12,"author":{"gitId":"huiting-ht"},"content":"            Task item;","lastModifiedDate":"2023-09-17"},{"lineNumber":13,"author":{"gitId":"huiting-ht"},"content":"","lastModifiedDate":"2023-09-17"},{"lineNumber":14,"author":{"gitId":"huiting-ht"},"content":"            if (date.contains(FROM_REGEX)) {","lastModifiedDate":"2023-09-17"},{"lineNumber":15,"author":{"gitId":"huiting-ht"},"content":"                int index \u003d date.indexOf(TO_REGEX);","lastModifiedDate":"2023-09-17"},{"lineNumber":16,"author":{"gitId":"huiting-ht"},"content":"","lastModifiedDate":"2023-09-17"},{"lineNumber":17,"author":{"gitId":"huiting-ht"},"content":"                String from \u003d date.substring(0, 6).replace(\u0027/\u0027, \u0027(\u0027);","lastModifiedDate":"2023-09-17"},{"lineNumber":18,"author":{"gitId":"huiting-ht"},"content":"                String fromTime \u003d date.substring(6, index);","lastModifiedDate":"2023-09-17"},{"lineNumber":19,"author":{"gitId":"huiting-ht"},"content":"                String fromDate \u003d from + \":\" + fromTime;","lastModifiedDate":"2023-09-17"},{"lineNumber":20,"author":{"gitId":"huiting-ht"},"content":"","lastModifiedDate":"2023-09-17"},{"lineNumber":21,"author":{"gitId":"huiting-ht"},"content":"                String to \u003d date.substring(index + 1, index + 4).replace(\u0027/\u0027, \u0027 \u0027);","lastModifiedDate":"2023-09-17"},{"lineNumber":22,"author":{"gitId":"huiting-ht"},"content":"                String toTime \u003d date.substring(index + 4, size);","lastModifiedDate":"2023-09-17"},{"lineNumber":23,"author":{"gitId":"huiting-ht"},"content":"                String toDate \u003d to + \":\" + toTime + \")\";","lastModifiedDate":"2023-09-17"},{"lineNumber":24,"author":{"gitId":"huiting-ht"},"content":"","lastModifiedDate":"2023-09-17"},{"lineNumber":25,"author":{"gitId":"huiting-ht"},"content":"                item \u003d new Event(desc, fromDate, toDate);","lastModifiedDate":"2023-09-17"},{"lineNumber":26,"author":{"gitId":"huiting-ht"},"content":"            } else if (date.contains(DUE_REGEX)) {","lastModifiedDate":"2023-09-17"},{"lineNumber":27,"author":{"gitId":"huiting-ht"},"content":"                String due \u003d date.substring(0, 5).replace(\u0027/\u0027, \u0027(\u0027);","lastModifiedDate":"2023-09-17"},{"lineNumber":28,"author":{"gitId":"huiting-ht"},"content":"                String dueDate \u003d date.substring(5);","lastModifiedDate":"2023-09-17"},{"lineNumber":29,"author":{"gitId":"huiting-ht"},"content":"                date \u003d due + \":\" + dueDate + \")\";","lastModifiedDate":"2023-09-17"},{"lineNumber":30,"author":{"gitId":"huiting-ht"},"content":"","lastModifiedDate":"2023-09-17"},{"lineNumber":31,"author":{"gitId":"huiting-ht"},"content":"                item \u003d new Deadline(desc, date);","lastModifiedDate":"2023-09-17"},{"lineNumber":32,"author":{"gitId":"huiting-ht"},"content":"            } else {","lastModifiedDate":"2023-09-17"},{"lineNumber":33,"author":{"gitId":"huiting-ht"},"content":"                item \u003d new ToDo(desc);","lastModifiedDate":"2023-09-17"},{"lineNumber":34,"author":{"gitId":"huiting-ht"},"content":"            }","lastModifiedDate":"2023-09-17"},{"lineNumber":35,"author":{"gitId":"huiting-ht"},"content":"","lastModifiedDate":"2023-09-17"},{"lineNumber":36,"author":{"gitId":"huiting-ht"},"content":"            tasks.add(item);","lastModifiedDate":"2023-09-17"},{"lineNumber":37,"author":{"gitId":"huiting-ht"},"content":"","lastModifiedDate":"2023-09-17"},{"lineNumber":38,"author":{"gitId":"huiting-ht"},"content":"            Command.printOutput(item);","lastModifiedDate":"2023-09-17"},{"lineNumber":39,"author":{"gitId":"huiting-ht"},"content":"        } catch (StringIndexOutOfBoundsException | NullPointerException err) {","lastModifiedDate":"2023-09-17"},{"lineNumber":40,"author":{"gitId":"huiting-ht"},"content":"            System.out.print(\"\\n\");","lastModifiedDate":"2023-09-17"},{"lineNumber":41,"author":{"gitId":"huiting-ht"},"content":"        }","lastModifiedDate":"2023-09-17"},{"lineNumber":42,"author":{"gitId":"huiting-ht"},"content":"    }","lastModifiedDate":"2023-09-17"},{"lineNumber":43,"author":{"gitId":"huiting-ht"},"content":"}","lastModifiedDate":"2023-09-17"}],"authorContributionMap":{"huiting-ht":43}},{"path":"src/main/java/amebot/tasks/commands/Command.java","fileType":"java","lines":[{"lineNumber":1,"author":{"gitId":"huiting-ht"},"content":"package amebot.tasks.commands;","lastModifiedDate":"2023-09-17"},{"lineNumber":2,"author":{"gitId":"huiting-ht"},"content":"","lastModifiedDate":"2023-09-17"},{"lineNumber":3,"author":{"gitId":"huiting-ht"},"content":"import java.util.ArrayList;","lastModifiedDate":"2023-09-17"},{"lineNumber":4,"author":{"gitId":"huiting-ht"},"content":"","lastModifiedDate":"2023-09-17"},{"lineNumber":5,"author":{"gitId":"huiting-ht"},"content":"import amebot.exceptions.AmebotException;","lastModifiedDate":"2023-09-22"},{"lineNumber":6,"author":{"gitId":"huiting-ht"},"content":"import amebot.App;","lastModifiedDate":"2023-09-17"},{"lineNumber":7,"author":{"gitId":"huiting-ht"},"content":"import amebot.tasks.Task;","lastModifiedDate":"2023-09-17"},{"lineNumber":8,"author":{"gitId":"huiting-ht"},"content":"","lastModifiedDate":"2023-09-17"},{"lineNumber":9,"author":{"gitId":"huiting-ht"},"content":"public class Command {","lastModifiedDate":"2023-09-17"},{"lineNumber":10,"author":{"gitId":"huiting-ht"},"content":"    protected static ArrayList\u003cTask\u003e tasks \u003d new ArrayList\u003c\u003e();","lastModifiedDate":"2023-09-17"},{"lineNumber":11,"author":{"gitId":"huiting-ht"},"content":"    protected static final String FROM_REGEX \u003d \" /from \";","lastModifiedDate":"2023-09-17"},{"lineNumber":12,"author":{"gitId":"huiting-ht"},"content":"    protected static final String TO_REGEX \u003d \" /to \";","lastModifiedDate":"2023-09-17"},{"lineNumber":13,"author":{"gitId":"huiting-ht"},"content":"    protected static final String DUE_REGEX \u003d \" /due \";","lastModifiedDate":"2023-09-17"},{"lineNumber":14,"author":{"gitId":"huiting-ht"},"content":"    protected static final String NAN \u003d \"NAN\";","lastModifiedDate":"2023-09-17"},{"lineNumber":15,"author":{"gitId":"huiting-ht"},"content":"","lastModifiedDate":"2023-09-17"},{"lineNumber":16,"author":{"gitId":"huiting-ht"},"content":"    public static void render(String input) throws AmebotException {","lastModifiedDate":"2023-09-22"},{"lineNumber":17,"author":{"gitId":"huiting-ht"},"content":"        String[] inputTexts \u003d input.trim().split(\" \");","lastModifiedDate":"2023-09-17"},{"lineNumber":18,"author":{"gitId":"huiting-ht"},"content":"","lastModifiedDate":"2023-09-17"},{"lineNumber":19,"author":{"gitId":"huiting-ht"},"content":"        String command \u003d extractCommand(inputTexts[0]);","lastModifiedDate":"2023-09-22"},{"lineNumber":20,"author":{"gitId":"huiting-ht"},"content":"","lastModifiedDate":"2023-09-17"},{"lineNumber":21,"author":{"gitId":"huiting-ht"},"content":"        switch (command) {","lastModifiedDate":"2023-09-17"},{"lineNumber":22,"author":{"gitId":"huiting-ht"},"content":"            case \"todo\":","lastModifiedDate":"2023-09-17"},{"lineNumber":23,"author":{"gitId":"huiting-ht"},"content":"                // Fallthrough","lastModifiedDate":"2023-09-17"},{"lineNumber":24,"author":{"gitId":"huiting-ht"},"content":"            case \"event\":","lastModifiedDate":"2023-09-17"},{"lineNumber":25,"author":{"gitId":"huiting-ht"},"content":"                // Fallthrough","lastModifiedDate":"2023-09-17"},{"lineNumber":26,"author":{"gitId":"huiting-ht"},"content":"            case \"deadline\":","lastModifiedDate":"2023-09-17"},{"lineNumber":27,"author":{"gitId":"huiting-ht"},"content":"                String[] content \u003d extractContent(input);","lastModifiedDate":"2023-09-22"},{"lineNumber":28,"author":{"gitId":"huiting-ht"},"content":"                String desc \u003d content[0];","lastModifiedDate":"2023-09-17"},{"lineNumber":29,"author":{"gitId":"huiting-ht"},"content":"                String date \u003d content[1];","lastModifiedDate":"2023-09-17"},{"lineNumber":30,"author":{"gitId":"huiting-ht"},"content":"                AddTask.add(desc, date);","lastModifiedDate":"2023-09-17"},{"lineNumber":31,"author":{"gitId":"huiting-ht"},"content":"                break;","lastModifiedDate":"2023-09-17"},{"lineNumber":32,"author":{"gitId":"huiting-ht"},"content":"            case \"list\":","lastModifiedDate":"2023-09-17"},{"lineNumber":33,"author":{"gitId":"huiting-ht"},"content":"                printOutput();","lastModifiedDate":"2023-09-17"},{"lineNumber":34,"author":{"gitId":"huiting-ht"},"content":"                break;","lastModifiedDate":"2023-09-17"},{"lineNumber":35,"author":{"gitId":"huiting-ht"},"content":"            case \"check\":","lastModifiedDate":"2023-09-17"},{"lineNumber":36,"author":{"gitId":"huiting-ht"},"content":"                // Fallthrough","lastModifiedDate":"2023-09-17"},{"lineNumber":37,"author":{"gitId":"huiting-ht"},"content":"            case \"uncheck\":","lastModifiedDate":"2023-09-17"},{"lineNumber":38,"author":{"gitId":"huiting-ht"},"content":"                int index \u003d extractIndex(inputTexts);","lastModifiedDate":"2023-09-22"},{"lineNumber":39,"author":{"gitId":"huiting-ht"},"content":"                if (index \u003e -1 \u0026\u0026 index \u003c Task.getTaskListSize()) {","lastModifiedDate":"2023-09-22"},{"lineNumber":40,"author":{"gitId":"huiting-ht"},"content":"                    printOutput(index - 1, command);","lastModifiedDate":"2023-09-17"},{"lineNumber":41,"author":{"gitId":"huiting-ht"},"content":"                }","lastModifiedDate":"2023-09-22"},{"lineNumber":42,"author":{"gitId":"huiting-ht"},"content":"                break;","lastModifiedDate":"2023-09-17"},{"lineNumber":43,"author":{"gitId":"huiting-ht"},"content":"            case \"bye\":","lastModifiedDate":"2023-09-17"},{"lineNumber":44,"author":{"gitId":"huiting-ht"},"content":"                App.exit();","lastModifiedDate":"2023-09-17"},{"lineNumber":45,"author":{"gitId":"huiting-ht"},"content":"                break;","lastModifiedDate":"2023-09-17"},{"lineNumber":46,"author":{"gitId":"huiting-ht"},"content":"            default:","lastModifiedDate":"2023-09-17"},{"lineNumber":47,"author":{"gitId":"huiting-ht"},"content":"                throw new AmebotException(\"Invalid Input Exception\");","lastModifiedDate":"2023-09-22"},{"lineNumber":48,"author":{"gitId":"huiting-ht"},"content":"        }","lastModifiedDate":"2023-09-17"},{"lineNumber":49,"author":{"gitId":"huiting-ht"},"content":"    }","lastModifiedDate":"2023-09-17"},{"lineNumber":50,"author":{"gitId":"huiting-ht"},"content":"","lastModifiedDate":"2023-09-17"},{"lineNumber":51,"author":{"gitId":"huiting-ht"},"content":"    public static String extractCommand(String inputCommand) {","lastModifiedDate":"2023-09-22"},{"lineNumber":52,"author":{"gitId":"huiting-ht"},"content":"        String command \u003d \"\";","lastModifiedDate":"2023-09-17"},{"lineNumber":53,"author":{"gitId":"huiting-ht"},"content":"","lastModifiedDate":"2023-09-17"},{"lineNumber":54,"author":{"gitId":"huiting-ht"},"content":"        try {","lastModifiedDate":"2023-09-17"},{"lineNumber":55,"author":{"gitId":"huiting-ht"},"content":"            command \u003d inputCommand;","lastModifiedDate":"2023-09-22"},{"lineNumber":56,"author":{"gitId":"huiting-ht"},"content":"            checkCommand(command);","lastModifiedDate":"2023-09-17"},{"lineNumber":57,"author":{"gitId":"huiting-ht"},"content":"        } catch (AmebotException | NumberFormatException err) {","lastModifiedDate":"2023-09-22"},{"lineNumber":58,"author":{"gitId":"huiting-ht"},"content":"            System.out.println(\"You\u0027ve entered an invalid command, please try again!\");","lastModifiedDate":"2023-09-17"},{"lineNumber":59,"author":{"gitId":"huiting-ht"},"content":"        }","lastModifiedDate":"2023-09-17"},{"lineNumber":60,"author":{"gitId":"huiting-ht"},"content":"","lastModifiedDate":"2023-09-17"},{"lineNumber":61,"author":{"gitId":"huiting-ht"},"content":"        return command;","lastModifiedDate":"2023-09-17"},{"lineNumber":62,"author":{"gitId":"huiting-ht"},"content":"    }","lastModifiedDate":"2023-09-17"},{"lineNumber":63,"author":{"gitId":"huiting-ht"},"content":"","lastModifiedDate":"2023-09-17"},{"lineNumber":64,"author":{"gitId":"huiting-ht"},"content":"    public static void checkCommand(String command) throws AmebotException {","lastModifiedDate":"2023-09-22"},{"lineNumber":65,"author":{"gitId":"huiting-ht"},"content":"        boolean isValid \u003d false;","lastModifiedDate":"2023-09-17"},{"lineNumber":66,"author":{"gitId":"huiting-ht"},"content":"","lastModifiedDate":"2023-09-17"},{"lineNumber":67,"author":{"gitId":"huiting-ht"},"content":"        switch (command) {","lastModifiedDate":"2023-09-17"},{"lineNumber":68,"author":{"gitId":"huiting-ht"},"content":"            case \"todo\":","lastModifiedDate":"2023-09-17"},{"lineNumber":69,"author":{"gitId":"huiting-ht"},"content":"                // Fallthrough","lastModifiedDate":"2023-09-17"},{"lineNumber":70,"author":{"gitId":"huiting-ht"},"content":"            case \"event\":","lastModifiedDate":"2023-09-17"},{"lineNumber":71,"author":{"gitId":"huiting-ht"},"content":"                // Fallthrough","lastModifiedDate":"2023-09-17"},{"lineNumber":72,"author":{"gitId":"huiting-ht"},"content":"            case \"deadline\":","lastModifiedDate":"2023-09-17"},{"lineNumber":73,"author":{"gitId":"huiting-ht"},"content":"                // Fallthrough","lastModifiedDate":"2023-09-17"},{"lineNumber":74,"author":{"gitId":"huiting-ht"},"content":"            case \"list\":","lastModifiedDate":"2023-09-17"},{"lineNumber":75,"author":{"gitId":"huiting-ht"},"content":"                // Fallthrough","lastModifiedDate":"2023-09-17"},{"lineNumber":76,"author":{"gitId":"huiting-ht"},"content":"            case \"check\":","lastModifiedDate":"2023-09-17"},{"lineNumber":77,"author":{"gitId":"huiting-ht"},"content":"                // Fallthrough","lastModifiedDate":"2023-09-17"},{"lineNumber":78,"author":{"gitId":"huiting-ht"},"content":"            case \"uncheck\":","lastModifiedDate":"2023-09-17"},{"lineNumber":79,"author":{"gitId":"huiting-ht"},"content":"                // Fallthrough","lastModifiedDate":"2023-09-17"},{"lineNumber":80,"author":{"gitId":"huiting-ht"},"content":"            case \"bye\":","lastModifiedDate":"2023-09-17"},{"lineNumber":81,"author":{"gitId":"huiting-ht"},"content":"                isValid \u003d true;","lastModifiedDate":"2023-09-17"},{"lineNumber":82,"author":{"gitId":"huiting-ht"},"content":"                break;","lastModifiedDate":"2023-09-17"},{"lineNumber":83,"author":{"gitId":"huiting-ht"},"content":"        }","lastModifiedDate":"2023-09-17"},{"lineNumber":84,"author":{"gitId":"huiting-ht"},"content":"","lastModifiedDate":"2023-09-17"},{"lineNumber":85,"author":{"gitId":"huiting-ht"},"content":"        if (!isValid) {","lastModifiedDate":"2023-09-17"},{"lineNumber":86,"author":{"gitId":"huiting-ht"},"content":"            throw new AmebotException(\"Invalid Command Exception\");","lastModifiedDate":"2023-09-22"},{"lineNumber":87,"author":{"gitId":"huiting-ht"},"content":"        }","lastModifiedDate":"2023-09-17"},{"lineNumber":88,"author":{"gitId":"huiting-ht"},"content":"    }","lastModifiedDate":"2023-09-17"},{"lineNumber":89,"author":{"gitId":"huiting-ht"},"content":"","lastModifiedDate":"2023-09-17"},{"lineNumber":90,"author":{"gitId":"huiting-ht"},"content":"    public static String[] extractContent(String input) {","lastModifiedDate":"2023-09-17"},{"lineNumber":91,"author":{"gitId":"huiting-ht"},"content":"        int size \u003d input.length();","lastModifiedDate":"2023-09-17"},{"lineNumber":92,"author":{"gitId":"huiting-ht"},"content":"        String[] content \u003d new String[2];","lastModifiedDate":"2023-09-17"},{"lineNumber":93,"author":{"gitId":"huiting-ht"},"content":"        String desc \u003d \"\";","lastModifiedDate":"2023-09-17"},{"lineNumber":94,"author":{"gitId":"huiting-ht"},"content":"        String date \u003d \"\";","lastModifiedDate":"2023-09-17"},{"lineNumber":95,"author":{"gitId":"huiting-ht"},"content":"        int index \u003d -1;","lastModifiedDate":"2023-09-17"},{"lineNumber":96,"author":{"gitId":"huiting-ht"},"content":"","lastModifiedDate":"2023-09-17"},{"lineNumber":97,"author":{"gitId":"huiting-ht"},"content":"        try {","lastModifiedDate":"2023-09-17"},{"lineNumber":98,"author":{"gitId":"huiting-ht"},"content":"            if (input.contains(\"event\")) {","lastModifiedDate":"2023-09-17"},{"lineNumber":99,"author":{"gitId":"huiting-ht"},"content":"                index \u003d input.indexOf(FROM_REGEX);","lastModifiedDate":"2023-09-17"},{"lineNumber":100,"author":{"gitId":"huiting-ht"},"content":"                desc \u003d input.substring(6, index);","lastModifiedDate":"2023-09-17"},{"lineNumber":101,"author":{"gitId":"huiting-ht"},"content":"                date \u003d input.substring(index, size);","lastModifiedDate":"2023-09-17"},{"lineNumber":102,"author":{"gitId":"huiting-ht"},"content":"            } else if (input.contains(\"deadline\")) {","lastModifiedDate":"2023-09-17"},{"lineNumber":103,"author":{"gitId":"huiting-ht"},"content":"                index \u003d input.indexOf(DUE_REGEX);","lastModifiedDate":"2023-09-17"},{"lineNumber":104,"author":{"gitId":"huiting-ht"},"content":"                desc \u003d input.substring(9, index);","lastModifiedDate":"2023-09-17"},{"lineNumber":105,"author":{"gitId":"huiting-ht"},"content":"                date \u003d input.substring(index, size);","lastModifiedDate":"2023-09-17"},{"lineNumber":106,"author":{"gitId":"huiting-ht"},"content":"            } else {","lastModifiedDate":"2023-09-17"},{"lineNumber":107,"author":{"gitId":"huiting-ht"},"content":"                desc \u003d input.substring(5);","lastModifiedDate":"2023-09-17"},{"lineNumber":108,"author":{"gitId":"huiting-ht"},"content":"                date \u003d NAN;","lastModifiedDate":"2023-09-17"},{"lineNumber":109,"author":{"gitId":"huiting-ht"},"content":"            }","lastModifiedDate":"2023-09-17"},{"lineNumber":110,"author":{"gitId":"huiting-ht"},"content":"","lastModifiedDate":"2023-09-17"},{"lineNumber":111,"author":{"gitId":"huiting-ht"},"content":"            content[0] \u003d desc;","lastModifiedDate":"2023-09-17"},{"lineNumber":112,"author":{"gitId":"huiting-ht"},"content":"            content[1] \u003d date;","lastModifiedDate":"2023-09-17"},{"lineNumber":113,"author":{"gitId":"huiting-ht"},"content":"            checkDate(date);","lastModifiedDate":"2023-09-17"},{"lineNumber":114,"author":{"gitId":"huiting-ht"},"content":"        } catch (AmebotException | NumberFormatException | StringIndexOutOfBoundsException |","lastModifiedDate":"2023-09-22"},{"lineNumber":115,"author":{"gitId":"huiting-ht"},"content":"                 NullPointerException err) {","lastModifiedDate":"2023-09-17"},{"lineNumber":116,"author":{"gitId":"huiting-ht"},"content":"            System.out.println(\"Description cannot be empty, please try again!\");","lastModifiedDate":"2023-09-22"},{"lineNumber":117,"author":{"gitId":"huiting-ht"},"content":"        }","lastModifiedDate":"2023-09-17"},{"lineNumber":118,"author":{"gitId":"huiting-ht"},"content":"","lastModifiedDate":"2023-09-17"},{"lineNumber":119,"author":{"gitId":"huiting-ht"},"content":"        return content;","lastModifiedDate":"2023-09-17"},{"lineNumber":120,"author":{"gitId":"huiting-ht"},"content":"    }","lastModifiedDate":"2023-09-17"},{"lineNumber":121,"author":{"gitId":"huiting-ht"},"content":"","lastModifiedDate":"2023-09-17"},{"lineNumber":122,"author":{"gitId":"huiting-ht"},"content":"    public static void checkDate(String date) throws AmebotException {","lastModifiedDate":"2023-09-22"},{"lineNumber":123,"author":{"gitId":"huiting-ht"},"content":"        boolean isValid \u003d (date.contains(FROM_REGEX) \u0026\u0026 date.contains(TO_REGEX)) || date.contains(DUE_REGEX) || date.contains(NAN);","lastModifiedDate":"2023-09-17"},{"lineNumber":124,"author":{"gitId":"huiting-ht"},"content":"","lastModifiedDate":"2023-09-17"},{"lineNumber":125,"author":{"gitId":"huiting-ht"},"content":"        if (!isValid) {","lastModifiedDate":"2023-09-17"},{"lineNumber":126,"author":{"gitId":"huiting-ht"},"content":"            throw new AmebotException(\"Invalid Description Exception\");","lastModifiedDate":"2023-09-22"},{"lineNumber":127,"author":{"gitId":"huiting-ht"},"content":"        }","lastModifiedDate":"2023-09-17"},{"lineNumber":128,"author":{"gitId":"huiting-ht"},"content":"    }","lastModifiedDate":"2023-09-17"},{"lineNumber":129,"author":{"gitId":"huiting-ht"},"content":"","lastModifiedDate":"2023-09-17"},{"lineNumber":130,"author":{"gitId":"huiting-ht"},"content":"    public static int extractIndex(String[] inputTexts) {","lastModifiedDate":"2023-09-17"},{"lineNumber":131,"author":{"gitId":"huiting-ht"},"content":"        int size \u003d inputTexts.length;","lastModifiedDate":"2023-09-22"},{"lineNumber":132,"author":{"gitId":"huiting-ht"},"content":"        int index \u003d -1;","lastModifiedDate":"2023-09-17"},{"lineNumber":133,"author":{"gitId":"huiting-ht"},"content":"","lastModifiedDate":"2023-09-17"},{"lineNumber":134,"author":{"gitId":"huiting-ht"},"content":"        try {","lastModifiedDate":"2023-09-17"},{"lineNumber":135,"author":{"gitId":"huiting-ht"},"content":"            index \u003d Integer.parseInt(inputTexts[1]);","lastModifiedDate":"2023-09-17"},{"lineNumber":136,"author":{"gitId":"huiting-ht"},"content":"            checkIndex(index);","lastModifiedDate":"2023-09-17"},{"lineNumber":137,"author":{"gitId":"huiting-ht"},"content":"        } catch (AmebotException | NumberFormatException | IndexOutOfBoundsException err) {","lastModifiedDate":"2023-09-22"},{"lineNumber":138,"author":{"gitId":"huiting-ht"},"content":"            System.out.println(\"You\u0027ve entered an invalid index, please try again!\");","lastModifiedDate":"2023-09-17"},{"lineNumber":139,"author":{"gitId":"huiting-ht"},"content":"        }","lastModifiedDate":"2023-09-17"},{"lineNumber":140,"author":{"gitId":"huiting-ht"},"content":"","lastModifiedDate":"2023-09-17"},{"lineNumber":141,"author":{"gitId":"huiting-ht"},"content":"        return index;","lastModifiedDate":"2023-09-17"},{"lineNumber":142,"author":{"gitId":"huiting-ht"},"content":"    }","lastModifiedDate":"2023-09-17"},{"lineNumber":143,"author":{"gitId":"huiting-ht"},"content":"","lastModifiedDate":"2023-09-17"},{"lineNumber":144,"author":{"gitId":"huiting-ht"},"content":"    public static void checkIndex(int index) throws AmebotException {","lastModifiedDate":"2023-09-22"},{"lineNumber":145,"author":{"gitId":"huiting-ht"},"content":"        boolean isValid \u003d false;","lastModifiedDate":"2023-09-22"},{"lineNumber":146,"author":{"gitId":"huiting-ht"},"content":"","lastModifiedDate":"2023-09-22"},{"lineNumber":147,"author":{"gitId":"huiting-ht"},"content":"        if (index \u003e -1 \u0026\u0026 index \u003c Task.getTaskListSize()) {","lastModifiedDate":"2023-09-22"},{"lineNumber":148,"author":{"gitId":"huiting-ht"},"content":"            isValid \u003d true;","lastModifiedDate":"2023-09-22"},{"lineNumber":149,"author":{"gitId":"huiting-ht"},"content":"        }","lastModifiedDate":"2023-09-22"},{"lineNumber":150,"author":{"gitId":"huiting-ht"},"content":"","lastModifiedDate":"2023-09-22"},{"lineNumber":151,"author":{"gitId":"huiting-ht"},"content":"        if (!isValid) {","lastModifiedDate":"2023-09-22"},{"lineNumber":152,"author":{"gitId":"huiting-ht"},"content":"            throw new AmebotException(\"Invalid Index Exception\");","lastModifiedDate":"2023-09-22"},{"lineNumber":153,"author":{"gitId":"huiting-ht"},"content":"        }","lastModifiedDate":"2023-09-17"},{"lineNumber":154,"author":{"gitId":"huiting-ht"},"content":"    }","lastModifiedDate":"2023-09-17"},{"lineNumber":155,"author":{"gitId":"huiting-ht"},"content":"","lastModifiedDate":"2023-09-17"},{"lineNumber":156,"author":{"gitId":"huiting-ht"},"content":"    public static void printOutput(Task item) {","lastModifiedDate":"2023-09-17"},{"lineNumber":157,"author":{"gitId":"huiting-ht"},"content":"        System.out.println(App.TOP_BORDER);","lastModifiedDate":"2023-09-17"},{"lineNumber":158,"author":{"gitId":"huiting-ht"},"content":"","lastModifiedDate":"2023-09-17"},{"lineNumber":159,"author":{"gitId":"huiting-ht"},"content":"        item.printTask();","lastModifiedDate":"2023-09-17"},{"lineNumber":160,"author":{"gitId":"huiting-ht"},"content":"        System.out.println(\"Successfully added to list!\\n\"","lastModifiedDate":"2023-09-17"},{"lineNumber":161,"author":{"gitId":"huiting-ht"},"content":"                + \"You\u0027ve \" + Task.getTaskListSize() + \" item(s) in list~\");","lastModifiedDate":"2023-09-17"},{"lineNumber":162,"author":{"gitId":"huiting-ht"},"content":"","lastModifiedDate":"2023-09-17"},{"lineNumber":163,"author":{"gitId":"huiting-ht"},"content":"        System.out.println(App.BOTTOM_BORDER + \"\\n\");","lastModifiedDate":"2023-09-17"},{"lineNumber":164,"author":{"gitId":"huiting-ht"},"content":"    }","lastModifiedDate":"2023-09-17"},{"lineNumber":165,"author":{"gitId":"huiting-ht"},"content":"","lastModifiedDate":"2023-09-17"},{"lineNumber":166,"author":{"gitId":"huiting-ht"},"content":"    public static void printOutput() {","lastModifiedDate":"2023-09-17"},{"lineNumber":167,"author":{"gitId":"huiting-ht"},"content":"        System.out.println(App.TOP_BORDER);","lastModifiedDate":"2023-09-17"},{"lineNumber":168,"author":{"gitId":"huiting-ht"},"content":"","lastModifiedDate":"2023-09-17"},{"lineNumber":169,"author":{"gitId":"huiting-ht"},"content":"        ListTask.list();","lastModifiedDate":"2023-09-17"},{"lineNumber":170,"author":{"gitId":"huiting-ht"},"content":"","lastModifiedDate":"2023-09-17"},{"lineNumber":171,"author":{"gitId":"huiting-ht"},"content":"        System.out.println(App.BOTTOM_BORDER + \"\\n\");","lastModifiedDate":"2023-09-17"},{"lineNumber":172,"author":{"gitId":"huiting-ht"},"content":"    }","lastModifiedDate":"2023-09-17"},{"lineNumber":173,"author":{"gitId":"huiting-ht"},"content":"","lastModifiedDate":"2023-09-17"},{"lineNumber":174,"author":{"gitId":"huiting-ht"},"content":"    public static void printOutput(int index, String status) {","lastModifiedDate":"2023-09-17"},{"lineNumber":175,"author":{"gitId":"huiting-ht"},"content":"        System.out.println(App.TOP_BORDER);","lastModifiedDate":"2023-09-17"},{"lineNumber":176,"author":{"gitId":"huiting-ht"},"content":"","lastModifiedDate":"2023-09-17"},{"lineNumber":177,"author":{"gitId":"huiting-ht"},"content":"        String message \u003d \"\";","lastModifiedDate":"2023-09-17"},{"lineNumber":178,"author":{"gitId":"huiting-ht"},"content":"        message \u003d tasks.get(index).setTaskStatus(status);","lastModifiedDate":"2023-09-17"},{"lineNumber":179,"author":{"gitId":"huiting-ht"},"content":"        System.out.println(message);","lastModifiedDate":"2023-09-17"},{"lineNumber":180,"author":{"gitId":"huiting-ht"},"content":"        tasks.get(index).printTask();","lastModifiedDate":"2023-09-17"},{"lineNumber":181,"author":{"gitId":"huiting-ht"},"content":"","lastModifiedDate":"2023-09-17"},{"lineNumber":182,"author":{"gitId":"huiting-ht"},"content":"        System.out.println(App.BOTTOM_BORDER + \"\\n\");","lastModifiedDate":"2023-09-17"},{"lineNumber":183,"author":{"gitId":"huiting-ht"},"content":"    }","lastModifiedDate":"2023-09-17"},{"lineNumber":184,"author":{"gitId":"huiting-ht"},"content":"}","lastModifiedDate":"2023-09-17"}],"authorContributionMap":{"huiting-ht":184}},{"path":"src/main/java/amebot/tasks/commands/ListTask.java","fileType":"java","lines":[{"lineNumber":1,"author":{"gitId":"huiting-ht"},"content":"package amebot.tasks.commands;","lastModifiedDate":"2023-09-17"},{"lineNumber":2,"author":{"gitId":"huiting-ht"},"content":"","lastModifiedDate":"2023-09-17"},{"lineNumber":3,"author":{"gitId":"huiting-ht"},"content":"import amebot.tasks.Task;","lastModifiedDate":"2023-09-17"},{"lineNumber":4,"author":{"gitId":"huiting-ht"},"content":"","lastModifiedDate":"2023-09-17"},{"lineNumber":5,"author":{"gitId":"huiting-ht"},"content":"public class ListTask extends Command {","lastModifiedDate":"2023-09-17"},{"lineNumber":6,"author":{"gitId":"huiting-ht"},"content":"    public static void list() {","lastModifiedDate":"2023-09-17"},{"lineNumber":7,"author":{"gitId":"huiting-ht"},"content":"        if (Task.getTaskListSize() \u003d\u003d 0) {","lastModifiedDate":"2023-09-17"},{"lineNumber":8,"author":{"gitId":"huiting-ht"},"content":"            System.out.println(\"List is empty!\");","lastModifiedDate":"2023-09-17"},{"lineNumber":9,"author":{"gitId":"huiting-ht"},"content":"        } else {","lastModifiedDate":"2023-09-17"},{"lineNumber":10,"author":{"gitId":"huiting-ht"},"content":"            int itemNum \u003d 1;","lastModifiedDate":"2023-09-17"},{"lineNumber":11,"author":{"gitId":"huiting-ht"},"content":"","lastModifiedDate":"2023-09-17"},{"lineNumber":12,"author":{"gitId":"huiting-ht"},"content":"            System.out.println(\"Item(s) in current list:\");","lastModifiedDate":"2023-09-17"},{"lineNumber":13,"author":{"gitId":"huiting-ht"},"content":"            for (Task task : tasks) {","lastModifiedDate":"2023-09-17"},{"lineNumber":14,"author":{"gitId":"huiting-ht"},"content":"                System.out.print(itemNum + \". \");","lastModifiedDate":"2023-09-17"},{"lineNumber":15,"author":{"gitId":"huiting-ht"},"content":"                task.printTask();","lastModifiedDate":"2023-09-17"},{"lineNumber":16,"author":{"gitId":"huiting-ht"},"content":"                itemNum++;","lastModifiedDate":"2023-09-17"},{"lineNumber":17,"author":{"gitId":"huiting-ht"},"content":"            }","lastModifiedDate":"2023-09-17"},{"lineNumber":18,"author":{"gitId":"huiting-ht"},"content":"        }","lastModifiedDate":"2023-09-17"},{"lineNumber":19,"author":{"gitId":"huiting-ht"},"content":"    }","lastModifiedDate":"2023-09-17"},{"lineNumber":20,"author":{"gitId":"huiting-ht"},"content":"}","lastModifiedDate":"2023-09-17"}],"authorContributionMap":{"huiting-ht":20}},{"path":"src/main/java/amebot/tasks/commands/UpdateTaskStatus.java","fileType":"java","lines":[{"lineNumber":1,"author":{"gitId":"huiting-ht"},"content":"package amebot.tasks.commands;","lastModifiedDate":"2023-09-17"},{"lineNumber":2,"author":{"gitId":"huiting-ht"},"content":"","lastModifiedDate":"2023-09-17"},{"lineNumber":3,"author":{"gitId":"huiting-ht"},"content":"public class UpdateTaskStatus extends Command {","lastModifiedDate":"2023-09-17"},{"lineNumber":4,"author":{"gitId":"huiting-ht"},"content":"    public static void update(int index, String status) {","lastModifiedDate":"2023-09-17"},{"lineNumber":5,"author":{"gitId":"huiting-ht"},"content":"    }","lastModifiedDate":"2023-09-17"},{"lineNumber":6,"author":{"gitId":"huiting-ht"},"content":"}","lastModifiedDate":"2023-09-17"}],"authorContributionMap":{"huiting-ht":6}},{"path":"text-ui-test/input.txt","fileType":"txt","lines":[{"lineNumber":1,"author":{"gitId":"huiting-ht"},"content":"list","lastModifiedDate":"2023-09-09"},{"lineNumber":2,"author":{"gitId":"huiting-ht"},"content":"todo Ride a shinkansen","lastModifiedDate":"2023-09-17"},{"lineNumber":3,"author":{"gitId":"huiting-ht"},"content":"event Go-kart around Tokyo /from Wednesday 1pm /to 3pm","lastModifiedDate":"2023-09-17"},{"lineNumber":4,"author":{"gitId":"huiting-ht"},"content":"todo Enter Universal Studios Japan","lastModifiedDate":"2023-09-17"},{"lineNumber":5,"author":{"gitId":"huiting-ht"},"content":"todo Visit an arcade","lastModifiedDate":"2023-09-17"},{"lineNumber":6,"author":{"gitId":"huiting-ht"},"content":"event Make your own takoyaki /from Sunday 1pm /to 3pm","lastModifiedDate":"2023-09-17"},{"lineNumber":7,"author":{"gitId":"huiting-ht"},"content":"event Learn the art of tea ceremony /from September 15th 9am /to 11am","lastModifiedDate":"2023-09-17"},{"lineNumber":8,"author":{"gitId":"huiting-ht"},"content":"todo Visit an izakaya","lastModifiedDate":"2023-09-17"},{"lineNumber":9,"author":{"gitId":"huiting-ht"},"content":"event Go cherry blossom viewing /from TBC 7am /to 8am","lastModifiedDate":"2023-09-17"},{"lineNumber":10,"author":{"gitId":"huiting-ht"},"content":"todo Climb Mount Fuji","lastModifiedDate":"2023-09-17"},{"lineNumber":11,"author":{"gitId":"huiting-ht"},"content":"todo Visit bamboo forest","lastModifiedDate":"2023-09-17"},{"lineNumber":12,"author":{"gitId":"huiting-ht"},"content":"deadline Spend a night in Ryokan /due Friday","lastModifiedDate":"2023-09-17"},{"lineNumber":13,"author":{"gitId":"huiting-ht"},"content":"todo Visit an Onsen","lastModifiedDate":"2023-09-17"},{"lineNumber":14,"author":{"gitId":"huiting-ht"},"content":"list","lastModifiedDate":"2023-09-09"},{"lineNumber":15,"author":{"gitId":"huiting-ht"},"content":"Check 4","lastModifiedDate":"2023-09-09"},{"lineNumber":16,"author":{"gitId":"huiting-ht"},"content":"Check 5","lastModifiedDate":"2023-09-09"},{"lineNumber":17,"author":{"gitId":"huiting-ht"},"content":"Check 7","lastModifiedDate":"2023-09-09"},{"lineNumber":18,"author":{"gitId":"huiting-ht"},"content":"Check 11","lastModifiedDate":"2023-09-09"},{"lineNumber":19,"author":{"gitId":"huiting-ht"},"content":"Uncheck 11","lastModifiedDate":"2023-09-09"},{"lineNumber":20,"author":{"gitId":"huiting-ht"},"content":"","lastModifiedDate":"2023-09-09"},{"lineNumber":21,"author":{"gitId":"huiting-ht"},"content":"abc","lastModifiedDate":"2023-09-17"},{"lineNumber":22,"author":{"gitId":"huiting-ht"},"content":"todo","lastModifiedDate":"2023-09-17"},{"lineNumber":23,"author":{"gitId":"huiting-ht"},"content":"check","lastModifiedDate":"2023-09-22"},{"lineNumber":24,"author":{"gitId":"huiting-ht"},"content":"list","lastModifiedDate":"2023-09-09"},{"lineNumber":25,"author":{"gitId":"huiting-ht"},"content":"bye","lastModifiedDate":"2023-09-09"}],"authorContributionMap":{"huiting-ht":25}},{"path":"text-ui-test/runtest.sh","fileType":"sh","lines":[{"lineNumber":1,"author":{"gitId":"-"},"content":"#!/usr/bin/env bash","lastModifiedDate":"2020-05-25"},{"lineNumber":2,"author":{"gitId":"-"},"content":"","lastModifiedDate":"2020-05-25"},{"lineNumber":3,"author":{"gitId":"-"},"content":"# create bin directory if it doesn\u0027t exist","lastModifiedDate":"2020-05-25"},{"lineNumber":4,"author":{"gitId":"-"},"content":"if [ ! -d \"../bin\" ]","lastModifiedDate":"2020-05-25"},{"lineNumber":5,"author":{"gitId":"-"},"content":"then","lastModifiedDate":"2020-05-25"},{"lineNumber":6,"author":{"gitId":"-"},"content":"    mkdir ../bin","lastModifiedDate":"2020-05-25"},{"lineNumber":7,"author":{"gitId":"-"},"content":"fi","lastModifiedDate":"2020-05-25"},{"lineNumber":8,"author":{"gitId":"-"},"content":"","lastModifiedDate":"2020-05-25"},{"lineNumber":9,"author":{"gitId":"-"},"content":"# delete output from previous run","lastModifiedDate":"2020-05-25"},{"lineNumber":10,"author":{"gitId":"-"},"content":"if [ -e \"./ACTUAL.TXT\" ]","lastModifiedDate":"2020-05-25"},{"lineNumber":11,"author":{"gitId":"-"},"content":"then","lastModifiedDate":"2020-05-25"},{"lineNumber":12,"author":{"gitId":"-"},"content":"    rm ACTUAL.TXT","lastModifiedDate":"2020-05-25"},{"lineNumber":13,"author":{"gitId":"-"},"content":"fi","lastModifiedDate":"2020-05-25"},{"lineNumber":14,"author":{"gitId":"-"},"content":"","lastModifiedDate":"2020-05-25"},{"lineNumber":15,"author":{"gitId":"-"},"content":"# compile the code into the bin folder, terminates if error occurred","lastModifiedDate":"2020-05-25"},{"lineNumber":16,"author":{"gitId":"huiting-ht"},"content":"if ! javac -cp ../src/main/java -Xlint:none -d ../bin ../src/main/java/*.java ../src/main/java/amebot/*.java ../src/main/java/amebot/tasks/*.java ../src/main/java/amebot/tasks/commands/*.java ../src/main/java/amebot/exceptions/*.java","lastModifiedDate":"2023-09-17"},{"lineNumber":17,"author":{"gitId":"-"},"content":"then","lastModifiedDate":"2020-05-25"},{"lineNumber":18,"author":{"gitId":"-"},"content":"    echo \"********** BUILD FAILURE **********\"","lastModifiedDate":"2020-05-25"},{"lineNumber":19,"author":{"gitId":"-"},"content":"    exit 1","lastModifiedDate":"2020-05-25"},{"lineNumber":20,"author":{"gitId":"-"},"content":"fi","lastModifiedDate":"2020-05-25"},{"lineNumber":21,"author":{"gitId":"-"},"content":"","lastModifiedDate":"2020-05-25"},{"lineNumber":22,"author":{"gitId":"-"},"content":"# run the program, feed commands from input.txt file and redirect the output to the ACTUAL.TXT","lastModifiedDate":"2020-05-25"},{"lineNumber":23,"author":{"gitId":"-"},"content":"java -classpath ../bin Duke \u003c input.txt \u003e ACTUAL.TXT","lastModifiedDate":"2020-05-25"},{"lineNumber":24,"author":{"gitId":"-"},"content":"","lastModifiedDate":"2020-05-25"},{"lineNumber":25,"author":{"gitId":"-"},"content":"# convert to UNIX format","lastModifiedDate":"2020-05-25"},{"lineNumber":26,"author":{"gitId":"-"},"content":"cp EXPECTED.TXT EXPECTED-UNIX.TXT","lastModifiedDate":"2020-05-25"},{"lineNumber":27,"author":{"gitId":"-"},"content":"dos2unix ACTUAL.TXT EXPECTED-UNIX.TXT","lastModifiedDate":"2020-05-25"},{"lineNumber":28,"author":{"gitId":"-"},"content":"","lastModifiedDate":"2020-05-25"},{"lineNumber":29,"author":{"gitId":"-"},"content":"# compare the output to the expected output","lastModifiedDate":"2020-05-25"},{"lineNumber":30,"author":{"gitId":"-"},"content":"diff ACTUAL.TXT EXPECTED-UNIX.TXT","lastModifiedDate":"2020-05-25"},{"lineNumber":31,"author":{"gitId":"-"},"content":"if [ $? -eq 0 ]","lastModifiedDate":"2020-05-25"},{"lineNumber":32,"author":{"gitId":"-"},"content":"then","lastModifiedDate":"2020-05-25"},{"lineNumber":33,"author":{"gitId":"-"},"content":"    echo \"Test result: PASSED\"","lastModifiedDate":"2020-05-25"},{"lineNumber":34,"author":{"gitId":"-"},"content":"    exit 0","lastModifiedDate":"2020-05-25"},{"lineNumber":35,"author":{"gitId":"-"},"content":"else","lastModifiedDate":"2020-05-25"},{"lineNumber":36,"author":{"gitId":"-"},"content":"    echo \"Test result: FAILED\"","lastModifiedDate":"2020-05-25"},{"lineNumber":37,"author":{"gitId":"-"},"content":"    exit 1","lastModifiedDate":"2020-05-25"},{"lineNumber":38,"author":{"gitId":"-"},"content":"fi","lastModifiedDate":"2020-05-25"}],"authorContributionMap":{"huiting-ht":1,"-":37}}]
