{"authorDailyContributionsMap":{"huiting-ht":[{"date":"2023-09-02","commitResults":[{"hash":"f338f5cd610b8442a524f99531b0dcfea5c8546e","isMergeCommit":false,"messageTitle":"Level 0. Rename, Greet, Exit","messageBody":"","tags":["Level-0"],"fileTypesAndContributionMap":{"java":{"insertions":30,"deletions":6}}},{"hash":"42668b66bd4c91316d4ed879c2dd82c6bbfc7f3e","isMergeCommit":false,"messageTitle":"Level 1. Echo","messageBody":"","tags":["Level-1"],"fileTypesAndContributionMap":{"java":{"insertions":52,"deletions":3}}},{"hash":"ea0ef1bb755e6e17809f1d1968bd3feb7351964a","isMergeCommit":false,"messageTitle":"Level 2. Add, List","messageBody":"","tags":["Level-2"],"fileTypesAndContributionMap":{"java":{"insertions":71,"deletions":9}}}]},{"date":"2023-09-09","commitResults":[{"hash":"dcc6e8ab220a8235c7f6e6d8f21902639a183957","isMergeCommit":false,"messageTitle":"Level 3. Mark as Done","messageBody":"","tags":["Level-3","A-Classes"],"fileTypesAndContributionMap":{"java":{"insertions":166,"deletions":112}}},{"hash":"e6f977c5301904b2282a203330e2a7a763911a62","isMergeCommit":false,"messageTitle":"Update text ui testing","messageBody":"","tags":["A-TextUiTesting"],"fileTypesAndContributionMap":{"txt":{"insertions":22,"deletions":0},"sh":{"insertions":1,"deletions":1}}}]},{"date":"2023-09-17","commitResults":[{"hash":"dd62891324c807c26efc076667a6619db407df70","isMergeCommit":false,"messageTitle":"Level 4. ToDos, Events, Deadlines","messageBody":"","tags":["Level-4","A-Inheritance"],"fileTypesAndContributionMap":{"txt":{"insertions":14,"deletions":12},"java":{"insertions":417,"deletions":189},"sh":{"insertions":1,"deletions":1}}}]},{"date":"2023-09-22","commitResults":[{"hash":"337f8e4e3c641dd5b11d09d9551794e3d1a8f470","isMergeCommit":false,"messageTitle":"Level-5: Handle Errors","messageBody":"","tags":["Level-5","A-Exceptions"],"fileTypesAndContributionMap":{"txt":{"insertions":1,"deletions":0},"java":{"insertions":54,"deletions":36}}}]},{"date":"2023-10-08","commitResults":[{"hash":"ba5abcde6866bfa1dbbf4e77a1aa19dcb2d5460b","isMergeCommit":false,"messageTitle":"Level 6. Delete","messageBody":"","tags":["Level-6","A-Collections"],"fileTypesAndContributionMap":{"java":{"insertions":23,"deletions":5}}},{"hash":"60501cb0fff8190f71b87fbae53264f9dad77bfa","isMergeCommit":false,"messageTitle":"Level 6. Delete","messageBody":"","fileTypesAndContributionMap":{"txt":{"insertions":2,"deletions":0}}}]}]},"authorFileTypeContributionMap":{"huiting-ht":{"java":459,"md":0,"fxml":0,"sh":1,"bat":0,"gradle":0,"txt":27}},"authorContributionVariance":{"huiting-ht":9011.678},"authorDisplayNameMap":{"huiting-ht":"TOR ..TENG"}}
