{"authorDailyContributionsMap":{"huiting-ht":[{"date":"2023-09-02","commitResults":[{"hash":"f338f5cd610b8442a524f99531b0dcfea5c8546e","isMergeCommit":false,"messageTitle":"Level 0. Rename, Greet, Exit","messageBody":"","tags":["Level-0"],"fileTypesAndContributionMap":{"java":{"insertions":30,"deletions":6}}},{"hash":"42668b66bd4c91316d4ed879c2dd82c6bbfc7f3e","isMergeCommit":false,"messageTitle":"Level 1. Echo","messageBody":"","tags":["Level-1"],"fileTypesAndContributionMap":{"java":{"insertions":52,"deletions":3}}},{"hash":"ea0ef1bb755e6e17809f1d1968bd3feb7351964a","isMergeCommit":false,"messageTitle":"Level 2. Add, List","messageBody":"","tags":["Level-2"],"fileTypesAndContributionMap":{"java":{"insertions":71,"deletions":9}}}]},{"date":"2023-09-09","commitResults":[{"hash":"dcc6e8ab220a8235c7f6e6d8f21902639a183957","isMergeCommit":false,"messageTitle":"Level 3. Mark as Done","messageBody":"","tags":["Level-3","A-Classes"],"fileTypesAndContributionMap":{"java":{"insertions":166,"deletions":112}}},{"hash":"e6f977c5301904b2282a203330e2a7a763911a62","isMergeCommit":false,"messageTitle":"Update text ui testing","messageBody":"","tags":["A-TextUiTesting"],"fileTypesAndContributionMap":{"txt":{"insertions":22,"deletions":0},"sh":{"insertions":1,"deletions":1}}}]},{"date":"2023-09-17","commitResults":[{"hash":"dd62891324c807c26efc076667a6619db407df70","isMergeCommit":false,"messageTitle":"Level 4. ToDos, Events, Deadlines","messageBody":"","tags":["Level-4","A-Inheritance"],"fileTypesAndContributionMap":{"txt":{"insertions":14,"deletions":12},"java":{"insertions":417,"deletions":189},"sh":{"insertions":1,"deletions":1}}}]},{"date":"2023-09-22","commitResults":[{"hash":"337f8e4e3c641dd5b11d09d9551794e3d1a8f470","isMergeCommit":false,"messageTitle":"Level-5: Handle Errors","messageBody":"","tags":["Level-5","A-Exceptions"],"fileTypesAndContributionMap":{"txt":{"insertions":1,"deletions":0},"java":{"insertions":54,"deletions":36}}}]},{"date":"2023-10-08","commitResults":[{"hash":"ba5abcde6866bfa1dbbf4e77a1aa19dcb2d5460b","isMergeCommit":false,"messageTitle":"Level 6. Delete","messageBody":"","tags":["Level-6","A-Collections"],"fileTypesAndContributionMap":{"java":{"insertions":23,"deletions":5}}},{"hash":"60501cb0fff8190f71b87fbae53264f9dad77bfa","isMergeCommit":false,"messageTitle":"Level 6. Delete","messageBody":"","fileTypesAndContributionMap":{"txt":{"insertions":2,"deletions":0}}}]},{"date":"2023-10-15","commitResults":[{"hash":"b4e51a65bdf2a90120fd34f698f58c8ad852e949","isMergeCommit":false,"messageTitle":"Code refactoring","messageBody":"","fileTypesAndContributionMap":{"txt":{"insertions":25,"deletions":0},"java":{"insertions":729,"deletions":447}}},{"hash":"da34f5592081da6cd82d2a08f9cc4bb5052269f0","isMergeCommit":false,"messageTitle":"Revert \"Code refactoring\"","messageBody":"This reverts commit b4e51a65bdf2a90120fd34f698f58c8ad852e949.\n","fileTypesAndContributionMap":{"txt":{"insertions":0,"deletions":25},"java":{"insertions":447,"deletions":729}}},{"hash":"68594a30fee97bf66e22ff82b60ff3421038caa0","isMergeCommit":false,"messageTitle":"Code refactoring","messageBody":"","tags":["A-Enums"],"fileTypesAndContributionMap":{"java":{"insertions":595,"deletions":447}}},{"hash":"8df41c34ac7f4bd51a34a4abe6d4f7be84e8e6dc","isMergeCommit":true,"messageTitle":"Merge branch \u0027develop\u0027","messageBody":"","fileTypesAndContributionMap":{}}]},{"date":"2023-10-16","commitResults":[{"hash":"c973911d3a4905b2c4c1c54a4d76a88a7261c261","isMergeCommit":false,"messageTitle":"Level 7. Save","messageBody":"","tags":["Level-7","A-Packages","A-MoreOOP"],"fileTypesAndContributionMap":{"txt":{"insertions":12,"deletions":0},"java":{"insertions":249,"deletions":23}}},{"hash":"736b02724518eef2ffae639c4f3557fab99841c9","isMergeCommit":false,"messageTitle":"Update text ui testing","messageBody":"","fileTypesAndContributionMap":{"txt":{"insertions":8,"deletions":8},"sh":{"insertions":1,"deletions":1}}}]},{"date":"2023-10-20","commitResults":[{"hash":"48fc2a5bd339aa39c05f5deefd747ed7b72fc911","isMergeCommit":false,"messageTitle":"Code refactoring","messageBody":"","fileTypesAndContributionMap":{"txt":{"insertions":0,"deletions":0},"java":{"insertions":61,"deletions":63}}},{"hash":"cb1e33ef3ab084b2394a05c57937671926c8c311","isMergeCommit":false,"messageTitle":"Update text ui testing","messageBody":"","fileTypesAndContributionMap":{"sh":{"insertions":2,"deletions":2}}}]},{"date":"2023-10-21","commitResults":[{"hash":"f68f9709b00b5cfa280eb89f07e0ff43454ec966","isMergeCommit":false,"messageTitle":"Level 8. Dates and Times","messageBody":"","tags":["Level-8"],"fileTypesAndContributionMap":{"txt":{"insertions":5,"deletions":5},"java":{"insertions":210,"deletions":124}}},{"hash":"f4562f874947c9ebe4c6aa85ff3560bb04e036cc","isMergeCommit":false,"messageTitle":"Update text ui testing","messageBody":"","fileTypesAndContributionMap":{"txt":{"insertions":5,"deletions":5}}},{"hash":"13937d02cfadaba3187982ba9c2820fac120c461","isMergeCommit":true,"messageTitle":"Merge branch \u0027level-8\u0027","messageBody":"","fileTypesAndContributionMap":{}},{"hash":"05402a00d21c2aaaec9497c7102da99cd75fe1b4","isMergeCommit":false,"messageTitle":"Add JavaDoc comments","messageBody":"","tags":["A-JavaDoc"],"fileTypesAndContributionMap":{"java":{"insertions":430,"deletions":0}}},{"hash":"25f8a9f06da6d339ac5cfe78cb8f52f2d4792e15","isMergeCommit":true,"messageTitle":"Merge branch \u0027add-gradle-support\u0027","messageBody":"","fileTypesAndContributionMap":{}},{"hash":"8b524f3d7c81e17023171c562096651828f04708","isMergeCommit":false,"messageTitle":"Update gradle support","messageBody":"","tags":["A-Gradle"],"fileTypesAndContributionMap":{"gradle":{"insertions":1,"deletions":1},"java":{"insertions":15,"deletions":19},"sh":{"insertions":2,"deletions":2}}},{"hash":"5398cc89d4f321cf5624c9b0ac96ba3f2c67259d","isMergeCommit":false,"messageTitle":"Add JUnit tests","messageBody":"","fileTypesAndContributionMap":{"gradle":{"insertions":1,"deletions":1},"txt":{"insertions":0,"deletions":0},"java":{"insertions":105,"deletions":1}}}]},{"date":"2023-10-28","commitResults":[{"hash":"6ca64a5bc75e5d681e342e036668abaf0f13fefc","isMergeCommit":false,"messageTitle":"C-Update. Easily edit items","messageBody":"","tags":["C-Update"],"fileTypesAndContributionMap":{"java":{"insertions":491,"deletions":384}}},{"hash":"50b5f706ece40e1957b5f95d1181219524096d25","isMergeCommit":false,"messageTitle":"Update text ui testing","messageBody":"","fileTypesAndContributionMap":{"txt":{"insertions":7,"deletions":6}}},{"hash":"3d221bc11541364bc2dd4acc78ad94c3be6ff436","isMergeCommit":true,"messageTitle":"Merge branch \u0027c-update\u0027","messageBody":"","fileTypesAndContributionMap":{}}]},{"date":"2023-10-29","commitResults":[{"hash":"fa01de8e7625d4cf2800ec99fbb276d7762dc3a5","isMergeCommit":false,"messageTitle":"Level 9. Find","messageBody":"","tags":["Level-9"],"fileTypesAndContributionMap":{"java":{"insertions":111,"deletions":2}}},{"hash":"429347b8bb4b1ed15885d725e879a19fda87b0b3","isMergeCommit":false,"messageTitle":"Update text ui testing","messageBody":"","fileTypesAndContributionMap":{"txt":{"insertions":5,"deletions":0}}},{"hash":"0e4502895af8b5672275512f34c754a2ce2f61fb","isMergeCommit":true,"messageTitle":"Merge branch \u0027level-9\u0027","messageBody":"","fileTypesAndContributionMap":{}}]},{"date":"2023-11-07","commitResults":[{"hash":"bc376b380c952bd5d0cc974d74255152f1f17074","isMergeCommit":false,"messageTitle":"Update javadoc comments","messageBody":"","fileTypesAndContributionMap":{"java":{"insertions":254,"deletions":275}}}]},{"date":"2023-11-11","commitResults":[{"hash":"3cb6277ecc607a141d6376f324afaa844dbffa45","isMergeCommit":false,"messageTitle":"Code refactoring","messageBody":"","fileTypesAndContributionMap":{"java":{"insertions":33,"deletions":20}}},{"hash":"2f859cead576b48755ab3b2fd1786e7bc2d78a1a","isMergeCommit":false,"messageTitle":"Update JUnit tests","messageBody":"","tags":["A-JUnit","A-CodingStandard","A-CodeQuality"],"fileTypesAndContributionMap":{"java":{"insertions":140,"deletions":72}}},{"hash":"4c9d0a473affb2facbf5ee02ed90f1932e621925","isMergeCommit":false,"messageTitle":"Add assertions","messageBody":"","tags":["A-Assertions"],"fileTypesAndContributionMap":{"gradle":{"insertions":1,"deletions":0},"java":{"insertions":3,"deletions":0}}},{"hash":"aa202366a856aaee96c9efcaf7972e6aeee5bb7b","isMergeCommit":false,"messageTitle":"Update README.md","messageBody":"","fileTypesAndContributionMap":{"md":{"insertions":20,"deletions":7}}},{"hash":"36e6a35a7c11d9918cc0dcf613f6c433c795ca5c","isMergeCommit":false,"messageTitle":"Update gradle support","messageBody":"","tags":["A-Jar"],"fileTypesAndContributionMap":{"gradle":{"insertions":1,"deletions":1}}}]},{"date":"2023-11-13","commitResults":[{"hash":"4f50d14db7265945915e139ae1771e32c1acabbe","isMergeCommit":false,"messageTitle":"Update javadoc comments","messageBody":"","fileTypesAndContributionMap":{"java":{"insertions":1,"deletions":1}}}]}]},"authorFileTypeContributionMap":{"huiting-ht":{"java":1728,"md":20,"fxml":0,"sh":2,"bat":0,"gradle":3,"txt":45}},"authorContributionVariance":{"huiting-ht":150728.17},"authorDisplayNameMap":{"huiting-ht":"TOR ..TENG"}}
