[{"path":"src/main/java/Deadline.java","fileType":"java","lines":[{"lineNumber":1,"author":{"gitId":"ardianbl"},"content":"public class Deadline extends Task{","lastModifiedDate":"2023-09-30"},{"lineNumber":2,"author":{"gitId":"ardianbl"},"content":"    protected String by;","lastModifiedDate":"2023-09-30"},{"lineNumber":3,"author":{"gitId":"ardianbl"},"content":"    ","lastModifiedDate":"2023-09-30"},{"lineNumber":4,"author":{"gitId":"ardianbl"},"content":"    public Deadline(String description, String by) {","lastModifiedDate":"2023-09-30"},{"lineNumber":5,"author":{"gitId":"ardianbl"},"content":"        super(description);","lastModifiedDate":"2023-09-30"},{"lineNumber":6,"author":{"gitId":"ardianbl"},"content":"        this.by \u003d by;","lastModifiedDate":"2023-09-30"},{"lineNumber":7,"author":{"gitId":"ardianbl"},"content":"    }","lastModifiedDate":"2023-09-30"},{"lineNumber":8,"author":{"gitId":"ardianbl"},"content":"","lastModifiedDate":"2023-09-30"},{"lineNumber":9,"author":{"gitId":"ardianbl"},"content":"    @Override","lastModifiedDate":"2023-09-30"},{"lineNumber":10,"author":{"gitId":"ardianbl"},"content":"    public String printItemWithStatus() {","lastModifiedDate":"2023-09-30"},{"lineNumber":11,"author":{"gitId":"ardianbl"},"content":"        return \"[D]\" + super.printItemWithStatus() + \" (by: \" + this.by + \")\";","lastModifiedDate":"2023-09-30"},{"lineNumber":12,"author":{"gitId":"ardianbl"},"content":"    }","lastModifiedDate":"2023-09-30"},{"lineNumber":13,"author":{"gitId":"ardianbl"},"content":"}","lastModifiedDate":"2023-09-30"}],"authorContributionMap":{"ardianbl":13}},{"path":"src/main/java/Duke.java","fileType":"java","lines":[{"lineNumber":1,"author":{"gitId":"ardianbl"},"content":"import java.util.Scanner;","lastModifiedDate":"2023-09-03"},{"lineNumber":2,"author":{"gitId":"ardianbl"},"content":"","lastModifiedDate":"2023-09-03"},{"lineNumber":3,"author":{"gitId":"ardianbl"},"content":"","lastModifiedDate":"2023-09-03"},{"lineNumber":4,"author":{"gitId":"-"},"content":"public class Duke {","lastModifiedDate":"2019-07-29"},{"lineNumber":5,"author":{"gitId":"-"},"content":"    public static void main(String[] args) {","lastModifiedDate":"2019-07-29"},{"lineNumber":6,"author":{"gitId":"ardianbl"},"content":"        Scanner in \u003d new Scanner(System.in);","lastModifiedDate":"2023-09-03"},{"lineNumber":7,"author":{"gitId":"ardianbl"},"content":"        Task[] taskList \u003d new Task[100];","lastModifiedDate":"2023-09-19"},{"lineNumber":8,"author":{"gitId":"ardianbl"},"content":"        int index \u003d 0;","lastModifiedDate":"2023-09-03"},{"lineNumber":9,"author":{"gitId":"ardianbl"},"content":"","lastModifiedDate":"2023-09-03"},{"lineNumber":10,"author":{"gitId":"ardianbl"},"content":"        printMessageWithBorder(\"Hello! I\u0027m Bott!\\n\\tWhat can I do for you?\");","lastModifiedDate":"2023-09-30"},{"lineNumber":11,"author":{"gitId":"ardianbl"},"content":"","lastModifiedDate":"2023-09-03"},{"lineNumber":12,"author":{"gitId":"ardianbl"},"content":"        while(true) {","lastModifiedDate":"2023-09-03"},{"lineNumber":13,"author":{"gitId":"ardianbl"},"content":"            String input \u003d in.nextLine();","lastModifiedDate":"2023-09-03"},{"lineNumber":14,"author":{"gitId":"ardianbl"},"content":"            String[] stringArray \u003d input.split(\" \");","lastModifiedDate":"2023-09-19"},{"lineNumber":15,"author":{"gitId":"ardianbl"},"content":"            String command \u003d stringArray[0];","lastModifiedDate":"2023-09-19"},{"lineNumber":16,"author":{"gitId":"ardianbl"},"content":"","lastModifiedDate":"2023-09-19"},{"lineNumber":17,"author":{"gitId":"ardianbl"},"content":"            switch (command) {","lastModifiedDate":"2023-09-19"},{"lineNumber":18,"author":{"gitId":"ardianbl"},"content":"                case \"hello\" : {","lastModifiedDate":"2023-09-30"},{"lineNumber":19,"author":{"gitId":"ardianbl"},"content":"                    printMessageWithBorder(\"Hello! Nice to meet you.\");","lastModifiedDate":"2023-09-30"},{"lineNumber":20,"author":{"gitId":"ardianbl"},"content":"                    break;","lastModifiedDate":"2023-09-30"},{"lineNumber":21,"author":{"gitId":"ardianbl"},"content":"                }","lastModifiedDate":"2023-09-30"},{"lineNumber":22,"author":{"gitId":"ardianbl"},"content":"                case \"bye\" : {","lastModifiedDate":"2023-09-19"},{"lineNumber":23,"author":{"gitId":"ardianbl"},"content":"                    printMessageWithBorder(\"Bye. Hope to see you again soon!\");","lastModifiedDate":"2023-09-30"},{"lineNumber":24,"author":{"gitId":"ardianbl"},"content":"                    return;","lastModifiedDate":"2023-09-19"},{"lineNumber":25,"author":{"gitId":"ardianbl"},"content":"                }","lastModifiedDate":"2023-09-19"},{"lineNumber":26,"author":{"gitId":"ardianbl"},"content":"                case \"list\" : {","lastModifiedDate":"2023-09-19"},{"lineNumber":27,"author":{"gitId":"ardianbl"},"content":"                    printTaskList(taskList);","lastModifiedDate":"2023-09-19"},{"lineNumber":28,"author":{"gitId":"ardianbl"},"content":"                    break;","lastModifiedDate":"2023-09-03"},{"lineNumber":29,"author":{"gitId":"ardianbl"},"content":"                }","lastModifiedDate":"2023-09-19"},{"lineNumber":30,"author":{"gitId":"ardianbl"},"content":"                case \"mark\" : {","lastModifiedDate":"2023-09-19"},{"lineNumber":31,"author":{"gitId":"ardianbl"},"content":"                    // insert something","lastModifiedDate":"2023-09-30"},{"lineNumber":32,"author":{"gitId":"ardianbl"},"content":"                    int taskIndex \u003d Integer.parseInt(stringArray[1])-1;","lastModifiedDate":"2023-09-30"},{"lineNumber":33,"author":{"gitId":"ardianbl"},"content":"","lastModifiedDate":"2023-09-30"},{"lineNumber":34,"author":{"gitId":"ardianbl"},"content":"                    taskList[taskIndex].isDone \u003d true;","lastModifiedDate":"2023-09-30"},{"lineNumber":35,"author":{"gitId":"ardianbl"},"content":"                    printMessageWithBorder(\"Nice! I\u0027ve marked this task as done:\\n\\t\"","lastModifiedDate":"2023-09-30"},{"lineNumber":36,"author":{"gitId":"ardianbl"},"content":"                            + taskList[taskIndex].printItemWithStatus());","lastModifiedDate":"2023-09-30"},{"lineNumber":37,"author":{"gitId":"ardianbl"},"content":"                    break;","lastModifiedDate":"2023-09-19"},{"lineNumber":38,"author":{"gitId":"ardianbl"},"content":"                }","lastModifiedDate":"2023-09-19"},{"lineNumber":39,"author":{"gitId":"ardianbl"},"content":"                case \"unmark\" : {","lastModifiedDate":"2023-09-19"},{"lineNumber":40,"author":{"gitId":"ardianbl"},"content":"                    // insert something","lastModifiedDate":"2023-09-30"},{"lineNumber":41,"author":{"gitId":"ardianbl"},"content":"                    int taskIndex \u003d Integer.parseInt(stringArray[1])-1;","lastModifiedDate":"2023-09-30"},{"lineNumber":42,"author":{"gitId":"ardianbl"},"content":"","lastModifiedDate":"2023-09-30"},{"lineNumber":43,"author":{"gitId":"ardianbl"},"content":"                    taskList[taskIndex].isDone \u003d false;","lastModifiedDate":"2023-09-30"},{"lineNumber":44,"author":{"gitId":"ardianbl"},"content":"                    printMessageWithBorder(\"OK! I\u0027ve marked this task as not done yet:\\n\\t\"","lastModifiedDate":"2023-09-30"},{"lineNumber":45,"author":{"gitId":"ardianbl"},"content":"                            + taskList[taskIndex].printItemWithStatus());","lastModifiedDate":"2023-09-30"},{"lineNumber":46,"author":{"gitId":"ardianbl"},"content":"                    break;","lastModifiedDate":"2023-09-19"},{"lineNumber":47,"author":{"gitId":"ardianbl"},"content":"                }","lastModifiedDate":"2023-09-19"},{"lineNumber":48,"author":{"gitId":"ardianbl"},"content":"                case \"todo\" : {","lastModifiedDate":"2023-09-30"},{"lineNumber":49,"author":{"gitId":"ardianbl"},"content":"                    String description \u003d createDescription(input, \"todo\");","lastModifiedDate":"2023-09-30"},{"lineNumber":50,"author":{"gitId":"ardianbl"},"content":"","lastModifiedDate":"2023-09-30"},{"lineNumber":51,"author":{"gitId":"ardianbl"},"content":"                    taskList[index] \u003d new Todo(description);","lastModifiedDate":"2023-09-30"},{"lineNumber":52,"author":{"gitId":"ardianbl"},"content":"                    printEchoMessage(taskList[index].printItemWithStatus(), (index+1));","lastModifiedDate":"2023-09-30"},{"lineNumber":53,"author":{"gitId":"ardianbl"},"content":"                    index++;","lastModifiedDate":"2023-09-03"},{"lineNumber":54,"author":{"gitId":"ardianbl"},"content":"                    break;","lastModifiedDate":"2023-09-30"},{"lineNumber":55,"author":{"gitId":"ardianbl"},"content":"                }","lastModifiedDate":"2023-09-30"},{"lineNumber":56,"author":{"gitId":"ardianbl"},"content":"                case \"deadline\" : {","lastModifiedDate":"2023-09-30"},{"lineNumber":57,"author":{"gitId":"ardianbl"},"content":"                    String description \u003d createDescription(input, \"deadline\");","lastModifiedDate":"2023-09-30"},{"lineNumber":58,"author":{"gitId":"ardianbl"},"content":"                    String by \u003d createByDate(input);","lastModifiedDate":"2023-09-30"},{"lineNumber":59,"author":{"gitId":"ardianbl"},"content":"","lastModifiedDate":"2023-09-30"},{"lineNumber":60,"author":{"gitId":"ardianbl"},"content":"                    taskList[index] \u003d new Deadline(description, by);","lastModifiedDate":"2023-09-30"},{"lineNumber":61,"author":{"gitId":"ardianbl"},"content":"                    printEchoMessage(taskList[index].printItemWithStatus(), (index+1));","lastModifiedDate":"2023-09-30"},{"lineNumber":62,"author":{"gitId":"ardianbl"},"content":"                    index++;","lastModifiedDate":"2023-09-30"},{"lineNumber":63,"author":{"gitId":"ardianbl"},"content":"                    break;","lastModifiedDate":"2023-09-30"},{"lineNumber":64,"author":{"gitId":"ardianbl"},"content":"                }","lastModifiedDate":"2023-09-30"},{"lineNumber":65,"author":{"gitId":"ardianbl"},"content":"                case \"event\" : {","lastModifiedDate":"2023-09-30"},{"lineNumber":66,"author":{"gitId":"ardianbl"},"content":"                    String description \u003d createDescription(input, \"event\");","lastModifiedDate":"2023-09-30"},{"lineNumber":67,"author":{"gitId":"ardianbl"},"content":"                    String from \u003d createFromDate(input);","lastModifiedDate":"2023-09-30"},{"lineNumber":68,"author":{"gitId":"ardianbl"},"content":"                    String to \u003d createToDate(input);","lastModifiedDate":"2023-09-30"},{"lineNumber":69,"author":{"gitId":"ardianbl"},"content":"","lastModifiedDate":"2023-09-30"},{"lineNumber":70,"author":{"gitId":"ardianbl"},"content":"                    taskList[index] \u003d new Event(description, from, to);","lastModifiedDate":"2023-09-30"},{"lineNumber":71,"author":{"gitId":"ardianbl"},"content":"                    printEchoMessage(taskList[index].printItemWithStatus(), (index+1));","lastModifiedDate":"2023-09-30"},{"lineNumber":72,"author":{"gitId":"ardianbl"},"content":"                    index++;","lastModifiedDate":"2023-09-30"},{"lineNumber":73,"author":{"gitId":"ardianbl"},"content":"                    break;","lastModifiedDate":"2023-09-30"},{"lineNumber":74,"author":{"gitId":"ardianbl"},"content":"                }","lastModifiedDate":"2023-09-30"},{"lineNumber":75,"author":{"gitId":"ardianbl"},"content":"                default : {","lastModifiedDate":"2023-09-30"},{"lineNumber":76,"author":{"gitId":"ardianbl"},"content":"                    printMessageWithBorder(\"I don\u0027t quite understand that. Please try again.\");","lastModifiedDate":"2023-09-30"},{"lineNumber":77,"author":{"gitId":"ardianbl"},"content":"                }","lastModifiedDate":"2023-09-19"},{"lineNumber":78,"author":{"gitId":"ardianbl"},"content":"            }","lastModifiedDate":"2023-09-03"},{"lineNumber":79,"author":{"gitId":"ardianbl"},"content":"        }","lastModifiedDate":"2023-09-03"},{"lineNumber":80,"author":{"gitId":"ardianbl"},"content":"    }","lastModifiedDate":"2023-09-03"},{"lineNumber":81,"author":{"gitId":"ardianbl"},"content":"","lastModifiedDate":"2023-09-03"},{"lineNumber":82,"author":{"gitId":"ardianbl"},"content":"    public static void printMessageWithBorder(String message) {","lastModifiedDate":"2023-09-19"},{"lineNumber":83,"author":{"gitId":"ardianbl"},"content":"        System.out.println(\"\\t─────────────────────────────────────────────\");","lastModifiedDate":"2023-09-19"},{"lineNumber":84,"author":{"gitId":"ardianbl"},"content":"        System.out.println(\"\\t\" + message);","lastModifiedDate":"2023-09-19"},{"lineNumber":85,"author":{"gitId":"ardianbl"},"content":"        System.out.println(\"\\t─────────────────────────────────────────────\");","lastModifiedDate":"2023-09-19"},{"lineNumber":86,"author":{"gitId":"ardianbl"},"content":"    }","lastModifiedDate":"2023-09-03"},{"lineNumber":87,"author":{"gitId":"ardianbl"},"content":"","lastModifiedDate":"2023-09-03"},{"lineNumber":88,"author":{"gitId":"ardianbl"},"content":"    public static void printEchoMessage(String message, int index) {","lastModifiedDate":"2023-09-30"},{"lineNumber":89,"author":{"gitId":"ardianbl"},"content":"        printMessageWithBorder(\"Got it! I\u0027ve added this task:\\n\\t\"","lastModifiedDate":"2023-09-30"},{"lineNumber":90,"author":{"gitId":"ardianbl"},"content":"                + message + \"\\n\\t\"","lastModifiedDate":"2023-09-30"},{"lineNumber":91,"author":{"gitId":"ardianbl"},"content":"                + String.format(\"Now you have %d task in the list\", index));","lastModifiedDate":"2023-09-30"},{"lineNumber":92,"author":{"gitId":"ardianbl"},"content":"    }","lastModifiedDate":"2023-09-19"},{"lineNumber":93,"author":{"gitId":"ardianbl"},"content":"","lastModifiedDate":"2023-09-19"},{"lineNumber":94,"author":{"gitId":"ardianbl"},"content":"    public static void printTaskList(Task[] taskList) {","lastModifiedDate":"2023-09-19"},{"lineNumber":95,"author":{"gitId":"ardianbl"},"content":"        System.out.println(\"\\t─────────────────────────────────────────────\"","lastModifiedDate":"2023-09-30"},{"lineNumber":96,"author":{"gitId":"ardianbl"},"content":"                + \"\\n\\tHere are the tasks in your list:\");","lastModifiedDate":"2023-09-19"},{"lineNumber":97,"author":{"gitId":"ardianbl"},"content":"        for (int i \u003d 0; taskList[i] !\u003d null; i++) {","lastModifiedDate":"2023-09-19"},{"lineNumber":98,"author":{"gitId":"ardianbl"},"content":"            System.out.println(\"\\t\" + (i+1) + \". \" + taskList[i].printItemWithStatus());","lastModifiedDate":"2023-09-30"},{"lineNumber":99,"author":{"gitId":"ardianbl"},"content":"        }","lastModifiedDate":"2023-09-03"},{"lineNumber":100,"author":{"gitId":"ardianbl"},"content":"        System.out.println(\"\\t─────────────────────────────────────────────\");","lastModifiedDate":"2023-09-30"},{"lineNumber":101,"author":{"gitId":"-"},"content":"    }","lastModifiedDate":"2019-07-29"},{"lineNumber":102,"author":{"gitId":"ardianbl"},"content":"","lastModifiedDate":"2023-09-19"},{"lineNumber":103,"author":{"gitId":"ardianbl"},"content":"    public static String createDescription(String input, String command) {","lastModifiedDate":"2023-09-30"},{"lineNumber":104,"author":{"gitId":"ardianbl"},"content":"        int beginningIndex \u003d 0;","lastModifiedDate":"2023-09-30"},{"lineNumber":105,"author":{"gitId":"ardianbl"},"content":"        int endingIndex \u003d 0;","lastModifiedDate":"2023-09-30"},{"lineNumber":106,"author":{"gitId":"ardianbl"},"content":"","lastModifiedDate":"2023-09-19"},{"lineNumber":107,"author":{"gitId":"ardianbl"},"content":"        switch (command) {","lastModifiedDate":"2023-09-30"},{"lineNumber":108,"author":{"gitId":"ardianbl"},"content":"            case \"todo\": {","lastModifiedDate":"2023-09-30"},{"lineNumber":109,"author":{"gitId":"ardianbl"},"content":"                beginningIndex \u003d 5;","lastModifiedDate":"2023-09-30"},{"lineNumber":110,"author":{"gitId":"ardianbl"},"content":"                endingIndex \u003d input.length();","lastModifiedDate":"2023-09-30"},{"lineNumber":111,"author":{"gitId":"ardianbl"},"content":"                break;","lastModifiedDate":"2023-09-30"},{"lineNumber":112,"author":{"gitId":"ardianbl"},"content":"            }","lastModifiedDate":"2023-09-19"},{"lineNumber":113,"author":{"gitId":"ardianbl"},"content":"            case \"deadline\": {","lastModifiedDate":"2023-09-30"},{"lineNumber":114,"author":{"gitId":"ardianbl"},"content":"                beginningIndex \u003d 9;","lastModifiedDate":"2023-09-30"},{"lineNumber":115,"author":{"gitId":"ardianbl"},"content":"                endingIndex \u003d input.indexOf(\" /by\");","lastModifiedDate":"2023-09-30"},{"lineNumber":116,"author":{"gitId":"ardianbl"},"content":"                break;","lastModifiedDate":"2023-09-30"},{"lineNumber":117,"author":{"gitId":"ardianbl"},"content":"            }","lastModifiedDate":"2023-09-19"},{"lineNumber":118,"author":{"gitId":"ardianbl"},"content":"            case \"event\": {","lastModifiedDate":"2023-09-30"},{"lineNumber":119,"author":{"gitId":"ardianbl"},"content":"                beginningIndex \u003d 6;","lastModifiedDate":"2023-09-30"},{"lineNumber":120,"author":{"gitId":"ardianbl"},"content":"                endingIndex \u003d input.indexOf(\" /from\");","lastModifiedDate":"2023-09-30"},{"lineNumber":121,"author":{"gitId":"ardianbl"},"content":"                break;","lastModifiedDate":"2023-09-30"},{"lineNumber":122,"author":{"gitId":"ardianbl"},"content":"            }","lastModifiedDate":"2023-09-19"},{"lineNumber":123,"author":{"gitId":"ardianbl"},"content":"        }","lastModifiedDate":"2023-09-19"},{"lineNumber":124,"author":{"gitId":"ardianbl"},"content":"        return input.substring(beginningIndex, endingIndex);","lastModifiedDate":"2023-09-30"},{"lineNumber":125,"author":{"gitId":"ardianbl"},"content":"    }","lastModifiedDate":"2023-09-30"},{"lineNumber":126,"author":{"gitId":"ardianbl"},"content":"","lastModifiedDate":"2023-09-30"},{"lineNumber":127,"author":{"gitId":"ardianbl"},"content":"    public static String createByDate(String input) {","lastModifiedDate":"2023-09-30"},{"lineNumber":128,"author":{"gitId":"ardianbl"},"content":"        int beginningIndex \u003d input.indexOf(\"/by\") + 4;","lastModifiedDate":"2023-09-30"},{"lineNumber":129,"author":{"gitId":"ardianbl"},"content":"        int endingIndex \u003d input.length();","lastModifiedDate":"2023-09-30"},{"lineNumber":130,"author":{"gitId":"ardianbl"},"content":"","lastModifiedDate":"2023-09-30"},{"lineNumber":131,"author":{"gitId":"ardianbl"},"content":"        return input.substring(beginningIndex, endingIndex);","lastModifiedDate":"2023-09-30"},{"lineNumber":132,"author":{"gitId":"ardianbl"},"content":"    }","lastModifiedDate":"2023-09-19"},{"lineNumber":133,"author":{"gitId":"ardianbl"},"content":"","lastModifiedDate":"2023-09-30"},{"lineNumber":134,"author":{"gitId":"ardianbl"},"content":"    public static String createFromDate(String input) {","lastModifiedDate":"2023-09-30"},{"lineNumber":135,"author":{"gitId":"ardianbl"},"content":"        int beginningIndex \u003d input.indexOf(\"/from\") + 6;","lastModifiedDate":"2023-09-30"},{"lineNumber":136,"author":{"gitId":"ardianbl"},"content":"        int endingIndex \u003d input.indexOf(\" /to\");","lastModifiedDate":"2023-09-30"},{"lineNumber":137,"author":{"gitId":"ardianbl"},"content":"","lastModifiedDate":"2023-09-30"},{"lineNumber":138,"author":{"gitId":"ardianbl"},"content":"        return input.substring(beginningIndex, endingIndex);","lastModifiedDate":"2023-09-30"},{"lineNumber":139,"author":{"gitId":"ardianbl"},"content":"    }","lastModifiedDate":"2023-09-19"},{"lineNumber":140,"author":{"gitId":"ardianbl"},"content":"","lastModifiedDate":"2023-09-30"},{"lineNumber":141,"author":{"gitId":"ardianbl"},"content":"    public static String createToDate(String input) {","lastModifiedDate":"2023-09-30"},{"lineNumber":142,"author":{"gitId":"ardianbl"},"content":"        int beginningIndex \u003d input.indexOf(\"/to\") + 4;","lastModifiedDate":"2023-09-30"},{"lineNumber":143,"author":{"gitId":"ardianbl"},"content":"        int endingIndex \u003d input.length();","lastModifiedDate":"2023-09-30"},{"lineNumber":144,"author":{"gitId":"ardianbl"},"content":"","lastModifiedDate":"2023-09-30"},{"lineNumber":145,"author":{"gitId":"ardianbl"},"content":"        return input.substring(beginningIndex, endingIndex);","lastModifiedDate":"2023-09-30"},{"lineNumber":146,"author":{"gitId":"-"},"content":"    }","lastModifiedDate":"2023-09-19"},{"lineNumber":147,"author":{"gitId":"-"},"content":"}","lastModifiedDate":"2019-07-29"}],"authorContributionMap":{"-":5,"ardianbl":142}},{"path":"src/main/java/Event.java","fileType":"java","lines":[{"lineNumber":1,"author":{"gitId":"ardianbl"},"content":"public class Event extends Task{","lastModifiedDate":"2023-09-30"},{"lineNumber":2,"author":{"gitId":"ardianbl"},"content":"    protected String from;","lastModifiedDate":"2023-09-30"},{"lineNumber":3,"author":{"gitId":"ardianbl"},"content":"    protected String to;","lastModifiedDate":"2023-09-30"},{"lineNumber":4,"author":{"gitId":"ardianbl"},"content":"","lastModifiedDate":"2023-09-30"},{"lineNumber":5,"author":{"gitId":"ardianbl"},"content":"    public Event(String description, String from, String to) {","lastModifiedDate":"2023-09-30"},{"lineNumber":6,"author":{"gitId":"ardianbl"},"content":"        super(description);","lastModifiedDate":"2023-09-30"},{"lineNumber":7,"author":{"gitId":"ardianbl"},"content":"        this.from \u003d from;","lastModifiedDate":"2023-09-30"},{"lineNumber":8,"author":{"gitId":"ardianbl"},"content":"        this.to \u003d to;","lastModifiedDate":"2023-09-30"},{"lineNumber":9,"author":{"gitId":"ardianbl"},"content":"    }","lastModifiedDate":"2023-09-30"},{"lineNumber":10,"author":{"gitId":"ardianbl"},"content":"","lastModifiedDate":"2023-09-30"},{"lineNumber":11,"author":{"gitId":"ardianbl"},"content":"    @Override","lastModifiedDate":"2023-09-30"},{"lineNumber":12,"author":{"gitId":"ardianbl"},"content":"    public String printItemWithStatus() {","lastModifiedDate":"2023-09-30"},{"lineNumber":13,"author":{"gitId":"ardianbl"},"content":"        return \"[E]\" + super.printItemWithStatus() + \" (from: \" + this.from + \" to: \" + this.to + \")\";","lastModifiedDate":"2023-09-30"},{"lineNumber":14,"author":{"gitId":"ardianbl"},"content":"    }","lastModifiedDate":"2023-09-30"},{"lineNumber":15,"author":{"gitId":"ardianbl"},"content":"}","lastModifiedDate":"2023-09-30"}],"authorContributionMap":{"ardianbl":15}},{"path":"src/main/java/Task.java","fileType":"java","lines":[{"lineNumber":1,"author":{"gitId":"ardianbl"},"content":"public abstract class Task {","lastModifiedDate":"2023-09-30"},{"lineNumber":2,"author":{"gitId":"ardianbl"},"content":"","lastModifiedDate":"2023-09-30"},{"lineNumber":3,"author":{"gitId":"ardianbl"},"content":"    protected String description;","lastModifiedDate":"2023-09-30"},{"lineNumber":4,"author":{"gitId":"ardianbl"},"content":"    protected boolean isDone;","lastModifiedDate":"2023-09-30"},{"lineNumber":5,"author":{"gitId":"ardianbl"},"content":"","lastModifiedDate":"2023-09-30"},{"lineNumber":6,"author":{"gitId":"ardianbl"},"content":"    public Task(String description){","lastModifiedDate":"2023-09-30"},{"lineNumber":7,"author":{"gitId":"ardianbl"},"content":"        this.description \u003d description;","lastModifiedDate":"2023-09-30"},{"lineNumber":8,"author":{"gitId":"ardianbl"},"content":"    }","lastModifiedDate":"2023-09-30"},{"lineNumber":9,"author":{"gitId":"ardianbl"},"content":"","lastModifiedDate":"2023-09-30"},{"lineNumber":10,"author":{"gitId":"ardianbl"},"content":"    public String printItemWithStatus() {","lastModifiedDate":"2023-09-30"},{"lineNumber":11,"author":{"gitId":"ardianbl"},"content":"        return getStatusIcon() + description;","lastModifiedDate":"2023-09-30"},{"lineNumber":12,"author":{"gitId":"ardianbl"},"content":"    }","lastModifiedDate":"2023-09-30"},{"lineNumber":13,"author":{"gitId":"ardianbl"},"content":"","lastModifiedDate":"2023-09-30"},{"lineNumber":14,"author":{"gitId":"ardianbl"},"content":"    public String getDescription() {","lastModifiedDate":"2023-09-30"},{"lineNumber":15,"author":{"gitId":"ardianbl"},"content":"        return description;","lastModifiedDate":"2023-09-30"},{"lineNumber":16,"author":{"gitId":"ardianbl"},"content":"    }","lastModifiedDate":"2023-09-30"},{"lineNumber":17,"author":{"gitId":"ardianbl"},"content":"","lastModifiedDate":"2023-09-30"},{"lineNumber":18,"author":{"gitId":"ardianbl"},"content":"    public boolean getStatus() {","lastModifiedDate":"2023-09-30"},{"lineNumber":19,"author":{"gitId":"ardianbl"},"content":"        return isDone;","lastModifiedDate":"2023-09-30"},{"lineNumber":20,"author":{"gitId":"ardianbl"},"content":"    }","lastModifiedDate":"2023-09-30"},{"lineNumber":21,"author":{"gitId":"ardianbl"},"content":"","lastModifiedDate":"2023-09-30"},{"lineNumber":22,"author":{"gitId":"ardianbl"},"content":"    public String getStatusIcon() {","lastModifiedDate":"2023-09-30"},{"lineNumber":23,"author":{"gitId":"ardianbl"},"content":"        return (isDone ? \"[X] \" : \"[ ] \");","lastModifiedDate":"2023-09-30"},{"lineNumber":24,"author":{"gitId":"ardianbl"},"content":"    }","lastModifiedDate":"2023-09-30"},{"lineNumber":25,"author":{"gitId":"ardianbl"},"content":"","lastModifiedDate":"2023-09-30"},{"lineNumber":26,"author":{"gitId":"ardianbl"},"content":"    public void setDone(boolean bool) {","lastModifiedDate":"2023-09-30"},{"lineNumber":27,"author":{"gitId":"ardianbl"},"content":"        this.isDone \u003d bool;","lastModifiedDate":"2023-09-30"},{"lineNumber":28,"author":{"gitId":"ardianbl"},"content":"    }","lastModifiedDate":"2023-09-30"},{"lineNumber":29,"author":{"gitId":"ardianbl"},"content":"}","lastModifiedDate":"2023-09-30"}],"authorContributionMap":{"ardianbl":29}},{"path":"src/main/java/Todo.java","fileType":"java","lines":[{"lineNumber":1,"author":{"gitId":"ardianbl"},"content":"public class Todo extends Task{","lastModifiedDate":"2023-09-30"},{"lineNumber":2,"author":{"gitId":"ardianbl"},"content":"","lastModifiedDate":"2023-09-30"},{"lineNumber":3,"author":{"gitId":"ardianbl"},"content":"    public Todo(String description) {","lastModifiedDate":"2023-09-30"},{"lineNumber":4,"author":{"gitId":"ardianbl"},"content":"        super(description);","lastModifiedDate":"2023-09-30"},{"lineNumber":5,"author":{"gitId":"ardianbl"},"content":"    }","lastModifiedDate":"2023-09-30"},{"lineNumber":6,"author":{"gitId":"ardianbl"},"content":"","lastModifiedDate":"2023-09-30"},{"lineNumber":7,"author":{"gitId":"ardianbl"},"content":"    @Override","lastModifiedDate":"2023-09-30"},{"lineNumber":8,"author":{"gitId":"ardianbl"},"content":"    public String printItemWithStatus() {","lastModifiedDate":"2023-09-30"},{"lineNumber":9,"author":{"gitId":"ardianbl"},"content":"        return \"[T]\" + super.printItemWithStatus();","lastModifiedDate":"2023-09-30"},{"lineNumber":10,"author":{"gitId":"ardianbl"},"content":"    }","lastModifiedDate":"2023-09-30"},{"lineNumber":11,"author":{"gitId":"ardianbl"},"content":"}","lastModifiedDate":"2023-09-30"}],"authorContributionMap":{"ardianbl":11}}]
