{"authorDailyContributionsMap":{"ardianbl":[{"date":"2023-09-03","commitResults":[{"hash":"a72a60265f1253fb29218f99692816665e6e6148","isMergeCommit":false,"messageTitle":"personalised bot name, added welcome \u0026 farewell message","messageBody":"","tags":["Level-0"],"fileTypesAndContributionMap":{"java":{"insertions":10,"deletions":3}}},{"hash":"45537d6c2da8dcbd52e5b97cf78e1d9cfb583685","isMergeCommit":false,"messageTitle":"implemented welcomeMessage, byeMessage, echoMessage method","messageBody":"","tags":["Level-1"],"fileTypesAndContributionMap":{"java":{"insertions":34,"deletions":10}}},{"hash":"248686942bc729b49249a5c27fd935b21f028d5c","isMergeCommit":false,"messageTitle":"implemented add, list using String[100]","messageBody":"","tags":["Level-2"],"fileTypesAndContributionMap":{"java":{"insertions":15,"deletions":1}}}]},{"date":"2023-09-19","commitResults":[{"hash":"272a5883d3b39de0154ad38fc34f27bb783e5103","isMergeCommit":false,"messageTitle":"added task marking","messageBody":"","tags":["Level-3"],"fileTypesAndContributionMap":{"java":{"insertions":134,"deletions":30}}}]},{"date":"2023-09-30","commitResults":[{"hash":"752f84826e8579813083ba602379369255930f7c","isMergeCommit":false,"messageTitle":"implemented ToDo, Deadline and Event class; general code cleanup","messageBody":"","tags":["Level-4"],"fileTypesAndContributionMap":{"java":{"insertions":161,"deletions":105}}}]}]},"authorFileTypeContributionMap":{"ardianbl":{"java":210,"md":0,"fxml":0,"sh":0,"bat":0,"gradle":0,"txt":0}},"authorContributionVariance":{"ardianbl":2035.6244},"authorDisplayNameMap":{"ardianbl":"ARDI..RIAN"}}
