[{"path":"src/main/java/Deadline.java","fileType":"java","lines":[{"lineNumber":1,"author":{"gitId":"vennica"},"content":"public class Deadline extends Task{","lastModifiedDate":"2023-09-24"},{"lineNumber":2,"author":{"gitId":"vennica"},"content":"","lastModifiedDate":"2023-09-24"},{"lineNumber":3,"author":{"gitId":"vennica"},"content":"    private String by;","lastModifiedDate":"2023-09-24"},{"lineNumber":4,"author":{"gitId":"vennica"},"content":"    public Deadline(String d,boolean x) {","lastModifiedDate":"2023-09-24"},{"lineNumber":5,"author":{"gitId":"vennica"},"content":"        super(d,x);","lastModifiedDate":"2023-09-24"},{"lineNumber":6,"author":{"gitId":"vennica"},"content":"        filterBy(d);","lastModifiedDate":"2023-09-24"},{"lineNumber":7,"author":{"gitId":"vennica"},"content":"    }","lastModifiedDate":"2023-09-24"},{"lineNumber":8,"author":{"gitId":"vennica"},"content":"    public String getBy() {","lastModifiedDate":"2023-09-24"},{"lineNumber":9,"author":{"gitId":"vennica"},"content":"        return by;","lastModifiedDate":"2023-09-24"},{"lineNumber":10,"author":{"gitId":"vennica"},"content":"    }","lastModifiedDate":"2023-09-24"},{"lineNumber":11,"author":{"gitId":"vennica"},"content":"    public void setBy(String newBy) {","lastModifiedDate":"2023-09-24"},{"lineNumber":12,"author":{"gitId":"vennica"},"content":"        by \u003d newBy;","lastModifiedDate":"2023-09-24"},{"lineNumber":13,"author":{"gitId":"vennica"},"content":"    }","lastModifiedDate":"2023-09-24"},{"lineNumber":14,"author":{"gitId":"vennica"},"content":"","lastModifiedDate":"2023-09-24"},{"lineNumber":15,"author":{"gitId":"vennica"},"content":"    public void filterBy(String description) {","lastModifiedDate":"2023-09-24"},{"lineNumber":16,"author":{"gitId":"vennica"},"content":"        String[] words \u003d description.split(\" \", 2);","lastModifiedDate":"2023-09-24"},{"lineNumber":17,"author":{"gitId":"vennica"},"content":"        try {","lastModifiedDate":"2023-09-28"},{"lineNumber":18,"author":{"gitId":"vennica"},"content":"            String[] splitBy \u003d words[1].split(\"/by \");","lastModifiedDate":"2023-09-24"},{"lineNumber":19,"author":{"gitId":"vennica"},"content":"            setDescription(splitBy[0]);","lastModifiedDate":"2023-09-24"},{"lineNumber":20,"author":{"gitId":"vennica"},"content":"            this.by \u003d splitBy[1];","lastModifiedDate":"2023-09-24"},{"lineNumber":21,"author":{"gitId":"vennica"},"content":"        } catch(ArrayIndexOutOfBoundsException e) {","lastModifiedDate":"2023-09-24"},{"lineNumber":22,"author":{"gitId":"vennica"},"content":"            //error message display is at main class","lastModifiedDate":"2023-09-28"},{"lineNumber":23,"author":{"gitId":"vennica"},"content":"        }","lastModifiedDate":"2023-09-24"},{"lineNumber":24,"author":{"gitId":"vennica"},"content":"    }","lastModifiedDate":"2023-09-24"},{"lineNumber":25,"author":{"gitId":"vennica"},"content":"","lastModifiedDate":"2023-09-24"},{"lineNumber":26,"author":{"gitId":"vennica"},"content":"    @Override","lastModifiedDate":"2023-09-24"},{"lineNumber":27,"author":{"gitId":"vennica"},"content":"    public void printTask(){","lastModifiedDate":"2023-09-24"},{"lineNumber":28,"author":{"gitId":"vennica"},"content":"        if (!getIsDone()){","lastModifiedDate":"2023-09-24"},{"lineNumber":29,"author":{"gitId":"vennica"},"content":"            System.out.println(\"[D][ ] \"+ getDescription() + \"(by: \"+getBy()+\")\");","lastModifiedDate":"2023-09-24"},{"lineNumber":30,"author":{"gitId":"vennica"},"content":"        }else {","lastModifiedDate":"2023-09-24"},{"lineNumber":31,"author":{"gitId":"vennica"},"content":"            System.out.println(\"[D][X] \"+ getDescription() + \"(by: \"+getBy()+\")\");","lastModifiedDate":"2023-09-24"},{"lineNumber":32,"author":{"gitId":"vennica"},"content":"        }","lastModifiedDate":"2023-09-24"},{"lineNumber":33,"author":{"gitId":"vennica"},"content":"","lastModifiedDate":"2023-09-24"},{"lineNumber":34,"author":{"gitId":"vennica"},"content":"    }","lastModifiedDate":"2023-09-24"},{"lineNumber":35,"author":{"gitId":"vennica"},"content":"}","lastModifiedDate":"2023-09-24"}],"authorContributionMap":{"vennica":35}},{"path":"src/main/java/Duke.java","fileType":"java","lines":[{"lineNumber":1,"author":{"gitId":"vennica"},"content":"import java.util.ArrayList;","lastModifiedDate":"2023-09-18"},{"lineNumber":2,"author":{"gitId":"vennica"},"content":"import java.util.HashMap;","lastModifiedDate":"2023-09-18"},{"lineNumber":3,"author":{"gitId":"vennica"},"content":"import java.util.Scanner;","lastModifiedDate":"2023-09-10"},{"lineNumber":4,"author":{"gitId":"vennica"},"content":"","lastModifiedDate":"2023-09-10"},{"lineNumber":5,"author":{"gitId":"-"},"content":"public class Duke {","lastModifiedDate":"2019-07-29"},{"lineNumber":6,"author":{"gitId":"vennica"},"content":"","lastModifiedDate":"2023-09-10"},{"lineNumber":7,"author":{"gitId":"vennica"},"content":"    public static ArrayList\u003cTask\u003e actions \u003d new ArrayList\u003c\u003e();","lastModifiedDate":"2023-09-18"},{"lineNumber":8,"author":{"gitId":"vennica"},"content":"    public static int inputCount \u003d0;","lastModifiedDate":"2023-09-18"},{"lineNumber":9,"author":{"gitId":"vennica"},"content":"","lastModifiedDate":"2023-09-18"},{"lineNumber":10,"author":{"gitId":"vennica"},"content":"    public static void printHeader(){","lastModifiedDate":"2023-09-28"},{"lineNumber":11,"author":{"gitId":"-"},"content":"        String logo \u003d \" ____        _        \\n\"","lastModifiedDate":"2023-09-28"},{"lineNumber":12,"author":{"gitId":"-"},"content":"                + \"|  _ \\\\ _   _| | _____ \\n\"","lastModifiedDate":"2023-09-28"},{"lineNumber":13,"author":{"gitId":"-"},"content":"                + \"| | | | | | | |/ / _ \\\\\\n\"","lastModifiedDate":"2023-09-28"},{"lineNumber":14,"author":{"gitId":"-"},"content":"                + \"| |_| | |_| |   \u003c  __/\\n\"","lastModifiedDate":"2023-09-28"},{"lineNumber":15,"author":{"gitId":"-"},"content":"                + \"|____/ \\\\__,_|_|\\\\_\\\\___|\\n\";","lastModifiedDate":"2023-09-28"},{"lineNumber":16,"author":{"gitId":"-"},"content":"        System.out.println(\"Hello from\\n\" + logo);","lastModifiedDate":"2023-09-28"},{"lineNumber":17,"author":{"gitId":"vennica"},"content":"        System.out.println(\"____________________________________________________________\\n\"+","lastModifiedDate":"2023-09-28"},{"lineNumber":18,"author":{"gitId":"vennica"},"content":"                \"Hello! I\u0027m venni\\n\" +","lastModifiedDate":"2023-09-28"},{"lineNumber":19,"author":{"gitId":"vennica"},"content":"                \"What can I do for you?\\n\"","lastModifiedDate":"2023-09-28"},{"lineNumber":20,"author":{"gitId":"vennica"},"content":"        );","lastModifiedDate":"2023-09-28"},{"lineNumber":21,"author":{"gitId":"vennica"},"content":"    }","lastModifiedDate":"2023-09-28"},{"lineNumber":22,"author":{"gitId":"vennica"},"content":"","lastModifiedDate":"2023-09-28"},{"lineNumber":23,"author":{"gitId":"vennica"},"content":"    public static void addTasks(String input){","lastModifiedDate":"2023-09-18"},{"lineNumber":24,"author":{"gitId":"vennica"},"content":"        boolean isValid \u003d validateInput(input);","lastModifiedDate":"2023-09-28"},{"lineNumber":25,"author":{"gitId":"vennica"},"content":"        //if isValid \u003d\u003dfalse, stop process.","lastModifiedDate":"2023-09-28"},{"lineNumber":26,"author":{"gitId":"vennica"},"content":"        Task newTask \u003d getNewTask(input);","lastModifiedDate":"2023-09-24"},{"lineNumber":27,"author":{"gitId":"vennica"},"content":"        if (!isValid){","lastModifiedDate":"2023-09-28"},{"lineNumber":28,"author":{"gitId":"vennica"},"content":"            System.out.println(\"OOPS!!! I\u0027m sorry, but I don\u0027t know what that means :-(\");","lastModifiedDate":"2023-09-28"},{"lineNumber":29,"author":{"gitId":"vennica"},"content":"        } else if(newTask.getDescription()\u003d\u003dnull){","lastModifiedDate":"2023-09-28"},{"lineNumber":30,"author":{"gitId":"vennica"},"content":"            System.out.println(\"OOPS!!! The description of a todo task cannot be empty.\");","lastModifiedDate":"2023-09-28"},{"lineNumber":31,"author":{"gitId":"vennica"},"content":"        }else{","lastModifiedDate":"2023-09-28"},{"lineNumber":32,"author":{"gitId":"vennica"},"content":"            System.out.println(","lastModifiedDate":"2023-09-18"},{"lineNumber":33,"author":{"gitId":"vennica"},"content":"                    \"    ____________________________________________________________\\n\" +","lastModifiedDate":"2023-09-18"},{"lineNumber":34,"author":{"gitId":"vennica"},"content":"                            \"     Got it. I\u0027ve added this task:\");","lastModifiedDate":"2023-09-24"},{"lineNumber":35,"author":{"gitId":"vennica"},"content":"            System.out.print(\"       \");","lastModifiedDate":"2023-09-24"},{"lineNumber":36,"author":{"gitId":"vennica"},"content":"            newTask.printTask();","lastModifiedDate":"2023-09-24"},{"lineNumber":37,"author":{"gitId":"vennica"},"content":"            actions.add(newTask) ;","lastModifiedDate":"2023-09-18"},{"lineNumber":38,"author":{"gitId":"vennica"},"content":"            inputCount++;","lastModifiedDate":"2023-09-18"},{"lineNumber":39,"author":{"gitId":"vennica"},"content":"            System.out.println(","lastModifiedDate":"2023-09-24"},{"lineNumber":40,"author":{"gitId":"vennica"},"content":"                    \"     Now you have \"+inputCount+ \" tasks in the list.\\n\" +","lastModifiedDate":"2023-09-24"},{"lineNumber":41,"author":{"gitId":"vennica"},"content":"                            \"    ____________________________________________________________\\n\");","lastModifiedDate":"2023-09-24"},{"lineNumber":42,"author":{"gitId":"vennica"},"content":"        }","lastModifiedDate":"2023-09-18"},{"lineNumber":43,"author":{"gitId":"vennica"},"content":"    }","lastModifiedDate":"2023-09-28"},{"lineNumber":44,"author":{"gitId":"vennica"},"content":"","lastModifiedDate":"2023-09-28"},{"lineNumber":45,"author":{"gitId":"vennica"},"content":"    public static void printTaskList(){","lastModifiedDate":"2023-09-28"},{"lineNumber":46,"author":{"gitId":"vennica"},"content":"        System.out.println(\"    ____________________________________________________________\\n\"+","lastModifiedDate":"2023-09-28"},{"lineNumber":47,"author":{"gitId":"vennica"},"content":"                \"    Here are the tasks in your list: \");","lastModifiedDate":"2023-09-28"},{"lineNumber":48,"author":{"gitId":"vennica"},"content":"        for (int i \u003d 1; i \u003c\u003d inputCount; i++){","lastModifiedDate":"2023-09-28"},{"lineNumber":49,"author":{"gitId":"vennica"},"content":"            System.out.print(\"       \");","lastModifiedDate":"2023-09-28"},{"lineNumber":50,"author":{"gitId":"vennica"},"content":"            System.out.print(\" \" + i +\".\");","lastModifiedDate":"2023-09-28"},{"lineNumber":51,"author":{"gitId":"vennica"},"content":"            actions.get(i-1).printTask();","lastModifiedDate":"2023-09-28"},{"lineNumber":52,"author":{"gitId":"vennica"},"content":"        }","lastModifiedDate":"2023-09-28"},{"lineNumber":53,"author":{"gitId":"vennica"},"content":"        System.out.println(\"    ____________________________________________________________\");","lastModifiedDate":"2023-09-28"},{"lineNumber":54,"author":{"gitId":"vennica"},"content":"    }","lastModifiedDate":"2023-09-28"},{"lineNumber":55,"author":{"gitId":"vennica"},"content":"","lastModifiedDate":"2023-09-28"},{"lineNumber":56,"author":{"gitId":"vennica"},"content":"    public static boolean validateInput(String input){","lastModifiedDate":"2023-09-28"},{"lineNumber":57,"author":{"gitId":"vennica"},"content":"        String trimInput \u003d input.trim().toLowerCase();","lastModifiedDate":"2023-09-28"},{"lineNumber":58,"author":{"gitId":"vennica"},"content":"        if (!trimInput.startsWith(\"todo\")\u0026\u0026!trimInput.startsWith(\"deadline\")\u0026\u0026!trimInput.startsWith(\"event\")){","lastModifiedDate":"2023-09-28"},{"lineNumber":59,"author":{"gitId":"vennica"},"content":"            return false;","lastModifiedDate":"2023-09-28"},{"lineNumber":60,"author":{"gitId":"vennica"},"content":"        }","lastModifiedDate":"2023-09-28"},{"lineNumber":61,"author":{"gitId":"vennica"},"content":"        return true;","lastModifiedDate":"2023-09-28"},{"lineNumber":62,"author":{"gitId":"vennica"},"content":"    }","lastModifiedDate":"2023-09-28"},{"lineNumber":63,"author":{"gitId":"vennica"},"content":"","lastModifiedDate":"2023-09-18"},{"lineNumber":64,"author":{"gitId":"vennica"},"content":"    public static int getNumber(String input){","lastModifiedDate":"2023-09-18"},{"lineNumber":65,"author":{"gitId":"vennica"},"content":"        String[] words \u003d input.split(\" \");","lastModifiedDate":"2023-09-18"},{"lineNumber":66,"author":{"gitId":"vennica"},"content":"        for (String word : words) {","lastModifiedDate":"2023-09-18"},{"lineNumber":67,"author":{"gitId":"vennica"},"content":"            try {","lastModifiedDate":"2023-09-18"},{"lineNumber":68,"author":{"gitId":"vennica"},"content":"                int no \u003d Integer.parseInt(word);","lastModifiedDate":"2023-09-18"},{"lineNumber":69,"author":{"gitId":"vennica"},"content":"                return no;","lastModifiedDate":"2023-09-18"},{"lineNumber":70,"author":{"gitId":"vennica"},"content":"            } catch (NumberFormatException nfe) {","lastModifiedDate":"2023-09-18"},{"lineNumber":71,"author":{"gitId":"vennica"},"content":"                continue;","lastModifiedDate":"2023-09-18"},{"lineNumber":72,"author":{"gitId":"vennica"},"content":"            }","lastModifiedDate":"2023-09-18"},{"lineNumber":73,"author":{"gitId":"vennica"},"content":"        }","lastModifiedDate":"2023-09-18"},{"lineNumber":74,"author":{"gitId":"vennica"},"content":"        return -1;","lastModifiedDate":"2023-09-18"},{"lineNumber":75,"author":{"gitId":"vennica"},"content":"    }","lastModifiedDate":"2023-09-18"},{"lineNumber":76,"author":{"gitId":"vennica"},"content":"","lastModifiedDate":"2023-09-18"},{"lineNumber":77,"author":{"gitId":"vennica"},"content":"    public static Task getNewTask (String input){","lastModifiedDate":"2023-09-24"},{"lineNumber":78,"author":{"gitId":"vennica"},"content":"        if (input.trim().toLowerCase().startsWith(\"deadline\")){","lastModifiedDate":"2023-09-24"},{"lineNumber":79,"author":{"gitId":"vennica"},"content":"            Deadline newDeadline \u003d new Deadline(input, false);","lastModifiedDate":"2023-09-24"},{"lineNumber":80,"author":{"gitId":"vennica"},"content":"            return newDeadline;","lastModifiedDate":"2023-09-24"},{"lineNumber":81,"author":{"gitId":"vennica"},"content":"        }else if (input.trim().toLowerCase().startsWith(\"event\")){","lastModifiedDate":"2023-09-24"},{"lineNumber":82,"author":{"gitId":"vennica"},"content":"            Event newEvent \u003d new Event(input, false);","lastModifiedDate":"2023-09-24"},{"lineNumber":83,"author":{"gitId":"vennica"},"content":"            return newEvent;","lastModifiedDate":"2023-09-24"},{"lineNumber":84,"author":{"gitId":"vennica"},"content":"        }else  {","lastModifiedDate":"2023-09-24"},{"lineNumber":85,"author":{"gitId":"vennica"},"content":"            Task newTask \u003d new Task(input, false);","lastModifiedDate":"2023-09-24"},{"lineNumber":86,"author":{"gitId":"vennica"},"content":"            return newTask;","lastModifiedDate":"2023-09-24"},{"lineNumber":87,"author":{"gitId":"vennica"},"content":"        }","lastModifiedDate":"2023-09-24"},{"lineNumber":88,"author":{"gitId":"vennica"},"content":"    }","lastModifiedDate":"2023-09-24"},{"lineNumber":89,"author":{"gitId":"vennica"},"content":"","lastModifiedDate":"2023-09-24"},{"lineNumber":90,"author":{"gitId":"vennica"},"content":"","lastModifiedDate":"2023-09-18"},{"lineNumber":91,"author":{"gitId":"vennica"},"content":"    public static void main(String[] args) {","lastModifiedDate":"2023-09-18"},{"lineNumber":92,"author":{"gitId":"vennica"},"content":"        //Adding testing items in Task","lastModifiedDate":"2023-09-18"},{"lineNumber":93,"author":{"gitId":"vennica"},"content":"        Task task1 \u003d new Task(\"read book\", false);","lastModifiedDate":"2023-09-18"},{"lineNumber":94,"author":{"gitId":"vennica"},"content":"        Task task2 \u003d new Task(\"return book\", false);","lastModifiedDate":"2023-09-18"},{"lineNumber":95,"author":{"gitId":"vennica"},"content":"        Task task3 \u003d new Task(\"buy bread\", false);","lastModifiedDate":"2023-09-18"},{"lineNumber":96,"author":{"gitId":"vennica"},"content":"","lastModifiedDate":"2023-09-10"},{"lineNumber":97,"author":{"gitId":"vennica"},"content":"        actions.add(task1);","lastModifiedDate":"2023-09-18"},{"lineNumber":98,"author":{"gitId":"vennica"},"content":"        actions.add(task2);","lastModifiedDate":"2023-09-18"},{"lineNumber":99,"author":{"gitId":"vennica"},"content":"        actions.add(task3);","lastModifiedDate":"2023-09-18"},{"lineNumber":100,"author":{"gitId":"vennica"},"content":"        inputCount +\u003d3;","lastModifiedDate":"2023-09-18"},{"lineNumber":101,"author":{"gitId":"vennica"},"content":"","lastModifiedDate":"2023-09-18"},{"lineNumber":102,"author":{"gitId":"vennica"},"content":"        Scanner scanner \u003d new Scanner(System.in);","lastModifiedDate":"2023-09-18"},{"lineNumber":103,"author":{"gitId":"vennica"},"content":"        printHeader();","lastModifiedDate":"2023-09-18"},{"lineNumber":104,"author":{"gitId":"vennica"},"content":"        String input \u003d scanner.nextLine();","lastModifiedDate":"2023-09-10"},{"lineNumber":105,"author":{"gitId":"vennica"},"content":"","lastModifiedDate":"2023-09-18"},{"lineNumber":106,"author":{"gitId":"vennica"},"content":"        //read string and execute functions accordingly.","lastModifiedDate":"2023-09-18"},{"lineNumber":107,"author":{"gitId":"vennica"},"content":"        while (!input.trim().equalsIgnoreCase(\"bye\")){","lastModifiedDate":"2023-09-10"},{"lineNumber":108,"author":{"gitId":"vennica"},"content":"            //added function that handles whitespace as well","lastModifiedDate":"2023-09-18"},{"lineNumber":109,"author":{"gitId":"vennica"},"content":"//            if (input.trim().isEmpty()){","lastModifiedDate":"2023-09-18"},{"lineNumber":110,"author":{"gitId":"vennica"},"content":"//                continue;","lastModifiedDate":"2023-09-18"},{"lineNumber":111,"author":{"gitId":"vennica"},"content":"//            }","lastModifiedDate":"2023-09-18"},{"lineNumber":112,"author":{"gitId":"vennica"},"content":"            if (input.startsWith(\"mark\")){","lastModifiedDate":"2023-09-18"},{"lineNumber":113,"author":{"gitId":"vennica"},"content":"                int index \u003d getNumber(input);","lastModifiedDate":"2023-09-18"},{"lineNumber":114,"author":{"gitId":"vennica"},"content":"                actions.get(index-1).setIsDone(true);","lastModifiedDate":"2023-09-18"},{"lineNumber":115,"author":{"gitId":"vennica"},"content":"                System.out.println(\"    ____________________________________________________________\\n\"+","lastModifiedDate":"2023-09-18"},{"lineNumber":116,"author":{"gitId":"vennica"},"content":"                        \"    Nice! I\u0027ve marked this task as done: \");","lastModifiedDate":"2023-09-18"},{"lineNumber":117,"author":{"gitId":"vennica"},"content":"                System.out.print(\"       \");","lastModifiedDate":"2023-09-24"},{"lineNumber":118,"author":{"gitId":"vennica"},"content":"                //print \"[X] return book\"","lastModifiedDate":"2023-09-18"},{"lineNumber":119,"author":{"gitId":"vennica"},"content":"                actions.get(index-1).printTask();","lastModifiedDate":"2023-09-24"},{"lineNumber":120,"author":{"gitId":"vennica"},"content":"                System.out.println(\"    ____________________________________________________________\");","lastModifiedDate":"2023-09-10"},{"lineNumber":121,"author":{"gitId":"vennica"},"content":"            }else if (input.startsWith(\"unmark\")){","lastModifiedDate":"2023-09-18"},{"lineNumber":122,"author":{"gitId":"vennica"},"content":"                int index \u003d getNumber(input);","lastModifiedDate":"2023-09-18"},{"lineNumber":123,"author":{"gitId":"vennica"},"content":"                actions.get(index-1).setIsDone(false);","lastModifiedDate":"2023-09-18"},{"lineNumber":124,"author":{"gitId":"vennica"},"content":"                System.out.println(\"    ____________________________________________________________\\n\"+","lastModifiedDate":"2023-09-18"},{"lineNumber":125,"author":{"gitId":"vennica"},"content":"                        \"    OK, I\u0027ve marked this task as not done yet: \");","lastModifiedDate":"2023-09-18"},{"lineNumber":126,"author":{"gitId":"vennica"},"content":"                System.out.print(\"       \");","lastModifiedDate":"2023-09-24"},{"lineNumber":127,"author":{"gitId":"vennica"},"content":"                //print \"[ ] return book\"","lastModifiedDate":"2023-09-18"},{"lineNumber":128,"author":{"gitId":"vennica"},"content":"                actions.get(index-1).printTask();","lastModifiedDate":"2023-09-24"},{"lineNumber":129,"author":{"gitId":"vennica"},"content":"                System.out.println(\"    ____________________________________________________________\");","lastModifiedDate":"2023-09-10"},{"lineNumber":130,"author":{"gitId":"vennica"},"content":"            }else if (!input.trim().equals(\"list\")){","lastModifiedDate":"2023-09-18"},{"lineNumber":131,"author":{"gitId":"vennica"},"content":"                addTasks(input);","lastModifiedDate":"2023-09-18"},{"lineNumber":132,"author":{"gitId":"vennica"},"content":"            }else{","lastModifiedDate":"2023-09-18"},{"lineNumber":133,"author":{"gitId":"vennica"},"content":"                printTaskList();","lastModifiedDate":"2023-09-18"},{"lineNumber":134,"author":{"gitId":"vennica"},"content":"            }","lastModifiedDate":"2023-09-10"},{"lineNumber":135,"author":{"gitId":"vennica"},"content":"            input \u003d scanner.nextLine();","lastModifiedDate":"2023-09-10"},{"lineNumber":136,"author":{"gitId":"vennica"},"content":"        }","lastModifiedDate":"2023-09-10"},{"lineNumber":137,"author":{"gitId":"vennica"},"content":"","lastModifiedDate":"2023-09-10"},{"lineNumber":138,"author":{"gitId":"vennica"},"content":"        System.out.println(\"Bye. Hope to see you again soon!\\n\" +","lastModifiedDate":"2023-09-10"},{"lineNumber":139,"author":{"gitId":"vennica"},"content":"                            \"____________________________________________________________\");","lastModifiedDate":"2023-09-10"},{"lineNumber":140,"author":{"gitId":"-"},"content":"    }","lastModifiedDate":"2019-07-29"},{"lineNumber":141,"author":{"gitId":"vennica"},"content":"","lastModifiedDate":"2023-09-18"},{"lineNumber":142,"author":{"gitId":"-"},"content":"}","lastModifiedDate":"2019-07-29"}],"authorContributionMap":{"vennica":133,"-":9}},{"path":"src/main/java/Event.java","fileType":"java","lines":[{"lineNumber":1,"author":{"gitId":"vennica"},"content":"public class Event extends Task{","lastModifiedDate":"2023-09-24"},{"lineNumber":2,"author":{"gitId":"vennica"},"content":"    private String from;","lastModifiedDate":"2023-09-24"},{"lineNumber":3,"author":{"gitId":"vennica"},"content":"    private String to;","lastModifiedDate":"2023-09-24"},{"lineNumber":4,"author":{"gitId":"vennica"},"content":"","lastModifiedDate":"2023-09-24"},{"lineNumber":5,"author":{"gitId":"vennica"},"content":"    //variable x stands for isDone","lastModifiedDate":"2023-09-24"},{"lineNumber":6,"author":{"gitId":"vennica"},"content":"    public Event(String d, boolean x) {","lastModifiedDate":"2023-09-24"},{"lineNumber":7,"author":{"gitId":"vennica"},"content":"        super(d,x);","lastModifiedDate":"2023-09-24"},{"lineNumber":8,"author":{"gitId":"vennica"},"content":"        setFromAndTo(d);","lastModifiedDate":"2023-09-24"},{"lineNumber":9,"author":{"gitId":"vennica"},"content":"    }","lastModifiedDate":"2023-09-24"},{"lineNumber":10,"author":{"gitId":"vennica"},"content":"","lastModifiedDate":"2023-09-24"},{"lineNumber":11,"author":{"gitId":"vennica"},"content":"    public void setFrom(String newFrom) {","lastModifiedDate":"2023-09-24"},{"lineNumber":12,"author":{"gitId":"vennica"},"content":"        this.from \u003d newFrom;","lastModifiedDate":"2023-09-24"},{"lineNumber":13,"author":{"gitId":"vennica"},"content":"    }","lastModifiedDate":"2023-09-24"},{"lineNumber":14,"author":{"gitId":"vennica"},"content":"","lastModifiedDate":"2023-09-24"},{"lineNumber":15,"author":{"gitId":"vennica"},"content":"    public void setFromAndTo(String description) {","lastModifiedDate":"2023-09-24"},{"lineNumber":16,"author":{"gitId":"vennica"},"content":"        String[] words \u003d description.split(\" \", 2);","lastModifiedDate":"2023-09-24"},{"lineNumber":17,"author":{"gitId":"vennica"},"content":"        try {","lastModifiedDate":"2023-09-28"},{"lineNumber":18,"author":{"gitId":"vennica"},"content":"            String[] splitFrom \u003d words[1].split(\"/from \");","lastModifiedDate":"2023-09-24"},{"lineNumber":19,"author":{"gitId":"vennica"},"content":"            setDescription(splitFrom[0]);","lastModifiedDate":"2023-09-24"},{"lineNumber":20,"author":{"gitId":"vennica"},"content":"            String[] splitTo \u003d splitFrom[1].split(\"/to \");","lastModifiedDate":"2023-09-24"},{"lineNumber":21,"author":{"gitId":"vennica"},"content":"            setFrom(splitTo[0]);","lastModifiedDate":"2023-09-24"},{"lineNumber":22,"author":{"gitId":"vennica"},"content":"            setTo(splitTo[1]);","lastModifiedDate":"2023-09-24"},{"lineNumber":23,"author":{"gitId":"vennica"},"content":"        } catch(ArrayIndexOutOfBoundsException e) {","lastModifiedDate":"2023-09-28"},{"lineNumber":24,"author":{"gitId":"vennica"},"content":"            //error message display is at main class","lastModifiedDate":"2023-09-28"},{"lineNumber":25,"author":{"gitId":"vennica"},"content":"        }","lastModifiedDate":"2023-09-28"},{"lineNumber":26,"author":{"gitId":"vennica"},"content":"    }","lastModifiedDate":"2023-09-24"},{"lineNumber":27,"author":{"gitId":"vennica"},"content":"","lastModifiedDate":"2023-09-24"},{"lineNumber":28,"author":{"gitId":"vennica"},"content":"    public void setTo(String newTo) {","lastModifiedDate":"2023-09-24"},{"lineNumber":29,"author":{"gitId":"vennica"},"content":"        this.to \u003d newTo;","lastModifiedDate":"2023-09-24"},{"lineNumber":30,"author":{"gitId":"vennica"},"content":"    }","lastModifiedDate":"2023-09-24"},{"lineNumber":31,"author":{"gitId":"vennica"},"content":"","lastModifiedDate":"2023-09-24"},{"lineNumber":32,"author":{"gitId":"vennica"},"content":"    public String getFrom(){","lastModifiedDate":"2023-09-24"},{"lineNumber":33,"author":{"gitId":"vennica"},"content":"        return from;","lastModifiedDate":"2023-09-24"},{"lineNumber":34,"author":{"gitId":"vennica"},"content":"    }","lastModifiedDate":"2023-09-24"},{"lineNumber":35,"author":{"gitId":"vennica"},"content":"","lastModifiedDate":"2023-09-24"},{"lineNumber":36,"author":{"gitId":"vennica"},"content":"    public String getTo(){","lastModifiedDate":"2023-09-24"},{"lineNumber":37,"author":{"gitId":"vennica"},"content":"        return to;","lastModifiedDate":"2023-09-24"},{"lineNumber":38,"author":{"gitId":"vennica"},"content":"    }","lastModifiedDate":"2023-09-24"},{"lineNumber":39,"author":{"gitId":"vennica"},"content":"","lastModifiedDate":"2023-09-24"},{"lineNumber":40,"author":{"gitId":"vennica"},"content":"    @Override","lastModifiedDate":"2023-09-24"},{"lineNumber":41,"author":{"gitId":"vennica"},"content":"    public void printTask(){","lastModifiedDate":"2023-09-24"},{"lineNumber":42,"author":{"gitId":"vennica"},"content":"        if (!getIsDone()){","lastModifiedDate":"2023-09-24"},{"lineNumber":43,"author":{"gitId":"vennica"},"content":"            System.out.println(\"[E][ ] \"+ getDescription() + \"(from: \" + getFrom() + \"to: \"+ getTo() +\")\");","lastModifiedDate":"2023-09-24"},{"lineNumber":44,"author":{"gitId":"vennica"},"content":"","lastModifiedDate":"2023-09-24"},{"lineNumber":45,"author":{"gitId":"vennica"},"content":"        }else {","lastModifiedDate":"2023-09-24"},{"lineNumber":46,"author":{"gitId":"vennica"},"content":"            System.out.println(\"[E][X] \"+ getDescription() + \"(from: \" + getFrom() + \"to: \"+ getTo() +\")\");","lastModifiedDate":"2023-09-24"},{"lineNumber":47,"author":{"gitId":"vennica"},"content":"        }","lastModifiedDate":"2023-09-24"},{"lineNumber":48,"author":{"gitId":"vennica"},"content":"","lastModifiedDate":"2023-09-24"},{"lineNumber":49,"author":{"gitId":"vennica"},"content":"    }","lastModifiedDate":"2023-09-24"},{"lineNumber":50,"author":{"gitId":"vennica"},"content":"}","lastModifiedDate":"2023-09-24"}],"authorContributionMap":{"vennica":50}},{"path":"src/main/java/Task.java","fileType":"java","lines":[{"lineNumber":1,"author":{"gitId":"vennica"},"content":"public class Task {","lastModifiedDate":"2023-09-18"},{"lineNumber":2,"author":{"gitId":"vennica"},"content":"    private boolean isDone;","lastModifiedDate":"2023-09-18"},{"lineNumber":3,"author":{"gitId":"vennica"},"content":"    private String description;","lastModifiedDate":"2023-09-18"},{"lineNumber":4,"author":{"gitId":"vennica"},"content":"","lastModifiedDate":"2023-09-18"},{"lineNumber":5,"author":{"gitId":"vennica"},"content":"    public Task (String d,boolean x){","lastModifiedDate":"2023-09-24"},{"lineNumber":6,"author":{"gitId":"vennica"},"content":"        this.isDone \u003d x ;","lastModifiedDate":"2023-09-24"},{"lineNumber":7,"author":{"gitId":"vennica"},"content":"        setDescription(d);","lastModifiedDate":"2023-09-28"},{"lineNumber":8,"author":{"gitId":"vennica"},"content":"    }","lastModifiedDate":"2023-09-18"},{"lineNumber":9,"author":{"gitId":"vennica"},"content":"","lastModifiedDate":"2023-09-24"},{"lineNumber":10,"author":{"gitId":"vennica"},"content":"","lastModifiedDate":"2023-09-24"},{"lineNumber":11,"author":{"gitId":"vennica"},"content":"    public void setIsDone(boolean x){","lastModifiedDate":"2023-09-18"},{"lineNumber":12,"author":{"gitId":"vennica"},"content":"        this.isDone \u003d x;","lastModifiedDate":"2023-09-18"},{"lineNumber":13,"author":{"gitId":"vennica"},"content":"    }","lastModifiedDate":"2023-09-18"},{"lineNumber":14,"author":{"gitId":"vennica"},"content":"","lastModifiedDate":"2023-09-18"},{"lineNumber":15,"author":{"gitId":"vennica"},"content":"    public void setDescription(String description){","lastModifiedDate":"2023-09-28"},{"lineNumber":16,"author":{"gitId":"vennica"},"content":"        String[] words \u003d description.split(\" \", 2);","lastModifiedDate":"2023-09-28"},{"lineNumber":17,"author":{"gitId":"vennica"},"content":"        try {","lastModifiedDate":"2023-09-28"},{"lineNumber":18,"author":{"gitId":"vennica"},"content":"            this.description \u003d words[2];","lastModifiedDate":"2023-09-28"},{"lineNumber":19,"author":{"gitId":"vennica"},"content":"        } catch(ArrayIndexOutOfBoundsException e) {","lastModifiedDate":"2023-09-28"},{"lineNumber":20,"author":{"gitId":"vennica"},"content":"            //error message display is at main class","lastModifiedDate":"2023-09-28"},{"lineNumber":21,"author":{"gitId":"vennica"},"content":"        }","lastModifiedDate":"2023-09-28"},{"lineNumber":22,"author":{"gitId":"vennica"},"content":"","lastModifiedDate":"2023-09-28"},{"lineNumber":23,"author":{"gitId":"vennica"},"content":"    }","lastModifiedDate":"2023-09-18"},{"lineNumber":24,"author":{"gitId":"vennica"},"content":"","lastModifiedDate":"2023-09-18"},{"lineNumber":25,"author":{"gitId":"vennica"},"content":"    public boolean getIsDone() {","lastModifiedDate":"2023-09-18"},{"lineNumber":26,"author":{"gitId":"vennica"},"content":"        return isDone;","lastModifiedDate":"2023-09-18"},{"lineNumber":27,"author":{"gitId":"vennica"},"content":"    }","lastModifiedDate":"2023-09-18"},{"lineNumber":28,"author":{"gitId":"vennica"},"content":"","lastModifiedDate":"2023-09-18"},{"lineNumber":29,"author":{"gitId":"vennica"},"content":"    public String getDescription(){","lastModifiedDate":"2023-09-18"},{"lineNumber":30,"author":{"gitId":"vennica"},"content":"        return description;","lastModifiedDate":"2023-09-18"},{"lineNumber":31,"author":{"gitId":"vennica"},"content":"    }","lastModifiedDate":"2023-09-18"},{"lineNumber":32,"author":{"gitId":"vennica"},"content":"","lastModifiedDate":"2023-09-18"},{"lineNumber":33,"author":{"gitId":"vennica"},"content":"    public void printTask(){","lastModifiedDate":"2023-09-24"},{"lineNumber":34,"author":{"gitId":"vennica"},"content":"        if (!isDone){","lastModifiedDate":"2023-09-24"},{"lineNumber":35,"author":{"gitId":"vennica"},"content":"            System.out.println(\"[T][ ] \"+ getDescription());","lastModifiedDate":"2023-09-24"},{"lineNumber":36,"author":{"gitId":"vennica"},"content":"        }else {","lastModifiedDate":"2023-09-24"},{"lineNumber":37,"author":{"gitId":"vennica"},"content":"            System.out.println(\"[T][X] \"+ getDescription());","lastModifiedDate":"2023-09-24"},{"lineNumber":38,"author":{"gitId":"vennica"},"content":"        }","lastModifiedDate":"2023-09-24"},{"lineNumber":39,"author":{"gitId":"vennica"},"content":"","lastModifiedDate":"2023-09-24"},{"lineNumber":40,"author":{"gitId":"vennica"},"content":"    }","lastModifiedDate":"2023-09-24"},{"lineNumber":41,"author":{"gitId":"vennica"},"content":"","lastModifiedDate":"2023-09-24"},{"lineNumber":42,"author":{"gitId":"vennica"},"content":"}","lastModifiedDate":"2023-09-18"}],"authorContributionMap":{"vennica":42}}]
