{"authorDailyContributionsMap":{"vennica":[{"date":"2023-09-10","commitResults":[{"hash":"4abaf3f79d42d9c6fa97c604b98444e75d9e0aa1","isMergeCommit":false,"messageTitle":"level-0 completed","messageBody":"","tags":["Level-0"],"fileTypesAndContributionMap":{"java":{"insertions":7,"deletions":0}}},{"hash":"8a1497a06b39a99ca58e1f424ade7b0a57967e7e","isMergeCommit":false,"messageTitle":"Level-1 Completed","messageBody":"","tags":["Level-1"],"fileTypesAndContributionMap":{"java":{"insertions":18,"deletions":4}}},{"hash":"f28cb133f8e9caf4d1694bd8825ef08e039dc677","isMergeCommit":false,"messageTitle":"Level-2","messageBody":"","tags":["Level-2"],"fileTypesAndContributionMap":{"java":{"insertions":23,"deletions":9}}}]},{"date":"2023-09-18","commitResults":[{"hash":"9132c6728e127c134ad75145e71728dcd21846fc","isMergeCommit":false,"messageTitle":"added Task class, completed level-3","messageBody":"","tags":["level-3"],"fileTypesAndContributionMap":{"java":{"insertions":114,"deletions":19}}}]},{"date":"2023-09-24","commitResults":[{"hash":"99fdfd2902f9b901cd8d38ce02b2eb7a1950972d","isMergeCommit":false,"messageTitle":"completed leve-4","messageBody":"","tags":["level-4"],"fileTypesAndContributionMap":{"java":{"insertions":122,"deletions":18}}}]}]},"authorFileTypeContributionMap":{"vennica":{"java":235,"md":0,"fxml":0,"sh":0,"bat":0,"gradle":0,"txt":0}},"authorContributionVariance":{"vennica":913.18823},"authorDisplayNameMap":{"vennica":"LI W..YING"}}
