{"authorDailyContributionsMap":{"vennica":[{"date":"2023-09-10","commitResults":[{"hash":"4abaf3f79d42d9c6fa97c604b98444e75d9e0aa1","isMergeCommit":false,"messageTitle":"level-0 completed","messageBody":"","tags":["Level-0"],"fileTypesAndContributionMap":{"java":{"insertions":7,"deletions":0}}},{"hash":"8a1497a06b39a99ca58e1f424ade7b0a57967e7e","isMergeCommit":false,"messageTitle":"Level-1 Completed","messageBody":"","tags":["Level-1"],"fileTypesAndContributionMap":{"java":{"insertions":18,"deletions":4}}},{"hash":"f28cb133f8e9caf4d1694bd8825ef08e039dc677","isMergeCommit":false,"messageTitle":"Level-2","messageBody":"","tags":["Level-2"],"fileTypesAndContributionMap":{"java":{"insertions":23,"deletions":9}}}]},{"date":"2023-09-18","commitResults":[{"hash":"9132c6728e127c134ad75145e71728dcd21846fc","isMergeCommit":false,"messageTitle":"added Task class, completed level-3","messageBody":"","tags":["level-3"],"fileTypesAndContributionMap":{"java":{"insertions":114,"deletions":19}}}]},{"date":"2023-09-24","commitResults":[{"hash":"99fdfd2902f9b901cd8d38ce02b2eb7a1950972d","isMergeCommit":false,"messageTitle":"completed leve-4","messageBody":"","tags":["level-4"],"fileTypesAndContributionMap":{"java":{"insertions":122,"deletions":18}}}]},{"date":"2023-09-28","commitResults":[{"hash":"f416eea6b3509e6cc0306b46363fd5f4907604c8","isMergeCommit":false,"messageTitle":"level-5 error handling completed","messageBody":"","tags":["level-5"],"fileTypesAndContributionMap":{"java":{"insertions":72,"deletions":47}}}]},{"date":"2023-09-29","commitResults":[{"hash":"3502dc0a8b9e55f5aaa329a10703612d3bc6dc9b","isMergeCommit":false,"messageTitle":"level-6 delete task completed","messageBody":"","fileTypesAndContributionMap":{"java":{"insertions":36,"deletions":9}}}]},{"date":"2023-10-13","commitResults":[{"hash":"f16664c577c18c93e343990c27af08e25ad1ef7d","isMergeCommit":false,"messageTitle":"adding facilitate function for file creation in Task classes.","messageBody":"","fileTypesAndContributionMap":{"java":{"insertions":75,"deletions":0}}}]},{"date":"2023-10-14","commitResults":[{"hash":"de0be3a75863b05ffb733352289d6cd01d738369","isMergeCommit":false,"messageTitle":"create and update text file- Save","messageBody":"","fileTypesAndContributionMap":{"txt":{"insertions":3,"deletions":0},"java":{"insertions":14,"deletions":4}}}]},{"date":"2023-10-25","commitResults":[{"hash":"764d22659cabcc137d6c91adc67c7ec6139fc6a1","isMergeCommit":false,"messageTitle":"create classes for package creation","messageBody":"","fileTypesAndContributionMap":{"java":{"insertions":6,"deletions":0}}}]},{"date":"2023-11-10","commitResults":[{"hash":"f5fa93c6122ee25c31d27207e9a324ac0f8d8b3e","isMergeCommit":false,"messageTitle":"OOP completed","messageBody":"","fileTypesAndContributionMap":{"txt":{"insertions":3,"deletions":2},"java":{"insertions":195,"deletions":173}}},{"hash":"ab2d879f80fa7617a5f0f921eb1049f6bb6e16fc","isMergeCommit":false,"messageTitle":"additional function in UI class","messageBody":"","fileTypesAndContributionMap":{"java":{"insertions":10,"deletions":7}}},{"hash":"aa849ec7b16247f7a61a2660baf387bfff1ac6e7","isMergeCommit":false,"messageTitle":"packages created","messageBody":"","fileTypesAndContributionMap":{"java":{"insertions":14,"deletions":0}}}]},{"date":"2023-11-13","commitResults":[{"hash":"5c7fd35a2add2e04bb7c9e7e75eb61b1492f5a12","isMergeCommit":false,"messageTitle":"completed level-8 task","messageBody":"","fileTypesAndContributionMap":{"java":{"insertions":76,"deletions":7}}},{"hash":"55a7bdbb06d4112b4ca421ac66e82a1160d31fe7","isMergeCommit":false,"messageTitle":"fixed the bug that cause error in the DateParser and adding one line to ignore duke.txt file in the directory","messageBody":"","fileTypesAndContributionMap":{"java":{"insertions":8,"deletions":4}}}]},{"date":"2023-11-14","commitResults":[{"hash":"7427bdcfc46f9a03018893918d9afb896d3e297b","isMergeCommit":false,"messageTitle":"JavaDoc completed.","messageBody":"","fileTypesAndContributionMap":{"java":{"insertions":162,"deletions":66}}}]}]},"authorFileTypeContributionMap":{"vennica":{"java":592,"md":0,"fxml":0,"sh":0,"bat":0,"gradle":0,"txt":4}},"authorContributionVariance":{"vennica":2888.0454},"authorDisplayNameMap":{"vennica":"LI W..YING"}}
